# https://github.com/mikedh/trimesh

o geometry_1
v -167.39320000 -155.29060000 40.00000000
v -165.00000000 -155.00000000 0.00000000
v -165.00000000 -155.00000000 40.00000000
v -167.39320000 -155.29060000 0.00000000
v -169.64720000 -156.14540000 40.00000000
v -169.64720000 -156.14540000 0.00000000
v -171.63120000 -157.51490000 40.00000000
v -171.63120000 -157.51490000 0.00000000
v -173.22980000 -159.31940000 40.00000000
v -173.22980000 -159.31940000 0.00000000
v -174.35020000 -161.45400000 40.00000000
v -174.35020000 -161.45400000 0.00000000
v -174.92710000 -163.79460000 40.00000000
v -174.92710000 -163.79460000 0.00000000
v -174.92710000 -166.20540000 40.00000000
v -174.92710000 -166.20540000 0.00000000
v -174.35020000 -168.54600000 40.00000000
v -174.35020000 -168.54600000 0.00000000
v -173.22980000 -170.68060000 40.00000000
v -173.22980000 -170.68060000 0.00000000
v -171.63120000 -172.48510000 40.00000000
v -171.63120000 -172.48510000 0.00000000
v -169.64720000 -173.85460000 40.00000000
v -169.64720000 -173.85460000 0.00000000
v -167.39320000 -174.70940000 40.00000000
v -167.39320000 -174.70940000 0.00000000
v -165.00000000 -175.00000000 40.00000000
v -165.00000000 -175.00000000 0.00000000
v 162.60680000 -155.29060000 40.00000000
v 165.00000000 -155.00000000 -0.00000000
v 165.00000000 -155.00000000 40.00000000
v 162.60680000 -155.29060000 -0.00000000
v 160.35280000 -156.14540000 40.00000000
v 160.35280000 -156.14540000 -0.00000000
v 158.36880000 -157.51490000 40.00000000
v 158.36880000 -157.51490000 -0.00000000
v 156.77020000 -159.31940000 40.00000000
v 156.77020000 -159.31940000 -0.00000000
v 155.64980000 -161.45400000 40.00000000
v 155.64980000 -161.45400000 -0.00000000
v 155.07290000 -163.79460000 40.00000000
v 155.07290000 -163.79460000 -0.00000000
v 155.07290000 -166.20540000 40.00000000
v 155.07290000 -166.20540000 -0.00000000
v 155.64980000 -168.54600000 40.00000000
v 155.64980000 -168.54600000 -0.00000000
v 156.77020000 -170.68060000 40.00000000
v 156.77020000 -170.68060000 -0.00000000
v 158.36880000 -172.48510000 40.00000000
v 158.36880000 -172.48510000 -0.00000000
v 160.35280000 -173.85460000 40.00000000
v 160.35280000 -173.85460000 -0.00000000
v 162.60680000 -174.70940000 40.00000000
v 162.60680000 -174.70940000 -0.00000000
v 165.00000000 -175.00000000 40.00000000
v 165.00000000 -175.00000000 -0.00000000
v -164.78630000 219.41880000 40.00000000
v -160.00000000 220.00000000 37.00000000
v -160.00000000 220.00000000 40.00000000
v -164.78630000 219.41880000 37.00000000
v -169.29450000 217.70910000 40.00000000
v -169.29450000 217.70910000 37.00000000
v -173.26250000 214.97020000 40.00000000
v -173.26250000 214.97020000 37.00000000
v -176.45970000 211.36130000 37.00000000
v -176.45970000 211.36130000 40.00000000
v -178.70030000 207.09210000 40.00000000
v -178.70030000 207.09210000 37.00000000
v -179.85420000 202.41070000 40.00000000
v -179.85420000 202.41070000 37.00000000
v -179.85420000 197.58930000 40.00000000
v -179.85420000 197.58930000 37.00000000
v -178.70030000 192.90790000 37.00000000
v -178.70030000 192.90790000 40.00000000
v -176.45970000 188.63870000 40.00000000
v -176.45970000 188.63870000 37.00000000
v -173.26250000 185.02980000 40.00000000
v -173.26250000 185.02980000 37.00000000
v -169.29450000 182.29090000 40.00000000
v -169.29450000 182.29090000 37.00000000
v -164.78630000 180.58120000 37.00000000
v -164.78630000 180.58120000 40.00000000
v -160.00000000 180.00000000 37.00000000
v -160.00000000 180.00000000 40.00000000
v -162.75210000 211.16580000 37.00000000
v -160.00000000 211.50000000 0.00000000
v -160.00000000 211.50000000 37.00000000
v -162.75210000 211.16580000 0.00000000
v -165.34430000 210.18270000 37.00000000
v -165.34430000 210.18270000 0.00000000
v -167.62590000 208.60790000 37.00000000
v -167.62590000 208.60790000 0.00000000
v -169.46430000 206.53270000 37.00000000
v -169.46430000 206.53270000 0.00000000
v -170.75270000 204.07800000 37.00000000
v -170.75270000 204.07800000 0.00000000
v -171.41620000 201.38620000 37.00000000
v -171.41620000 201.38620000 0.00000000
v -171.41620000 198.61380000 37.00000000
v -171.41620000 198.61380000 0.00000000
v -170.75270000 195.92200000 37.00000000
v -170.75270000 195.92200000 0.00000000
v -169.46430000 193.46730000 37.00000000
v -169.46430000 193.46730000 0.00000000
v -167.62590000 191.39210000 37.00000000
v -167.62590000 191.39210000 0.00000000
v -165.34430000 189.81730000 37.00000000
v -165.34430000 189.81730000 0.00000000
v -162.75210000 188.83420000 37.00000000
v -162.75210000 188.83420000 0.00000000
v -160.00000000 188.50000000 37.00000000
v -160.00000000 188.50000000 0.00000000
v -204.78630000 179.41880000 40.00000000
v -200.00000000 180.00000000 37.00000000
v -200.00000000 180.00000000 40.00000000
v -204.78630000 179.41880000 37.00000000
v -209.29450000 177.70910000 40.00000000
v -209.29450000 177.70910000 37.00000000
v -213.26250000 174.97020000 40.00000000
v -213.26250000 174.97020000 37.00000000
v -216.45970000 171.36130000 37.00000000
v -216.45970000 171.36130000 40.00000000
v -218.70030000 167.09210000 40.00000000
v -218.70030000 167.09210000 37.00000000
v -219.85420000 162.41070000 40.00000000
v -219.85420000 162.41070000 37.00000000
v -219.85420000 157.58930000 40.00000000
v -219.85420000 157.58930000 37.00000000
v -218.70030000 152.90790000 37.00000000
v -218.70030000 152.90790000 40.00000000
v -216.45970000 148.63870000 40.00000000
v -216.45970000 148.63870000 37.00000000
v -213.26250000 145.02980000 40.00000000
v -213.26250000 145.02980000 37.00000000
v -209.29450000 142.29090000 40.00000000
v -209.29450000 142.29090000 37.00000000
v -204.78630000 140.58120000 37.00000000
v -204.78630000 140.58120000 40.00000000
v -200.00000000 140.00000000 37.00000000
v -200.00000000 140.00000000 40.00000000
v -202.75210000 171.16580000 37.00000000
v -200.00000000 171.50000000 0.00000000
v -200.00000000 171.50000000 37.00000000
v -202.75210000 171.16580000 0.00000000
v -205.34430000 170.18270000 37.00000000
v -205.34430000 170.18270000 0.00000000
v -207.62590000 168.60790000 37.00000000
v -207.62590000 168.60790000 0.00000000
v -209.46430000 166.53270000 37.00000000
v -209.46430000 166.53270000 0.00000000
v -210.75270000 164.07800000 37.00000000
v -210.75270000 164.07800000 0.00000000
v -211.41620000 161.38620000 37.00000000
v -211.41620000 161.38620000 0.00000000
v -211.41620000 158.61380000 37.00000000
v -211.41620000 158.61380000 0.00000000
v -210.75270000 155.92200000 37.00000000
v -210.75270000 155.92200000 0.00000000
v -209.46430000 153.46730000 37.00000000
v -209.46430000 153.46730000 0.00000000
v -207.62590000 151.39210000 37.00000000
v -207.62590000 151.39210000 0.00000000
v -205.34430000 149.81730000 37.00000000
v -205.34430000 149.81730000 0.00000000
v -202.75210000 148.83420000 37.00000000
v -202.75210000 148.83420000 0.00000000
v -200.00000000 148.50000000 37.00000000
v -200.00000000 148.50000000 0.00000000
v 155.21370000 219.41880000 40.00000000
v 160.00000000 220.00000000 37.00000000
v 160.00000000 220.00000000 40.00000000
v 155.21370000 219.41880000 37.00000000
v 150.70550000 217.70910000 40.00000000
v 150.70550000 217.70910000 37.00000000
v 146.73750000 214.97020000 40.00000000
v 146.73750000 214.97020000 37.00000000
v 143.54030000 211.36130000 37.00000000
v 143.54030000 211.36130000 40.00000000
v 141.29970000 207.09210000 40.00000000
v 141.29970000 207.09210000 37.00000000
v 140.14580000 202.41070000 40.00000000
v 140.14580000 202.41070000 37.00000000
v 140.14580000 197.58930000 40.00000000
v 140.14580000 197.58930000 37.00000000
v 141.29970000 192.90790000 37.00000000
v 141.29970000 192.90790000 40.00000000
v 143.54030000 188.63870000 40.00000000
v 143.54030000 188.63870000 37.00000000
v 146.73750000 185.02980000 40.00000000
v 146.73750000 185.02980000 37.00000000
v 150.70550000 182.29090000 40.00000000
v 150.70550000 182.29090000 37.00000000
v 155.21370000 180.58120000 37.00000000
v 155.21370000 180.58120000 40.00000000
v 160.00000000 180.00000000 37.00000000
v 160.00000000 180.00000000 40.00000000
v 157.24790000 211.16580000 37.00000000
v 160.00000000 211.50000000 -0.00000000
v 160.00000000 211.50000000 37.00000000
v 157.24790000 211.16580000 -0.00000000
v 154.65570000 210.18270000 37.00000000
v 154.65570000 210.18270000 -0.00000000
v 152.37410000 208.60790000 37.00000000
v 152.37410000 208.60790000 -0.00000000
v 150.53570000 206.53270000 37.00000000
v 150.53570000 206.53270000 -0.00000000
v 149.24730000 204.07800000 37.00000000
v 149.24730000 204.07800000 -0.00000000
v 148.58380000 201.38620000 37.00000000
v 148.58380000 201.38620000 -0.00000000
v 148.58380000 198.61380000 37.00000000
v 148.58380000 198.61380000 -0.00000000
v 149.24730000 195.92200000 37.00000000
v 149.24730000 195.92200000 -0.00000000
v 150.53570000 193.46730000 37.00000000
v 150.53570000 193.46730000 -0.00000000
v 152.37410000 191.39210000 37.00000000
v 152.37410000 191.39210000 -0.00000000
v 154.65570000 189.81730000 37.00000000
v 154.65570000 189.81730000 -0.00000000
v 157.24790000 188.83420000 37.00000000
v 157.24790000 188.83420000 -0.00000000
v 160.00000000 188.50000000 37.00000000
v 160.00000000 188.50000000 -0.00000000
v 195.21370000 179.41880000 40.00000000
v 200.00000000 180.00000000 37.00000000
v 200.00000000 180.00000000 40.00000000
v 195.21370000 179.41880000 37.00000000
v 190.70550000 177.70910000 40.00000000
v 190.70550000 177.70910000 37.00000000
v 186.73750000 174.97020000 40.00000000
v 186.73750000 174.97020000 37.00000000
v 183.54030000 171.36130000 37.00000000
v 183.54030000 171.36130000 40.00000000
v 181.29970000 167.09210000 40.00000000
v 181.29970000 167.09210000 37.00000000
v 180.14580000 162.41070000 40.00000000
v 180.14580000 162.41070000 37.00000000
v 180.14580000 157.58930000 40.00000000
v 180.14580000 157.58930000 37.00000000
v 181.29970000 152.90790000 37.00000000
v 181.29970000 152.90790000 40.00000000
v 183.54030000 148.63870000 40.00000000
v 183.54030000 148.63870000 37.00000000
v 186.73750000 145.02980000 40.00000000
v 186.73750000 145.02980000 37.00000000
v 190.70550000 142.29090000 40.00000000
v 190.70550000 142.29090000 37.00000000
v 195.21370000 140.58120000 37.00000000
v 195.21370000 140.58120000 40.00000000
v 200.00000000 140.00000000 37.00000000
v 200.00000000 140.00000000 40.00000000
v 197.24790000 171.16580000 37.00000000
v 200.00000000 171.50000000 -0.00000000
v 200.00000000 171.50000000 37.00000000
v 197.24790000 171.16580000 -0.00000000
v 194.65570000 170.18270000 37.00000000
v 194.65570000 170.18270000 -0.00000000
v 192.37410000 168.60790000 37.00000000
v 192.37410000 168.60790000 -0.00000000
v 190.53570000 166.53270000 37.00000000
v 190.53570000 166.53270000 -0.00000000
v 189.24730000 164.07800000 37.00000000
v 189.24730000 164.07800000 -0.00000000
v 188.58380000 161.38620000 37.00000000
v 188.58380000 161.38620000 -0.00000000
v 188.58380000 158.61380000 37.00000000
v 188.58380000 158.61380000 -0.00000000
v 189.24730000 155.92200000 37.00000000
v 189.24730000 155.92200000 -0.00000000
v 190.53570000 153.46730000 37.00000000
v 190.53570000 153.46730000 -0.00000000
v 192.37410000 151.39210000 37.00000000
v 192.37410000 151.39210000 -0.00000000
v 194.65570000 149.81730000 37.00000000
v 194.65570000 149.81730000 -0.00000000
v 197.24790000 148.83420000 37.00000000
v 197.24790000 148.83420000 -0.00000000
v 200.00000000 148.50000000 37.00000000
v 200.00000000 148.50000000 -0.00000000
v 195.21370000 -140.58120000 40.00000000
v 200.00000000 -140.00000000 37.00000000
v 200.00000000 -140.00000000 40.00000000
v 195.21370000 -140.58120000 37.00000000
v 190.70550000 -142.29090000 40.00000000
v 190.70550000 -142.29090000 37.00000000
v 186.73750000 -145.02980000 40.00000000
v 186.73750000 -145.02980000 37.00000000
v 183.54030000 -148.63870000 37.00000000
v 183.54030000 -148.63870000 40.00000000
v 181.29970000 -152.90790000 40.00000000
v 181.29970000 -152.90790000 37.00000000
v 180.14580000 -157.58930000 40.00000000
v 180.14580000 -157.58930000 37.00000000
v 180.14580000 -162.41070000 40.00000000
v 180.14580000 -162.41070000 37.00000000
v 181.29970000 -167.09210000 37.00000000
v 181.29970000 -167.09210000 40.00000000
v 183.54030000 -171.36130000 40.00000000
v 183.54030000 -171.36130000 37.00000000
v 186.73750000 -174.97020000 40.00000000
v 186.73750000 -174.97020000 37.00000000
v 190.70550000 -177.70910000 40.00000000
v 190.70550000 -177.70910000 37.00000000
v 195.21370000 -179.41880000 37.00000000
v 195.21370000 -179.41880000 40.00000000
v 200.00000000 -180.00000000 37.00000000
v 200.00000000 -180.00000000 40.00000000
v 197.24790000 -148.83420000 37.00000000
v 200.00000000 -148.50000000 -0.00000000
v 200.00000000 -148.50000000 37.00000000
v 197.24790000 -148.83420000 -0.00000000
v 194.65570000 -149.81730000 37.00000000
v 194.65570000 -149.81730000 -0.00000000
v 192.37410000 -151.39210000 37.00000000
v 192.37410000 -151.39210000 -0.00000000
v 190.53570000 -153.46730000 37.00000000
v 190.53570000 -153.46730000 -0.00000000
v 189.24730000 -155.92200000 37.00000000
v 189.24730000 -155.92200000 -0.00000000
v 188.58380000 -158.61380000 37.00000000
v 188.58380000 -158.61380000 -0.00000000
v 188.58380000 -161.38620000 37.00000000
v 188.58380000 -161.38620000 -0.00000000
v 189.24730000 -164.07800000 37.00000000
v 189.24730000 -164.07800000 -0.00000000
v 190.53570000 -166.53270000 37.00000000
v 190.53570000 -166.53270000 -0.00000000
v 192.37410000 -168.60790000 37.00000000
v 192.37410000 -168.60790000 -0.00000000
v 194.65570000 -170.18270000 37.00000000
v 194.65570000 -170.18270000 -0.00000000
v 197.24790000 -171.16580000 37.00000000
v 197.24790000 -171.16580000 -0.00000000
v 200.00000000 -171.50000000 37.00000000
v 200.00000000 -171.50000000 -0.00000000
v 155.21370000 -180.58120000 40.00000000
v 160.00000000 -180.00000000 37.00000000
v 160.00000000 -180.00000000 40.00000000
v 155.21370000 -180.58120000 37.00000000
v 150.70550000 -182.29090000 40.00000000
v 150.70550000 -182.29090000 37.00000000
v 146.73750000 -185.02980000 40.00000000
v 146.73750000 -185.02980000 37.00000000
v 143.54030000 -188.63870000 37.00000000
v 143.54030000 -188.63870000 40.00000000
v 141.29970000 -192.90790000 40.00000000
v 141.29970000 -192.90790000 37.00000000
v 140.14580000 -197.58930000 40.00000000
v 140.14580000 -197.58930000 37.00000000
v 140.14580000 -202.41070000 40.00000000
v 140.14580000 -202.41070000 37.00000000
v 141.29970000 -207.09210000 37.00000000
v 141.29970000 -207.09210000 40.00000000
v 143.54030000 -211.36130000 40.00000000
v 143.54030000 -211.36130000 37.00000000
v 146.73750000 -214.97020000 40.00000000
v 146.73750000 -214.97020000 37.00000000
v 150.70550000 -217.70910000 40.00000000
v 150.70550000 -217.70910000 37.00000000
v 155.21370000 -219.41880000 37.00000000
v 155.21370000 -219.41880000 40.00000000
v 160.00000000 -220.00000000 37.00000000
v 160.00000000 -220.00000000 40.00000000
v 157.24790000 -188.83420000 37.00000000
v 160.00000000 -188.50000000 -0.00000000
v 160.00000000 -188.50000000 37.00000000
v 157.24790000 -188.83420000 -0.00000000
v 154.65570000 -189.81730000 37.00000000
v 154.65570000 -189.81730000 -0.00000000
v 152.37410000 -191.39210000 37.00000000
v 152.37410000 -191.39210000 -0.00000000
v 150.53570000 -193.46730000 37.00000000
v 150.53570000 -193.46730000 -0.00000000
v 149.24730000 -195.92200000 37.00000000
v 149.24730000 -195.92200000 -0.00000000
v 148.58380000 -198.61380000 37.00000000
v 148.58380000 -198.61380000 -0.00000000
v 148.58380000 -201.38620000 37.00000000
v 148.58380000 -201.38620000 -0.00000000
v 149.24730000 -204.07800000 37.00000000
v 149.24730000 -204.07800000 -0.00000000
v 150.53570000 -206.53270000 37.00000000
v 150.53570000 -206.53270000 -0.00000000
v 152.37410000 -208.60790000 37.00000000
v 152.37410000 -208.60790000 -0.00000000
v 154.65570000 -210.18270000 37.00000000
v 154.65570000 -210.18270000 -0.00000000
v 157.24790000 -211.16580000 37.00000000
v 157.24790000 -211.16580000 -0.00000000
v 160.00000000 -211.50000000 37.00000000
v 160.00000000 -211.50000000 -0.00000000
v -164.78630000 -180.58120000 40.00000000
v -160.00000000 -180.00000000 37.00000000
v -160.00000000 -180.00000000 40.00000000
v -164.78630000 -180.58120000 37.00000000
v -169.29450000 -182.29090000 40.00000000
v -169.29450000 -182.29090000 37.00000000
v -173.26250000 -185.02980000 40.00000000
v -173.26250000 -185.02980000 37.00000000
v -176.45970000 -188.63870000 37.00000000
v -176.45970000 -188.63870000 40.00000000
v -178.70030000 -192.90790000 40.00000000
v -178.70030000 -192.90790000 37.00000000
v -179.85420000 -197.58930000 40.00000000
v -179.85420000 -197.58930000 37.00000000
v -179.85420000 -202.41070000 40.00000000
v -179.85420000 -202.41070000 37.00000000
v -178.70030000 -207.09210000 37.00000000
v -178.70030000 -207.09210000 40.00000000
v -176.45970000 -211.36130000 40.00000000
v -176.45970000 -211.36130000 37.00000000
v -173.26250000 -214.97020000 40.00000000
v -173.26250000 -214.97020000 37.00000000
v -169.29450000 -217.70910000 40.00000000
v -169.29450000 -217.70910000 37.00000000
v -164.78630000 -219.41880000 37.00000000
v -164.78630000 -219.41880000 40.00000000
v -160.00000000 -220.00000000 37.00000000
v -160.00000000 -220.00000000 40.00000000
v -162.75210000 -188.83420000 37.00000000
v -160.00000000 -188.50000000 0.00000000
v -160.00000000 -188.50000000 37.00000000
v -162.75210000 -188.83420000 0.00000000
v -165.34430000 -189.81730000 37.00000000
v -165.34430000 -189.81730000 0.00000000
v -167.62590000 -191.39210000 37.00000000
v -167.62590000 -191.39210000 0.00000000
v -169.46430000 -193.46730000 37.00000000
v -169.46430000 -193.46730000 0.00000000
v -170.75270000 -195.92200000 37.00000000
v -170.75270000 -195.92200000 0.00000000
v -171.41620000 -198.61380000 37.00000000
v -171.41620000 -198.61380000 0.00000000
v -171.41620000 -201.38620000 37.00000000
v -171.41620000 -201.38620000 0.00000000
v -170.75270000 -204.07800000 37.00000000
v -170.75270000 -204.07800000 0.00000000
v -169.46430000 -206.53270000 37.00000000
v -169.46430000 -206.53270000 0.00000000
v -167.62590000 -208.60790000 37.00000000
v -167.62590000 -208.60790000 0.00000000
v -165.34430000 -210.18270000 37.00000000
v -165.34430000 -210.18270000 0.00000000
v -162.75210000 -211.16580000 37.00000000
v -162.75210000 -211.16580000 0.00000000
v -160.00000000 -211.50000000 37.00000000
v -160.00000000 -211.50000000 0.00000000
v -204.78630000 -140.58120000 40.00000000
v -200.00000000 -140.00000000 37.00000000
v -200.00000000 -140.00000000 40.00000000
v -204.78630000 -140.58120000 37.00000000
v -209.29450000 -142.29090000 40.00000000
v -209.29450000 -142.29090000 37.00000000
v -213.26250000 -145.02980000 40.00000000
v -213.26250000 -145.02980000 37.00000000
v -216.45970000 -148.63870000 37.00000000
v -216.45970000 -148.63870000 40.00000000
v -218.70030000 -152.90790000 40.00000000
v -218.70030000 -152.90790000 37.00000000
v -219.85420000 -157.58930000 40.00000000
v -219.85420000 -157.58930000 37.00000000
v -219.85420000 -162.41070000 40.00000000
v -219.85420000 -162.41070000 37.00000000
v -218.70030000 -167.09210000 37.00000000
v -218.70030000 -167.09210000 40.00000000
v -216.45970000 -171.36130000 40.00000000
v -216.45970000 -171.36130000 37.00000000
v -213.26250000 -174.97020000 40.00000000
v -213.26250000 -174.97020000 37.00000000
v -209.29450000 -177.70910000 40.00000000
v -209.29450000 -177.70910000 37.00000000
v -204.78630000 -179.41880000 37.00000000
v -204.78630000 -179.41880000 40.00000000
v -200.00000000 -180.00000000 37.00000000
v -200.00000000 -180.00000000 40.00000000
v -202.75210000 -148.83420000 37.00000000
v -200.00000000 -148.50000000 0.00000000
v -200.00000000 -148.50000000 37.00000000
v -202.75210000 -148.83420000 0.00000000
v -205.34430000 -149.81730000 37.00000000
v -205.34430000 -149.81730000 0.00000000
v -207.62590000 -151.39210000 37.00000000
v -207.62590000 -151.39210000 0.00000000
v -209.46430000 -153.46730000 37.00000000
v -209.46430000 -153.46730000 0.00000000
v -210.75270000 -155.92200000 37.00000000
v -210.75270000 -155.92200000 0.00000000
v -211.41620000 -158.61380000 37.00000000
v -211.41620000 -158.61380000 0.00000000
v -211.41620000 -161.38620000 37.00000000
v -211.41620000 -161.38620000 0.00000000
v -210.75270000 -164.07800000 37.00000000
v -210.75270000 -164.07800000 0.00000000
v -209.46430000 -166.53270000 37.00000000
v -209.46430000 -166.53270000 0.00000000
v -207.62590000 -168.60790000 37.00000000
v -207.62590000 -168.60790000 0.00000000
v -205.34430000 -170.18270000 37.00000000
v -205.34430000 -170.18270000 0.00000000
v -202.75210000 -171.16580000 37.00000000
v -202.75210000 -171.16580000 0.00000000
v -200.00000000 -171.50000000 37.00000000
v -200.00000000 -171.50000000 0.00000000
v 204.48720000 217.19490000 40.00000000
v 207.00000000 217.50000000 5.00000000
v 207.00000000 217.50000000 40.00000000
v 204.48720000 217.19490000 5.00000000
v 202.12040000 216.29730000 40.00000000
v 202.12040000 216.29730000 5.00000000
v 200.03720000 214.85940000 40.00000000
v 200.03720000 214.85940000 5.00000000
v 198.35870000 212.96470000 40.00000000
v 198.35870000 212.96470000 5.00000000
v 197.18230000 210.72340000 40.00000000
v 197.18230000 210.72340000 5.00000000
v 196.57660000 208.26560000 40.00000000
v 196.57660000 208.26560000 5.00000000
v 196.57660000 205.73440000 40.00000000
v 196.57660000 205.73440000 5.00000000
v 197.18230000 203.27660000 40.00000000
v 197.18230000 203.27660000 5.00000000
v 198.35870000 201.03530000 40.00000000
v 198.35870000 201.03530000 5.00000000
v 200.03720000 199.14060000 40.00000000
v 200.03720000 199.14060000 5.00000000
v 202.12040000 197.70270000 40.00000000
v 202.12040000 197.70270000 5.00000000
v 204.48720000 196.80510000 40.00000000
v 204.48720000 196.80510000 5.00000000
v 207.00000000 196.50000000 40.00000000
v 207.00000000 196.50000000 5.00000000
v -209.51280000 217.19490000 40.00000000
v -207.00000000 217.50000000 5.00000000
v -207.00000000 217.50000000 40.00000000
v -209.51280000 217.19490000 5.00000000
v -211.87960000 216.29730000 40.00000000
v -211.87960000 216.29730000 5.00000000
v -213.96280000 214.85940000 40.00000000
v -213.96280000 214.85940000 5.00000000
v -215.64130000 212.96470000 40.00000000
v -215.64130000 212.96470000 5.00000000
v -216.81770000 210.72340000 5.00000000
v -216.81770000 210.72340000 40.00000000
v -217.42340000 208.26560000 40.00000000
v -217.42340000 208.26560000 5.00000000
v -217.42340000 205.73440000 40.00000000
v -217.42340000 205.73440000 5.00000000
v -216.81770000 203.27660000 40.00000000
v -216.81770000 203.27660000 5.00000000
v -215.64130000 201.03530000 40.00000000
v -215.64130000 201.03530000 5.00000000
v -213.96280000 199.14060000 40.00000000
v -213.96280000 199.14060000 5.00000000
v -211.87960000 197.70270000 40.00000000
v -211.87960000 197.70270000 5.00000000
v -209.51280000 196.80510000 5.00000000
v -209.51280000 196.80510000 40.00000000
v -207.00000000 196.50000000 5.00000000
v -207.00000000 196.50000000 40.00000000
v -209.51280000 -196.80510000 40.00000000
v -207.00000000 -196.50000000 5.00000000
v -207.00000000 -196.50000000 40.00000000
v -209.51280000 -196.80510000 5.00000000
v -211.87960000 -197.70270000 40.00000000
v -211.87960000 -197.70270000 5.00000000
v -213.96280000 -199.14060000 40.00000000
v -213.96280000 -199.14060000 5.00000000
v -215.64130000 -201.03530000 40.00000000
v -215.64130000 -201.03530000 5.00000000
v -216.81770000 -203.27660000 5.00000000
v -216.81770000 -203.27660000 40.00000000
v -217.42340000 -205.73440000 40.00000000
v -217.42340000 -205.73440000 5.00000000
v -217.42340000 -208.26560000 40.00000000
v -217.42340000 -208.26560000 5.00000000
v -216.81770000 -210.72340000 40.00000000
v -216.81770000 -210.72340000 5.00000000
v -215.64130000 -212.96470000 40.00000000
v -215.64130000 -212.96470000 5.00000000
v -213.96280000 -214.85940000 40.00000000
v -213.96280000 -214.85940000 5.00000000
v -211.87960000 -216.29730000 40.00000000
v -211.87960000 -216.29730000 5.00000000
v -209.51280000 -217.19490000 5.00000000
v -209.51280000 -217.19490000 40.00000000
v -207.00000000 -217.50000000 5.00000000
v -207.00000000 -217.50000000 40.00000000
v 204.48720000 -196.80510000 40.00000000
v 207.00000000 -196.50000000 5.00000000
v 207.00000000 -196.50000000 40.00000000
v 204.48720000 -196.80510000 5.00000000
v 202.12040000 -197.70270000 40.00000000
v 202.12040000 -197.70270000 5.00000000
v 200.03720000 -199.14060000 40.00000000
v 200.03720000 -199.14060000 5.00000000
v 198.35870000 -201.03530000 40.00000000
v 198.35870000 -201.03530000 5.00000000
v 197.18230000 -203.27660000 40.00000000
v 197.18230000 -203.27660000 5.00000000
v 196.57660000 -205.73440000 40.00000000
v 196.57660000 -205.73440000 5.00000000
v 196.57660000 -208.26560000 40.00000000
v 196.57660000 -208.26560000 5.00000000
v 197.18230000 -210.72340000 40.00000000
v 197.18230000 -210.72340000 5.00000000
v 198.35870000 -212.96470000 40.00000000
v 198.35870000 -212.96470000 5.00000000
v 200.03720000 -214.85940000 40.00000000
v 200.03720000 -214.85940000 5.00000000
v 202.12040000 -216.29730000 40.00000000
v 202.12040000 -216.29730000 5.00000000
v 204.48720000 -217.19490000 40.00000000
v 204.48720000 -217.19490000 5.00000000
v 207.00000000 -217.50000000 40.00000000
v 207.00000000 -217.50000000 5.00000000
v 20.53957000 -198.94250000 135.00000000
v 0.00000000 -200.00000000 159.00000000
v 0.00000000 -200.00000000 135.00000000
v 21.62380000 -198.82760000 159.00000000
v 40.86193000 -195.78130000 135.00000000
v 42.99409000 -195.32410000 159.00000000
v 60.75219000 -190.54970000 135.00000000
v 63.86031000 -189.53060000 159.00000000
v 80.00000000 -183.30300000 135.00000000
v 80.00000000 -183.30300000 40.00000000
v 99.50095000 -173.49230000 40.00000000
v 83.97782000 -181.51510000 159.00000000
v 103.11080000 -171.37140000 159.00000000
v 117.81650000 -161.61460000 40.00000000
v 121.03480000 -159.21860000 159.00000000
v 134.72840000 -147.81150000 40.00000000
v 137.53990000 -145.19910000 159.00000000
v 150.03530000 -132.24750000 40.00000000
v 152.43240000 -129.47730000 159.00000000
v 163.55470000 -115.10800000 40.00000000
v 165.53780000 -112.23740000 159.00000000
v 175.12560000 -96.59714000 40.00000000
v 176.70240000 -93.68169000 159.00000000
v 184.61020000 -76.93547000 40.00000000
v 185.79530000 -74.02763000 159.00000000
v 191.89540000 -56.35724000 40.00000000
v 192.71000000 -53.50567000 159.00000000
v 196.89450000 -35.10759000 40.00000000
v 197.36530000 -32.35640000 159.00000000
v 199.54790000 -13.43970000 40.00000000
v 199.70670000 -10.82778000 159.00000000
v 199.82400000 8.38831400 40.00000000
v 199.70670000 10.82778000 159.00000000
v 197.71950000 30.11639000 40.00000000
v 197.36530000 32.35640000 159.00000000
v 193.25950000 51.48568000 40.00000000
v 192.71000000 53.50567000 159.00000000
v 186.49710000 72.24159000 40.00000000
v 185.79530000 74.02763000 159.00000000
v 177.51280000 92.13686000 40.00000000
v 176.70240000 93.68169000 159.00000000
v 166.41380000 110.93450000 40.00000000
v 165.53780000 112.23740000 159.00000000
v 153.33220000 128.41040000 40.00000000
v 152.43240000 129.47730000 159.00000000
v 138.42390000 144.35660000 40.00000000
v 137.53990000 145.19910000 159.00000000
v 121.86650000 158.58300000 40.00000000
v 121.03480000 159.21860000 159.00000000
v 103.85720000 170.92010000 40.00000000
v 103.11080000 171.37140000 159.00000000
v 84.61061000 181.22100000 40.00000000
v 83.97782000 181.51510000 159.00000000
v 64.35604000 189.36290000 40.00000000
v 63.86031000 189.53060000 159.00000000
v 43.33477000 195.24880000 40.00000000
v 42.99409000 195.32410000 159.00000000
v 21.79722000 198.80870000 40.00000000
v 21.62380000 198.82760000 159.00000000
v 0.00000000 200.00000000 40.00000000
v 0.00000000 200.00000000 159.00000000
v -350.00000000 27.00000000 180.00000000
v -350.00000000 27.00000000 185.00000000
v -343.53850000 26.21543000 185.00000000
v -343.53850000 26.21543000 180.00000000
v -337.45250000 23.90731000 185.00000000
v -337.45250000 23.90731000 180.00000000
v -332.09570000 20.20979000 185.00000000
v -332.09570000 20.20979000 180.00000000
v -327.77940000 15.33775000 185.00000000
v -327.77940000 15.33775000 180.00000000
v -324.75460000 9.57433200 185.00000000
v -324.75460000 9.57433200 180.00000000
v -323.19690000 3.25449000 185.00000000
v -323.19690000 3.25449000 180.00000000
v -323.19690000 -3.25449000 185.00000000
v -323.19690000 -3.25449000 180.00000000
v -324.75460000 -9.57433200 185.00000000
v -324.75460000 -9.57433200 180.00000000
v -327.77940000 -15.33775000 185.00000000
v -327.77940000 -15.33775000 180.00000000
v -332.09570000 -20.20979000 180.00000000
v -332.09570000 -20.20979000 185.00000000
v -337.45250000 -23.90731000 180.00000000
v -337.45250000 -23.90731000 185.00000000
v -343.53850000 -26.21543000 185.00000000
v -343.53850000 -26.21543000 180.00000000
v -350.00000000 -27.00000000 180.00000000
v -350.00000000 -27.00000000 185.00000000
v -19.15533000 163.88430000 159.00000000
v 0.00000000 165.00000000 146.00000000
v 0.00000000 165.00000000 159.00000000
v -19.15533000 163.88430000 146.00000000
v -38.05162000 160.55240000 159.00000000
v -38.05162000 160.55240000 146.00000000
v -56.43332000 155.04930000 159.00000000
v -56.43332000 155.04930000 146.00000000
v -74.05186000 147.44940000 159.00000000
v -74.05186000 147.44940000 146.00000000
v -90.66898000 137.85550000 159.00000000
v -90.66898000 137.85550000 146.00000000
v -106.06000000 126.39730000 146.00000000
v -106.06000000 126.39730000 159.00000000
v -120.01670000 113.22990000 159.00000000
v -120.01670000 113.22990000 146.00000000
v -132.35030000 98.53117000 146.00000000
v -132.35030000 98.53117000 159.00000000
v -142.89420000 82.50000000 146.00000000
v -142.89420000 82.50000000 159.00000000
v -151.50570000 65.35316000 159.00000000
v -151.50570000 65.35316000 146.00000000
v -158.06830000 47.32253000 146.00000000
v -158.06830000 47.32253000 159.00000000
v -162.49330000 28.65195000 146.00000000
v -162.49330000 28.65195000 159.00000000
v -164.72080000 9.59389700 146.00000000
v -164.72080000 9.59389700 159.00000000
v -164.72080000 -9.59389700 146.00000000
v -164.72080000 -9.59389700 159.00000000
v -162.49330000 -28.65195000 146.00000000
v -162.49330000 -28.65195000 159.00000000
v -158.06830000 -47.32253000 159.00000000
v -158.06830000 -47.32253000 146.00000000
v -151.50570000 -65.35316000 146.00000000
v -151.50570000 -65.35316000 159.00000000
v -142.89420000 -82.50000000 159.00000000
v -142.89420000 -82.50000000 146.00000000
v -132.35030000 -98.53117000 146.00000000
v -132.35030000 -98.53117000 159.00000000
v -120.01670000 -113.22990000 146.00000000
v -120.01670000 -113.22990000 159.00000000
v -106.06000000 -126.39730000 159.00000000
v -106.06000000 -126.39730000 146.00000000
v -90.66898000 -137.85550000 146.00000000
v -90.66898000 -137.85550000 159.00000000
v -74.05186000 -147.44940000 146.00000000
v -74.05186000 -147.44940000 159.00000000
v -56.43332000 -155.04930000 159.00000000
v -56.43332000 -155.04930000 146.00000000
v -38.05162000 -160.55240000 146.00000000
v -38.05162000 -160.55240000 159.00000000
v -19.15533000 -163.88430000 159.00000000
v -19.15533000 -163.88430000 146.00000000
v 0.00000000 -165.00000000 159.00000000
v 0.00000000 -165.00000000 146.00000000
v 0.00000000 160.00000000 146.00000000
v -19.28587000 158.83340000 128.00000000
v 0.00000000 160.00000000 128.00000000
v -19.28587000 158.83340000 146.00000000
v -38.29051000 155.35070000 128.00000000
v -38.29051000 155.35070000 146.00000000
v -56.73678000 149.60260000 128.00000000
v -56.73678000 149.60260000 146.00000000
v -74.35571000 141.67300000 128.00000000
v -74.35571000 141.67300000 146.00000000
v -90.89036000 131.67740000 128.00000000
v -90.89036000 131.67740000 146.00000000
v -106.09960000 119.76170000 128.00000000
v -106.09960000 119.76170000 146.00000000
v -119.76170000 106.09960000 128.00000000
v -119.76170000 106.09960000 146.00000000
v -131.67740000 90.89036000 128.00000000
v -131.67740000 90.89036000 146.00000000
v -141.67300000 74.35571000 146.00000000
v -141.67300000 74.35571000 128.00000000
v -149.60260000 56.73678000 146.00000000
v -149.60260000 56.73678000 128.00000000
v -155.35070000 38.29051000 128.00000000
v -155.35070000 38.29051000 146.00000000
v -158.83340000 19.28587000 128.00000000
v -158.83340000 19.28587000 146.00000000
v -160.00000000 -0.00000000 146.00000000
v -160.00000000 -0.00000000 128.00000000
v -158.83340000 -19.28587000 146.00000000
v -158.83340000 -19.28587000 128.00000000
v -155.35070000 -38.29051000 146.00000000
v -155.35070000 -38.29051000 128.00000000
v -149.60260000 -56.73678000 146.00000000
v -149.60260000 -56.73678000 128.00000000
v -141.67300000 -74.35571000 146.00000000
v -141.67300000 -74.35571000 128.00000000
v -131.67740000 -90.89036000 146.00000000
v -131.67740000 -90.89036000 128.00000000
v -119.76170000 -106.09960000 146.00000000
v -119.76170000 -106.09960000 128.00000000
v -106.09960000 -119.76170000 146.00000000
v -106.09960000 -119.76170000 128.00000000
v -90.89036000 -131.67740000 146.00000000
v -90.89036000 -131.67740000 128.00000000
v -74.35571000 -141.67300000 146.00000000
v -74.35571000 -141.67300000 128.00000000
v -56.73678000 -149.60260000 146.00000000
v -56.73678000 -149.60260000 128.00000000
v -38.29051000 -155.35070000 146.00000000
v -38.29051000 -155.35070000 128.00000000
v -19.28587000 -158.83340000 146.00000000
v -19.28587000 -158.83340000 128.00000000
v 0.00000000 -160.00000000 146.00000000
v 0.00000000 -160.00000000 128.00000000
v 0.00000000 145.00000000 118.00000000
v -18.17332000 143.85660000 118.00000000
v -36.06003000 140.44460000 118.00000000
v -53.37806000 134.81760000 118.00000000
v -69.85428000 127.06450000 118.00000000
v -85.22886000 117.30750000 118.00000000
v -99.25933000 105.70050000 118.00000000
v -111.72440000 92.42648000 118.00000000
v -122.42750000 77.69489000 118.00000000
v -131.19990000 61.73800000 118.00000000
v -137.90320000 44.80746000 118.00000000
v -142.43170000 27.17029000 118.00000000
v -144.71390000 9.10462500 118.00000000
v -144.71390000 -9.10462500 118.00000000
v -142.43170000 -27.17029000 118.00000000
v -137.90320000 -44.80746000 118.00000000
v -131.19990000 -61.73800000 118.00000000
v -122.42750000 -77.69489000 118.00000000
v -111.72440000 -92.42648000 118.00000000
v -99.25933000 -105.70050000 118.00000000
v -85.22886000 -117.30750000 118.00000000
v -69.85428000 -127.06450000 118.00000000
v -53.37806000 -134.81760000 118.00000000
v -36.06003000 -140.44460000 118.00000000
v -18.17332000 -143.85660000 118.00000000
v 0.00000000 -145.00000000 118.00000000
v -14.23554000 89.87964000 118.00000000
v 0.00000000 91.00000000 113.00000000
v 0.00000000 91.00000000 118.00000000
v -14.23554000 89.87964000 113.00000000
v -28.12055000 86.54614000 118.00000000
v -28.12055000 86.54614000 113.00000000
v -41.31314000 81.08159000 118.00000000
v -41.31314000 81.08159000 113.00000000
v -53.48846000 73.62055000 113.00000000
v -53.48846000 73.62055000 118.00000000
v -64.34672000 64.34672000 118.00000000
v -64.34672000 64.34672000 113.00000000
v -73.62055000 53.48846000 118.00000000
v -73.62055000 53.48846000 113.00000000
v -81.08159000 41.31314000 118.00000000
v -81.08159000 41.31314000 113.00000000
v -86.54614000 28.12055000 113.00000000
v -86.54614000 28.12055000 118.00000000
v -89.87964000 14.23554000 118.00000000
v -89.87964000 14.23554000 113.00000000
v -91.00000000 0.00000000 118.00000000
v -91.00000000 0.00000000 113.00000000
v -89.87964000 -14.23554000 118.00000000
v -89.87964000 -14.23554000 113.00000000
v -86.54614000 -28.12055000 118.00000000
v -86.54614000 -28.12055000 113.00000000
v -81.08159000 -41.31314000 118.00000000
v -81.08159000 -41.31314000 113.00000000
v -73.62055000 -53.48846000 113.00000000
v -73.62055000 -53.48846000 118.00000000
v -64.34672000 -64.34672000 118.00000000
v -64.34672000 -64.34672000 113.00000000
v -53.48846000 -73.62055000 113.00000000
v -53.48846000 -73.62055000 118.00000000
v -41.31314000 -81.08159000 118.00000000
v -41.31314000 -81.08159000 113.00000000
v -28.12055000 -86.54614000 118.00000000
v -28.12055000 -86.54614000 113.00000000
v -14.23554000 -89.87964000 113.00000000
v -14.23554000 -89.87964000 118.00000000
v 0.00000000 -91.00000000 118.00000000
v 0.00000000 -91.00000000 113.00000000
v 68.93654000 12.15537000 111.00000000
v 70.00000000 -0.00000000 111.00000000
v 71.15470000 -0.00000000 113.00000000
v 70.07370000 12.35588000 113.00000000
v 65.77848000 23.94141000 111.00000000
v 66.86355000 24.33634000 113.00000000
v 60.62178000 35.00000000 111.00000000
v 61.62178000 35.57735000 113.00000000
v 53.62311000 44.99513000 111.00000000
v 54.50766000 45.73736000 113.00000000
v 44.99513000 53.62311000 111.00000000
v 45.73736000 54.50766000 113.00000000
v 35.00000000 60.62178000 111.00000000
v 35.57735000 61.62178000 113.00000000
v 23.94141000 65.77848000 111.00000000
v 24.33634000 66.86355000 113.00000000
v 12.15537000 68.93654000 111.00000000
v 12.35588000 70.07370000 113.00000000
v 0.00000000 70.00000000 111.00000000
v 0.00000000 71.15470000 113.00000000
v -12.35588000 70.07370000 113.00000000
v -12.15537000 68.93654000 111.00000000
v -24.33634000 66.86355000 113.00000000
v -23.94141000 65.77848000 111.00000000
v -35.00000000 60.62178000 111.00000000
v -35.57735000 61.62178000 113.00000000
v -45.73736000 54.50766000 113.00000000
v -44.99513000 53.62311000 111.00000000
v -53.62311000 44.99513000 111.00000000
v -54.50766000 45.73736000 113.00000000
v -61.62178000 35.57735000 113.00000000
v -60.62178000 35.00000000 111.00000000
v -66.86355000 24.33634000 113.00000000
v -65.77848000 23.94141000 111.00000000
v -70.07370000 12.35588000 113.00000000
v -68.93654000 12.15537000 111.00000000
v -70.00000000 0.00000000 111.00000000
v -71.15470000 0.00000000 113.00000000
v 0.00000000 70.00000000 110.00000000
v -12.86247000 68.80812000 110.00000000
v -25.28692000 65.27306000 110.00000000
v -36.85025000 59.51520000 110.00000000
v -47.15870000 51.73062000 110.00000000
v -55.86121000 42.18442000 110.00000000
v -62.66143000 31.20168000 110.00000000
v -67.32780000 19.15641000 110.00000000
v -69.70139000 6.45878500 110.00000000
v -69.70139000 -6.45878500 110.00000000
v -68.93654000 -12.15537000 111.00000000
v -67.32780000 -19.15641000 110.00000000
v -65.77848000 -23.94141000 111.00000000
v -62.66143000 -31.20168000 110.00000000
v -60.62178000 -35.00000000 111.00000000
v -55.86121000 -42.18442000 110.00000000
v -53.62311000 -44.99513000 111.00000000
v -47.15870000 -51.73062000 110.00000000
v -44.99513000 -53.62311000 111.00000000
v -36.85025000 -59.51520000 110.00000000
v -35.00000000 -60.62178000 111.00000000
v -25.28692000 -65.27306000 110.00000000
v -23.94141000 -65.77848000 111.00000000
v -12.86247000 -68.80812000 110.00000000
v -12.15537000 -68.93654000 111.00000000
v 0.00000000 -70.00000000 110.00000000
v 0.00000000 -70.00000000 111.00000000
v -390.00000000 200.00000000 5.00000000
v -415.00000000 210.00000000 5.00000000
v -390.00000000 210.00000000 5.00000000
v -224.54580000 220.58720000 5.00000000
v -220.58720000 224.54580000 5.00000000
v -227.52420000 215.84710000 5.00000000
v -215.84710000 227.52420000 5.00000000
v -229.37320000 210.56300000 5.00000000
v -210.56300000 229.37320000 5.00000000
v -230.00000000 205.00000000 5.00000000
v -205.00000000 230.00000000 5.00000000
v -204.48720000 217.19490000 5.00000000
v -230.00000000 200.00000000 5.00000000
v -202.12040000 216.29730000 5.00000000
v -200.03720000 214.85940000 5.00000000
v -197.98990000 197.98990000 5.00000000
v -204.48720000 196.80510000 5.00000000
v -202.12040000 197.70270000 5.00000000
v -200.03720000 199.14060000 5.00000000
v -198.35870000 201.03530000 5.00000000
v -197.18230000 203.27660000 5.00000000
v -214.85020000 179.55330000 5.00000000
v -179.55330000 214.85020000 5.00000000
v -196.57660000 205.73440000 5.00000000
v -196.57660000 208.26560000 5.00000000
v -197.18230000 210.72340000 5.00000000
v -198.35870000 212.96470000 5.00000000
v -230.00000000 159.68720000 5.00000000
v -159.68720000 230.00000000 5.00000000
v -230.00000000 115.00000000 5.00000000
v -88.36452000 217.01870000 5.00000000
v -115.00000000 230.00000000 5.00000000
v -103.83510000 230.00000000 5.00000000
v -115.00000000 175.71280000 5.00000000
v -82.54487000 213.19100000 5.00000000
v -175.71280000 115.00000000 5.00000000
v -148.49240000 148.49240000 5.00000000
v -132.44740000 162.96530000 5.00000000
v -162.96530000 132.44740000 5.00000000
v -75.99937000 210.80870000 5.00000000
v -69.08089000 210.00000000 5.00000000
v -415.00000000 -200.00000000 5.00000000
v 69.08089000 210.00000000 5.00000000
v 115.00000000 230.00000000 5.00000000
v 88.36452000 217.01870000 5.00000000
v 103.83510000 230.00000000 5.00000000
v -230.00000000 -115.00000000 5.00000000
v -230.00000000 -159.68720000 5.00000000
v 115.00000000 175.71280000 5.00000000
v 82.54487000 213.19100000 5.00000000
v 75.99937000 210.80870000 5.00000000
v -175.71280000 -115.00000000 5.00000000
v -230.00000000 -200.00000000 5.00000000
v -214.85020000 -179.55330000 5.00000000
v -230.00000000 -205.00000000 5.00000000
v -229.37320000 -210.56300000 5.00000000
v -204.48720000 -196.80510000 5.00000000
v -227.52420000 -215.84710000 5.00000000
v -224.54580000 -220.58720000 5.00000000
v -148.49240000 -148.49240000 5.00000000
v -162.96530000 -132.44740000 5.00000000
v -197.98990000 -197.98990000 5.00000000
v -200.03720000 -199.14060000 5.00000000
v -202.12040000 -197.70270000 5.00000000
v -198.35870000 -201.03530000 5.00000000
v -220.58720000 -224.54580000 5.00000000
v -197.18230000 -203.27660000 5.00000000
v -215.84710000 -227.52420000 5.00000000
v -210.56300000 -229.37320000 5.00000000
v -205.00000000 -230.00000000 5.00000000
v -204.48720000 -217.19490000 5.00000000
v -202.12040000 -216.29730000 5.00000000
v -200.03720000 -214.85940000 5.00000000
v -132.44740000 -162.96530000 5.00000000
v 162.96530000 132.44740000 5.00000000
v 132.44740000 162.96530000 5.00000000
v 148.49240000 148.49240000 5.00000000
v -179.55330000 -214.85020000 5.00000000
v -198.35870000 -212.96470000 5.00000000
v -197.18230000 -210.72340000 5.00000000
v -196.57660000 -208.26560000 5.00000000
v -196.57660000 -205.73440000 5.00000000
v -115.00000000 -175.71280000 5.00000000
v -159.68720000 -230.00000000 5.00000000
v -88.36452000 -217.01870000 5.00000000
v -115.00000000 -230.00000000 5.00000000
v -103.83510000 -230.00000000 5.00000000
v 217.01870000 88.36452000 5.00000000
v 230.00000000 115.00000000 5.00000000
v 230.00000000 103.83510000 5.00000000
v 175.71280000 115.00000000 5.00000000
v -82.54487000 -213.19100000 5.00000000
v 213.19100000 82.54487000 5.00000000
v -75.99937000 -210.80870000 5.00000000
v 210.80870000 75.99937000 5.00000000
v -69.08089000 -210.00000000 5.00000000
v 210.00000000 69.08089000 5.00000000
v 115.00000000 -175.71280000 5.00000000
v 69.08089000 -210.00000000 5.00000000
v 75.99937000 -210.80870000 5.00000000
v 175.71280000 -115.00000000 5.00000000
v 210.00000000 -69.08089000 5.00000000
v 210.80870000 -75.99937000 5.00000000
v 132.44740000 -162.96530000 5.00000000
v 162.96530000 -132.44740000 5.00000000
v 82.54487000 -213.19100000 5.00000000
v 213.19100000 -82.54487000 5.00000000
v 148.49240000 -148.49240000 5.00000000
v 88.36452000 -217.01870000 5.00000000
v 217.01870000 -88.36452000 5.00000000
v 230.00000000 -115.00000000 5.00000000
v 230.00000000 -103.83510000 5.00000000
v 115.00000000 -230.00000000 5.00000000
v 103.83510000 -230.00000000 5.00000000
v -415.00000000 200.00000000 35.00000000
v -415.00000000 210.00000000 35.00000000
v -415.00000000 -200.00000000 200.00000000
v -415.00000000 200.00000000 200.00000000
v -390.00000000 210.00000000 25.00000000
v -392.18170000 210.00000000 31.23490000
v -390.99030000 210.00000000 29.33884000
v -390.25070000 210.00000000 27.22521000
v -395.66120000 210.00000000 34.00969000
v -393.76510000 210.00000000 32.81831000
v -400.00000000 210.00000000 35.00000000
v -397.77480000 210.00000000 34.74928000
v -390.00000000 200.00000000 25.00000000
v -290.00000000 200.00000000 40.00000000
v -393.76510000 200.00000000 32.81831000
v -395.66120000 200.00000000 34.00969000
v -392.18170000 200.00000000 31.23490000
v -390.99030000 200.00000000 29.33884000
v -390.25070000 200.00000000 27.22521000
v -400.00000000 200.00000000 35.00000000
v -397.77480000 200.00000000 34.74928000
v -230.00000000 200.00000000 40.00000000
v -290.00000000 200.00000000 200.00000000
v -230.00000000 205.00000000 40.00000000
v -205.00000000 230.00000000 40.00000000
v -210.56300000 229.37320000 40.00000000
v -215.84710000 227.52420000 40.00000000
v -220.58720000 224.54580000 40.00000000
v -224.54580000 220.58720000 40.00000000
v -227.52420000 215.84710000 40.00000000
v -229.37320000 210.56300000 40.00000000
v -103.83510000 230.00000000 40.00000000
v -159.68720000 230.00000000 0.00000000
v -115.00000000 230.00000000 0.00000000
v -214.85020000 179.55330000 0.00000000
v -230.00000000 159.68720000 0.00000000
v -197.98990000 197.98990000 0.00000000
v -179.55330000 214.85020000 0.00000000
v -230.00000000 115.00000000 0.00000000
v -175.71280000 115.00000000 0.00000000
v -162.96530000 132.44740000 0.00000000
v -148.49240000 148.49240000 0.00000000
v -132.44740000 162.96530000 0.00000000
v -115.00000000 175.71280000 0.00000000
v -88.36452000 217.01870000 40.00000000
v -69.08089000 210.00000000 40.00000000
v -75.99937000 210.80870000 40.00000000
v -82.54487000 213.19100000 40.00000000
v 69.08089000 210.00000000 40.00000000
v 88.36452000 217.01870000 40.00000000
v 82.54487000 213.19100000 40.00000000
v 75.99937000 210.80870000 40.00000000
v 103.83510000 230.00000000 40.00000000
v 159.68720000 230.00000000 5.00000000
v 205.00000000 230.00000000 40.00000000
v 205.00000000 230.00000000 5.00000000
v 159.68720000 230.00000000 -0.00000000
v 115.00000000 230.00000000 -0.00000000
v 115.00000000 175.71280000 -0.00000000
v 132.44740000 162.96530000 -0.00000000
v 148.49240000 148.49240000 -0.00000000
v 162.96530000 132.44740000 -0.00000000
v 175.71280000 115.00000000 -0.00000000
v 230.00000000 115.00000000 -0.00000000
v 230.00000000 103.83510000 40.00000000
v 230.00000000 159.68720000 -0.00000000
v 230.00000000 159.68720000 5.00000000
v 230.00000000 205.00000000 40.00000000
v 230.00000000 205.00000000 5.00000000
v 217.01870000 88.36452000 40.00000000
v 210.00000000 69.08089000 40.00000000
v 210.80870000 75.99937000 40.00000000
v 213.19100000 82.54487000 40.00000000
v 210.00000000 -69.08089000 40.00000000
v 213.19100000 -82.54487000 40.00000000
v 217.01870000 -88.36452000 40.00000000
v 210.80870000 -75.99937000 40.00000000
v 230.00000000 -103.83510000 40.00000000
v 230.00000000 -159.68720000 5.00000000
v 230.00000000 -205.00000000 40.00000000
v 230.00000000 -205.00000000 5.00000000
v 230.00000000 -159.68720000 -0.00000000
v 230.00000000 -115.00000000 -0.00000000
v 175.71280000 -115.00000000 -0.00000000
v 162.96530000 -132.44740000 -0.00000000
v 148.49240000 -148.49240000 -0.00000000
v 132.44740000 -162.96530000 -0.00000000
v 115.00000000 -175.71280000 -0.00000000
v 115.00000000 -230.00000000 -0.00000000
v 103.83510000 -230.00000000 40.00000000
v 159.68720000 -230.00000000 -0.00000000
v 159.68720000 -230.00000000 5.00000000
v 205.00000000 -230.00000000 40.00000000
v 205.00000000 -230.00000000 5.00000000
v 88.36452000 -217.01870000 40.00000000
v 72.79660000 -210.23100000 15.00000000
v 69.08089000 -210.00000000 15.00000000
v 76.45508000 -210.92040000 15.00000000
v 80.00000000 -212.05770000 15.00000000
v 82.96252000 -213.40490000 40.00000000
v 80.00000000 -212.05770000 40.00000000
v 85.76167000 -215.06510000 40.00000000
v -69.08089000 -210.00000000 15.00000000
v -85.76167000 -215.06510000 40.00000000
v -88.36452000 -217.01870000 40.00000000
v -80.00000000 -212.05770000 15.00000000
v -82.96252000 -213.40490000 40.00000000
v -80.00000000 -212.05770000 40.00000000
v -76.45508000 -210.92040000 15.00000000
v -72.79660000 -210.23100000 15.00000000
v -103.83510000 -230.00000000 40.00000000
v -205.00000000 -230.00000000 40.00000000
v -159.68720000 -230.00000000 0.00000000
v -115.00000000 -230.00000000 0.00000000
v -115.00000000 -175.71280000 0.00000000
v -132.44740000 -162.96530000 0.00000000
v -148.49240000 -148.49240000 0.00000000
v -162.96530000 -132.44740000 0.00000000
v -175.71280000 -115.00000000 0.00000000
v -230.00000000 -115.00000000 0.00000000
v -230.00000000 -159.68720000 0.00000000
v -179.55330000 -214.85020000 0.00000000
v -197.98990000 -197.98990000 0.00000000
v -214.85020000 -179.55330000 0.00000000
v -230.00000000 -205.00000000 40.00000000
v -229.37320000 -210.56300000 40.00000000
v -227.52420000 -215.84710000 40.00000000
v -224.54580000 -220.58720000 40.00000000
v -220.58720000 -224.54580000 40.00000000
v -215.84710000 -227.52420000 40.00000000
v -210.56300000 -229.37320000 40.00000000
v -230.00000000 -200.00000000 40.00000000
v -290.00000000 -200.00000000 40.00000000
v -290.00000000 -200.00000000 200.00000000
v -383.70470000 -33.45494000 200.00000000
v -388.45490000 -28.70469000 200.00000000
v -392.02910000 -23.01651000 200.00000000
v -378.01650000 -37.02907000 200.00000000
v -394.24780000 -16.67563000 200.00000000
v -371.67560000 -39.24784000 200.00000000
v -395.00000000 -10.00000000 200.00000000
v -365.00000000 -40.00000000 200.00000000
v -308.14620000 -70.38828000 200.00000000
v -270.00000000 -180.00000000 200.00000000
v -270.00000000 -90.67098000 200.00000000
v -312.04690000 -40.00000000 200.00000000
v -296.40940000 -48.31459000 200.00000000
v -308.14620000 70.38828000 200.00000000
v -312.04690000 40.00000000 200.00000000
v -296.40940000 48.31459000 200.00000000
v -365.00000000 40.00000000 200.00000000
v -371.67560000 39.24784000 200.00000000
v -378.01650000 37.02907000 200.00000000
v -383.70470000 33.45494000 200.00000000
v -388.45490000 28.70469000 200.00000000
v -392.02910000 23.01651000 200.00000000
v -394.24780000 16.67563000 200.00000000
v -395.00000000 10.00000000 200.00000000
v -270.00000000 180.00000000 200.00000000
v -270.00000000 90.67098000 200.00000000
v -224.48650000 134.48650000 135.00000000
v -220.00000000 130.00000000 40.00000000
v -220.00000000 130.00000000 135.00000000
v -204.48720000 217.19490000 40.00000000
v -202.12040000 216.29730000 40.00000000
v -200.03720000 214.85940000 40.00000000
v -198.35870000 212.96470000 40.00000000
v -197.18230000 210.72340000 40.00000000
v -196.57660000 208.26560000 40.00000000
v -196.57660000 205.73440000 40.00000000
v -204.48720000 196.80510000 40.00000000
v -197.18230000 203.27660000 40.00000000
v -202.12040000 197.70270000 40.00000000
v -198.35870000 201.03530000 40.00000000
v -195.21370000 179.41880000 40.00000000
v -200.03720000 199.14060000 40.00000000
v -190.70550000 177.70910000 40.00000000
v -186.73750000 174.97020000 40.00000000
v -183.54030000 171.36130000 40.00000000
v -181.29970000 167.09210000 40.00000000
v -180.14580000 162.41070000 40.00000000
v -180.14580000 157.58930000 40.00000000
v -195.21370000 140.58120000 40.00000000
v -141.29970000 207.09210000 40.00000000
v -140.14580000 202.41070000 40.00000000
v -143.54030000 211.36130000 40.00000000
v -146.73750000 214.97020000 40.00000000
v -150.70550000 217.70910000 40.00000000
v -155.21370000 219.41880000 40.00000000
v -140.14580000 197.58930000 40.00000000
v -137.10290000 145.61180000 40.00000000
v -155.21370000 180.58120000 40.00000000
v -150.70550000 182.29090000 40.00000000
v -151.98680000 130.00000000 40.00000000
v -190.70550000 142.29090000 40.00000000
v -186.73750000 145.02980000 40.00000000
v -183.54030000 148.63870000 40.00000000
v -181.29970000 152.90790000 40.00000000
v -120.62430000 159.52980000 40.00000000
v -146.73750000 185.02980000 40.00000000
v -143.54030000 188.63870000 40.00000000
v -141.29970000 192.90790000 40.00000000
v -102.74270000 171.59240000 40.00000000
v -83.66600000 181.65900000 40.00000000
v -63.61616000 189.61270000 40.00000000
v -42.82637000 195.36100000 40.00000000
v -21.53845000 198.83690000 40.00000000
v 169.29450000 217.70910000 40.00000000
v 173.26250000 214.97020000 40.00000000
v 164.78630000 219.41880000 40.00000000
v 176.45970000 211.36130000 40.00000000
v 178.70030000 207.09210000 40.00000000
v 210.56300000 229.37320000 40.00000000
v 179.85420000 202.41070000 40.00000000
v 209.51280000 217.19490000 40.00000000
v 215.84710000 227.52420000 40.00000000
v 179.85420000 197.58930000 40.00000000
v 211.87960000 216.29730000 40.00000000
v 220.58720000 224.54580000 40.00000000
v 178.70030000 192.90790000 40.00000000
v 213.96280000 214.85940000 40.00000000
v 224.54580000 220.58720000 40.00000000
v 215.64130000 212.96470000 40.00000000
v 227.52420000 215.84710000 40.00000000
v 216.81770000 210.72340000 40.00000000
v 176.45970000 188.63870000 40.00000000
v 173.26250000 185.02980000 40.00000000
v 169.29450000 182.29090000 40.00000000
v 164.78630000 180.58120000 40.00000000
v 229.37320000 210.56300000 40.00000000
v 217.42340000 208.26560000 40.00000000
v 215.64130000 201.03530000 40.00000000
v 213.96280000 199.14060000 40.00000000
v 216.81770000 203.27660000 40.00000000
v 217.42340000 205.73440000 40.00000000
v 204.78630000 179.41880000 40.00000000
v 209.51280000 196.80510000 40.00000000
v 209.29450000 177.70910000 40.00000000
v 211.87960000 197.70270000 40.00000000
v 213.26250000 174.97020000 40.00000000
v 216.45970000 171.36130000 40.00000000
v 218.70030000 167.09210000 40.00000000
v 219.85420000 162.41070000 40.00000000
v 219.85420000 157.58930000 40.00000000
v 204.78630000 140.58120000 40.00000000
v 209.29450000 142.29090000 40.00000000
v 213.26250000 145.02980000 40.00000000
v 216.45970000 148.63870000 40.00000000
v 218.70030000 152.90790000 40.00000000
v 167.39320000 -155.29060000 40.00000000
v 169.64720000 -156.14540000 40.00000000
v 171.63120000 -157.51490000 40.00000000
v 173.22980000 -159.31940000 40.00000000
v 174.35020000 -161.45400000 40.00000000
v 174.92710000 -163.79460000 40.00000000
v 174.92710000 -166.20540000 40.00000000
v 204.78630000 -140.58120000 40.00000000
v 164.78630000 -180.58120000 40.00000000
v 167.39320000 -174.70940000 40.00000000
v 174.35020000 -168.54600000 40.00000000
v 209.29450000 -142.29090000 40.00000000
v 169.29450000 -182.29090000 40.00000000
v 169.64720000 -173.85460000 40.00000000
v 171.63120000 -172.48510000 40.00000000
v 173.22980000 -170.68060000 40.00000000
v 213.26250000 -145.02980000 40.00000000
v 173.26250000 -185.02980000 40.00000000
v 216.45970000 -148.63870000 40.00000000
v 176.45970000 -188.63870000 40.00000000
v 178.70030000 -192.90790000 40.00000000
v 218.70030000 -152.90790000 40.00000000
v 219.85420000 -157.58930000 40.00000000
v 179.85420000 -197.58930000 40.00000000
v 179.85420000 -202.41070000 40.00000000
v 204.78630000 -179.41880000 40.00000000
v 178.70030000 -207.09210000 40.00000000
v 209.51280000 -196.80510000 40.00000000
v 209.29450000 -177.70910000 40.00000000
v 176.45970000 -211.36130000 40.00000000
v 211.87960000 -197.70270000 40.00000000
v 213.26250000 -174.97020000 40.00000000
v 173.26250000 -214.97020000 40.00000000
v 213.96280000 -199.14060000 40.00000000
v 164.78630000 -219.41880000 40.00000000
v 169.29450000 -217.70910000 40.00000000
v 216.45970000 -171.36130000 40.00000000
v 218.70030000 -167.09210000 40.00000000
v 219.85420000 -162.41070000 40.00000000
v 217.42340000 -205.73440000 40.00000000
v 217.42340000 -208.26560000 40.00000000
v 216.81770000 -203.27660000 40.00000000
v 215.64130000 -201.03530000 40.00000000
v 210.56300000 -229.37320000 40.00000000
v 209.51280000 -217.19490000 40.00000000
v 229.37320000 -210.56300000 40.00000000
v 216.81770000 -210.72340000 40.00000000
v 215.84710000 -227.52420000 40.00000000
v 211.87960000 -216.29730000 40.00000000
v 227.52420000 -215.84710000 40.00000000
v 215.64130000 -212.96470000 40.00000000
v 220.58720000 -224.54580000 40.00000000
v 213.96280000 -214.85940000 40.00000000
v 224.54580000 -220.58720000 40.00000000
v -197.24790000 148.83420000 0.00000000
v -194.65570000 149.81730000 0.00000000
v -190.53570000 153.46730000 0.00000000
v -189.24730000 155.92200000 0.00000000
v -192.37410000 151.39210000 0.00000000
v -188.58380000 158.61380000 0.00000000
v -188.58380000 161.38620000 0.00000000
v -197.24790000 171.16580000 0.00000000
v -194.65570000 170.18270000 0.00000000
v -190.53570000 166.53270000 0.00000000
v -192.37410000 168.60790000 0.00000000
v -189.24730000 164.07800000 0.00000000
v -157.24790000 188.83420000 0.00000000
v -154.65570000 189.81730000 0.00000000
v -152.37410000 191.39210000 0.00000000
v -150.53570000 193.46730000 0.00000000
v -148.58380000 198.61380000 0.00000000
v -148.58380000 201.38620000 0.00000000
v -149.24730000 195.92200000 0.00000000
v -157.24790000 211.16580000 0.00000000
v -154.65570000 210.18270000 0.00000000
v -152.37410000 208.60790000 0.00000000
v -150.53570000 206.53270000 0.00000000
v -149.24730000 204.07800000 0.00000000
v 197.98990000 197.98990000 5.00000000
v 179.55330000 214.85020000 5.00000000
v 214.85020000 179.55330000 5.00000000
v 209.51280000 196.80510000 5.00000000
v 211.87960000 197.70270000 5.00000000
v 213.96280000 199.14060000 5.00000000
v 215.64130000 201.03530000 5.00000000
v 217.42340000 205.73440000 5.00000000
v 217.42340000 208.26560000 5.00000000
v 216.81770000 203.27660000 5.00000000
v 210.56300000 229.37320000 5.00000000
v 209.51280000 217.19490000 5.00000000
v 229.37320000 210.56300000 5.00000000
v 216.81770000 210.72340000 5.00000000
v 215.84710000 227.52420000 5.00000000
v 211.87960000 216.29730000 5.00000000
v 227.52420000 215.84710000 5.00000000
v 215.64130000 212.96470000 5.00000000
v 224.54580000 220.58720000 5.00000000
v 213.96280000 214.85940000 5.00000000
v 220.58720000 224.54580000 5.00000000
v 162.75210000 188.83420000 -0.00000000
v 202.75210000 148.83420000 -0.00000000
v 165.34430000 189.81730000 -0.00000000
v 205.34430000 149.81730000 -0.00000000
v 167.62590000 191.39210000 -0.00000000
v 207.62590000 151.39210000 -0.00000000
v 169.46430000 193.46730000 -0.00000000
v 162.75210000 211.16580000 -0.00000000
v 165.34430000 210.18270000 -0.00000000
v 211.41620000 161.38620000 -0.00000000
v 210.75270000 164.07800000 -0.00000000
v 211.41620000 158.61380000 -0.00000000
v 210.75270000 155.92200000 -0.00000000
v 209.46430000 153.46730000 -0.00000000
v 179.55330000 214.85020000 -0.00000000
v 167.62590000 208.60790000 -0.00000000
v 169.46430000 206.53270000 -0.00000000
v 170.75270000 204.07800000 -0.00000000
v 171.41620000 201.38620000 -0.00000000
v 214.85020000 179.55330000 -0.00000000
v 202.75210000 171.16580000 -0.00000000
v 205.34430000 170.18270000 -0.00000000
v 207.62590000 168.60790000 -0.00000000
v 209.46430000 166.53270000 -0.00000000
v 197.98990000 197.98990000 -0.00000000
v 171.41620000 198.61380000 -0.00000000
v 170.75270000 195.92200000 -0.00000000
v 179.55330000 -214.85020000 5.00000000
v 210.56300000 -229.37320000 5.00000000
v 209.51280000 -217.19490000 5.00000000
v 215.84710000 -227.52420000 5.00000000
v 211.87960000 -216.29730000 5.00000000
v 220.58720000 -224.54580000 5.00000000
v 213.96280000 -214.85940000 5.00000000
v 197.98990000 -197.98990000 5.00000000
v 224.54580000 -220.58720000 5.00000000
v 215.64130000 -212.96470000 5.00000000
v 227.52420000 -215.84710000 5.00000000
v 216.81770000 -210.72340000 5.00000000
v 229.37320000 -210.56300000 5.00000000
v 217.42340000 -208.26560000 5.00000000
v 216.81770000 -203.27660000 5.00000000
v 215.64130000 -201.03530000 5.00000000
v 217.42340000 -205.73440000 5.00000000
v 214.85020000 -179.55330000 5.00000000
v 209.51280000 -196.80510000 5.00000000
v 211.87960000 -197.70270000 5.00000000
v 213.96280000 -199.14060000 5.00000000
v 162.75210000 -211.16580000 -0.00000000
v 165.34430000 -210.18270000 -0.00000000
v 179.55330000 -214.85020000 -0.00000000
v 167.62590000 -208.60790000 -0.00000000
v 169.46430000 -206.53270000 -0.00000000
v 170.75270000 -204.07800000 -0.00000000
v 171.41620000 -201.38620000 -0.00000000
v 162.75210000 -188.83420000 -0.00000000
v 165.34430000 -189.81730000 -0.00000000
v 167.39320000 -174.70940000 -0.00000000
v 167.62590000 -191.39210000 -0.00000000
v 169.64720000 -173.85460000 -0.00000000
v 171.63120000 -172.48510000 -0.00000000
v 169.46430000 -193.46730000 -0.00000000
v 197.98990000 -197.98990000 -0.00000000
v 170.75270000 -195.92200000 -0.00000000
v 171.41620000 -198.61380000 -0.00000000
v 173.22980000 -170.68060000 -0.00000000
v 174.35020000 -168.54600000 -0.00000000
v 174.92710000 -166.20540000 -0.00000000
v 174.92710000 -163.79460000 -0.00000000
v 174.35020000 -161.45400000 -0.00000000
v 173.22980000 -159.31940000 -0.00000000
v 167.39320000 -155.29060000 -0.00000000
v 169.64720000 -156.14540000 -0.00000000
v 171.63120000 -157.51490000 -0.00000000
v 214.85020000 -179.55330000 -0.00000000
v 202.75210000 -171.16580000 -0.00000000
v 205.34430000 -170.18270000 -0.00000000
v 207.62590000 -168.60790000 -0.00000000
v 209.46430000 -166.53270000 -0.00000000
v 210.75270000 -164.07800000 -0.00000000
v 209.46430000 -153.46730000 -0.00000000
v 207.62590000 -151.39210000 -0.00000000
v 210.75270000 -155.92200000 -0.00000000
v 211.41620000 -158.61380000 -0.00000000
v 211.41620000 -161.38620000 -0.00000000
v 202.75210000 -148.83420000 -0.00000000
v 205.34430000 -149.81730000 -0.00000000
v 80.00000000 -225.00000000 15.00000000
v 80.00000000 -225.00000000 135.00000000
v -80.00000000 -225.00000000 15.00000000
v -80.00000000 -225.00000000 135.00000000
v -80.00000000 -183.30300000 135.00000000
v -80.00000000 -183.30300000 40.00000000
v -220.00000000 -130.00000000 40.00000000
v -195.21370000 -140.58120000 40.00000000
v -151.98680000 -130.00000000 40.00000000
v -186.73750000 -145.02980000 40.00000000
v -183.54030000 -148.63870000 40.00000000
v -190.70550000 -142.29090000 40.00000000
v -181.29970000 -152.90790000 40.00000000
v -180.14580000 -157.58930000 40.00000000
v -180.14580000 -162.41070000 40.00000000
v -181.29970000 -167.09210000 40.00000000
v -204.48720000 -196.80510000 40.00000000
v -162.60680000 -155.29060000 40.00000000
v -183.54030000 -171.36130000 40.00000000
v -202.12040000 -197.70270000 40.00000000
v -195.21370000 -179.41880000 40.00000000
v -160.35280000 -156.14540000 40.00000000
v -200.03720000 -199.14060000 40.00000000
v -139.63900000 -143.18160000 40.00000000
v -158.36880000 -157.51490000 40.00000000
v -156.77020000 -159.31940000 40.00000000
v -155.64980000 -161.45400000 40.00000000
v -186.73750000 -174.97020000 40.00000000
v -190.70550000 -177.70910000 40.00000000
v -198.35870000 -201.03530000 40.00000000
v -162.60680000 -174.70940000 40.00000000
v -197.18230000 -203.27660000 40.00000000
v -160.35280000 -173.85460000 40.00000000
v -196.57660000 -205.73440000 40.00000000
v -204.48720000 -217.19490000 40.00000000
v -202.12040000 -216.29730000 40.00000000
v -200.03720000 -214.85940000 40.00000000
v -155.21370000 -180.58120000 40.00000000
v -158.36880000 -172.48510000 40.00000000
v -156.77020000 -170.68060000 40.00000000
v -196.57660000 -208.26560000 40.00000000
v -197.18230000 -210.72340000 40.00000000
v -126.15230000 -155.19540000 40.00000000
v -155.07290000 -163.79460000 40.00000000
v -155.07290000 -166.20540000 40.00000000
v -150.70550000 -182.29090000 40.00000000
v -155.64980000 -168.54600000 40.00000000
v -198.35870000 -212.96470000 40.00000000
v -146.73750000 -185.02980000 40.00000000
v -143.54030000 -188.63870000 40.00000000
v -111.63670000 -165.94350000 40.00000000
v -141.29970000 -192.90790000 40.00000000
v -140.14580000 -197.58930000 40.00000000
v -96.21068000 -175.33830000 40.00000000
v -155.21370000 -219.41880000 40.00000000
v -150.70550000 -217.70910000 40.00000000
v -146.73750000 -214.97020000 40.00000000
v -143.54030000 -211.36130000 40.00000000
v -141.29970000 -207.09210000 40.00000000
v -140.14580000 -202.41070000 40.00000000
v -197.24790000 -171.16580000 0.00000000
v -157.24790000 -211.16580000 0.00000000
v -194.65570000 -170.18270000 0.00000000
v -154.65570000 -210.18270000 0.00000000
v -152.37410000 -208.60790000 0.00000000
v -149.24730000 -204.07800000 0.00000000
v -148.58380000 -201.38620000 0.00000000
v -150.53570000 -206.53270000 0.00000000
v -192.37410000 -168.60790000 0.00000000
v -190.53570000 -166.53270000 0.00000000
v -189.24730000 -164.07800000 0.00000000
v -188.58380000 -161.38620000 0.00000000
v -162.60680000 -174.70940000 0.00000000
v -188.58380000 -158.61380000 0.00000000
v -160.35280000 -173.85460000 0.00000000
v -157.24790000 -188.83420000 0.00000000
v -189.24730000 -155.92200000 0.00000000
v -158.36880000 -172.48510000 0.00000000
v -154.65570000 -189.81730000 0.00000000
v -190.53570000 -153.46730000 0.00000000
v -156.77020000 -170.68060000 0.00000000
v -152.37410000 -191.39210000 0.00000000
v -160.35280000 -156.14540000 0.00000000
v -162.60680000 -155.29060000 0.00000000
v -158.36880000 -157.51490000 0.00000000
v -156.77020000 -159.31940000 0.00000000
v -155.64980000 -161.45400000 0.00000000
v -155.07290000 -163.79460000 0.00000000
v -155.07290000 -166.20540000 0.00000000
v -155.64980000 -168.54600000 0.00000000
v -150.53570000 -193.46730000 0.00000000
v -192.37410000 -151.39210000 0.00000000
v -194.65570000 -149.81730000 0.00000000
v -149.24730000 -195.92200000 0.00000000
v -148.58380000 -198.61380000 0.00000000
v -197.24790000 -148.83420000 0.00000000
v -224.48650000 -134.48650000 135.00000000
v -220.00000000 -130.00000000 135.00000000
v -224.48650000 -86.55668000 135.00000000
v -256.67680000 -69.44081000 180.97250000
v -268.41360000 -91.51450000 197.73430000
v -268.41360000 -91.51450000 215.00000000
v -308.14620000 -70.38828000 215.00000000
v -296.40940000 -48.31459000 215.00000000
v -312.04690000 -40.00000000 180.00000000
v -312.04690000 -40.00000000 135.00000000
v -256.67680000 -69.44081000 215.00000000
v -365.00000000 -40.00000000 180.00000000
v -395.00000000 -10.00000000 180.00000000
v -394.24780000 -16.67563000 180.00000000
v -392.02910000 -23.01651000 180.00000000
v -388.45490000 -28.70469000 180.00000000
v -383.70470000 -33.45494000 180.00000000
v -378.01650000 -37.02907000 180.00000000
v -371.67560000 -39.24784000 180.00000000
v -395.00000000 10.00000000 180.00000000
v -365.00000000 40.00000000 180.00000000
v -371.67560000 39.24784000 180.00000000
v -378.01650000 37.02907000 180.00000000
v -383.70470000 33.45494000 180.00000000
v -388.45490000 28.70469000 180.00000000
v -392.02910000 23.01651000 180.00000000
v -394.24780000 16.67563000 180.00000000
v -312.04690000 40.00000000 180.00000000
v -312.04690000 40.00000000 135.00000000
v -224.48650000 86.55668000 135.00000000
v -256.67680000 69.44081000 180.97250000
v -256.67680000 69.44081000 215.00000000
v -296.40940000 48.31459000 215.00000000
v -308.14620000 70.38828000 215.00000000
v -268.41360000 91.51450000 215.00000000
v -268.41360000 91.51450000 197.73430000
v -265.00000000 30.00000000 135.00000000
v -165.21090000 112.71800000 135.00000000
v -151.98680000 130.00000000 135.00000000
v -176.47920000 94.10156000 135.00000000
v -185.65810000 74.37109000 135.00000000
v -225.00000000 30.00000000 135.00000000
v -192.63920000 53.76017000 135.00000000
v -265.00000000 -30.00000000 135.00000000
v -197.33960000 32.51281000 135.00000000
v -199.70380000 10.88054000 135.00000000
v -199.70380000 -10.88054000 135.00000000
v -225.00000000 -30.00000000 135.00000000
v -197.33960000 -32.51281000 135.00000000
v -192.63920000 -53.76017000 135.00000000
v -185.65810000 -74.37109000 135.00000000
v -176.47920000 -94.10156000 135.00000000
v -165.21090000 -112.71800000 135.00000000
v -151.98680000 -130.00000000 135.00000000
v -21.62380000 198.82760000 159.00000000
v -42.99409000 195.32410000 159.00000000
v -63.86031000 189.53060000 159.00000000
v -83.97782000 181.51510000 159.00000000
v -103.11080000 171.37140000 159.00000000
v -121.03480000 159.21860000 159.00000000
v -137.53990000 145.19910000 159.00000000
v -152.43240000 129.47730000 159.00000000
v -165.53780000 112.23740000 159.00000000
v -176.70240000 93.68169000 159.00000000
v -185.79530000 74.02763000 159.00000000
v -192.71000000 53.50567000 159.00000000
v -197.36530000 32.35640000 159.00000000
v -199.70670000 10.82778000 159.00000000
v -199.70670000 -10.82778000 159.00000000
v -197.36530000 -32.35640000 159.00000000
v -192.71000000 -53.50567000 159.00000000
v -185.79530000 -74.02763000 159.00000000
v -176.70240000 -93.68169000 159.00000000
v -165.53780000 -112.23740000 159.00000000
v -152.43240000 -129.47730000 159.00000000
v -137.53990000 -145.19910000 159.00000000
v -121.03480000 -159.21860000 159.00000000
v -103.11080000 -171.37140000 159.00000000
v -83.97782000 -181.51510000 159.00000000
v -63.86031000 -189.53060000 159.00000000
v -60.75219000 -190.54970000 135.00000000
v -42.99409000 -195.32410000 159.00000000
v -40.86193000 -195.78130000 135.00000000
v -21.62380000 -198.82760000 159.00000000
v -20.53957000 -198.94250000 135.00000000
v -367.90430000 -20.20979000 180.00000000
v -372.22060000 -15.33775000 180.00000000
v -362.54750000 -23.90731000 180.00000000
v -375.24540000 -9.57433200 180.00000000
v -356.46150000 -26.21543000 180.00000000
v -376.80310000 -3.25449000 180.00000000
v -376.80310000 3.25449000 180.00000000
v -375.24540000 9.57433200 180.00000000
v -372.22060000 15.33775000 180.00000000
v -367.90430000 20.20979000 180.00000000
v -362.54750000 23.90731000 180.00000000
v -356.46150000 26.21543000 180.00000000
v -225.00000000 -30.00000000 140.00000000
v -225.00000000 30.00000000 140.00000000
v -265.00000000 30.00000000 140.00000000
v -265.00000000 -30.00000000 140.00000000
v 19.15533000 163.88430000 159.00000000
v 38.05162000 160.55240000 159.00000000
v 56.43332000 155.04930000 159.00000000
v 74.05186000 147.44940000 159.00000000
v 90.66898000 137.85550000 159.00000000
v 106.06000000 126.39730000 159.00000000
v 120.01670000 113.22990000 159.00000000
v 132.35030000 98.53117000 159.00000000
v 142.89420000 82.50000000 159.00000000
v 151.50570000 65.35316000 159.00000000
v 158.06830000 47.32253000 159.00000000
v 162.49330000 28.65195000 159.00000000
v 164.72080000 9.59389700 159.00000000
v 164.72080000 -9.59389700 159.00000000
v 19.15533000 -163.88430000 159.00000000
v 162.49330000 -28.65195000 159.00000000
v 38.05162000 -160.55240000 159.00000000
v 158.06830000 -47.32253000 159.00000000
v 56.43332000 -155.04930000 159.00000000
v 151.50570000 -65.35316000 159.00000000
v 74.05186000 -147.44940000 159.00000000
v 142.89420000 -82.50000000 159.00000000
v 90.66898000 -137.85550000 159.00000000
v 132.35030000 -98.53117000 159.00000000
v 106.06000000 -126.39730000 159.00000000
v 120.01670000 -113.22990000 159.00000000
v -356.46150000 -26.21543000 185.00000000
v -362.54750000 -23.90731000 185.00000000
v -367.90430000 -20.20979000 185.00000000
v -372.22060000 -15.33775000 185.00000000
v -375.24540000 -9.57433200 185.00000000
v -376.80310000 -3.25449000 185.00000000
v -376.80310000 3.25449000 185.00000000
v -375.24540000 9.57433200 185.00000000
v -372.22060000 15.33775000 185.00000000
v -367.90430000 20.20979000 185.00000000
v -362.54750000 23.90731000 185.00000000
v -356.46150000 26.21543000 185.00000000
v 19.15533000 -163.88430000 146.00000000
v 38.05162000 -160.55240000 146.00000000
v 56.43332000 -155.04930000 146.00000000
v 74.05186000 -147.44940000 146.00000000
v 90.66898000 -137.85550000 146.00000000
v 106.06000000 -126.39730000 146.00000000
v 120.01670000 -113.22990000 146.00000000
v 132.35030000 -98.53117000 146.00000000
v 142.89420000 -82.50000000 146.00000000
v 151.50570000 -65.35316000 146.00000000
v 158.06830000 -47.32253000 146.00000000
v 162.49330000 -28.65195000 146.00000000
v 164.72080000 -9.59389700 146.00000000
v 164.72080000 9.59389700 146.00000000
v 162.49330000 28.65195000 146.00000000
v 158.06830000 47.32253000 146.00000000
v 151.50570000 65.35316000 146.00000000
v 142.89420000 82.50000000 146.00000000
v 132.35030000 98.53117000 146.00000000
v 120.01670000 113.22990000 146.00000000
v 106.06000000 126.39730000 146.00000000
v 90.66898000 137.85550000 146.00000000
v 74.05186000 147.44940000 146.00000000
v 56.43332000 155.04930000 146.00000000
v 38.05162000 160.55240000 146.00000000
v 19.15533000 163.88430000 146.00000000
v 19.28587000 158.83340000 146.00000000
v 38.29051000 155.35070000 146.00000000
v 56.73678000 149.60260000 146.00000000
v 74.35571000 141.67300000 146.00000000
v 90.89036000 131.67740000 146.00000000
v 106.09960000 119.76170000 146.00000000
v 119.76170000 106.09960000 146.00000000
v 131.67740000 90.89036000 146.00000000
v 141.67300000 74.35571000 146.00000000
v 149.60260000 56.73678000 146.00000000
v 155.35070000 38.29051000 146.00000000
v 158.83340000 19.28587000 146.00000000
v 160.00000000 -0.00000000 146.00000000
v 158.83340000 -19.28587000 146.00000000
v 19.28587000 -158.83340000 146.00000000
v 155.35070000 -38.29051000 146.00000000
v 38.29051000 -155.35070000 146.00000000
v 149.60260000 -56.73678000 146.00000000
v 56.73678000 -149.60260000 146.00000000
v 141.67300000 -74.35571000 146.00000000
v 74.35571000 -141.67300000 146.00000000
v 131.67740000 -90.89036000 146.00000000
v 90.89036000 -131.67740000 146.00000000
v 119.76170000 -106.09960000 146.00000000
v 106.09960000 -119.76170000 146.00000000
v 19.28587000 -158.83340000 128.00000000
v 38.29051000 -155.35070000 128.00000000
v 56.73678000 -149.60260000 128.00000000
v 74.35571000 -141.67300000 128.00000000
v 90.89036000 -131.67740000 128.00000000
v 106.09960000 -119.76170000 128.00000000
v 119.76170000 -106.09960000 128.00000000
v 131.67740000 -90.89036000 128.00000000
v 141.67300000 -74.35571000 128.00000000
v 149.60260000 -56.73678000 128.00000000
v 155.35070000 -38.29051000 128.00000000
v 158.83340000 -19.28587000 128.00000000
v 160.00000000 -0.00000000 128.00000000
v 158.83340000 19.28587000 128.00000000
v 155.35070000 38.29051000 128.00000000
v 149.60260000 56.73678000 128.00000000
v 141.67300000 74.35571000 128.00000000
v 131.67740000 90.89036000 128.00000000
v 119.76170000 106.09960000 128.00000000
v 106.09960000 119.76170000 128.00000000
v 90.89036000 131.67740000 128.00000000
v 74.35571000 141.67300000 128.00000000
v 56.73678000 149.60260000 128.00000000
v 38.29051000 155.35070000 128.00000000
v 19.28587000 158.83340000 128.00000000
v 18.17332000 -143.85660000 118.00000000
v 36.06003000 -140.44460000 118.00000000
v 53.37806000 -134.81760000 118.00000000
v 69.85428000 -127.06450000 118.00000000
v 85.22886000 -117.30750000 118.00000000
v 99.25933000 -105.70050000 118.00000000
v 111.72440000 -92.42648000 118.00000000
v 122.42750000 -77.69489000 118.00000000
v 131.19990000 -61.73800000 118.00000000
v 137.90320000 -44.80746000 118.00000000
v 142.43170000 -27.17029000 118.00000000
v 144.71390000 -9.10462500 118.00000000
v 144.71390000 9.10462500 118.00000000
v 142.43170000 27.17029000 118.00000000
v 137.90320000 44.80746000 118.00000000
v 131.19990000 61.73800000 118.00000000
v 122.42750000 77.69489000 118.00000000
v 111.72440000 92.42648000 118.00000000
v 99.25933000 105.70050000 118.00000000
v 85.22886000 117.30750000 118.00000000
v 69.85428000 127.06450000 118.00000000
v 53.37806000 134.81760000 118.00000000
v 36.06003000 140.44460000 118.00000000
v 18.17332000 143.85660000 118.00000000
v 14.23554000 -89.87964000 118.00000000
v 28.12055000 -86.54614000 118.00000000
v 41.31314000 -81.08159000 118.00000000
v 53.48846000 -73.62055000 118.00000000
v 64.34672000 -64.34672000 118.00000000
v 73.62055000 -53.48846000 118.00000000
v 81.08159000 -41.31314000 118.00000000
v 86.54614000 -28.12055000 118.00000000
v 89.87964000 -14.23554000 118.00000000
v 91.00000000 -0.00000000 118.00000000
v 89.87964000 14.23554000 118.00000000
v 14.23554000 89.87964000 118.00000000
v 86.54614000 28.12055000 118.00000000
v 28.12055000 86.54614000 118.00000000
v 41.31314000 81.08159000 118.00000000
v 81.08159000 41.31314000 118.00000000
v 53.48846000 73.62055000 118.00000000
v 73.62055000 53.48846000 118.00000000
v 64.34672000 64.34672000 118.00000000
v 14.23554000 -89.87964000 113.00000000
v 28.12055000 -86.54614000 113.00000000
v 41.31314000 -81.08159000 113.00000000
v 53.48846000 -73.62055000 113.00000000
v 64.34672000 -64.34672000 113.00000000
v 73.62055000 -53.48846000 113.00000000
v 81.08159000 -41.31314000 113.00000000
v 86.54614000 -28.12055000 113.00000000
v 89.87964000 -14.23554000 113.00000000
v 91.00000000 -0.00000000 113.00000000
v 89.87964000 14.23554000 113.00000000
v 86.54614000 28.12055000 113.00000000
v 81.08159000 41.31314000 113.00000000
v 73.62055000 53.48846000 113.00000000
v 64.34672000 64.34672000 113.00000000
v 53.48846000 73.62055000 113.00000000
v 41.31314000 81.08159000 113.00000000
v 28.12055000 86.54614000 113.00000000
v 14.23554000 89.87964000 113.00000000
v -70.07370000 -12.35588000 113.00000000
v -66.86355000 -24.33634000 113.00000000
v -61.62178000 -35.57735000 113.00000000
v -54.50766000 -45.73736000 113.00000000
v -45.73736000 -54.50766000 113.00000000
v -35.57735000 -61.62178000 113.00000000
v -24.33634000 -66.86355000 113.00000000
v -12.35588000 -70.07370000 113.00000000
v 0.00000000 -71.15470000 113.00000000
v 12.35588000 -70.07370000 113.00000000
v 70.07370000 -12.35588000 113.00000000
v 66.86355000 -24.33634000 113.00000000
v 24.33634000 -66.86355000 113.00000000
v 35.57735000 -61.62178000 113.00000000
v 61.62178000 -35.57735000 113.00000000
v 45.73736000 -54.50766000 113.00000000
v 54.50766000 -45.73736000 113.00000000
v 12.15537000 -68.93654000 111.00000000
v 23.94141000 -65.77848000 111.00000000
v 35.00000000 -60.62178000 111.00000000
v 44.99513000 -53.62311000 111.00000000
v 53.62311000 -44.99513000 111.00000000
v 60.62178000 -35.00000000 111.00000000
v 65.77848000 -23.94141000 111.00000000
v 68.93654000 -12.15537000 111.00000000
v 12.86247000 -68.80812000 110.00000000
v 25.28692000 -65.27306000 110.00000000
v 36.85025000 -59.51520000 110.00000000
v 47.15870000 -51.73062000 110.00000000
v 55.86121000 -42.18442000 110.00000000
v 62.66143000 -31.20168000 110.00000000
v 67.32780000 -19.15641000 110.00000000
v 69.70139000 -6.45878500 110.00000000
v 69.70139000 6.45878500 110.00000000
v 67.32780000 19.15641000 110.00000000
v 62.66143000 31.20168000 110.00000000
v 55.86121000 42.18442000 110.00000000
v 47.15870000 51.73062000 110.00000000
v 36.85025000 59.51520000 110.00000000
v 25.28692000 65.27306000 110.00000000
v 12.86247000 68.80812000 110.00000000
v -197.24790000 -171.16580000 37.00000000
v -194.65570000 -170.18270000 37.00000000
v -192.37410000 -168.60790000 37.00000000
v -190.53570000 -166.53270000 37.00000000
v -189.24730000 -164.07800000 37.00000000
v -188.58380000 -161.38620000 37.00000000
v -188.58380000 -158.61380000 37.00000000
v -189.24730000 -155.92200000 37.00000000
v -190.53570000 -153.46730000 37.00000000
v -192.37410000 -151.39210000 37.00000000
v -194.65570000 -149.81730000 37.00000000
v -197.24790000 -148.83420000 37.00000000
v -195.21370000 -179.41880000 37.00000000
v -190.70550000 -177.70910000 37.00000000
v -186.73750000 -174.97020000 37.00000000
v -183.54030000 -171.36130000 37.00000000
v -181.29970000 -167.09210000 37.00000000
v -180.14580000 -162.41070000 37.00000000
v -180.14580000 -157.58930000 37.00000000
v -195.21370000 -140.58120000 37.00000000
v -181.29970000 -152.90790000 37.00000000
v -190.70550000 -142.29090000 37.00000000
v -183.54030000 -148.63870000 37.00000000
v -186.73750000 -145.02980000 37.00000000
v -157.24790000 -211.16580000 37.00000000
v -154.65570000 -210.18270000 37.00000000
v -152.37410000 -208.60790000 37.00000000
v -150.53570000 -206.53270000 37.00000000
v -149.24730000 -204.07800000 37.00000000
v -148.58380000 -201.38620000 37.00000000
v -148.58380000 -198.61380000 37.00000000
v -149.24730000 -195.92200000 37.00000000
v -150.53570000 -193.46730000 37.00000000
v -152.37410000 -191.39210000 37.00000000
v -154.65570000 -189.81730000 37.00000000
v -157.24790000 -188.83420000 37.00000000
v -155.21370000 -219.41880000 37.00000000
v -150.70550000 -217.70910000 37.00000000
v -146.73750000 -214.97020000 37.00000000
v -143.54030000 -211.36130000 37.00000000
v -141.29970000 -207.09210000 37.00000000
v -140.14580000 -202.41070000 37.00000000
v -140.14580000 -197.58930000 37.00000000
v -155.21370000 -180.58120000 37.00000000
v -141.29970000 -192.90790000 37.00000000
v -150.70550000 -182.29090000 37.00000000
v -143.54030000 -188.63870000 37.00000000
v -146.73750000 -185.02980000 37.00000000
v 162.75210000 -211.16580000 37.00000000
v 165.34430000 -210.18270000 37.00000000
v 167.62590000 -208.60790000 37.00000000
v 169.46430000 -206.53270000 37.00000000
v 170.75270000 -204.07800000 37.00000000
v 171.41620000 -201.38620000 37.00000000
v 171.41620000 -198.61380000 37.00000000
v 170.75270000 -195.92200000 37.00000000
v 169.46430000 -193.46730000 37.00000000
v 167.62590000 -191.39210000 37.00000000
v 165.34430000 -189.81730000 37.00000000
v 162.75210000 -188.83420000 37.00000000
v 164.78630000 -219.41880000 37.00000000
v 169.29450000 -217.70910000 37.00000000
v 173.26250000 -214.97020000 37.00000000
v 176.45970000 -211.36130000 37.00000000
v 178.70030000 -207.09210000 37.00000000
v 179.85420000 -202.41070000 37.00000000
v 179.85420000 -197.58930000 37.00000000
v 164.78630000 -180.58120000 37.00000000
v 178.70030000 -192.90790000 37.00000000
v 169.29450000 -182.29090000 37.00000000
v 176.45970000 -188.63870000 37.00000000
v 173.26250000 -185.02980000 37.00000000
v 202.75210000 -171.16580000 37.00000000
v 205.34430000 -170.18270000 37.00000000
v 207.62590000 -168.60790000 37.00000000
v 209.46430000 -166.53270000 37.00000000
v 210.75270000 -164.07800000 37.00000000
v 211.41620000 -161.38620000 37.00000000
v 211.41620000 -158.61380000 37.00000000
v 210.75270000 -155.92200000 37.00000000
v 209.46430000 -153.46730000 37.00000000
v 207.62590000 -151.39210000 37.00000000
v 205.34430000 -149.81730000 37.00000000
v 202.75210000 -148.83420000 37.00000000
v 204.78630000 -179.41880000 37.00000000
v 209.29450000 -177.70910000 37.00000000
v 213.26250000 -174.97020000 37.00000000
v 216.45970000 -171.36130000 37.00000000
v 218.70030000 -167.09210000 37.00000000
v 219.85420000 -162.41070000 37.00000000
v 219.85420000 -157.58930000 37.00000000
v 204.78630000 -140.58120000 37.00000000
v 218.70030000 -152.90790000 37.00000000
v 209.29450000 -142.29090000 37.00000000
v 216.45970000 -148.63870000 37.00000000
v 213.26250000 -145.02980000 37.00000000
v 202.75210000 148.83420000 37.00000000
v 205.34430000 149.81730000 37.00000000
v 207.62590000 151.39210000 37.00000000
v 209.46430000 153.46730000 37.00000000
v 210.75270000 155.92200000 37.00000000
v 211.41620000 158.61380000 37.00000000
v 211.41620000 161.38620000 37.00000000
v 210.75270000 164.07800000 37.00000000
v 209.46430000 166.53270000 37.00000000
v 207.62590000 168.60790000 37.00000000
v 205.34430000 170.18270000 37.00000000
v 202.75210000 171.16580000 37.00000000
v 204.78630000 140.58120000 37.00000000
v 209.29450000 142.29090000 37.00000000
v 213.26250000 145.02980000 37.00000000
v 216.45970000 148.63870000 37.00000000
v 218.70030000 152.90790000 37.00000000
v 219.85420000 157.58930000 37.00000000
v 219.85420000 162.41070000 37.00000000
v 204.78630000 179.41880000 37.00000000
v 218.70030000 167.09210000 37.00000000
v 209.29450000 177.70910000 37.00000000
v 216.45970000 171.36130000 37.00000000
v 213.26250000 174.97020000 37.00000000
v 162.75210000 188.83420000 37.00000000
v 165.34430000 189.81730000 37.00000000
v 167.62590000 191.39210000 37.00000000
v 169.46430000 193.46730000 37.00000000
v 170.75270000 195.92200000 37.00000000
v 171.41620000 198.61380000 37.00000000
v 171.41620000 201.38620000 37.00000000
v 170.75270000 204.07800000 37.00000000
v 169.46430000 206.53270000 37.00000000
v 167.62590000 208.60790000 37.00000000
v 165.34430000 210.18270000 37.00000000
v 162.75210000 211.16580000 37.00000000
v 164.78630000 180.58120000 37.00000000
v 169.29450000 182.29090000 37.00000000
v 173.26250000 185.02980000 37.00000000
v 176.45970000 188.63870000 37.00000000
v 178.70030000 192.90790000 37.00000000
v 179.85420000 197.58930000 37.00000000
v 179.85420000 202.41070000 37.00000000
v 164.78630000 219.41880000 37.00000000
v 178.70030000 207.09210000 37.00000000
v 169.29450000 217.70910000 37.00000000
v 176.45970000 211.36130000 37.00000000
v 173.26250000 214.97020000 37.00000000
v -197.24790000 148.83420000 37.00000000
v -194.65570000 149.81730000 37.00000000
v -192.37410000 151.39210000 37.00000000
v -190.53570000 153.46730000 37.00000000
v -189.24730000 155.92200000 37.00000000
v -188.58380000 158.61380000 37.00000000
v -188.58380000 161.38620000 37.00000000
v -189.24730000 164.07800000 37.00000000
v -190.53570000 166.53270000 37.00000000
v -192.37410000 168.60790000 37.00000000
v -194.65570000 170.18270000 37.00000000
v -197.24790000 171.16580000 37.00000000
v -195.21370000 140.58120000 37.00000000
v -190.70550000 142.29090000 37.00000000
v -186.73750000 145.02980000 37.00000000
v -183.54030000 148.63870000 37.00000000
v -181.29970000 152.90790000 37.00000000
v -180.14580000 157.58930000 37.00000000
v -180.14580000 162.41070000 37.00000000
v -195.21370000 179.41880000 37.00000000
v -181.29970000 167.09210000 37.00000000
v -190.70550000 177.70910000 37.00000000
v -183.54030000 171.36130000 37.00000000
v -186.73750000 174.97020000 37.00000000
v -157.24790000 188.83420000 37.00000000
v -154.65570000 189.81730000 37.00000000
v -152.37410000 191.39210000 37.00000000
v -150.53570000 193.46730000 37.00000000
v -149.24730000 195.92200000 37.00000000
v -148.58380000 198.61380000 37.00000000
v -148.58380000 201.38620000 37.00000000
v -149.24730000 204.07800000 37.00000000
v -150.53570000 206.53270000 37.00000000
v -152.37410000 208.60790000 37.00000000
v -154.65570000 210.18270000 37.00000000
v -157.24790000 211.16580000 37.00000000
v -155.21370000 180.58120000 37.00000000
v -150.70550000 182.29090000 37.00000000
v -146.73750000 185.02980000 37.00000000
v -143.54030000 188.63870000 37.00000000
v -141.29970000 192.90790000 37.00000000
v -140.14580000 197.58930000 37.00000000
v -140.14580000 202.41070000 37.00000000
v -155.21370000 219.41880000 37.00000000
v -141.29970000 207.09210000 37.00000000
v -150.70550000 217.70910000 37.00000000
v -143.54030000 211.36130000 37.00000000
v -146.73750000 214.97020000 37.00000000
v -377.00000000 0.00000000 185.00000000
v -377.00000000 0.00000000 217.00000000
v -376.21540000 6.46152300 217.00000000
v -376.21540000 6.46152300 185.00000000
v -373.90730000 12.54753000 217.00000000
v -373.90730000 12.54753000 185.00000000
v -370.20980000 17.90431000 217.00000000
v -370.20980000 17.90431000 185.00000000
v -365.33770000 22.22056000 217.00000000
v -365.33770000 22.22056000 185.00000000
v -359.57430000 25.24544000 217.00000000
v -359.57430000 25.24544000 185.00000000
v -353.25450000 26.80314000 217.00000000
v -353.25450000 26.80314000 185.00000000
v -346.74550000 26.80314000 217.00000000
v -346.74550000 26.80314000 185.00000000
v -340.42570000 25.24544000 185.00000000
v -340.42570000 25.24544000 217.00000000
v -334.66230000 22.22056000 217.00000000
v -330.17390000 18.32823000 211.76700000
v -329.79020000 17.90431000 217.00000000
v -329.87970000 18.00481000 212.88560000
v -330.25870000 18.41962000 211.13640000
v -330.28710000 18.45000000 210.50000000
v -329.32770000 17.36823000 214.10270000
v -328.64040000 16.51572000 215.10130000
v -327.88450000 15.48879000 215.85330000
v -327.11110000 14.32125000 216.33140000
v -334.66230000 22.22056000 185.00000000
v -326.09270000 12.54753000 217.00000000
v -326.36320000 13.05000000 216.50000000
v -330.28710000 18.45000000 191.50000000
v -330.18700000 18.34242000 190.30840000
v -329.79020000 17.90431000 185.00000000
v -329.90250000 18.03025000 189.18070000
v -329.47390000 17.54082000 188.16800000
v -328.94740000 16.90529000 187.29880000
v -323.78460000 6.46152300 217.00000000
v -324.51250000 8.91005100 216.50000000
v -328.35570000 16.14078000 186.58000000
v -327.73460000 15.27253000 186.03170000
v -327.10600000 14.31313000 185.66640000
v -326.09270000 12.54753000 185.00000000
v -326.72660000 13.68759000 185.54190000
v -326.36320000 13.05000000 185.50000000
v -323.00000000 0.00000000 217.00000000
v -323.38080000 4.51876000 216.50000000
v -323.00000000 0.00000000 216.50000000
v -323.78460000 6.46152300 185.00000000
v -324.51250000 8.91005100 185.50000000
v -323.00000000 0.00000000 185.00000000
v -323.38080000 4.51876000 185.50000000
v -323.00000000 0.00000000 185.50000000
v -353.33780000 -14.62392000 186.00000000
v -350.00000000 -15.00000000 186.00000000
v -350.00000000 -16.00000000 185.00000000
v -353.82910000 -15.53507000 185.00000000
v -356.50830000 -13.51453000 186.00000000
v -357.43560000 -14.16730000 185.00000000
v -359.35230000 -11.72747000 186.00000000
v -360.61000000 -11.97617000 185.00000000
v -361.72750000 -9.35234700 186.00000000
v -363.16770000 -9.08903600 185.00000000
v -363.51450000 -6.50825600 186.00000000
v -364.96030000 -5.67367800 185.00000000
v -364.62390000 -3.33781400 186.00000000
v -365.88330000 -1.92858700 185.00000000
v -365.00000000 0.00000000 186.00000000
v -365.88330000 1.92858700 185.00000000
v -364.62390000 3.33781400 186.00000000
v -364.96030000 5.67367800 185.00000000
v -363.51450000 6.50825600 186.00000000
v -363.16770000 9.08903600 185.00000000
v -361.72750000 9.35234700 186.00000000
v -360.61000000 11.97617000 185.00000000
v -359.35230000 11.72747000 186.00000000
v -357.43560000 14.16730000 185.00000000
v -356.50830000 13.51453000 186.00000000
v -353.82910000 15.53507000 185.00000000
v -353.33780000 14.62392000 186.00000000
v -350.00000000 16.00000000 185.00000000
v -350.00000000 15.00000000 186.00000000
v -364.56410000 -3.58973500 216.00000000
v -365.00000000 0.00000000 216.00000000
v -366.00000000 0.00000000 217.00000000
v -365.53510000 -3.82905100 217.00000000
v -363.28180000 -6.97084800 216.00000000
v -364.16730000 -7.43557100 217.00000000
v -361.22770000 -9.94684000 216.00000000
v -361.97620000 -10.60996000 217.00000000
v -358.52100000 -12.34476000 216.00000000
v -359.08900000 -13.16774000 217.00000000
v -355.31910000 -14.02524000 216.00000000
v -355.67370000 -14.96026000 217.00000000
v -351.80810000 -14.89063000 216.00000000
v -351.92860000 -15.88334000 217.00000000
v -348.19190000 -14.89063000 216.00000000
v -348.07140000 -15.88334000 217.00000000
v -344.68090000 -14.02524000 216.00000000
v -344.32630000 -14.96026000 217.00000000
v -341.47900000 -12.34476000 216.00000000
v -340.91100000 -13.16774000 217.00000000
v -338.77230000 -9.94684000 216.00000000
v -338.02380000 -10.60996000 217.00000000
v -335.83270000 -7.43557100 217.00000000
v -336.71820000 -6.97084800 216.00000000
v -335.43590000 -3.58973500 216.00000000
v -334.46490000 -3.82905100 217.00000000
v -334.00000000 0.00000000 217.00000000
v -335.00000000 0.00000000 216.00000000
v -346.66220000 -14.62392000 186.00000000
v -343.49170000 -13.51453000 186.00000000
v -340.64770000 -11.72747000 186.00000000
v -338.27250000 -9.35234700 186.00000000
v -336.48550000 -6.50825600 186.00000000
v -335.37610000 -3.33781400 186.00000000
v -335.00000000 0.00000000 186.00000000
v -207.65200000 -0.40304620 188.50000000
v -207.77510000 -0.79346150 188.50000000
v -207.97260000 -1.14715300 188.50000000
v -207.61090000 0.00000000 188.50000000
v -207.65200000 0.40304620 188.50000000
v -207.97260000 1.14715300 188.50000000
v -207.77510000 0.79346150 188.50000000
v -210.60080000 -4.90061600 188.50000000
v -210.60080000 4.90061600 188.50000000
v -211.62740000 6.17274300 188.50000000
v -212.60090000 -7.11151200 188.50000000
v -212.83280000 7.30620200 188.50000000
v -214.84920000 -8.64081600 188.50000000
v -215.11910000 8.77823200 188.50000000
v -216.36360000 -9.30756400 188.50000000
v -217.93570000 9.75547000 188.50000000
v -217.93570000 -9.75547000 188.50000000
v -240.05140000 14.45630000 188.50000000
v -240.05140000 -14.45630000 188.50000000
v -240.46720000 -14.50000000 188.50000000
v -240.46720000 14.50000000 188.50000000
v -321.10810000 -8.07838700 188.50000000
v -323.73690000 -14.50000000 188.50000000
v -320.01680000 -1.00383600 188.50000000
v -320.63740000 6.15163700 188.50000000
v -321.89530000 10.49418000 188.50000000
v -323.73690000 14.50000000 188.50000000
v -240.01260000 -14.63847000 188.50580000
v -239.97410000 -14.81993000 188.52310000
v -217.79690000 -10.40844000 188.57520000
v -239.93580000 -15.00000000 188.55190000
v -217.66510000 -11.02868000 188.79710000
v -233.67020000 -15.00000000 189.14500000
v -217.54680000 -11.58506000 189.15450000
v -231.10890000 -15.00000000 189.68810000
v -217.44800000 -12.04971000 189.62950000
v -217.37370000 -12.39931000 190.19830000
v -229.29470000 -15.00000000 190.34380000
v -228.75800000 -15.00000000 190.65950000
v -217.32760000 -12.61634000 190.83240000
v -228.49980000 -15.00000000 190.87190000
v -228.35740000 -15.00000000 191.03110000
v -228.25770000 -15.00000000 191.18920000
v -217.31200000 -12.68991000 191.50000000
v -228.19920000 -15.00000000 191.34570000
v -228.18010000 -15.00000000 191.50000000
v -210.05400000 -5.28351400 188.57520000
v -209.96380000 -8.76222800 191.50000000
v -208.38670000 -6.45093900 190.19830000
v -208.20500000 -6.57820300 190.83240000
v -208.14340000 -6.62134500 191.50000000
v -214.63000000 -11.85071000 191.50000000
v -211.64120000 -8.22110100 188.88320000
v -209.53460000 -5.64721200 188.79710000
v -209.06860000 -5.97347300 189.15450000
v -210.89090000 -9.09214200 190.03290000
v -208.67950000 -6.24593600 189.62950000
v -212.15160000 -10.52599000 191.50000000
v -214.47270000 -10.09520000 188.88320000
v -213.96400000 -11.12622000 190.03290000
v -207.42580000 -1.53005100 188.57520000
v -206.90640000 -1.89374900 188.79710000
v -206.44040000 -2.22001000 189.15450000
v -206.05130000 -2.49247300 189.62950000
v -205.75850000 -2.69747600 190.19830000
v -205.57680000 -2.82474000 190.83240000
v -205.51520000 -2.86788200 191.50000000
v -207.42580000 1.53005100 188.57520000
v -210.05400000 5.28351400 188.57520000
v -206.90640000 1.89374900 188.79710000
v -209.53460000 5.64721200 188.79710000
v -206.44040000 2.22001000 189.15450000
v -209.06860000 5.97347300 189.15450000
v -206.05130000 2.49247300 189.62950000
v -208.67950000 6.24593600 189.62950000
v -205.75850000 2.69747600 190.19830000
v -208.38670000 6.45093900 190.19830000
v -205.57680000 2.82474000 190.83240000
v -208.20500000 6.57820300 190.83240000
v -205.51520000 2.86788200 191.50000000
v -208.14340000 6.62134500 191.50000000
v -217.79690000 10.40844000 188.57520000
v -214.63000000 11.85071000 191.50000000
v -217.37370000 12.39931000 190.19830000
v -217.32760000 12.61634000 190.83240000
v -217.31200000 12.68991000 191.50000000
v -209.96380000 8.76222800 191.50000000
v -214.47270000 10.09520000 188.88320000
v -217.66510000 11.02868000 188.79710000
v -217.54680000 11.58506000 189.15450000
v -217.44800000 12.04971000 189.62950000
v -213.96400000 11.12622000 190.03290000
v -212.15160000 10.52599000 191.50000000
v -211.64120000 8.22110100 188.88320000
v -210.89090000 9.09214200 190.03290000
v -240.01260000 14.63847000 188.50580000
v -239.97410000 14.81993000 188.52310000
v -239.93580000 15.00000000 188.55190000
v -232.27370000 15.00000000 189.40660000
v -229.63510000 15.00000000 190.18710000
v -228.67900000 15.00000000 190.71790000
v -228.37680000 15.00000000 191.00630000
v -228.24840000 15.00000000 191.20850000
v -228.19690000 15.00000000 191.35520000
v -228.18010000 15.00000000 191.50000000
v -240.31470000 14.68086000 188.50580000
v -240.46720000 14.66736000 188.50470000
v -240.46720000 14.83420000 188.51870000
v -240.16290000 14.66489000 188.50580000
v -240.30180000 14.86605000 188.52310000
v -240.46720000 15.00000000 188.54200000
v -240.13700000 14.84873000 188.52310000
v -305.17130000 15.06867000 188.55380000
v -304.00000000 15.00000000 188.54200000
v -324.94920000 15.50313000 188.67270000
v -306.32500000 15.27405000 188.60160000
v -307.70080000 15.71000000 188.75480000
v -308.56290000 16.10179000 188.96340000
v -326.19890000 16.38107000 189.16300000
v -309.16260000 16.43568000 189.20800000
v -309.64490000 16.74562000 189.51080000
v -327.16920000 16.98089000 189.81320000
v -309.96350000 16.97273000 189.80130000
v -310.23220000 17.17953000 190.15090000
v -327.55640000 17.20345000 190.19950000
v -310.43890000 17.34879000 190.55970000
v -327.80950000 17.34439000 190.54640000
v -327.99460000 17.44519000 190.92930000
v -310.56970000 17.46085000 191.01690000
v -328.07130000 17.48639000 191.21490000
v -310.61440000 17.50000000 191.50000000
v -328.09680000 17.50000000 191.50000000
v -324.32130000 14.17734000 188.42480000
v -324.87640000 13.87087000 188.20290000
v -326.29740000 13.08635000 186.16760000
v -321.88520000 -4.86637300 188.11680000
v -323.78150000 9.47686000 187.62130000
v -325.37440000 13.59594000 187.84550000
v -325.79020000 13.36634000 187.37050000
v -326.10310000 13.19360000 186.80170000
v -322.74470000 8.44246500 188.11680000
v -323.14400000 7.48178800 187.62130000
v -321.88520000 4.86637300 188.11680000
v -323.49730000 6.88828100 186.96710000
v -323.01800000 4.67029600 186.96710000
v -322.71760000 2.34804900 186.96710000
v -322.12520000 -0.46652480 187.62130000
v -321.61700000 -2.92095600 188.11680000
v -322.16840000 -6.28688000 188.11680000
v -323.01800000 -4.67029600 186.96710000
v -323.40430000 -8.35989400 187.62130000
v -324.51250000 -8.91005100 185.50000000
v -323.38080000 -4.51876000 185.50000000
v -324.96630000 -11.21351000 187.04830000
v -326.36320000 -13.05000000 185.50000000
v -326.29740000 -13.08635000 186.16760000
v -326.10310000 -13.19360000 186.80170000
v -325.79020000 -13.36634000 187.37050000
v -321.47690000 0.74793750 188.11680000
v -322.65280000 -1.40439900 186.96710000
v -322.86740000 -3.69605700 186.96710000
v -323.13280000 -9.72741400 188.13940000
v -324.43450000 -12.76213000 188.13940000
v -325.37440000 -13.59594000 187.84550000
v -324.87640000 -13.87087000 188.20290000
v -324.32130000 -14.17734000 188.42480000
v -324.19030000 -9.18337400 186.98750000
v -304.00000000 -15.00000000 188.54200000
v -240.46720000 -14.66736000 188.50470000
v -240.46720000 -14.83420000 188.51870000
v -240.46720000 -15.00000000 188.54200000
v -324.19760000 -14.90310000 188.52720000
v -306.28550000 -15.26469000 188.59910000
v -324.73350000 -15.33799000 188.61940000
v -308.04870000 -15.85625000 188.82410000
v -325.68980000 -16.03940000 188.92510000
v -309.12640000 -16.41398000 189.18990000
v -326.50320000 -16.57611000 189.33440000
v -309.50070000 -16.64880000 189.40650000
v -309.81930000 -16.86763000 189.65760000
v -327.07640000 -16.92614000 189.73540000
v -310.19540000 -17.15035000 190.09440000
v -327.53620000 -17.19205000 190.17600000
v -310.43030000 -17.34156000 190.53800000
v -327.80370000 -17.34120000 190.53690000
v -327.95570000 -17.42414000 190.82960000
v -310.56690000 -17.45842000 191.00230000
v -328.06150000 -17.48123000 191.16490000
v -310.60240000 -17.48946000 191.24840000
v -328.09680000 -17.50000000 191.50000000
v -310.61440000 -17.50000000 191.50000000
v -240.16290000 -14.66489000 188.50580000
v -240.31470000 -14.68086000 188.50580000
v -240.13700000 -14.84873000 188.52310000
v -240.30180000 -14.86605000 188.52310000
v -217.31200000 -12.68991000 210.50000000
v -228.18010000 -15.00000000 210.50000000
v -235.00000000 -15.00000000 210.50000000
v -239.93580000 -15.00000000 213.44810000
v -235.00000000 -15.00000000 213.04890000
v -240.46720000 -15.00000000 213.45800000
v -304.00000000 -15.00000000 213.45800000
v -208.14340000 -6.62134500 210.50000000
v -209.96380000 -8.76222800 210.50000000
v -212.15160000 -10.52599000 210.50000000
v -214.63000000 -11.85071000 210.50000000
v -205.51520000 -2.86788200 210.50000000
v -204.94300000 1.79184000 191.50000000
v -204.94300000 -1.79184000 191.50000000
v -206.21960000 0.72082470 188.88320000
v -206.21960000 -0.72082470 188.88320000
v -205.09500000 0.95984140 190.03290000
v -204.64820000 0.60934670 191.50000000
v -204.64820000 -0.60934670 191.50000000
v -205.09500000 -0.95984140 190.03290000
v -208.14340000 6.62134500 210.50000000
v -205.51520000 2.86788200 210.50000000
v -217.31200000 12.68991000 210.50000000
v -214.63000000 11.85071000 210.50000000
v -212.15160000 10.52599000 210.50000000
v -209.96380000 8.76222800 210.50000000
v -228.18010000 15.00000000 210.50000000
v -240.46720000 15.00000000 213.45800000
v -304.00000000 15.00000000 213.45800000
v -235.00000000 15.00000000 210.50000000
v -239.93580000 15.00000000 213.44810000
v -235.00000000 15.00000000 213.04890000
v -328.09680000 17.50000000 210.50000000
v -310.61440000 17.50000000 210.50000000
v -329.82490000 18.04771000 191.50000000
v -328.70640000 17.56258000 191.50000000
v -328.85140000 17.32056000 189.70250000
v -329.29050000 17.74773000 191.50000000
v -327.84700000 16.27202000 188.40870000
v -326.68340000 14.91442000 187.71630000
v -310.56690000 17.45842000 210.99770000
v -310.60240000 17.48946000 210.75160000
v -310.43030000 17.34156000 211.46200000
v -310.19540000 17.15035000 211.90560000
v -309.81930000 16.86763000 212.34240000
v -309.50070000 16.64880000 212.59350000
v -309.12640000 16.41398000 212.81010000
v -308.04870000 15.85625000 213.17590000
v -306.28550000 15.26469000 213.40090000
v -327.11110000 -14.32125000 185.66860000
v -329.82490000 -18.04771000 191.50000000
v -330.25870000 -18.41962000 190.86360000
v -330.17390000 -18.32823000 190.23300000
v -330.28710000 -18.45000000 191.50000000
v -328.70640000 -17.56258000 191.50000000
v -327.26640000 -15.61555000 187.98650000
v -327.88450000 -15.48879000 186.14670000
v -328.64040000 -16.51572000 186.89870000
v -329.32770000 -17.36823000 187.89730000
v -328.85060000 -17.31971000 189.70080000
v -329.87970000 -18.00481000 189.11440000
v -329.29050000 -17.74773000 191.50000000
v -323.38080000 -4.51876000 216.50000000
v -323.78460000 -6.46152300 217.00000000
v -326.09270000 -12.54753000 217.00000000
v -324.51250000 -8.91005100 216.50000000
v -326.72660000 -13.68759000 216.45810000
v -326.36320000 -13.05000000 216.50000000
v -327.10600000 -14.31313000 216.33360000
v -323.78460000 -6.46152300 185.00000000
v -329.79020000 -17.90431000 217.00000000
v -328.94740000 -16.90529000 214.70120000
v -328.35570000 -16.14078000 215.42000000
v -327.73460000 -15.27253000 215.96830000
v -329.47390000 -17.54082000 213.83200000
v -329.90250000 -18.03025000 212.81930000
v -330.18700000 -18.34242000 211.69160000
v -326.09270000 -12.54753000 185.00000000
v -334.66230000 -22.22056000 217.00000000
v -330.28710000 -18.45000000 210.50000000
v -329.79020000 -17.90431000 185.00000000
v -334.66230000 -22.22056000 185.00000000
v -340.42570000 -25.24544000 217.00000000
v -340.42570000 -25.24544000 185.00000000
v -346.74550000 -26.80314000 217.00000000
v -346.74550000 -26.80314000 185.00000000
v -353.25450000 -26.80314000 217.00000000
v -353.25450000 -26.80314000 185.00000000
v -359.57430000 -25.24544000 217.00000000
v -359.57430000 -25.24544000 185.00000000
v -365.33770000 -22.22056000 217.00000000
v -365.33770000 -22.22056000 185.00000000
v -370.20980000 -17.90431000 217.00000000
v -370.20980000 -17.90431000 185.00000000
v -373.90730000 -12.54753000 185.00000000
v -373.90730000 -12.54753000 217.00000000
v -376.21540000 -6.46152300 217.00000000
v -376.21540000 -6.46152300 185.00000000
v -328.09680000 -17.50000000 210.50000000
v -310.61440000 -17.50000000 210.50000000
v -305.17130000 -15.06867000 213.44620000
v -306.32500000 -15.27405000 213.39840000
v -307.70080000 -15.71000000 213.24520000
v -308.56290000 -16.10179000 213.03660000
v -309.16260000 -16.43568000 212.79200000
v -309.64490000 -16.74562000 212.48920000
v -309.96350000 -16.97273000 212.19870000
v -310.23220000 -17.17953000 211.84910000
v -310.43890000 -17.34879000 211.44030000
v -310.56970000 -17.46085000 210.98310000
v -204.94300000 1.79184000 210.50000000
v -204.64820000 -0.60934670 210.50000000
v -204.64820000 0.60934670 210.50000000
v -204.94300000 -1.79184000 210.50000000
v -235.00000000 -13.38260000 213.50000000
v -235.00000000 -13.94564000 213.44900000
v -235.00000000 -14.49412000 213.29610000
v -235.00000000 13.38260000 213.50000000
v -235.00000000 14.49412000 213.29610000
v -235.00000000 13.94564000 213.44900000
v -240.05140000 -14.45630000 213.50000000
v -240.01260000 -14.63847000 213.49420000
v -239.97410000 -14.81993000 213.47690000
v -240.13700000 -14.84873000 213.47690000
v -240.30180000 -14.86605000 213.47690000
v -240.46720000 -14.83420000 213.48130000
v -240.16290000 -14.66489000 213.49420000
v -240.31470000 -14.68086000 213.49420000
v -240.46720000 -14.50000000 213.50000000
v -240.46720000 -14.66736000 213.49530000
v -323.73690000 -14.50000000 213.50000000
v -324.94920000 -15.50313000 213.32730000
v -326.19890000 -16.38107000 212.83700000
v -327.16920000 -16.98089000 212.18680000
v -327.55640000 -17.20345000 211.80050000
v -327.80950000 -17.34439000 211.45360000
v -327.99460000 -17.44519000 211.07070000
v -328.07130000 -17.48639000 210.78510000
v -240.46720000 14.50000000 213.50000000
v -240.46720000 14.66736000 213.49530000
v -240.46720000 14.83420000 213.48130000
v -323.73690000 14.50000000 213.50000000
v -324.19760000 14.90310000 213.47280000
v -324.73350000 15.33799000 213.38060000
v -325.68980000 16.03940000 213.07490000
v -326.50320000 16.57611000 212.66560000
v -327.07640000 16.92614000 212.26460000
v -327.53620000 17.19205000 211.82400000
v -327.80370000 17.34120000 211.46310000
v -327.95570000 17.42414000 211.17040000
v -328.06150000 17.48123000 210.83510000
v -240.30180000 14.86605000 213.47690000
v -240.13700000 14.84873000 213.47690000
v -240.01260000 14.63847000 213.49420000
v -239.97410000 14.81993000 213.47690000
v -240.31470000 14.68086000 213.49420000
v -240.16290000 14.66489000 213.49420000
v -240.05140000 14.45630000 213.50000000
v -328.70640000 17.56258000 210.50000000
v -329.29050000 17.74773000 210.50000000
v -329.82490000 18.04771000 210.50000000
v -329.82490000 -18.04771000 210.50000000
v -329.29050000 -17.74773000 210.50000000
v -328.70640000 -17.56258000 210.50000000
v -326.29740000 -13.08635000 215.83240000
v -324.32130000 -14.17734000 213.57520000
v -321.89540000 -10.49449000 213.50000000
v -324.87640000 -13.87087000 213.79710000
v -321.88520000 4.86637300 213.88320000
v -320.01680000 1.00402600 213.50000000
v -321.10810000 8.07816200 213.50000000
v -324.96630000 11.21351000 214.95170000
v -326.29740000 13.08635000 215.83240000
v -326.10310000 13.19360000 215.19830000
v -325.79020000 13.36634000 214.62950000
v -323.40420000 8.35979100 214.37870000
v -323.01800000 4.67029600 215.03290000
v -322.16830000 6.28677100 213.88320000
v -321.61700000 2.92104500 213.88320000
v -322.12520000 0.46661240 214.37870000
v -322.71760000 -2.34804900 215.03290000
v -323.01800000 -4.67029600 215.03290000
v -321.88520000 -4.86637300 213.88320000
v -323.49730000 -6.88828100 215.03290000
v -323.14410000 -7.48200300 214.37870000
v -320.63750000 -6.15211300 213.50000000
v -322.74480000 -8.44271100 213.88320000
v -323.78150000 -9.47700400 214.37870000
v -325.37440000 -13.59594000 214.15450000
v -325.79020000 -13.36634000 214.62950000
v -326.10310000 -13.19360000 215.19830000
v -324.43450000 12.76213000 213.86060000
v -325.37440000 13.59594000 214.15450000
v -324.87640000 13.87087000 213.79710000
v -324.32130000 14.17734000 213.57520000
v -323.13280000 9.72731000 213.86060000
v -322.86740000 3.69609900 215.03290000
v -322.65280000 1.40444200 215.03290000
v -321.47690000 -0.74784800 213.88320000
v -324.19030000 9.18332400 215.01250000
v -328.85140000 -17.32056000 212.29750000
v -327.84700000 -16.27202000 213.59130000
v -326.68340000 -14.91442000 214.28370000
v -339.39000000 -11.97617000 185.00000000
v -336.83230000 -9.08903600 185.00000000
v -342.56440000 -14.16730000 185.00000000
v -335.03970000 -5.67367800 185.00000000
v -346.17090000 -15.53507000 185.00000000
v -334.11670000 -1.92858700 185.00000000
v -334.11670000 1.92858700 185.00000000
v -335.03970000 5.67367800 185.00000000
v -336.83230000 9.08903600 185.00000000
v -339.39000000 11.97617000 185.00000000
v -342.56440000 14.16730000 185.00000000
v -346.17090000 15.53507000 185.00000000
v -365.53510000 3.82905100 217.00000000
v -364.16730000 7.43557100 217.00000000
v -361.97620000 10.60996000 217.00000000
v -359.08900000 13.16774000 217.00000000
v -355.67370000 14.96026000 217.00000000
v -351.92860000 15.88334000 217.00000000
v -348.07140000 15.88334000 217.00000000
v -334.46490000 3.82905100 217.00000000
v -344.32630000 14.96026000 217.00000000
v -340.91100000 13.16774000 217.00000000
v -335.83270000 7.43557100 217.00000000
v -338.02380000 10.60996000 217.00000000
v -327.26640000 15.61555000 214.01350000
v -328.85060000 17.31971000 212.29920000
v -346.66220000 14.62392000 186.00000000
v -343.49170000 13.51453000 186.00000000
v -340.64770000 11.72747000 186.00000000
v -338.27250000 9.35234700 186.00000000
v -336.48550000 6.50825600 186.00000000
v -335.37610000 3.33781400 186.00000000
v -335.43590000 3.58973500 216.00000000
v -336.71820000 6.97084800 216.00000000
v -338.77230000 9.94684000 216.00000000
v -341.47900000 12.34476000 216.00000000
v -344.68090000 14.02524000 216.00000000
v -348.19190000 14.89063000 216.00000000
v -351.80810000 14.89063000 216.00000000
v -355.31910000 14.02524000 216.00000000
v -358.52100000 12.34476000 216.00000000
v -361.22770000 9.94684000 216.00000000
v -363.28180000 6.97084800 216.00000000
v -364.56410000 3.58973500 216.00000000
f 1 2 3
f 1 4 2
f 5 6 4
f 5 4 1
f 7 8 6
f 7 6 5
f 9 10 8
f 9 8 7
f 11 12 10
f 11 10 9
f 13 14 12
f 13 12 11
f 15 16 14
f 15 14 13
f 17 18 16
f 17 16 15
f 19 20 18
f 19 18 17
f 21 22 20
f 21 20 19
f 23 24 22
f 23 22 21
f 25 26 24
f 25 24 23
f 27 28 26
f 27 26 25
f 29 30 31
f 29 32 30
f 33 34 32
f 33 32 29
f 35 36 34
f 35 34 33
f 37 38 36
f 37 36 35
f 39 40 38
f 39 38 37
f 41 42 40
f 41 40 39
f 43 44 42
f 43 42 41
f 45 46 44
f 45 44 43
f 47 48 46
f 47 46 45
f 49 50 48
f 49 48 47
f 51 52 50
f 51 50 49
f 53 54 52
f 53 52 51
f 55 56 54
f 55 54 53
f 57 58 59
f 57 60 58
f 61 62 60
f 61 60 57
f 63 64 62
f 63 65 64
f 63 62 61
f 66 65 63
f 67 68 65
f 67 65 66
f 69 70 68
f 69 68 67
f 71 72 70
f 71 73 72
f 71 70 69
f 74 73 71
f 75 76 73
f 75 73 74
f 77 78 76
f 77 76 75
f 79 80 78
f 79 81 80
f 79 78 77
f 82 83 81
f 82 81 79
f 84 83 82
f 85 86 87
f 85 88 86
f 89 90 88
f 89 88 85
f 91 92 90
f 91 90 89
f 93 94 92
f 93 92 91
f 95 96 94
f 95 94 93
f 97 98 96
f 97 96 95
f 99 100 98
f 99 98 97
f 101 102 100
f 101 100 99
f 103 104 102
f 103 102 101
f 105 106 104
f 105 104 103
f 107 108 106
f 107 106 105
f 109 110 108
f 109 108 107
f 111 112 110
f 111 110 109
f 113 114 115
f 113 116 114
f 117 118 116
f 117 116 113
f 119 120 118
f 119 121 120
f 119 118 117
f 122 121 119
f 123 124 121
f 123 121 122
f 125 126 124
f 125 124 123
f 127 128 126
f 127 129 128
f 127 126 125
f 130 129 127
f 131 132 129
f 131 129 130
f 133 134 132
f 133 132 131
f 135 136 134
f 135 137 136
f 135 134 133
f 138 139 137
f 138 137 135
f 140 139 138
f 141 142 143
f 141 144 142
f 145 146 144
f 145 144 141
f 147 148 146
f 147 146 145
f 149 150 148
f 149 148 147
f 151 152 150
f 151 150 149
f 153 154 152
f 153 152 151
f 155 156 154
f 155 154 153
f 157 158 156
f 157 156 155
f 159 160 158
f 159 158 157
f 161 162 160
f 161 160 159
f 163 164 162
f 163 162 161
f 165 166 164
f 165 164 163
f 167 168 166
f 167 166 165
f 169 170 171
f 169 172 170
f 173 174 172
f 173 172 169
f 175 176 174
f 175 177 176
f 175 174 173
f 178 177 175
f 179 180 177
f 179 177 178
f 181 182 180
f 181 180 179
f 183 184 182
f 183 185 184
f 183 182 181
f 186 185 183
f 187 188 185
f 187 185 186
f 189 190 188
f 189 188 187
f 191 192 190
f 191 193 192
f 191 190 189
f 194 195 193
f 194 193 191
f 196 195 194
f 197 198 199
f 197 200 198
f 201 202 200
f 201 200 197
f 203 204 202
f 203 202 201
f 205 206 204
f 205 204 203
f 207 208 206
f 207 206 205
f 209 210 208
f 209 208 207
f 211 212 210
f 211 210 209
f 213 214 212
f 213 212 211
f 215 216 214
f 215 214 213
f 217 218 216
f 217 216 215
f 219 220 218
f 219 218 217
f 221 222 220
f 221 220 219
f 223 224 222
f 223 222 221
f 225 226 227
f 225 228 226
f 229 230 228
f 229 228 225
f 231 232 230
f 231 233 232
f 231 230 229
f 234 233 231
f 235 236 233
f 235 233 234
f 237 238 236
f 237 236 235
f 239 240 238
f 239 241 240
f 239 238 237
f 242 241 239
f 243 244 241
f 243 241 242
f 245 246 244
f 245 244 243
f 247 248 246
f 247 249 248
f 247 246 245
f 250 251 249
f 250 249 247
f 252 251 250
f 253 254 255
f 253 256 254
f 257 258 256
f 257 256 253
f 259 260 258
f 259 258 257
f 261 262 260
f 261 260 259
f 263 264 262
f 263 262 261
f 265 266 264
f 265 264 263
f 267 268 266
f 267 266 265
f 269 270 268
f 269 268 267
f 271 272 270
f 271 270 269
f 273 274 272
f 273 272 271
f 275 276 274
f 275 274 273
f 277 278 276
f 277 276 275
f 279 280 278
f 279 278 277
f 281 282 283
f 281 284 282
f 285 286 284
f 285 284 281
f 287 288 286
f 287 289 288
f 287 286 285
f 290 289 287
f 291 292 289
f 291 289 290
f 293 294 292
f 293 292 291
f 295 296 294
f 295 297 296
f 295 294 293
f 298 297 295
f 299 300 297
f 299 297 298
f 301 302 300
f 301 300 299
f 303 304 302
f 303 305 304
f 303 302 301
f 306 307 305
f 306 305 303
f 308 307 306
f 309 310 311
f 309 312 310
f 313 314 312
f 313 312 309
f 315 316 314
f 315 314 313
f 317 318 316
f 317 316 315
f 319 320 318
f 319 318 317
f 321 322 320
f 321 320 319
f 323 324 322
f 323 322 321
f 325 326 324
f 325 324 323
f 327 328 326
f 327 326 325
f 329 330 328
f 329 328 327
f 331 332 330
f 331 330 329
f 333 334 332
f 333 332 331
f 335 336 334
f 335 334 333
f 337 338 339
f 337 340 338
f 341 342 340
f 341 340 337
f 343 344 342
f 343 345 344
f 343 342 341
f 346 345 343
f 347 348 345
f 347 345 346
f 349 350 348
f 349 348 347
f 351 352 350
f 351 353 352
f 351 350 349
f 354 353 351
f 355 356 353
f 355 353 354
f 357 358 356
f 357 356 355
f 359 360 358
f 359 361 360
f 359 358 357
f 362 363 361
f 362 361 359
f 364 363 362
f 365 366 367
f 365 368 366
f 369 370 368
f 369 368 365
f 371 372 370
f 371 370 369
f 373 374 372
f 373 372 371
f 375 376 374
f 375 374 373
f 377 378 376
f 377 376 375
f 379 380 378
f 379 378 377
f 381 382 380
f 381 380 379
f 383 384 382
f 383 382 381
f 385 386 384
f 385 384 383
f 387 388 386
f 387 386 385
f 389 390 388
f 389 388 387
f 391 392 390
f 391 390 389
f 393 394 395
f 393 396 394
f 397 398 396
f 397 396 393
f 399 400 398
f 399 401 400
f 399 398 397
f 402 401 399
f 403 404 401
f 403 401 402
f 405 406 404
f 405 404 403
f 407 408 406
f 407 409 408
f 407 406 405
f 410 409 407
f 411 412 409
f 411 409 410
f 413 414 412
f 413 412 411
f 415 416 414
f 415 417 416
f 415 414 413
f 418 419 417
f 418 417 415
f 420 419 418
f 421 422 423
f 421 424 422
f 425 426 424
f 425 424 421
f 427 428 426
f 427 426 425
f 429 430 428
f 429 428 427
f 431 432 430
f 431 430 429
f 433 434 432
f 433 432 431
f 435 436 434
f 435 434 433
f 437 438 436
f 437 436 435
f 439 440 438
f 439 438 437
f 441 442 440
f 441 440 439
f 443 444 442
f 443 442 441
f 445 446 444
f 445 444 443
f 447 448 446
f 447 446 445
f 449 450 451
f 449 452 450
f 453 454 452
f 453 452 449
f 455 456 454
f 455 457 456
f 455 454 453
f 458 457 455
f 459 460 457
f 459 457 458
f 461 462 460
f 461 460 459
f 463 464 462
f 463 465 464
f 463 462 461
f 466 465 463
f 467 468 465
f 467 465 466
f 469 470 468
f 469 468 467
f 471 472 470
f 471 473 472
f 471 470 469
f 474 475 473
f 474 473 471
f 476 475 474
f 477 478 479
f 477 480 478
f 481 482 480
f 481 480 477
f 483 484 482
f 483 482 481
f 485 486 484
f 485 484 483
f 487 488 486
f 487 486 485
f 489 490 488
f 489 488 487
f 491 492 490
f 491 490 489
f 493 494 492
f 493 492 491
f 495 496 494
f 495 494 493
f 497 498 496
f 497 496 495
f 499 500 498
f 499 498 497
f 501 502 500
f 501 500 499
f 503 504 502
f 503 502 501
f 505 506 507
f 505 508 506
f 509 510 508
f 509 508 505
f 511 512 510
f 511 510 509
f 513 514 512
f 513 512 511
f 515 516 514
f 515 514 513
f 517 518 516
f 517 516 515
f 519 520 518
f 519 518 517
f 521 522 520
f 521 520 519
f 523 524 522
f 523 522 521
f 525 526 524
f 525 524 523
f 527 528 526
f 527 526 525
f 529 530 528
f 529 528 527
f 531 532 530
f 531 530 529
f 533 534 535
f 533 536 534
f 537 538 536
f 537 536 533
f 539 540 538
f 539 538 537
f 541 542 540
f 541 543 542
f 541 540 539
f 544 543 541
f 545 546 543
f 545 543 544
f 547 548 546
f 547 546 545
f 549 550 548
f 549 548 547
f 551 552 550
f 551 550 549
f 553 554 552
f 553 552 551
f 555 556 554
f 555 557 556
f 555 554 553
f 558 559 557
f 558 557 555
f 560 559 558
f 561 562 563
f 561 564 562
f 565 566 564
f 565 564 561
f 567 568 566
f 567 566 565
f 569 570 568
f 569 571 570
f 569 568 567
f 572 571 569
f 573 574 571
f 573 571 572
f 575 576 574
f 575 574 573
f 577 578 576
f 577 576 575
f 579 580 578
f 579 578 577
f 581 582 580
f 581 580 579
f 583 584 582
f 583 585 584
f 583 582 581
f 586 587 585
f 586 585 583
f 588 587 586
f 589 590 591
f 589 592 590
f 593 594 592
f 593 592 589
f 595 596 594
f 595 594 593
f 597 598 596
f 597 596 595
f 599 600 598
f 599 598 597
f 601 602 600
f 601 600 599
f 603 604 602
f 603 602 601
f 605 606 604
f 605 604 603
f 607 608 606
f 607 606 605
f 609 610 608
f 609 608 607
f 611 612 610
f 611 610 609
f 613 614 612
f 613 612 611
f 615 616 614
f 615 614 613
f 617 618 619
f 620 618 617
f 621 620 617
f 622 620 621
f 623 622 621
f 624 622 623
f 625 626 627
f 625 624 623
f 628 624 625
f 629 627 630
f 629 625 627
f 629 628 625
f 631 630 632
f 631 629 630
f 633 632 634
f 633 631 632
f 635 634 636
f 635 633 634
f 637 635 636
f 637 636 638
f 639 637 638
f 639 638 640
f 641 639 640
f 641 640 642
f 643 641 642
f 643 642 644
f 645 644 646
f 645 643 644
f 647 646 648
f 647 645 646
f 649 648 650
f 649 647 648
f 651 650 652
f 651 649 650
f 653 652 654
f 653 651 652
f 655 654 656
f 655 653 654
f 657 656 658
f 657 655 656
f 659 658 660
f 659 657 658
f 661 660 662
f 661 659 660
f 663 662 664
f 663 661 662
f 665 664 666
f 665 663 664
f 667 666 668
f 667 665 666
f 669 668 670
f 669 667 668
f 671 670 672
f 671 669 670
f 673 672 674
f 673 671 672
f 675 674 676
f 675 673 674
f 677 675 676
f 678 679 680
f 681 680 682
f 681 678 680
f 683 682 684
f 683 681 682
f 685 684 686
f 685 683 684
f 687 686 688
f 687 685 686
f 689 688 690
f 689 687 688
f 691 690 692
f 691 689 690
f 693 692 694
f 693 691 692
f 695 694 696
f 695 693 694
f 697 695 696
f 698 696 699
f 698 697 696
f 700 699 701
f 700 701 702
f 700 698 699
f 703 700 702
f 704 702 705
f 704 703 702
f 706 707 708
f 706 709 707
f 710 711 709
f 710 709 706
f 712 713 711
f 712 711 710
f 714 715 713
f 714 713 712
f 716 717 715
f 716 718 717
f 716 715 714
f 719 718 716
f 720 721 718
f 720 722 721
f 720 718 719
f 723 724 722
f 723 722 720
f 725 724 723
f 726 727 724
f 726 728 727
f 726 724 725
f 729 728 726
f 729 730 728
f 731 730 729
f 731 732 730
f 733 732 731
f 733 734 732
f 735 734 733
f 735 736 734
f 737 736 735
f 738 736 737
f 738 739 736
f 738 740 739
f 741 740 738
f 742 740 741
f 742 743 740
f 742 744 743
f 745 744 742
f 745 746 744
f 747 746 745
f 748 746 747
f 748 749 746
f 748 750 749
f 751 750 748
f 751 752 750
f 753 752 751
f 754 755 752
f 754 756 755
f 754 752 753
f 757 756 754
f 758 759 756
f 758 756 757
f 760 761 759
f 760 759 758
f 762 763 764
f 765 766 763
f 765 763 762
f 767 768 766
f 767 766 765
f 769 770 768
f 769 768 767
f 771 772 770
f 771 770 769
f 773 774 772
f 773 772 771
f 775 776 774
f 775 774 773
f 777 778 776
f 777 776 775
f 779 778 777
f 780 781 778
f 780 778 779
f 782 783 781
f 782 784 783
f 782 781 780
f 785 784 782
f 785 786 784
f 787 786 785
f 788 786 787
f 788 789 786
f 790 789 788
f 790 791 789
f 792 791 790
f 792 793 791
f 794 793 792
f 794 795 793
f 796 795 794
f 796 797 795
f 798 797 796
f 798 799 797
f 800 799 798
f 800 801 799
f 802 801 800
f 802 803 801
f 804 803 802
f 804 805 803
f 806 805 804
f 806 807 805
f 808 809 807
f 808 807 806
f 810 809 808
f 810 811 809
f 812 813 811
f 812 811 810
f 814 815 813
f 814 813 812
f 763 816 764
f 763 817 816
f 766 818 817
f 766 817 763
f 768 819 818
f 768 818 766
f 770 820 819
f 770 819 768
f 772 821 820
f 772 820 770
f 774 822 821
f 774 821 772
f 776 823 822
f 776 822 774
f 778 824 823
f 778 823 776
f 781 825 824
f 781 824 778
f 783 826 825
f 783 825 781
f 784 827 826
f 784 826 783
f 786 828 827
f 786 827 784
f 789 828 786
f 789 829 828
f 791 829 789
f 791 830 829
f 793 830 791
f 793 831 830
f 795 831 793
f 795 832 831
f 797 832 795
f 797 833 832
f 799 833 797
f 799 834 833
f 801 834 799
f 801 835 834
f 803 835 801
f 803 836 835
f 805 836 803
f 805 837 836
f 807 837 805
f 807 838 837
f 809 838 807
f 809 839 838
f 811 839 809
f 811 840 839
f 813 840 811
f 841 840 813
f 815 841 813
f 842 843 844
f 842 845 843
f 846 847 845
f 846 845 842
f 848 849 847
f 848 850 849
f 848 847 846
f 851 850 848
f 852 853 850
f 852 850 851
f 854 855 853
f 854 853 852
f 856 857 855
f 856 858 857
f 856 855 854
f 859 858 856
f 860 861 858
f 860 858 859
f 862 863 861
f 862 861 860
f 864 865 863
f 864 863 862
f 866 867 865
f 866 865 864
f 868 869 867
f 868 870 869
f 868 867 866
f 871 870 868
f 872 870 871
f 872 873 870
f 872 874 873
f 875 874 872
f 876 874 875
f 876 877 874
f 878 877 876
f 878 879 877
f 878 880 879
f 881 880 878
f 882 880 881
f 882 883 880
f 884 885 886
f 887 884 886
f 888 884 887
f 889 888 887
f 890 888 889
f 891 890 889
f 892 890 891
f 893 892 891
f 894 892 893
f 895 894 893
f 896 894 895
f 897 896 895
f 898 896 897
f 899 898 897
f 900 898 899
f 901 900 899
f 902 900 901
f 903 902 901
f 904 905 902
f 904 902 903
f 906 907 905
f 906 905 904
f 908 907 906
f 909 908 906
f 910 911 908
f 910 908 909
f 912 911 910
f 913 912 910
f 914 912 913
f 914 915 912
f 916 915 914
f 916 917 915
f 918 917 916
f 918 919 917
f 920 919 918
f 921 920 918
f 905 922 902
f 905 923 922
f 907 924 923
f 907 923 905
f 908 925 924
f 908 924 907
f 911 926 925
f 911 925 908
f 912 927 926
f 912 926 911
f 915 928 927
f 915 927 912
f 917 929 928
f 917 928 915
f 919 930 929
f 919 929 917
f 920 931 930
f 920 930 919
f 932 933 931
f 932 931 920
f 934 935 933
f 934 933 932
f 936 937 935
f 936 935 934
f 938 939 937
f 938 937 936
f 940 941 939
f 940 939 938
f 942 943 941
f 942 941 940
f 944 945 943
f 944 943 942
f 946 945 944
f 946 947 945
f 948 947 946
f 949 950 951
f 540 952 953
f 542 952 540
f 542 954 952
f 538 540 953
f 538 953 955
f 543 954 542
f 543 956 954
f 536 538 955
f 536 955 957
f 546 956 543
f 546 958 956
f 534 536 957
f 534 957 959
f 548 958 546
f 960 534 959
f 550 958 548
f 550 961 958
f 962 960 959
f 552 961 550
f 963 962 959
f 554 961 552
f 964 965 966
f 964 966 967
f 964 967 968
f 964 968 969
f 970 554 556
f 970 556 557
f 970 557 559
f 970 559 965
f 970 965 964
f 970 961 554
f 971 969 972
f 971 972 973
f 971 973 974
f 971 974 975
f 971 975 963
f 971 963 959
f 971 964 969
f 976 961 970
f 976 949 961
f 977 971 959
f 978 949 976
f 979 980 981
f 982 980 979
f 982 979 983
f 984 985 986
f 984 987 985
f 988 982 983
f 989 982 988
f 990 950 949
f 991 982 989
f 992 993 994
f 995 949 978
f 995 990 949
f 996 990 995
f 997 982 991
f 997 998 993
f 997 999 998
f 997 991 999
f 997 993 992
f 1000 995 978
f 1000 978 984
f 1001 996 1002
f 1001 990 996
f 568 1001 1002
f 570 1001 568
f 566 568 1002
f 571 1003 1001
f 571 1001 570
f 564 566 1002
f 574 1003 571
f 562 564 1002
f 576 1004 1003
f 576 1003 574
f 1005 562 1002
f 578 1006 1004
f 578 1004 576
f 580 1007 1006
f 580 1006 578
f 1008 1009 1000
f 1008 1000 984
f 1010 1005 1002
f 1010 1011 1012
f 1010 1012 1005
f 582 1007 580
f 1013 1011 1010
f 1014 1007 582
f 584 1014 582
f 1015 1013 1010
f 1016 1014 584
f 1016 584 585
f 1017 1016 585
f 1017 585 587
f 1018 587 1019
f 1018 1019 1020
f 1018 1020 1021
f 1018 1017 587
f 1022 1008 984
f 1023 984 986
f 1023 1024 1025
f 1023 997 1024
f 1023 982 997
f 1023 986 982
f 1026 1021 1027
f 1026 1027 1028
f 1026 1015 1010
f 1026 1028 1029
f 1026 1029 1030
f 1026 1030 1015
f 1026 1018 1021
f 1031 1022 984
f 1031 984 1023
f 1032 1018 1026
f 1033 1034 1031
f 1033 1035 1034
f 1036 1037 1038
f 1036 1039 1037
f 1040 1033 1031
f 1041 1039 1036
f 1042 1040 1031
f 1043 1039 1041
f 1044 1042 1031
f 1045 1039 1043
f 1046 1047 1044
f 1046 1048 1047
f 1046 1044 1031
f 1049 1050 1051
f 1049 1045 1050
f 1049 1023 1039
f 1049 1039 1045
f 1052 1046 1031
f 1052 1031 1023
f 1053 1023 1049
f 1054 1048 1046
f 1055 1049 1051
f 1056 1023 1053
f 1056 1052 1023
f 1057 1054 1046
f 1058 1049 1055
f 1059 1049 1058
f 1059 1058 1060
f 1061 1057 1046
f 1061 1062 1057
f 1063 1064 950
f 990 1063 950
f 1065 1066 1063
f 1065 1063 990
f 950 1067 951
f 1068 1069 1070
f 1068 1070 1067
f 1071 1072 1068
f 1071 1068 1067
f 1073 1074 1071
f 1073 1067 950
f 1073 1071 1067
f 1064 1073 950
f 1075 951 1067
f 1075 949 951
f 1076 1077 1078
f 1076 1079 1077
f 1076 1080 1079
f 1076 1081 1080
f 1076 1075 1081
f 1076 949 1075
f 961 949 1076
f 1066 1082 1063
f 1066 1083 1082
f 1066 1078 1083
f 1084 961 1076
f 1085 1078 1066
f 1085 1076 1078
f 1084 958 961
f 1086 958 1084
f 1087 959 957
f 1088 1087 957
f 1089 957 955
f 1089 1088 957
f 1090 955 953
f 1090 1089 955
f 1091 953 952
f 1091 952 954
f 1091 1090 953
f 1092 1091 954
f 1093 954 956
f 1093 1092 954
f 1086 956 958
f 1086 1093 956
f 1094 981 980
f 1095 980 1096
f 977 1094 980
f 977 980 1095
f 1087 977 959
f 1087 1094 977
f 1097 1098 976
f 1097 976 970
f 1099 970 964
f 1099 1097 970
f 1100 964 971
f 1100 971 977
f 1100 1099 964
f 1095 1100 977
f 978 976 1098
f 978 1098 1101
f 984 978 1101
f 984 1101 1102
f 1103 984 1102
f 1103 985 987
f 1103 987 984
f 1104 985 1103
f 1105 982 986
f 1105 986 985
f 1105 985 1104
f 1106 982 1105
f 980 982 1106
f 980 1106 1096
f 1107 979 981
f 1094 1107 981
f 988 1108 989
f 988 1109 1108
f 983 1110 1109
f 983 1109 988
f 979 1107 1110
f 979 1110 983
f 1108 1111 991
f 1108 991 989
f 998 1112 993
f 998 1113 1112
f 999 1114 1113
f 999 1113 998
f 991 1111 1114
f 991 1114 999
f 1112 1115 994
f 1112 994 993
f 1116 1117 1118
f 992 1116 1119
f 992 1119 1120
f 1115 992 994
f 1115 1117 1116
f 1115 1116 992
f 1121 992 1120
f 997 992 1121
f 1122 997 1121
f 1122 1025 1024
f 1122 1024 997
f 1123 1025 1122
f 1124 1039 1023
f 1124 1023 1025
f 1124 1025 1123
f 1125 1039 1124
f 1037 1039 1125
f 1037 1125 1126
f 1127 1038 1037
f 1128 1037 1126
f 1129 1127 1037
f 1129 1037 1128
f 1130 1129 1131
f 1130 1127 1129
f 1132 1036 1038
f 1127 1132 1038
f 1043 1133 1045
f 1043 1134 1133
f 1041 1135 1134
f 1041 1132 1135
f 1041 1134 1043
f 1036 1132 1041
f 1045 1136 1050
f 1133 1136 1045
f 1058 1137 1138
f 1055 1139 1137
f 1055 1137 1058
f 1051 1139 1055
f 1050 1136 1139
f 1050 1139 1051
f 1140 1060 1058
f 1138 1140 1058
f 1141 1142 1143
f 1059 1141 1144
f 1059 1144 1145
f 1140 1059 1060
f 1140 1142 1141
f 1140 1141 1059
f 1049 1059 1145
f 1049 1145 1146
f 1147 1049 1146
f 1147 1053 1049
f 1148 1056 1053
f 1148 1053 1147
f 1149 1052 1056
f 1149 1056 1148
f 1150 1046 1052
f 1150 1052 1149
f 1061 1046 1150
f 1061 1150 1151
f 1152 1062 1061
f 1153 1061 1151
f 1154 1152 1061
f 1154 1061 1153
f 1155 1154 1156
f 1155 1152 1154
f 1157 1057 1062
f 1152 1157 1062
f 1158 1159 1047
f 1048 1160 1158
f 1048 1158 1047
f 1161 1162 1163
f 1161 1164 1162
f 1161 1160 1048
f 1054 1161 1048
f 1054 1164 1161
f 1057 1157 1164
f 1057 1164 1054
f 1047 1165 1044
f 1159 1165 1047
f 1033 1166 1167
f 1168 1169 1166
f 1168 1170 1169
f 1040 1166 1033
f 1040 1168 1166
f 1042 1171 1168
f 1042 1172 1171
f 1042 1168 1040
f 1044 1165 1172
f 1044 1172 1042
f 1173 1035 1033
f 1167 1173 1033
f 1032 1174 1018
f 1034 1032 1175
f 1034 1175 1176
f 1173 1034 1035
f 1173 1174 1032
f 1173 1032 1034
f 1031 1034 1176
f 1031 1176 1177
f 1178 1031 1177
f 1178 1022 1031
f 1179 1008 1022
f 1179 1022 1178
f 1180 1000 1009
f 1180 1009 1008
f 1180 1008 1179
f 1181 1000 1180
f 995 1000 1181
f 995 1181 1182
f 996 995 1182
f 996 1182 1183
f 1175 1032 1026
f 1184 1026 1010
f 1184 1175 1026
f 1185 1010 1002
f 1185 1184 1010
f 1186 1002 996
f 1186 1185 1002
f 1183 1186 996
f 1187 1003 1004
f 1188 1187 1004
f 1189 1004 1006
f 1189 1188 1004
f 1190 1006 1007
f 1190 1189 1006
f 1191 1007 1014
f 1191 1014 1016
f 1191 1190 1007
f 1192 1191 1016
f 1193 1016 1017
f 1193 1192 1016
f 1174 1017 1018
f 1174 1193 1017
f 1194 1001 1003
f 1187 1194 1003
f 1195 1001 1194
f 990 1001 1195
f 1065 1195 1196
f 1065 990 1195
f 1197 1198 1065
f 1199 1065 1198
f 1200 1197 1065
f 1201 1065 1199
f 1202 1200 1065
f 1203 1065 1201
f 1204 1202 1065
f 1205 1196 1206
f 1205 1065 1196
f 1205 1204 1065
f 1207 1205 1206
f 1208 1204 1205
f 1209 1208 1205
f 1210 1211 1212
f 1210 1213 1211
f 1066 1214 1213
f 1066 1215 1214
f 1066 1216 1215
f 1066 1217 1216
f 1066 1218 1217
f 1066 1219 1218
f 1066 1220 1219
f 1066 1203 1220
f 1066 1065 1203
f 1066 1213 1210
f 1085 1066 1210
f 1221 1210 1222
f 1221 1085 1210
f 1073 1064 1063
f 1073 1063 1082
f 1081 1067 1070
f 1081 1075 1067
f 1080 1070 1069
f 1080 1081 1070
f 1079 1068 1072
f 1079 1069 1068
f 1079 1080 1069
f 1077 1079 1072
f 1078 1071 1074
f 1078 1072 1071
f 1078 1077 1072
f 1083 1078 1074
f 1082 1074 1073
f 1082 1083 1074
f 1223 1224 1076
f 1223 1076 1085
f 1221 1223 1085
f 1225 1224 1223
f 539 1090 1091
f 541 539 1091
f 541 1091 1092
f 537 1090 539
f 537 1089 1090
f 544 541 1092
f 544 1092 1093
f 533 1089 537
f 533 1088 1089
f 545 544 1093
f 545 1093 1086
f 535 1088 533
f 535 1087 1088
f 547 545 1086
f 1226 1087 535
f 549 1086 1084
f 549 547 1086
f 1227 1087 1226
f 551 549 1084
f 1228 1087 1227
f 553 551 1084
f 63 1228 1229
f 63 1087 1228
f 119 555 553
f 119 553 1084
f 66 1229 1230
f 66 63 1229
f 122 119 1084
f 61 1087 63
f 117 558 555
f 117 555 119
f 67 66 1230
f 67 1231 1232
f 67 1230 1231
f 123 122 1084
f 57 1087 61
f 113 560 558
f 113 558 117
f 113 1233 560
f 69 67 1232
f 69 1232 1234
f 125 123 1084
f 125 1084 1076
f 59 1087 57
f 115 1233 113
f 115 1235 1233
f 71 69 1234
f 71 1234 1236
f 127 125 1076
f 1237 1235 115
f 1237 1238 1235
f 74 71 1236
f 74 1238 1237
f 74 1236 1238
f 1239 74 1237
f 75 74 1239
f 1240 75 1239
f 77 75 1240
f 1241 77 1240
f 79 77 1241
f 1224 127 1076
f 1224 130 127
f 1224 131 130
f 1224 133 131
f 1224 135 133
f 1242 79 1241
f 82 79 1242
f 138 135 1224
f 1243 82 1242
f 84 82 1243
f 140 138 1224
f 1244 84 1243
f 1245 140 1224
f 1094 1246 1247
f 1094 1248 1246
f 1094 1249 1248
f 1094 1250 1249
f 1094 1251 1250
f 1094 59 1251
f 1094 1087 59
f 1107 1247 1252
f 1107 1094 1247
f 1253 1254 84
f 1253 1255 1254
f 1253 84 1244
f 1256 1245 1224
f 1256 1253 1244
f 1256 1257 1245
f 1256 1258 1257
f 1256 1259 1258
f 1256 1260 1259
f 1256 1244 1260
f 1261 1262 1255
f 1261 1263 1262
f 1261 1255 1253
f 1261 1264 1263
f 1265 1252 1264
f 1265 1107 1252
f 1265 1264 1261
f 1266 1107 1265
f 1266 1109 1110
f 1266 1110 1107
f 1267 1109 1266
f 1267 1108 1109
f 1268 1108 1267
f 1269 1108 1268
f 676 1108 1269
f 1111 676 674
f 1111 674 672
f 670 1111 672
f 670 1114 1111
f 668 1114 670
f 668 1112 1113
f 668 1113 1114
f 178 175 1115
f 666 1112 668
f 173 1115 175
f 179 178 1115
f 169 1115 173
f 181 1115 1112
f 181 179 1115
f 171 1115 169
f 183 1112 666
f 183 181 1112
f 186 183 666
f 187 186 666
f 664 189 187
f 664 187 666
f 191 189 664
f 1117 1270 1271
f 1117 1272 1270
f 1117 171 1272
f 1117 1115 171
f 511 1117 1271
f 513 511 1271
f 513 1271 1273
f 509 1117 511
f 515 513 1273
f 515 1273 1274
f 505 1117 509
f 517 515 1274
f 507 1117 505
f 507 1275 1117
f 519 517 1274
f 519 1274 1276
f 1277 1275 507
f 1277 1278 1275
f 521 519 1276
f 521 1276 1279
f 662 194 191
f 662 196 194
f 662 191 664
f 1280 1278 1277
f 1281 1278 1280
f 523 521 1279
f 523 1279 1282
f 1283 1281 1280
f 525 523 1282
f 1284 1281 1283
f 1284 1283 1285
f 1286 1284 1285
f 1286 1285 1287
f 231 1288 1289
f 234 231 1289
f 234 1289 1290
f 229 1282 1288
f 229 1288 231
f 235 1290 1291
f 235 234 1290
f 225 525 1282
f 225 1282 229
f 225 527 525
f 237 235 1291
f 237 1291 196
f 1292 1287 1293
f 1292 1286 1287
f 227 527 225
f 227 529 527
f 239 237 196
f 239 196 662
f 1130 1294 1295
f 1130 1296 1294
f 1130 1297 1296
f 1130 1293 1297
f 1130 1292 1293
f 1298 529 227
f 1298 1299 531
f 1298 531 529
f 242 662 660
f 242 239 662
f 1300 1301 1299
f 1300 1299 1298
f 243 242 660
f 1302 1301 1300
f 1302 1295 1301
f 1302 1130 1295
f 245 243 660
f 1303 1130 1302
f 1304 1130 1303
f 658 247 245
f 658 250 247
f 658 245 660
f 1305 1130 1304
f 1306 1130 1305
f 656 252 250
f 656 250 658
f 1127 1130 1306
f 1127 1307 252
f 1127 1308 1307
f 1127 1309 1308
f 1127 1310 1309
f 1127 1311 1310
f 1127 1306 1311
f 1132 252 656
f 1132 1127 252
f 1135 656 654
f 1135 1132 656
f 1134 1135 654
f 1133 1134 654
f 652 1133 654
f 650 1133 652
f 648 1133 650
f 1136 646 644
f 1136 644 642
f 1136 642 640
f 1139 1136 640
f 1137 640 638
f 1137 1139 640
f 1162 626 1163
f 1164 627 626
f 1164 626 1162
f 1157 627 1164
f 1138 1137 638
f 35 634 632
f 37 35 632
f 33 634 35
f 39 37 632
f 29 634 33
f 41 39 632
f 31 634 29
f 43 41 632
f 43 632 630
f 1312 634 31
f 343 43 630
f 346 343 630
f 290 634 1312
f 290 636 634
f 290 287 636
f 290 1312 1313
f 341 45 43
f 341 47 45
f 341 43 343
f 285 636 287
f 347 346 630
f 347 630 627
f 291 290 1313
f 291 1313 1314
f 337 49 47
f 337 51 49
f 337 47 341
f 281 638 636
f 281 636 285
f 293 291 1314
f 293 1315 1316
f 293 1314 1315
f 349 627 1157
f 349 347 627
f 339 53 51
f 339 51 337
f 283 638 281
f 283 1140 1138
f 283 1138 638
f 351 1157 1152
f 351 349 1157
f 295 293 1316
f 295 1317 1318
f 295 1316 1317
f 1319 1140 283
f 1320 55 53
f 1320 53 339
f 1320 1321 55
f 298 295 1318
f 298 1318 1322
f 354 351 1152
f 1323 1140 1319
f 1324 1321 1320
f 1324 1325 1321
f 1324 1326 1325
f 355 354 1152
f 299 298 1322
f 299 1327 1326
f 299 1322 1327
f 1328 1140 1323
f 1329 299 1326
f 1329 1326 1324
f 301 299 1329
f 357 355 1152
f 1330 1140 1328
f 1331 301 1329
f 303 301 1331
f 359 357 1152
f 1332 303 1331
f 1333 1140 1330
f 306 303 1332
f 362 359 1152
f 1334 1140 1333
f 364 362 1152
f 595 306 1332
f 597 595 1332
f 597 1332 1335
f 593 306 595
f 593 308 306
f 599 1335 1336
f 599 597 1335
f 589 1337 308
f 589 308 593
f 601 1336 1338
f 601 599 1336
f 591 1337 589
f 603 601 1338
f 1339 1340 1337
f 1339 1337 591
f 605 1338 1341
f 605 603 1338
f 1342 1343 1340
f 1342 1340 1339
f 607 1341 1344
f 607 605 1341
f 1345 1343 1342
f 609 607 1344
f 1155 364 1152
f 1155 609 1344
f 1155 611 609
f 1155 1346 364
f 1155 613 611
f 1155 1347 1346
f 1155 1344 1347
f 1155 615 613
f 1142 1348 1343
f 1142 1349 1348
f 1142 1350 1349
f 1142 1334 1350
f 1142 1351 1352
f 1142 1353 1351
f 1142 1354 1353
f 1142 1345 1354
f 1142 1140 1334
f 1142 1343 1345
f 1355 1356 615
f 1355 615 1155
f 1357 1352 1358
f 1357 1142 1352
f 1359 1356 1355
f 1359 1360 1356
f 1361 1358 1362
f 1361 1357 1358
f 1363 1360 1359
f 1363 1364 1360
f 1365 1361 1362
f 1365 1362 1364
f 1365 1364 1363
f 1136 1133 648
f 1136 648 646
f 1111 1108 676
f 162 1101 1098
f 160 162 1098
f 164 1101 162
f 158 160 1098
f 166 1101 164
f 156 158 1098
f 168 1102 1101
f 168 1101 166
f 154 156 1098
f 1366 1102 168
f 152 154 1098
f 1367 1102 1366
f 1097 150 152
f 1097 148 150
f 1097 152 1098
f 146 148 1097
f 144 146 1097
f 1103 1368 1369
f 1103 1370 1368
f 1103 1367 1370
f 1103 1102 1367
f 142 144 1097
f 1104 1103 1369
f 1104 1371 1372
f 1104 1369 1371
f 1099 1373 142
f 1099 1374 1373
f 1099 142 1097
f 106 1375 1376
f 104 1374 1099
f 104 106 1376
f 104 1376 1374
f 108 1375 106
f 108 1377 1375
f 102 104 1099
f 110 1104 1372
f 110 1377 108
f 110 1372 1377
f 100 102 1099
f 112 1104 110
f 98 100 1099
f 1378 1104 112
f 1378 1105 1104
f 1379 1105 1378
f 1100 96 98
f 1100 98 1099
f 94 96 1100
f 1380 1105 1379
f 92 94 1100
f 1381 1105 1380
f 90 92 1100
f 1106 1382 1383
f 1106 1384 1382
f 1106 1381 1384
f 1106 1105 1381
f 1095 88 90
f 1095 86 88
f 1095 1385 86
f 1095 1386 1385
f 1095 1387 1386
f 1095 90 1100
f 1096 1388 1387
f 1096 1389 1388
f 1096 1383 1389
f 1096 1387 1095
f 1096 1106 1383
f 524 526 1390
f 528 1390 526
f 522 1390 1391
f 522 524 1390
f 530 1392 1390
f 530 1390 528
f 520 522 1391
f 532 1392 530
f 518 520 1391
f 1393 1392 532
f 516 518 1391
f 1394 1392 1393
f 514 516 1391
f 1395 1392 1394
f 512 514 1391
f 1396 1392 1395
f 1118 1391 1116
f 1118 510 512
f 1118 508 510
f 1118 506 508
f 1118 512 1391
f 1131 1129 1392
f 1131 1397 1398
f 1131 1399 1397
f 1131 1396 1399
f 1131 1392 1396
f 1400 1401 506
f 1400 506 1118
f 1402 1398 1403
f 1402 1131 1398
f 1404 1405 1401
f 1404 1401 1400
f 1406 1402 1403
f 1406 1403 1407
f 1408 1406 1407
f 1408 1407 1409
f 1410 1405 1404
f 1410 1408 1409
f 1410 1409 1405
f 1292 1131 1402
f 1292 1130 1131
f 1286 1402 1406
f 1286 1292 1402
f 1284 1408 1410
f 1284 1406 1408
f 1284 1286 1406
f 1281 1284 1410
f 1278 1410 1404
f 1278 1281 1410
f 1275 1400 1118
f 1275 1404 1400
f 1275 1278 1404
f 1117 1275 1118
f 216 1122 1121
f 216 218 1122
f 272 274 1124
f 220 1122 218
f 276 1125 1124
f 276 1124 274
f 214 216 1121
f 270 1124 1123
f 270 272 1124
f 222 1123 1122
f 222 1122 220
f 278 1125 276
f 212 214 1121
f 268 270 1123
f 224 1123 222
f 280 1126 1125
f 280 1125 278
f 210 1121 1120
f 210 212 1121
f 266 268 1123
f 1411 266 1123
f 1411 1123 224
f 1412 1126 280
f 208 210 1120
f 264 266 1411
f 1413 264 1411
f 1414 1126 1412
f 206 208 1120
f 262 264 1413
f 1415 262 1413
f 1416 1126 1414
f 204 206 1120
f 260 262 1415
f 1417 260 1415
f 258 260 1417
f 1119 202 204
f 1119 200 202
f 1119 198 200
f 1119 1418 198
f 1119 1419 1418
f 1119 204 1120
f 1128 1126 1416
f 1128 1420 1421
f 1128 1422 1420
f 1128 1423 1422
f 1128 1424 1423
f 1128 1416 1424
f 1425 1426 1419
f 1425 1427 1426
f 1425 1428 1427
f 1425 1429 1428
f 1425 1419 1119
f 1430 1431 254
f 1430 1432 1431
f 1430 1433 1432
f 1430 1434 1433
f 1430 1421 1434
f 1430 1128 1421
f 1435 258 1417
f 1435 1436 1429
f 1435 1437 1436
f 1435 1417 1437
f 1435 256 258
f 1435 254 256
f 1435 1430 254
f 1435 1429 1425
f 1119 1116 1391
f 1425 1119 1391
f 1435 1391 1390
f 1435 1425 1391
f 1430 1390 1392
f 1430 1435 1390
f 1128 1392 1129
f 1128 1430 1392
f 1156 1154 1438
f 610 1156 1438
f 608 610 1438
f 612 1156 610
f 606 608 1438
f 614 1156 612
f 604 606 1438
f 616 1439 1156
f 616 1156 614
f 602 604 1438
f 1440 1441 1439
f 1440 1439 616
f 600 602 1438
f 1442 1441 1440
f 1443 1441 1442
f 1444 1443 1442
f 1445 598 600
f 1445 600 1438
f 596 598 1445
f 1446 1444 1447
f 1446 1443 1444
f 594 596 1445
f 592 594 1445
f 1448 1447 1449
f 1448 1446 1447
f 1450 1449 1451
f 1450 1448 1449
f 1143 1450 1451
f 1143 1452 1453
f 1143 1454 1452
f 1143 1451 1454
f 1455 1143 1453
f 1455 590 592
f 1455 1456 590
f 1455 1457 1456
f 1455 1458 1457
f 1455 1453 1458
f 1455 592 1445
f 1141 1143 1455
f 1355 1156 1439
f 1355 1155 1156
f 1359 1439 1441
f 1359 1355 1439
f 1363 1441 1443
f 1363 1359 1441
f 1365 1443 1446
f 1365 1363 1443
f 1361 1446 1448
f 1361 1365 1446
f 1357 1448 1450
f 1357 1361 1448
f 1142 1450 1143
f 1142 1357 1450
f 386 1153 1151
f 384 386 1151
f 388 1153 386
f 382 384 1151
f 390 1153 388
f 380 382 1151
f 380 1151 1150
f 392 1153 390
f 378 380 1150
f 1459 1153 392
f 376 378 1150
f 1460 1153 1459
f 374 376 1150
f 1461 1153 1460
f 1461 1462 1463
f 1461 1460 1462
f 1464 1461 1463
f 1149 374 1150
f 1149 372 374
f 1465 1461 1464
f 50 368 370
f 48 372 1149
f 48 50 370
f 48 370 372
f 52 366 368
f 52 368 50
f 46 48 1149
f 54 366 52
f 54 1466 366
f 44 46 1149
f 56 1466 54
f 56 1467 1466
f 42 44 1149
f 1468 1467 56
f 1468 1469 1467
f 40 42 1149
f 1470 1469 1468
f 1471 1469 1470
f 1471 1472 1469
f 1148 38 40
f 1148 40 1149
f 1473 1461 1465
f 1473 1474 1472
f 1473 1475 1474
f 1473 1465 1475
f 36 38 1148
f 34 36 1148
f 32 34 1148
f 330 1471 1476
f 328 330 1476
f 328 1477 1478
f 328 1476 1477
f 332 1471 330
f 332 1473 1472
f 332 1472 1471
f 326 328 1478
f 326 1478 1479
f 334 1473 332
f 324 326 1479
f 324 1479 1480
f 336 1473 334
f 322 324 1480
f 322 1480 1481
f 1147 30 32
f 1147 1482 30
f 1147 1483 1482
f 1147 32 1148
f 320 322 1481
f 320 1481 1484
f 1485 1473 336
f 1485 1486 1487
f 1485 336 1486
f 318 320 1484
f 318 1483 1147
f 318 1484 1483
f 1488 1485 1487
f 316 318 1147
f 1489 1485 1488
f 314 316 1147
f 1490 1485 1489
f 1146 314 1147
f 1146 312 314
f 1146 310 312
f 1144 1485 1490
f 1144 1491 1492
f 1144 1493 1491
f 1144 1494 1493
f 1144 1495 1494
f 1144 1490 1495
f 1145 1496 310
f 1145 1497 1496
f 1145 310 1146
f 1145 1492 1497
f 1145 1144 1492
f 1485 1144 1141
f 1485 1141 1455
f 1473 1455 1445
f 1473 1485 1455
f 1461 1445 1438
f 1461 1473 1445
f 1153 1438 1154
f 1153 1461 1438
f 1163 1498 1161
f 625 1163 626
f 1499 1163 625
f 1499 1498 1163
f 1171 1500 1168
f 1172 1500 1171
f 1165 1500 1172
f 1159 1498 1500
f 1159 1500 1165
f 1158 1498 1159
f 1160 1498 1158
f 1161 1498 1160
f 1170 1501 1502
f 1170 1502 1503
f 1500 1170 1168
f 1500 1501 1170
f 458 455 1504
f 453 1504 455
f 459 458 1504
f 449 1504 453
f 461 1504 1195
f 461 459 1504
f 451 1504 449
f 463 461 1195
f 1505 1504 451
f 1194 463 1195
f 1194 466 463
f 1194 467 466
f 1194 469 467
f 1506 1504 1505
f 1506 1507 1508
f 1506 1509 1507
f 1506 1505 1509
f 567 469 1194
f 569 567 1194
f 565 469 567
f 565 471 469
f 7 1510 1511
f 9 7 1511
f 572 1194 1187
f 572 569 1194
f 5 1508 1510
f 5 1510 7
f 11 1511 1512
f 11 9 1511
f 561 471 565
f 561 474 471
f 1 1506 1508
f 1 1508 5
f 573 572 1187
f 13 11 1512
f 563 474 561
f 3 1506 1
f 575 573 1187
f 575 1187 1188
f 15 13 1512
f 15 1512 1513
f 1514 474 563
f 1514 476 474
f 1515 1506 3
f 577 1188 1189
f 577 575 1188
f 17 15 1513
f 17 1513 1516
f 1517 476 1514
f 1517 1518 476
f 1519 1506 1515
f 579 1189 1190
f 579 577 1189
f 19 17 1516
f 1520 1518 1517
f 21 19 1516
f 581 579 1190
f 1521 1506 1519
f 1521 1522 1523
f 1521 1519 1522
f 1191 581 1190
f 583 581 1191
f 1524 1521 1523
f 1192 586 583
f 1192 583 1191
f 399 21 1516
f 399 1516 1525
f 402 1525 1526
f 402 399 1525
f 397 23 21
f 397 25 23
f 397 21 399
f 403 1520 1527
f 403 1518 1520
f 403 402 1526
f 403 1526 1518
f 393 1528 27
f 393 27 25
f 393 25 397
f 405 1527 1529
f 405 403 1527
f 1193 588 586
f 1193 586 1192
f 395 1530 1528
f 395 1528 393
f 407 1529 1531
f 407 405 1529
f 1174 1532 588
f 1174 1533 1532
f 1174 1534 1533
f 1174 588 1193
f 1535 1530 395
f 1535 1536 1530
f 1535 1537 1536
f 410 1538 1539
f 410 1531 1538
f 410 407 1531
f 1540 1541 1542
f 1540 1524 1541
f 1540 1521 1524
f 1543 1544 1537
f 1543 1542 1544
f 1543 1537 1535
f 411 1539 1545
f 411 410 1539
f 1546 1542 1543
f 1546 1540 1542
f 413 1545 1534
f 413 411 1545
f 413 1534 1174
f 1547 1540 1546
f 415 413 1174
f 1548 1540 1547
f 1548 1547 1549
f 418 415 1174
f 1550 1548 1549
f 420 418 1174
f 1551 1548 1550
f 1173 420 1174
f 1173 1552 420
f 1173 1553 1552
f 1173 1554 1553
f 1173 1555 1554
f 1173 1556 1555
f 1173 1557 1556
f 1167 1550 1557
f 1167 1551 1550
f 1167 1557 1173
f 1166 1503 1551
f 1166 1551 1167
f 1169 1503 1166
f 1170 1503 1169
f 496 498 1186
f 440 442 1184
f 500 1186 498
f 444 1175 1184
f 444 1184 442
f 494 1186 1183
f 494 496 1186
f 438 440 1184
f 502 1186 500
f 446 1175 444
f 436 1184 1185
f 436 438 1184
f 492 494 1183
f 504 1185 1186
f 504 1186 502
f 448 1175 446
f 434 436 1185
f 490 492 1183
f 1558 1185 504
f 1559 1175 448
f 488 490 1183
f 432 434 1185
f 1560 1185 1558
f 1561 1175 1559
f 486 488 1183
f 430 1185 1560
f 430 432 1185
f 1562 1175 1561
f 484 486 1183
f 1176 1175 1562
f 1176 1563 1564
f 1176 1565 1563
f 1176 1562 1565
f 1182 484 1183
f 1182 482 484
f 1182 480 482
f 1182 478 480
f 22 428 430
f 22 430 1560
f 22 1560 1566
f 20 22 1566
f 20 1566 1567
f 24 428 22
f 18 20 1567
f 26 426 428
f 26 428 24
f 16 18 1567
f 16 1567 1568
f 28 426 26
f 28 424 426
f 14 16 1568
f 14 1568 1569
f 1570 422 424
f 1570 424 28
f 12 14 1569
f 12 1569 1571
f 1572 422 1570
f 1572 1573 422
f 10 12 1571
f 10 1571 1574
f 1575 1576 1573
f 1575 1573 1572
f 8 10 1574
f 8 1574 1577
f 1578 1579 1576
f 1578 1576 1575
f 6 8 1577
f 1179 1580 1581
f 1179 1582 1580
f 1179 1583 1582
f 1179 1584 1583
f 1178 1585 1584
f 1178 1586 1585
f 1178 1587 1586
f 1178 1578 1587
f 1178 1579 1578
f 1178 1584 1179
f 1178 1588 1579
f 1180 6 1577
f 1180 4 6
f 1180 2 4
f 1180 1581 2
f 1180 1179 1581
f 1180 1589 1590
f 1180 1577 1589
f 1177 1591 1588
f 1177 1592 1591
f 1177 1564 1592
f 1177 1176 1564
f 1177 1588 1178
f 1181 478 1182
f 1181 1593 478
f 1181 1590 1593
f 1181 1180 1590
f 1594 1195 1504
f 1594 1504 1595
f 1196 1594 1206
f 1196 1195 1594
f 1596 1597 1598
f 1206 1598 1207
f 1594 1598 1206
f 1594 1596 1598
f 1599 1207 1598
f 1600 1205 1207
f 1600 1207 1599
f 1209 1205 1600
f 1601 1209 1600
f 1209 1602 1208
f 1597 1603 1602
f 1597 1596 1603
f 1597 1602 1209
f 1604 1209 1601
f 1604 1597 1209
f 1602 1605 1204
f 1208 1602 1204
f 1201 1606 1203
f 1201 1607 1606
f 1199 1608 1607
f 1199 1607 1201
f 1198 1609 1608
f 1198 1608 1199
f 1197 1610 1609
f 1197 1609 1198
f 1200 1611 1610
f 1200 1610 1197
f 1202 1612 1611
f 1202 1611 1200
f 1204 1605 1612
f 1204 1612 1202
f 1606 1613 1220
f 1203 1606 1220
f 1214 1614 1213
f 1214 1615 1614
f 1215 1616 1615
f 1215 1615 1214
f 1216 1617 1616
f 1216 1616 1215
f 1217 1618 1617
f 1217 1617 1216
f 1218 1619 1618
f 1218 1618 1217
f 1219 1620 1619
f 1219 1619 1218
f 1220 1613 1620
f 1220 1620 1219
f 1213 1614 1621
f 1213 1621 1211
f 1622 1623 1624
f 1621 1622 1624
f 1212 1624 1625
f 1212 1621 1624
f 1626 1212 1625
f 1211 1621 1212
f 1212 1627 1210
f 1626 1627 1212
f 1628 1629 1222
f 1627 1222 1210
f 1627 1628 1222
f 1629 1221 1222
f 1223 1221 1629
f 1623 1629 1624
f 1623 1223 1629
f 1623 1225 1223
f 1630 1623 1622
f 1631 1632 1225
f 1633 1225 1623
f 1633 1631 1225
f 1634 1633 1623
f 1635 1623 1630
f 1636 1634 1623
f 1636 1623 1635
f 1637 1622 1603
f 1637 1630 1622
f 1638 1636 1635
f 1639 1638 1635
f 1640 1635 1641
f 1640 1639 1635
f 1642 1640 1641
f 1643 1642 1641
f 1596 1641 1637
f 1596 1643 1641
f 1596 1637 1603
f 1644 1643 1596
f 1595 1596 1594
f 1645 1644 1596
f 1645 1596 1595
f 1646 1645 1595
f 1647 1646 1595
f 1632 1256 1224
f 1632 1224 1225
f 677 676 1269
f 1648 1269 1268
f 1648 677 1269
f 1649 1268 1267
f 1649 1648 1268
f 1650 1267 1266
f 1650 1649 1267
f 1651 1266 1265
f 1651 1650 1266
f 1652 1265 1261
f 1652 1651 1265
f 1653 1261 1253
f 1653 1652 1261
f 1654 1653 1253
f 1632 1253 1256
f 1632 1654 1253
f 1655 1654 1632
f 1631 1655 1632
f 1656 1655 1631
f 1633 1656 1631
f 1657 1656 1633
f 1634 1657 1633
f 1658 1657 1634
f 1636 1658 1634
f 1659 1658 1636
f 1638 1659 1636
f 1660 1659 1638
f 1639 1660 1638
f 1661 1660 1639
f 1662 1639 1640
f 1662 1661 1639
f 1663 1640 1642
f 1663 1662 1640
f 1664 1642 1643
f 1664 1663 1642
f 1665 1643 1644
f 1665 1664 1643
f 1666 1644 1645
f 1666 1665 1644
f 1667 1645 1646
f 1667 1666 1645
f 1647 1506 1521
f 1668 1646 1647
f 1668 1667 1646
f 1669 1521 1540
f 1669 1647 1521
f 1669 1668 1647
f 1670 1540 1548
f 1670 1669 1540
f 1671 1548 1551
f 1671 1670 1548
f 1502 1551 1503
f 1502 1671 1551
f 1672 1671 1502
f 1673 1502 1674
f 1673 1672 1502
f 1675 1674 1676
f 1675 1673 1674
f 1677 1676 1678
f 1677 1675 1676
f 618 1678 619
f 618 1677 1678
f 1499 1501 1500
f 1499 1500 1498
f 1501 1674 1502
f 1676 1674 1501
f 1678 1676 1501
f 619 1678 1501
f 1499 617 619
f 1499 621 617
f 1499 623 621
f 1499 625 623
f 1499 619 1501
f 1647 1504 1506
f 1595 1504 1647
f 1598 1597 1604
f 1599 1598 1604
f 1601 1600 1599
f 1604 1601 1599
f 1602 1622 1621
f 1602 1603 1622
f 1679 1610 1611
f 1679 1611 1612
f 1680 1608 1609
f 1680 1609 1610
f 1680 1610 1679
f 1681 1612 1605
f 1681 1679 1612
f 1682 1606 1607
f 1682 1607 1608
f 1682 1608 1680
f 1683 1681 1605
f 1684 1606 1682
f 704 1683 1605
f 1685 1613 1606
f 1685 1606 1684
f 703 704 1605
f 1686 1619 1620
f 1686 1620 1613
f 1686 1613 1685
f 1687 1618 1619
f 1687 1619 1686
f 1602 700 703
f 1602 698 700
f 1602 703 1605
f 1617 1618 1687
f 1688 1617 1687
f 697 698 1602
f 1616 1617 1688
f 695 697 1602
f 1615 1616 1688
f 1615 1688 1689
f 693 695 1602
f 1614 1615 1689
f 1614 1689 1690
f 678 1614 1690
f 681 1614 678
f 1621 1614 681
f 1621 689 691
f 1621 687 689
f 1621 685 687
f 1621 683 685
f 1621 681 683
f 1621 693 1602
f 1621 691 693
f 1629 1625 1624
f 1628 1625 1629
f 1628 1626 1625
f 1628 1627 1626
f 1691 1635 1692
f 1691 1641 1635
f 1635 1630 1693
f 1692 1635 1693
f 1693 1637 1694
f 1693 1630 1637
f 1637 1641 1691
f 1694 1637 1691
f 720 1654 1655
f 719 1653 1654
f 719 1654 720
f 723 1655 1656
f 723 720 1655
f 716 1652 1653
f 716 1653 719
f 725 1656 1657
f 725 723 1656
f 714 1651 1652
f 714 1652 716
f 726 1657 1658
f 726 725 1657
f 712 1650 1651
f 712 1651 714
f 729 1658 1659
f 729 726 1658
f 710 1649 1650
f 710 1650 712
f 731 1659 1660
f 731 729 1659
f 706 1648 1649
f 706 1649 710
f 733 1661 1662
f 733 1660 1661
f 733 731 1660
f 708 677 1648
f 708 675 677
f 708 1648 706
f 735 1662 1663
f 735 733 1662
f 1695 673 675
f 1695 675 708
f 737 1663 1664
f 737 735 1663
f 1696 671 673
f 1696 673 1695
f 738 1664 1665
f 738 737 1664
f 1697 671 1696
f 669 671 1697
f 741 738 1665
f 1666 741 1665
f 1698 669 1697
f 667 669 1698
f 742 741 1666
f 1667 742 1666
f 1699 667 1698
f 665 667 1699
f 745 742 1667
f 1668 745 1667
f 1700 665 1699
f 663 665 1700
f 747 745 1668
f 1701 663 1700
f 1669 747 1668
f 748 747 1669
f 661 663 1701
f 1702 661 1701
f 1670 748 1669
f 751 748 1670
f 659 661 1702
f 1703 659 1702
f 1671 751 1670
f 753 751 1671
f 657 659 1703
f 1704 657 1703
f 1672 753 1671
f 754 753 1672
f 655 657 1704
f 655 1704 1705
f 1673 754 1672
f 1673 757 754
f 653 655 1705
f 653 1705 1706
f 1675 758 757
f 1675 757 1673
f 651 653 1706
f 651 1706 1707
f 1677 760 758
f 1677 758 1675
f 649 651 1707
f 618 760 1677
f 647 649 1707
f 647 1707 1708
f 620 1709 760
f 620 760 618
f 645 647 1708
f 645 1708 1710
f 622 1711 1709
f 622 1709 620
f 643 1710 1712
f 643 645 1710
f 624 1713 1711
f 624 1711 622
f 641 1712 1714
f 641 643 1712
f 628 1713 624
f 628 1715 1713
f 639 1714 1716
f 639 641 1714
f 629 1717 1715
f 629 1715 628
f 637 1716 1718
f 637 639 1716
f 631 1717 629
f 631 1719 1717
f 635 637 1718
f 635 1718 1720
f 633 1720 1719
f 633 1719 631
f 633 635 1720
f 704 705 1721
f 1683 1721 1722
f 1683 704 1721
f 1681 1722 1723
f 1681 1683 1722
f 1679 1723 1724
f 1679 1681 1723
f 1680 1724 1725
f 1680 1679 1724
f 1682 1725 1726
f 1682 1680 1725
f 1684 1726 1727
f 1684 1682 1726
f 1685 1727 1728
f 1685 1684 1727
f 1686 1685 1728
f 1687 1728 1729
f 1687 1729 1730
f 1687 1686 1728
f 1688 1730 1731
f 1688 1687 1730
f 1689 1731 1732
f 1689 1688 1731
f 1690 1689 1732
f 678 1732 679
f 678 1690 1732
f 1691 1692 1693
f 1691 1693 1694
f 760 1733 761
f 1709 1734 1733
f 1709 1733 760
f 1711 1735 1734
f 1711 1734 1709
f 1713 1736 1735
f 1713 1735 1711
f 1715 1737 1736
f 1715 1736 1713
f 1717 1738 1737
f 1717 1737 1715
f 1719 1739 1738
f 1719 1738 1717
f 1720 1740 1739
f 1720 1739 1719
f 1718 1741 1740
f 1718 1740 1720
f 1716 1742 1741
f 1716 1741 1718
f 1714 1742 1716
f 1714 1743 1742
f 1712 1743 1714
f 1712 1744 1743
f 1710 1744 1712
f 1708 1744 1710
f 1708 1745 1744
f 1707 1745 1708
f 1707 1746 1745
f 1706 1746 1707
f 1706 1747 1746
f 1705 1747 1706
f 1705 1748 1747
f 1704 1748 1705
f 1704 1749 1748
f 1704 1750 1749
f 1703 1750 1704
f 1702 1750 1703
f 1702 1751 1750
f 1702 1752 1751
f 1701 1752 1702
f 1700 1752 1701
f 1700 1753 1752
f 1699 1753 1700
f 1699 1754 1753
f 1698 1754 1699
f 1698 1755 1754
f 1698 1756 1755
f 1697 1756 1698
f 1696 1757 1756
f 1696 1756 1697
f 1695 1758 1757
f 1695 1757 1696
f 708 707 1758
f 708 1758 1695
f 1725 1723 1722
f 1725 1724 1723
f 705 1722 1721
f 702 1722 705
f 1728 1727 1726
f 699 702 701
f 699 1725 1722
f 699 1722 702
f 1730 1729 1728
f 694 1726 1725
f 694 699 696
f 694 1725 699
f 1732 1731 1730
f 692 1728 1726
f 692 1726 694
f 679 1732 1730
f 688 692 690
f 688 1728 692
f 682 680 679
f 686 1730 1728
f 686 1728 688
f 684 682 679
f 684 679 1730
f 684 1730 686
f 777 721 722
f 775 721 777
f 775 718 721
f 773 718 775
f 773 717 718
f 779 777 722
f 779 722 724
f 771 717 773
f 771 715 717
f 780 779 724
f 780 724 727
f 769 715 771
f 769 713 715
f 782 780 727
f 728 782 727
f 767 713 769
f 767 711 713
f 785 782 728
f 730 785 728
f 765 709 711
f 765 711 767
f 787 785 730
f 732 787 730
f 788 787 732
f 762 707 709
f 762 709 765
f 734 788 732
f 1758 707 762
f 790 788 734
f 1759 1758 762
f 736 790 734
f 1757 1758 1759
f 792 790 736
f 1760 1757 1759
f 739 792 736
f 1756 1757 1760
f 794 792 739
f 1761 1756 1760
f 740 794 739
f 1755 1756 1761
f 796 794 740
f 1762 1755 1761
f 743 796 740
f 1754 1755 1762
f 1763 1754 1762
f 798 796 743
f 744 798 743
f 1753 1754 1763
f 800 798 744
f 1764 1753 1763
f 746 800 744
f 1752 1753 1764
f 1765 1752 1764
f 802 800 746
f 749 802 746
f 1751 1752 1765
f 1766 1751 1765
f 804 802 749
f 750 804 749
f 1750 1751 1766
f 1767 1750 1766
f 806 804 750
f 752 806 750
f 1749 1750 1767
f 808 806 752
f 1768 1749 1767
f 755 808 752
f 1748 1749 1768
f 810 808 755
f 1769 1748 1768
f 756 810 755
f 1747 1748 1769
f 812 810 756
f 1770 1747 1769
f 759 812 756
f 1746 1747 1770
f 814 812 759
f 1771 1746 1770
f 761 814 759
f 1745 1746 1771
f 1772 1745 1771
f 1733 1773 814
f 1733 814 761
f 1744 1745 1772
f 1774 1744 1772
f 1734 1775 1773
f 1734 1773 1733
f 1743 1744 1774
f 1776 1743 1774
f 1735 1777 1775
f 1735 1775 1734
f 1742 1743 1776
f 1742 1776 1778
f 1736 1779 1777
f 1736 1777 1735
f 1741 1742 1778
f 1741 1778 1780
f 1737 1781 1779
f 1737 1779 1736
f 1740 1741 1780
f 1740 1780 1782
f 1738 1783 1781
f 1738 1781 1737
f 1739 1783 1738
f 1739 1740 1782
f 1739 1782 1783
f 1773 815 814
f 1773 1784 815
f 1775 1785 1784
f 1775 1784 1773
f 1777 1786 1785
f 1777 1785 1775
f 1779 1787 1786
f 1779 1786 1777
f 1781 1788 1787
f 1781 1787 1779
f 1783 1789 1788
f 1783 1788 1781
f 1782 1790 1789
f 1782 1789 1783
f 1780 1791 1790
f 1780 1790 1782
f 1778 1792 1791
f 1778 1791 1780
f 1776 1793 1792
f 1776 1792 1778
f 1774 1793 1776
f 1774 1794 1793
f 1772 1794 1774
f 1772 1795 1794
f 1772 1796 1795
f 1771 1796 1772
f 1770 1796 1771
f 1770 1797 1796
f 1769 1797 1770
f 1769 1798 1797
f 1769 1799 1798
f 1768 1799 1769
f 1767 1799 1768
f 1767 1800 1799
f 1767 1801 1800
f 1766 1801 1767
f 1766 1802 1801
f 1765 1802 1766
f 1765 1803 1802
f 1764 1803 1765
f 1763 1803 1764
f 1763 1804 1803
f 1763 1805 1804
f 1762 1805 1763
f 1761 1805 1762
f 1761 1806 1805
f 1760 1806 1761
f 1760 1807 1806
f 1760 1808 1807
f 1759 764 1808
f 1759 1808 1760
f 762 764 1759
f 1784 841 815
f 1784 1809 841
f 1785 1810 1809
f 1785 1809 1784
f 1786 1811 1810
f 1786 1810 1785
f 1787 1812 1811
f 1787 1811 1786
f 1788 1813 1812
f 1788 1812 1787
f 1789 1814 1813
f 1789 1813 1788
f 1790 1815 1814
f 1790 1814 1789
f 1791 1816 1815
f 1791 1815 1790
f 1792 1817 1816
f 1792 1816 1791
f 1793 1818 1817
f 1793 1817 1792
f 1794 1819 1818
f 1794 1818 1793
f 1795 1820 1819
f 1795 1819 1794
f 1796 1820 1795
f 1796 1821 1820
f 1797 1821 1796
f 1797 1822 1821
f 1798 1822 1797
f 1798 1823 1822
f 1799 1823 1798
f 1799 1824 1823
f 1800 1824 1799
f 1800 1825 1824
f 1801 1825 1800
f 1801 1826 1825
f 1802 1826 1801
f 1802 1827 1826
f 1803 1827 1802
f 1803 1828 1827
f 1804 1828 1803
f 1804 1829 1828
f 1805 1829 1804
f 1805 1830 1829
f 1806 1830 1805
f 1806 1831 1830
f 1807 1832 1831
f 1807 1831 1806
f 1808 1832 1807
f 816 1832 1808
f 764 816 1808
f 872 834 835
f 875 872 835
f 875 835 836
f 875 836 837
f 871 834 872
f 871 833 834
f 876 837 838
f 876 875 837
f 868 832 833
f 868 833 871
f 878 838 839
f 878 876 838
f 866 830 831
f 866 831 832
f 866 832 868
f 881 839 840
f 881 878 839
f 864 830 866
f 864 829 830
f 882 881 840
f 882 840 841
f 882 841 1809
f 862 828 829
f 862 829 864
f 1833 1809 1810
f 1833 882 1809
f 860 827 828
f 860 828 862
f 859 825 826
f 859 826 827
f 859 827 860
f 1834 1810 1811
f 1834 1833 1810
f 1835 1811 1812
f 1835 1834 1811
f 856 824 825
f 856 825 859
f 1836 1812 1813
f 1836 1835 1812
f 854 824 856
f 823 824 854
f 1814 1836 1813
f 1837 1836 1814
f 852 823 854
f 822 823 852
f 1815 1837 1814
f 1838 1837 1815
f 851 822 852
f 821 822 851
f 1816 1839 1838
f 1816 1838 1815
f 820 851 848
f 820 821 851
f 1817 1839 1816
f 1817 1840 1839
f 819 848 846
f 819 820 848
f 1818 1840 1817
f 818 846 842
f 818 819 846
f 1819 1840 1818
f 1819 1841 1840
f 817 818 842
f 817 842 844
f 1820 1841 1819
f 1820 1842 1841
f 816 817 844
f 1821 1842 1820
f 1821 1843 1842
f 1832 816 844
f 1832 844 1844
f 1822 1843 1821
f 1822 1845 1843
f 1831 1832 1844
f 1831 1844 1846
f 1823 1845 1822
f 1830 1831 1846
f 1830 1846 1847
f 1824 1845 1823
f 1824 1848 1845
f 1829 1830 1847
f 1829 1847 1849
f 1825 1848 1824
f 1825 1850 1848
f 1828 1829 1849
f 1826 1850 1825
f 1826 1851 1850
f 1827 1828 1849
f 1827 1851 1826
f 1827 1849 1851
f 1833 883 882
f 1833 1852 883
f 1834 1853 1852
f 1834 1852 1833
f 1835 1854 1853
f 1835 1855 1854
f 1835 1853 1834
f 1836 1855 1835
f 1837 1856 1855
f 1837 1855 1836
f 1838 1857 1856
f 1838 1856 1837
f 1839 1858 1857
f 1839 1859 1858
f 1839 1857 1838
f 1840 1859 1839
f 1841 1860 1859
f 1841 1859 1840
f 1842 1861 1860
f 1842 1860 1841
f 1843 1862 1861
f 1843 1861 1842
f 1845 1863 1862
f 1845 1862 1843
f 1848 1864 1863
f 1848 1865 1864
f 1848 1863 1845
f 1850 1865 1848
f 1851 1865 1850
f 1851 1866 1865
f 1851 1867 1866
f 1849 1867 1851
f 1847 1867 1849
f 1847 1868 1867
f 1846 1868 1847
f 1846 1869 1868
f 1846 1870 1869
f 1844 1870 1846
f 844 1870 1844
f 844 843 1870
f 910 850 853
f 913 853 855
f 913 910 853
f 909 849 850
f 909 850 910
f 914 855 857
f 914 913 855
f 916 857 858
f 916 914 857
f 906 847 849
f 906 849 909
f 918 858 861
f 918 916 858
f 904 847 906
f 904 845 847
f 921 918 861
f 921 861 863
f 921 863 865
f 903 845 904
f 903 1870 843
f 903 843 845
f 901 1869 1870
f 901 1870 903
f 1871 921 865
f 1871 865 867
f 899 1869 901
f 1872 1871 867
f 869 1872 867
f 1868 1869 899
f 897 1868 899
f 1873 1872 869
f 870 1873 869
f 1867 1868 897
f 895 1867 897
f 1874 1873 870
f 873 1874 870
f 1866 1867 895
f 893 1866 895
f 1875 1874 873
f 874 1875 873
f 1865 1866 893
f 891 1865 893
f 1876 1875 874
f 877 1876 874
f 1864 1865 891
f 889 1864 891
f 1877 1876 877
f 879 1877 877
f 879 1878 1877
f 1863 889 887
f 1863 1864 889
f 880 1878 879
f 880 1879 1878
f 1862 887 886
f 1862 1863 887
f 883 1879 880
f 1861 1862 886
f 1852 1880 1879
f 1852 1879 883
f 1860 886 1881
f 1860 1861 886
f 1859 1860 1881
f 1859 1881 1882
f 1853 1880 1852
f 1853 1883 1880
f 1854 1883 1853
f 1854 1884 1883
f 1858 1859 1882
f 1858 1882 1885
f 1855 1884 1854
f 1855 1886 1884
f 1857 1858 1885
f 1857 1885 1887
f 1856 1886 1855
f 1856 1857 1887
f 1856 1887 1886
f 932 920 921
f 1871 932 921
f 934 932 1871
f 1872 934 1871
f 936 934 1872
f 1873 936 1872
f 938 936 1873
f 1874 938 1873
f 940 938 1874
f 1875 940 1874
f 942 940 1875
f 1876 942 1875
f 944 942 1876
f 1877 944 1876
f 946 944 1877
f 1878 946 1877
f 948 946 1878
f 1879 948 1878
f 1888 948 1879
f 1880 1888 1879
f 1883 1889 1888
f 1883 1888 1880
f 1890 1889 1883
f 1884 1890 1883
f 1886 1891 1890
f 1886 1890 1884
f 1887 1892 1891
f 1887 1891 1886
f 1885 1893 1892
f 1885 1892 1887
f 1882 1893 1885
f 1882 1894 1893
f 1881 1894 1882
f 1881 1895 1894
f 886 1895 1881
f 886 885 1895
f 1888 947 948
f 1888 1896 947
f 1889 1897 1896
f 1889 1896 1888
f 1890 1898 1897
f 1890 1897 1889
f 1891 1899 1898
f 1891 1898 1890
f 1892 1900 1899
f 1892 1899 1891
f 1893 1901 1900
f 1893 1900 1892
f 1894 1902 1901
f 1894 1901 1893
f 1895 1903 1902
f 1895 1902 1894
f 885 1904 1903
f 885 1903 1895
f 884 1905 1904
f 884 1904 885
f 888 1906 1905
f 888 1905 884
f 890 1907 1906
f 890 1906 888
f 892 1908 1907
f 892 1907 890
f 894 1909 1908
f 894 1908 892
f 896 1910 1909
f 896 1909 894
f 898 1911 1910
f 898 1910 896
f 900 1911 898
f 900 922 1911
f 902 922 900
f 933 935 937
f 933 937 939
f 945 941 943
f 1896 945 947
f 929 930 931
f 928 931 933
f 928 929 931
f 1899 939 941
f 1899 1896 1897
f 1899 1897 1898
f 1899 941 945
f 1899 933 939
f 1899 945 1896
f 925 926 927
f 923 924 925
f 922 923 925
f 1904 1899 1900
f 1904 1900 1901
f 1904 1901 1902
f 1904 1902 1903
f 1907 1905 1906
f 1908 927 928
f 1908 1904 1905
f 1908 1909 1910
f 1908 1910 1911
f 1908 1911 922
f 1908 928 933
f 1908 933 1899
f 1908 925 927
f 1908 1899 1904
f 1908 1905 1907
f 1908 922 925
f 1356 616 615
f 1356 1440 616
f 1360 1442 1440
f 1360 1440 1356
f 1364 1444 1442
f 1364 1442 1360
f 1362 1447 1444
f 1362 1444 1364
f 1358 1449 1447
f 1358 1447 1362
f 1352 1451 1449
f 1352 1449 1358
f 1351 1454 1451
f 1351 1451 1352
f 1353 1452 1454
f 1353 1454 1351
f 1354 1453 1452
f 1354 1452 1353
f 1345 1458 1453
f 1345 1453 1354
f 1342 1457 1458
f 1342 1458 1345
f 1339 1456 1457
f 1339 1457 1342
f 591 590 1456
f 591 1456 1339
f 1532 587 588
f 1532 1019 587
f 1533 1020 1019
f 1533 1019 1532
f 1534 1021 1020
f 1534 1020 1533
f 1545 1027 1021
f 1545 1021 1534
f 1539 1028 1027
f 1539 1029 1028
f 1539 1027 1545
f 1538 1029 1539
f 1531 1030 1029
f 1531 1029 1538
f 1529 1015 1030
f 1529 1030 1531
f 1527 1013 1015
f 1527 1015 1529
f 1520 1011 1013
f 1520 1013 1527
f 1517 1012 1011
f 1517 1011 1520
f 1514 1005 1012
f 1514 1012 1517
f 563 562 1005
f 563 1005 1514
f 1233 559 560
f 1233 965 559
f 1235 966 965
f 1235 965 1233
f 1238 967 966
f 1238 966 1235
f 1236 968 967
f 1236 967 1238
f 1234 969 968
f 1234 972 969
f 1234 968 1236
f 1232 972 1234
f 1231 973 972
f 1231 972 1232
f 1230 974 973
f 1230 973 1231
f 1229 975 974
f 1229 974 1230
f 1228 963 975
f 1228 975 1229
f 1227 962 963
f 1227 963 1228
f 1226 960 962
f 1226 962 1227
f 535 534 960
f 535 960 1226
f 1299 532 531
f 1299 1393 532
f 1301 1394 1393
f 1301 1393 1299
f 1295 1395 1394
f 1295 1394 1301
f 1294 1396 1395
f 1294 1395 1295
f 1296 1399 1396
f 1296 1396 1294
f 1297 1397 1399
f 1297 1399 1296
f 1293 1398 1397
f 1293 1397 1297
f 1287 1403 1398
f 1287 1398 1293
f 1285 1407 1403
f 1285 1403 1287
f 1283 1409 1407
f 1283 1407 1285
f 1280 1405 1409
f 1280 1409 1283
f 1277 1401 1405
f 1277 1405 1280
f 507 506 1401
f 507 1401 1277
f 1912 504 503
f 1912 1558 504
f 1913 1560 1558
f 1913 1558 1912
f 1914 1566 1560
f 1914 1560 1913
f 1915 1567 1566
f 1915 1566 1914
f 1916 1569 1568
f 1916 1568 1567
f 1916 1567 1915
f 1917 1569 1916
f 1918 1571 1569
f 1918 1569 1917
f 1919 1574 1571
f 1919 1571 1918
f 1920 1577 1574
f 1920 1574 1919
f 1921 1589 1577
f 1921 1577 1920
f 1922 1590 1589
f 1922 1589 1921
f 1923 1593 1590
f 1923 1590 1922
f 479 478 1593
f 479 1593 1923
f 495 465 468
f 495 468 470
f 495 470 497
f 499 470 472
f 499 497 470
f 493 465 495
f 501 472 473
f 501 499 472
f 491 464 465
f 491 465 493
f 503 473 475
f 503 501 473
f 489 462 464
f 489 464 491
f 1912 475 1924
f 1912 1924 1925
f 1912 503 475
f 487 460 462
f 487 462 489
f 1913 1912 1925
f 485 457 460
f 485 460 487
f 1914 1913 1925
f 1914 1925 1926
f 483 457 485
f 456 457 483
f 481 456 483
f 1927 1914 1926
f 1927 1915 1914
f 454 456 481
f 454 481 477
f 1928 1915 1927
f 1928 1916 1915
f 452 454 477
f 1929 1916 1928
f 1929 1917 1916
f 450 452 477
f 450 477 479
f 1930 1917 1929
f 1930 1918 1917
f 1931 450 479
f 1931 479 1923
f 1932 1918 1930
f 1932 1919 1918
f 1933 1931 1923
f 1933 1923 1922
f 1934 1920 1919
f 1934 1919 1932
f 1935 1921 1920
f 1935 1922 1921
f 1935 1920 1934
f 1935 1933 1922
f 1518 475 476
f 1518 1924 475
f 1526 1925 1924
f 1526 1924 1518
f 1525 1926 1925
f 1525 1925 1526
f 1516 1927 1926
f 1516 1926 1525
f 1513 1928 1927
f 1513 1929 1928
f 1513 1927 1516
f 1512 1929 1513
f 1511 1930 1929
f 1511 1929 1512
f 1510 1932 1930
f 1510 1930 1511
f 1508 1934 1932
f 1508 1932 1510
f 1507 1935 1934
f 1507 1933 1935
f 1507 1934 1508
f 1509 1931 1933
f 1509 1933 1507
f 1505 1931 1509
f 451 450 1931
f 451 1931 1505
f 1936 448 447
f 1936 1559 448
f 1937 1561 1559
f 1937 1559 1936
f 1938 1562 1561
f 1938 1561 1937
f 1939 1565 1562
f 1939 1562 1938
f 1940 1564 1563
f 1940 1563 1565
f 1940 1565 1939
f 1941 1564 1940
f 1942 1592 1564
f 1942 1564 1941
f 1943 1591 1592
f 1943 1592 1942
f 1944 1588 1591
f 1944 1591 1943
f 1945 1579 1588
f 1945 1588 1944
f 1946 1576 1579
f 1946 1579 1945
f 1947 1573 1576
f 1947 1576 1946
f 423 422 1573
f 423 1573 1947
f 439 409 412
f 439 412 414
f 439 414 441
f 443 414 416
f 443 441 414
f 437 409 439
f 445 416 417
f 445 443 416
f 435 408 409
f 435 409 437
f 447 417 419
f 447 445 417
f 433 406 408
f 433 408 435
f 1936 419 1948
f 1936 1948 1949
f 1936 447 419
f 431 404 406
f 431 406 433
f 1937 1936 1949
f 429 401 404
f 429 404 431
f 1938 1937 1949
f 1938 1949 1950
f 427 401 429
f 400 401 427
f 425 400 427
f 1951 1938 1950
f 1951 1939 1938
f 398 400 425
f 398 425 421
f 1952 1939 1951
f 1952 1940 1939
f 396 398 421
f 1953 1940 1952
f 1953 1941 1940
f 394 396 421
f 394 421 423
f 1954 1941 1953
f 1954 1942 1941
f 1955 394 423
f 1955 423 1947
f 1956 1942 1954
f 1956 1943 1942
f 1957 1955 1947
f 1957 1947 1946
f 1958 1944 1943
f 1958 1943 1956
f 1959 1945 1944
f 1959 1946 1945
f 1959 1944 1958
f 1959 1957 1946
f 1552 419 420
f 1552 1948 419
f 1553 1949 1948
f 1553 1948 1552
f 1554 1950 1949
f 1554 1949 1553
f 1555 1951 1950
f 1555 1950 1554
f 1556 1952 1951
f 1556 1953 1952
f 1556 1951 1555
f 1557 1953 1556
f 1550 1954 1953
f 1550 1953 1557
f 1549 1956 1954
f 1549 1954 1550
f 1547 1958 1956
f 1547 1956 1549
f 1546 1959 1958
f 1546 1957 1959
f 1546 1958 1547
f 1543 1955 1957
f 1543 1957 1546
f 1535 1955 1543
f 395 394 1955
f 395 1955 1535
f 1960 392 391
f 1960 1459 392
f 1961 1460 1459
f 1961 1459 1960
f 1962 1462 1460
f 1962 1460 1961
f 1963 1463 1462
f 1963 1462 1962
f 1964 1465 1464
f 1964 1464 1463
f 1964 1463 1963
f 1965 1465 1964
f 1966 1475 1465
f 1966 1465 1965
f 1967 1474 1475
f 1967 1475 1966
f 1968 1472 1474
f 1968 1474 1967
f 1969 1469 1472
f 1969 1472 1968
f 1970 1467 1469
f 1970 1469 1969
f 1971 1466 1467
f 1971 1467 1970
f 367 366 1466
f 367 1466 1971
f 383 353 356
f 383 356 358
f 383 358 385
f 387 358 360
f 387 385 358
f 381 353 383
f 389 360 361
f 389 387 360
f 379 352 353
f 379 353 381
f 391 361 363
f 391 389 361
f 377 350 352
f 377 352 379
f 1960 363 1972
f 1960 1972 1973
f 1960 391 363
f 375 348 350
f 375 350 377
f 1961 1960 1973
f 373 345 348
f 373 348 375
f 1962 1961 1973
f 1962 1973 1974
f 371 345 373
f 344 345 371
f 369 344 371
f 1975 1962 1974
f 1975 1963 1962
f 342 344 369
f 342 369 365
f 1976 1963 1975
f 1976 1964 1963
f 340 342 365
f 1977 1964 1976
f 1977 1965 1964
f 338 340 365
f 338 365 367
f 1978 1965 1977
f 1978 1966 1965
f 1979 338 367
f 1979 367 1971
f 1980 1966 1978
f 1980 1967 1966
f 1981 1979 1971
f 1981 1971 1970
f 1982 1968 1967
f 1982 1967 1980
f 1983 1969 1968
f 1983 1970 1969
f 1983 1968 1982
f 1983 1981 1970
f 1346 363 364
f 1346 1972 363
f 1347 1973 1972
f 1347 1972 1346
f 1344 1974 1973
f 1344 1973 1347
f 1341 1975 1974
f 1341 1974 1344
f 1338 1976 1975
f 1338 1977 1976
f 1338 1975 1341
f 1336 1977 1338
f 1335 1978 1977
f 1335 1977 1336
f 1332 1980 1978
f 1332 1978 1335
f 1331 1982 1980
f 1331 1980 1332
f 1329 1983 1982
f 1329 1981 1983
f 1329 1982 1331
f 1324 1979 1981
f 1324 1981 1329
f 1320 1979 1324
f 339 338 1979
f 339 1979 1320
f 1984 336 335
f 1984 1486 336
f 1985 1487 1486
f 1985 1486 1984
f 1986 1488 1487
f 1986 1487 1985
f 1987 1489 1488
f 1987 1488 1986
f 1988 1495 1490
f 1988 1490 1489
f 1988 1489 1987
f 1989 1495 1988
f 1990 1494 1495
f 1990 1495 1989
f 1991 1493 1494
f 1991 1494 1990
f 1992 1491 1493
f 1992 1493 1991
f 1993 1492 1491
f 1993 1491 1992
f 1994 1497 1492
f 1994 1492 1993
f 1995 1496 1497
f 1995 1497 1994
f 311 310 1496
f 311 1496 1995
f 327 297 300
f 327 300 302
f 327 302 329
f 331 302 304
f 331 329 302
f 325 297 327
f 333 304 305
f 333 331 304
f 323 296 297
f 323 297 325
f 335 305 307
f 335 333 305
f 321 294 296
f 321 296 323
f 1984 307 1996
f 1984 1996 1997
f 1984 335 307
f 319 292 294
f 319 294 321
f 1985 1984 1997
f 317 289 292
f 317 292 319
f 1986 1985 1997
f 1986 1997 1998
f 315 289 317
f 288 289 315
f 313 288 315
f 1999 1986 1998
f 1999 1987 1986
f 286 288 313
f 286 313 309
f 2000 1987 1999
f 2000 1988 1987
f 284 286 309
f 2001 1988 2000
f 2001 1989 1988
f 282 284 309
f 282 309 311
f 2002 1989 2001
f 2002 1990 1989
f 2003 282 311
f 2003 311 1995
f 2004 1990 2002
f 2004 1991 1990
f 2005 2003 1995
f 2005 1995 1994
f 2006 1992 1991
f 2006 1991 2004
f 2007 1993 1992
f 2007 1994 1993
f 2007 1992 2006
f 2007 2005 1994
f 1337 307 308
f 1337 1996 307
f 1340 1997 1996
f 1340 1996 1337
f 1343 1998 1997
f 1343 1997 1340
f 1348 1999 1998
f 1348 1998 1343
f 1349 2000 1999
f 1349 2001 2000
f 1349 1999 1348
f 1350 2001 1349
f 1334 2002 2001
f 1334 2001 1350
f 1333 2004 2002
f 1333 2002 1334
f 1330 2006 2004
f 1330 2004 1333
f 1328 2007 2006
f 1328 2005 2007
f 1328 2006 1330
f 1323 2003 2005
f 1323 2005 1328
f 1319 2003 1323
f 283 282 2003
f 283 2003 1319
f 2008 280 279
f 2008 1412 280
f 2009 1414 1412
f 2009 1412 2008
f 2010 1416 1414
f 2010 1414 2009
f 2011 1424 1416
f 2011 1416 2010
f 2012 1422 1423
f 2012 1423 1424
f 2012 1424 2011
f 2013 1422 2012
f 2014 1420 1422
f 2014 1422 2013
f 2015 1421 1420
f 2015 1420 2014
f 2016 1434 1421
f 2016 1421 2015
f 2017 1433 1434
f 2017 1434 2016
f 2018 1432 1433
f 2018 1433 2017
f 2019 1431 1432
f 2019 1432 2018
f 255 254 1431
f 255 1431 2019
f 271 241 244
f 271 244 246
f 271 246 273
f 275 246 248
f 275 273 246
f 269 241 271
f 277 248 249
f 277 275 248
f 267 240 241
f 267 241 269
f 279 249 251
f 279 277 249
f 265 238 240
f 265 240 267
f 2008 251 2020
f 2008 2020 2021
f 2008 279 251
f 263 236 238
f 263 238 265
f 2009 2008 2021
f 261 233 236
f 261 236 263
f 2010 2009 2021
f 2010 2021 2022
f 259 233 261
f 232 233 259
f 257 232 259
f 2023 2010 2022
f 2023 2011 2010
f 230 232 257
f 230 257 253
f 2024 2011 2023
f 2024 2012 2011
f 228 230 253
f 2025 2012 2024
f 2025 2013 2012
f 226 228 253
f 226 253 255
f 2026 2013 2025
f 2026 2014 2013
f 2027 226 255
f 2027 255 2019
f 2028 2014 2026
f 2028 2015 2014
f 2029 2027 2019
f 2029 2019 2018
f 2030 2016 2015
f 2030 2015 2028
f 2031 2017 2016
f 2031 2018 2017
f 2031 2016 2030
f 2031 2029 2018
f 1307 251 252
f 1307 2020 251
f 1308 2021 2020
f 1308 2020 1307
f 1309 2022 2021
f 1309 2021 1308
f 1310 2023 2022
f 1310 2022 1309
f 1311 2024 2023
f 1311 2025 2024
f 1311 2023 1310
f 1306 2025 1311
f 1305 2026 2025
f 1305 2025 1306
f 1304 2028 2026
f 1304 2026 1305
f 1303 2030 2028
f 1303 2028 1304
f 1302 2031 2030
f 1302 2029 2031
f 1302 2030 1303
f 1300 2027 2029
f 1300 2029 1302
f 1298 2027 1300
f 227 226 2027
f 227 2027 1298
f 2032 224 223
f 2032 1411 224
f 2033 1413 1411
f 2033 1411 2032
f 2034 1415 1413
f 2034 1413 2033
f 2035 1417 1415
f 2035 1415 2034
f 2036 1436 1437
f 2036 1437 1417
f 2036 1417 2035
f 2037 1436 2036
f 2038 1429 1436
f 2038 1436 2037
f 2039 1428 1429
f 2039 1429 2038
f 2040 1427 1428
f 2040 1428 2039
f 2041 1426 1427
f 2041 1427 2040
f 2042 1419 1426
f 2042 1426 2041
f 2043 1418 1419
f 2043 1419 2042
f 199 198 1418
f 199 1418 2043
f 215 185 188
f 215 188 190
f 215 190 217
f 219 190 192
f 219 217 190
f 213 185 215
f 221 192 193
f 221 219 192
f 211 184 185
f 211 185 213
f 223 193 195
f 223 221 193
f 209 182 184
f 209 184 211
f 2032 195 2044
f 2032 2044 2045
f 2032 223 195
f 207 180 182
f 207 182 209
f 2033 2032 2045
f 205 177 180
f 205 180 207
f 2034 2033 2045
f 2034 2045 2046
f 203 177 205
f 176 177 203
f 201 176 203
f 2047 2034 2046
f 2047 2035 2034
f 174 176 201
f 174 201 197
f 2048 2035 2047
f 2048 2036 2035
f 172 174 197
f 2049 2036 2048
f 2049 2037 2036
f 170 172 197
f 170 197 199
f 2050 2037 2049
f 2050 2038 2037
f 2051 170 199
f 2051 199 2043
f 2052 2038 2050
f 2052 2039 2038
f 2053 2051 2043
f 2053 2043 2042
f 2054 2040 2039
f 2054 2039 2052
f 2055 2041 2040
f 2055 2042 2041
f 2055 2040 2054
f 2055 2053 2042
f 1291 195 196
f 1291 2044 195
f 1290 2045 2044
f 1290 2044 1291
f 1289 2046 2045
f 1289 2045 1290
f 1288 2047 2046
f 1288 2046 1289
f 1282 2048 2047
f 1282 2049 2048
f 1282 2047 1288
f 1279 2049 1282
f 1276 2050 2049
f 1276 2049 1279
f 1274 2052 2050
f 1274 2050 1276
f 1273 2054 2052
f 1273 2052 1274
f 1271 2055 2054
f 1271 2053 2055
f 1271 2054 1273
f 1270 2051 2053
f 1270 2053 1271
f 1272 2051 1270
f 171 170 2051
f 171 2051 1272
f 2056 168 167
f 2056 1366 168
f 2057 1367 1366
f 2057 1366 2056
f 2058 1370 1367
f 2058 1367 2057
f 2059 1368 1370
f 2059 1370 2058
f 2060 1371 1369
f 2060 1369 1368
f 2060 1368 2059
f 2061 1371 2060
f 2062 1372 1371
f 2062 1371 2061
f 2063 1377 1372
f 2063 1372 2062
f 2064 1375 1377
f 2064 1377 2063
f 2065 1376 1375
f 2065 1375 2064
f 2066 1374 1376
f 2066 1376 2065
f 2067 1373 1374
f 2067 1374 2066
f 143 142 1373
f 143 1373 2067
f 159 129 132
f 159 132 134
f 159 134 161
f 163 134 136
f 163 161 134
f 157 129 159
f 165 136 137
f 165 163 136
f 155 128 129
f 155 129 157
f 167 137 139
f 167 165 137
f 153 126 128
f 153 128 155
f 2056 139 2068
f 2056 2068 2069
f 2056 167 139
f 151 124 126
f 151 126 153
f 2057 2056 2069
f 149 121 124
f 149 124 151
f 2058 2057 2069
f 2058 2069 2070
f 147 121 149
f 120 121 147
f 145 120 147
f 2071 2058 2070
f 2071 2059 2058
f 118 120 145
f 118 145 141
f 2072 2059 2071
f 2072 2060 2059
f 116 118 141
f 2073 2060 2072
f 2073 2061 2060
f 114 116 141
f 114 141 143
f 2074 2061 2073
f 2074 2062 2061
f 2075 114 143
f 2075 143 2067
f 2076 2062 2074
f 2076 2063 2062
f 2077 2075 2067
f 2077 2067 2066
f 2078 2064 2063
f 2078 2063 2076
f 2079 2065 2064
f 2079 2066 2065
f 2079 2064 2078
f 2079 2077 2066
f 1245 139 140
f 1245 2068 139
f 1257 2069 2068
f 1257 2068 1245
f 1258 2070 2069
f 1258 2069 1257
f 1259 2071 2070
f 1259 2070 1258
f 1260 2072 2071
f 1260 2073 2072
f 1260 2071 1259
f 1244 2073 1260
f 1243 2074 2073
f 1243 2073 1244
f 1242 2076 2074
f 1242 2074 1243
f 1241 2078 2076
f 1241 2076 1242
f 1240 2079 2078
f 1240 2077 2079
f 1240 2078 1241
f 1239 2075 2077
f 1239 2077 1240
f 1237 2075 1239
f 115 114 2075
f 115 2075 1237
f 2080 112 111
f 2080 1378 112
f 2081 1379 1378
f 2081 1378 2080
f 2082 1380 1379
f 2082 1379 2081
f 2083 1381 1380
f 2083 1380 2082
f 2084 1384 1381
f 2084 1381 2083
f 2085 1382 1384
f 2085 1384 2084
f 2086 1383 1382
f 2086 1382 2085
f 2087 1389 1383
f 2087 1383 2086
f 2088 1388 1389
f 2088 1389 2087
f 2089 1387 1388
f 2089 1388 2088
f 2090 1386 1387
f 2090 1387 2089
f 2091 86 1385
f 2091 1385 1386
f 2091 1386 2090
f 87 86 2091
f 103 73 76
f 103 76 78
f 103 78 105
f 107 78 80
f 107 105 78
f 101 73 103
f 109 80 81
f 109 107 80
f 99 72 73
f 99 73 101
f 111 81 83
f 111 109 81
f 97 70 72
f 97 72 99
f 2080 83 2092
f 2080 2092 2093
f 2080 111 83
f 95 68 70
f 95 70 97
f 2081 2080 2093
f 93 65 68
f 93 68 95
f 2082 2081 2093
f 2082 2093 2094
f 91 65 93
f 64 65 91
f 89 64 91
f 2095 2082 2094
f 2095 2083 2082
f 62 64 89
f 62 89 85
f 2096 2083 2095
f 2096 2084 2083
f 60 62 85
f 2097 2084 2096
f 2097 2085 2084
f 58 60 85
f 58 85 87
f 2098 2085 2097
f 2098 2086 2085
f 2099 58 87
f 2099 87 2091
f 2100 2086 2098
f 2100 2087 2086
f 2101 2099 2091
f 2101 2091 2090
f 2102 2088 2087
f 2102 2087 2100
f 2103 2089 2088
f 2103 2090 2089
f 2103 2088 2102
f 2103 2101 2090
f 1254 83 84
f 1254 2092 83
f 1255 2093 2092
f 1255 2092 1254
f 1262 2094 2093
f 1262 2093 1255
f 1263 2095 2094
f 1263 2094 1262
f 1264 2096 2095
f 1264 2097 2096
f 1264 2095 1263
f 1252 2097 1264
f 1247 2098 2097
f 1247 2097 1252
f 1246 2100 2098
f 1246 2098 1247
f 1248 2102 2100
f 1248 2100 1246
f 1249 2103 2102
f 1249 2101 2103
f 1249 2102 1248
f 1250 2099 2101
f 1250 2101 1249
f 1251 2099 1250
f 59 58 2099
f 59 2099 1251
f 1321 56 55
f 1321 1468 56
f 1325 1470 1468
f 1325 1468 1321
f 1326 1471 1470
f 1326 1470 1325
f 1327 1476 1471
f 1327 1471 1326
f 1322 1477 1476
f 1322 1476 1327
f 1318 1478 1477
f 1318 1477 1322
f 1317 1479 1478
f 1317 1478 1318
f 1316 1480 1479
f 1316 1479 1317
f 1315 1484 1481
f 1315 1481 1480
f 1315 1480 1316
f 1314 1484 1315
f 1313 1483 1484
f 1313 1484 1314
f 1312 1482 1483
f 1312 1483 1313
f 31 30 1482
f 31 1482 1312
f 1528 28 27
f 1528 1570 28
f 1530 1572 1570
f 1530 1570 1528
f 1536 1575 1572
f 1536 1572 1530
f 1537 1578 1575
f 1537 1575 1536
f 1544 1587 1578
f 1544 1578 1537
f 1542 1586 1587
f 1542 1587 1544
f 1541 1585 1586
f 1541 1586 1542
f 1524 1584 1585
f 1524 1585 1541
f 1523 1582 1583
f 1523 1583 1584
f 1523 1584 1524
f 1522 1582 1523
f 1519 1580 1582
f 1519 1582 1522
f 1515 1581 1580
f 1515 1580 1519
f 3 2 1581
f 3 1581 1515
f 2104 2105 2106
f 2107 2106 2108
f 2107 2104 2106
f 2109 2108 2110
f 2109 2107 2108
f 2111 2110 2112
f 2111 2109 2110
f 2113 2112 2114
f 2113 2111 2112
f 2115 2114 2116
f 2115 2113 2114
f 2117 2116 2118
f 2117 2115 2116
f 2119 2117 2118
f 2120 2118 2121
f 2120 2121 2122
f 2120 2119 2118
f 2123 2122 2124
f 2125 2123 2124
f 2126 2122 2123
f 2127 2122 2126
f 2128 2125 2124
f 2129 2128 2124
f 2130 2129 2124
f 2131 2130 2124
f 2132 2120 2122
f 2133 2131 2124
f 2133 2134 2131
f 2135 2122 2127
f 2135 2132 2122
f 2136 2132 2135
f 2137 2132 2136
f 2137 2136 2138
f 2137 2138 2139
f 2140 2137 2139
f 2141 2142 2133
f 2143 2137 2140
f 2144 2137 2143
f 2145 2137 2144
f 2146 2145 2147
f 2146 2147 2148
f 2146 2137 2145
f 2149 2150 2141
f 2151 2150 2149
f 2152 2146 2153
f 2154 2155 2156
f 2154 2152 2155
f 2150 2142 2141
f 2142 2134 2133
f 2148 2153 2146
f 2153 2155 2152
f 2157 2158 2159
f 2160 2157 2159
f 2161 2157 2160
f 2162 2161 2160
f 2163 2161 2162
f 2164 2163 2162
f 2165 2163 2164
f 2166 2165 2164
f 2167 2165 2166
f 2168 2167 2166
f 2169 2167 2168
f 2170 2169 2168
f 2171 2169 2170
f 2172 2171 2170
f 2173 2171 2172
f 2174 2175 2173
f 2174 2173 2172
f 2176 2177 2175
f 2176 2175 2174
f 2178 2179 2177
f 2178 2177 2176
f 2180 2181 2179
f 2180 2179 2178
f 2182 2183 2181
f 2182 2181 2180
f 2184 2185 2183
f 2184 2183 2182
f 2186 2187 2188
f 2189 2186 2188
f 2190 2186 2189
f 2191 2190 2189
f 2192 2190 2191
f 2193 2192 2191
f 2194 2192 2193
f 2195 2194 2193
f 2196 2194 2195
f 2197 2196 2195
f 2198 2196 2197
f 2199 2198 2197
f 2200 2198 2199
f 2201 2200 2199
f 2202 2200 2201
f 2203 2202 2201
f 2204 2202 2203
f 2205 2204 2203
f 2206 2204 2205
f 2207 2206 2205
f 2208 2209 2206
f 2208 2206 2207
f 2210 2209 2208
f 2211 2210 2208
f 2212 2213 2210
f 2212 2210 2211
f 2187 2169 2171
f 2186 2167 2169
f 2186 2169 2187
f 2190 2165 2167
f 2190 2167 2186
f 2192 2163 2165
f 2192 2165 2190
f 2194 2161 2163
f 2194 2163 2192
f 2196 2157 2161
f 2196 2161 2194
f 2198 2158 2157
f 2198 2157 2196
f 2200 2214 2158
f 2200 2158 2198
f 2202 2215 2214
f 2202 2214 2200
f 2204 2216 2215
f 2204 2215 2202
f 2206 2217 2216
f 2206 2216 2204
f 2209 2218 2217
f 2209 2217 2206
f 2210 2219 2218
f 2210 2218 2209
f 2213 2220 2219
f 2213 2219 2210
f 2221 2222 2223
f 2224 2221 2223
f 2225 2224 2223
f 2226 2227 2225
f 2226 2223 2228
f 2226 2225 2223
f 2229 2226 2228
f 2230 2228 2231
f 2230 2229 2228
f 2232 2231 2233
f 2232 2230 2231
f 2234 2233 2235
f 2234 2232 2233
f 2236 2235 2237
f 2236 2234 2235
f 2238 2237 2239
f 2238 2239 2240
f 2238 2236 2237
f 2241 2238 2240
f 2242 2240 2243
f 2244 2241 2240
f 2244 2240 2242
f 2245 2241 2244
f 2246 2241 2245
f 2247 2241 2246
f 2248 2239 2237
f 2249 2237 2250
f 2249 2248 2237
f 2251 2250 2252
f 2251 2249 2250
f 2253 2252 2254
f 2253 2251 2252
f 2255 2254 2256
f 2255 2256 2257
f 2255 2253 2254
f 2258 2255 2257
f 2259 2257 2260
f 2259 2258 2257
f 2261 2259 2260
f 2262 2261 2260
f 2263 2260 2264
f 2263 2262 2260
f 2265 2263 2264
f 2266 2265 2264
f 2231 2228 2267
f 2268 2269 2270
f 2268 2270 2271
f 2250 2237 2235
f 2252 2250 2235
f 2254 2252 2235
f 2260 2257 2272
f 2264 2260 2272
f 2273 2233 2231
f 2273 2267 2274
f 2273 2274 2275
f 2273 2231 2267
f 2276 2275 2277
f 2276 2277 2269
f 2276 2268 2278
f 2276 2269 2268
f 2276 2273 2275
f 2279 2256 2254
f 2279 2235 2233
f 2279 2233 2273
f 2279 2254 2235
f 2280 2257 2256
f 2280 2278 2272
f 2280 2279 2273
f 2280 2276 2278
f 2280 2273 2276
f 2280 2256 2279
f 2280 2272 2257
f 2267 2228 2223
f 2267 2223 2281
f 2274 2281 2282
f 2274 2267 2281
f 2275 2282 2283
f 2275 2274 2282
f 2277 2283 2284
f 2277 2275 2283
f 2269 2284 2285
f 2269 2277 2284
f 2270 2285 2286
f 2270 2269 2285
f 2271 2286 2287
f 2271 2270 2286
f 2288 2226 2229
f 2288 2229 2289
f 2290 2289 2291
f 2290 2288 2289
f 2292 2291 2293
f 2292 2290 2291
f 2294 2293 2295
f 2294 2292 2293
f 2296 2295 2297
f 2296 2294 2295
f 2298 2297 2299
f 2298 2296 2297
f 2300 2299 2301
f 2300 2298 2299
f 2234 2236 2302
f 2303 2304 2305
f 2303 2305 2306
f 2289 2229 2230
f 2291 2289 2230
f 2293 2291 2230
f 2299 2297 2307
f 2301 2299 2307
f 2308 2302 2309
f 2308 2309 2310
f 2308 2310 2311
f 2308 2232 2234
f 2308 2234 2302
f 2312 2311 2304
f 2312 2303 2313
f 2312 2308 2311
f 2312 2304 2303
f 2314 2230 2232
f 2314 2232 2308
f 2314 2293 2230
f 2315 2313 2307
f 2315 2295 2293
f 2315 2297 2295
f 2315 2314 2308
f 2315 2293 2314
f 2315 2312 2313
f 2315 2308 2312
f 2315 2307 2297
f 2236 2238 2316
f 2236 2316 2317
f 2302 2317 2318
f 2302 2236 2317
f 2309 2302 2318
f 2319 2309 2318
f 2310 2309 2319
f 2311 2319 2320
f 2311 2310 2319
f 2304 2320 2321
f 2304 2311 2320
f 2305 2321 2322
f 2305 2322 2323
f 2305 2304 2321
f 2306 2323 2324
f 2306 2324 2325
f 2306 2305 2323
f 2326 2241 2327
f 2326 2327 2328
f 2329 2238 2241
f 2329 2316 2238
f 2329 2241 2326
f 2330 2328 2331
f 2330 2331 2318
f 2330 2326 2328
f 2332 2317 2316
f 2332 2318 2317
f 2332 2326 2330
f 2332 2330 2318
f 2332 2316 2329
f 2332 2329 2326
f 2333 2334 2247
f 2335 2333 2247
f 2336 2333 2335
f 2241 2247 2334
f 2337 2336 2335
f 2327 2241 2334
f 2328 2327 2334
f 2331 2328 2334
f 2338 2337 2335
f 2339 2338 2335
f 2340 2338 2339
f 2341 2340 2339
f 2342 2341 2339
f 2343 2341 2342
f 2344 2342 2345
f 2344 2343 2342
f 2346 2345 2347
f 2346 2344 2345
f 2348 2346 2347
f 2349 2348 2350
f 2349 2346 2348
f 2351 2350 2352
f 2351 2349 2350
f 2246 2353 2247
f 2246 2354 2353
f 2153 2148 2355
f 2356 2244 2242
f 2357 2358 2354
f 2357 2359 2358
f 2357 2360 2359
f 2357 2355 2360
f 2357 2354 2246
f 2357 2153 2355
f 2361 2246 2245
f 2361 2357 2246
f 2362 2245 2363
f 2362 2357 2361
f 2362 2153 2357
f 2362 2361 2245
f 2364 2155 2153
f 2364 2365 2155
f 2364 2363 2365
f 2364 2362 2363
f 2364 2153 2362
f 2366 2156 2155
f 2366 2155 2365
f 2366 2365 2363
f 2367 2156 2366
f 2368 2367 2244
f 2368 2244 2356
f 2369 2370 2356
f 2369 2356 2242
f 2371 2372 2373
f 2371 2373 2370
f 2371 2370 2369
f 2371 2369 2242
f 2374 2375 2372
f 2374 2376 2375
f 2374 2377 2376
f 2374 2378 2377
f 2379 2245 2244
f 2379 2366 2363
f 2379 2363 2245
f 2379 2367 2366
f 2379 2244 2367
f 2380 2373 2156
f 2380 2156 2367
f 2380 2367 2368
f 2381 2368 2356
f 2381 2373 2380
f 2381 2356 2370
f 2381 2370 2373
f 2381 2380 2368
f 2382 2242 2243
f 2382 2371 2242
f 2383 2384 2378
f 2383 2385 2384
f 2383 2386 2385
f 2383 2243 2386
f 2383 2378 2374
f 2383 2382 2243
f 2383 2374 2382
f 2387 2371 2382
f 2387 2374 2372
f 2387 2372 2371
f 2387 2382 2374
f 2388 2240 2389
f 2388 2389 2390
f 2388 2390 2391
f 2388 2243 2240
f 2392 2243 2388
f 2393 2392 2388
f 2394 2392 2393
f 2395 2394 2393
f 2396 2394 2395
f 2397 2396 2395
f 2398 2397 2399
f 2398 2396 2397
f 2400 2398 2399
f 2401 2398 2400
f 2402 2401 2400
f 2403 2401 2402
f 2404 2403 2402
f 2405 2403 2404
f 2406 2404 2407
f 2406 2405 2404
f 2408 2407 2409
f 2408 2406 2407
f 2410 2409 2411
f 2410 2408 2409
f 2412 2239 2248
f 2413 2240 2239
f 2413 2389 2240
f 2413 2390 2389
f 2413 2239 2412
f 2414 2249 2251
f 2414 2248 2249
f 2414 2412 2248
f 2415 2251 2391
f 2415 2391 2390
f 2415 2414 2251
f 2415 2390 2413
f 2415 2413 2412
f 2415 2412 2414
f 2416 2266 2264
f 2417 2266 2416
f 2266 2263 2265
f 2266 2262 2263
f 2266 2261 2262
f 2266 2259 2261
f 2266 2258 2259
f 2255 2258 2266
f 2253 2255 2266
f 2418 2266 2417
f 2418 2251 2253
f 2418 2391 2251
f 2418 2253 2266
f 2419 2418 2420
f 2421 2391 2418
f 2421 2418 2419
f 2422 2388 2391
f 2422 2391 2421
f 2271 2423 2424
f 2268 2424 2425
f 2268 2271 2424
f 2278 2425 2426
f 2278 2268 2425
f 2272 2426 2416
f 2272 2278 2426
f 2264 2272 2416
f 2423 2287 2427
f 2423 2271 2287
f 2227 2226 2288
f 2281 2223 2222
f 2428 2298 2300
f 2287 2286 2429
f 2430 2224 2225
f 2430 2225 2227
f 2430 2292 2294
f 2430 2290 2292
f 2430 2288 2290
f 2430 2227 2288
f 2431 2282 2281
f 2431 2283 2282
f 2431 2222 2221
f 2431 2221 2224
f 2431 2281 2222
f 2431 2224 2430
f 2432 2296 2298
f 2432 2294 2296
f 2432 2428 2433
f 2432 2433 2434
f 2432 2430 2294
f 2432 2298 2428
f 2435 2284 2283
f 2435 2285 2284
f 2435 2286 2285
f 2435 2434 2429
f 2435 2431 2430
f 2435 2283 2431
f 2435 2430 2432
f 2435 2432 2434
f 2435 2429 2286
f 2436 2300 2301
f 2437 2300 2436
f 2303 2306 2438
f 2303 2438 2439
f 2313 2439 2440
f 2313 2303 2439
f 2307 2440 2441
f 2307 2313 2440
f 2301 2441 2436
f 2301 2307 2441
f 2438 2306 2325
f 2438 2325 2442
f 2443 2334 2444
f 2445 2446 2447
f 2445 2443 2446
f 2331 2334 2443
f 2331 2443 2445
f 2318 2331 2445
f 2319 2318 2445
f 2325 2320 2319
f 2325 2445 2442
f 2325 2319 2445
f 2323 2325 2324
f 2321 2320 2325
f 2322 2325 2323
f 2322 2321 2325
f 2448 2351 2352
f 2449 2351 2448
f 2136 2135 2450
f 2350 2451 2352
f 2348 2451 2350
f 2355 2148 2147
f 2360 2147 2145
f 2360 2355 2147
f 2353 2354 2335
f 2247 2353 2335
f 2452 2453 2451
f 2452 2450 2453
f 2452 2138 2136
f 2452 2139 2138
f 2452 2345 2342
f 2452 2347 2345
f 2452 2348 2347
f 2452 2136 2450
f 2452 2451 2348
f 2454 2140 2139
f 2454 2143 2140
f 2454 2342 2339
f 2454 2452 2342
f 2454 2139 2452
f 2455 2144 2143
f 2455 2145 2144
f 2455 2354 2358
f 2455 2358 2359
f 2455 2359 2360
f 2455 2339 2335
f 2455 2143 2454
f 2455 2454 2339
f 2455 2360 2145
f 2455 2335 2354
f 2346 2349 2351
f 2344 2346 2351
f 2343 2344 2351
f 2449 2343 2351
f 2456 2449 2457
f 2458 2449 2456
f 2459 2449 2458
f 2460 2341 2343
f 2460 2343 2449
f 2460 2449 2459
f 2461 2340 2341
f 2461 2341 2460
f 2462 2338 2340
f 2462 2340 2461
f 2463 2337 2338
f 2463 2338 2462
f 2464 2336 2337
f 2464 2333 2336
f 2464 2337 2463
f 2444 2334 2333
f 2444 2333 2464
f 2465 2375 2376
f 2465 2376 2377
f 2378 2465 2377
f 2392 2385 2386
f 2392 2386 2243
f 2394 2384 2385
f 2394 2385 2392
f 2466 2467 2468
f 2466 2469 2467
f 2408 2470 2406
f 2410 2470 2408
f 2471 2378 2384
f 2471 2472 2465
f 2471 2473 2472
f 2471 2474 2473
f 2471 2396 2398
f 2471 2394 2396
f 2471 2465 2378
f 2471 2384 2394
f 2475 2476 2474
f 2475 2468 2476
f 2475 2477 2466
f 2475 2470 2477
f 2475 2405 2406
f 2475 2403 2405
f 2475 2401 2403
f 2475 2398 2401
f 2475 2474 2471
f 2475 2466 2468
f 2475 2406 2470
f 2475 2471 2398
f 2478 2151 2149
f 2479 2478 2149
f 2480 2481 2479
f 2482 2483 2480
f 2484 2482 2480
f 2373 2154 2156
f 2485 2154 2373
f 2486 2487 2488
f 2486 2488 2489
f 2486 2489 2484
f 2486 2484 2480
f 2490 2487 2486
f 2491 2490 2486
f 2492 2491 2486
f 2493 2485 2372
f 2494 2492 2486
f 2494 2495 2492
f 2465 2493 2375
f 2469 2495 2494
f 2496 2493 2465
f 2496 2465 2472
f 2496 2472 2473
f 2496 2473 2474
f 2496 2474 2476
f 2496 2476 2468
f 2497 2494 2498
f 2497 2469 2494
f 2497 2496 2468
f 2497 2468 2467
f 2497 2467 2469
f 2499 2498 2500
f 2499 2497 2498
f 2501 2500 2502
f 2501 2499 2500
f 2503 2502 2504
f 2503 2501 2502
f 2505 2504 2506
f 2505 2503 2504
f 2507 2506 2508
f 2507 2505 2506
f 2509 2507 2508
f 2510 2508 2511
f 2510 2511 2512
f 2510 2509 2508
f 2513 2512 2105
f 2513 2510 2512
f 2104 2513 2105
f 2373 2372 2485
f 2372 2375 2493
f 2483 2481 2480
f 2481 2478 2479
f 2514 2410 2411
f 2514 2411 2515
f 2516 2388 2422
f 2516 2393 2388
f 2517 2393 2516
f 2411 2402 2400
f 2411 2404 2402
f 2411 2407 2404
f 2411 2409 2407
f 2518 2395 2393
f 2518 2393 2517
f 2519 2397 2395
f 2519 2395 2518
f 2520 2399 2397
f 2520 2397 2519
f 2521 2400 2399
f 2521 2399 2520
f 2522 2411 2400
f 2522 2400 2521
f 2515 2523 2524
f 2515 2522 2523
f 2515 2411 2522
f 2525 2515 2524
f 2526 2527 2528
f 2526 2529 2527
f 2526 2427 2529
f 2437 2423 2427
f 2437 2427 2526
f 2436 2424 2423
f 2436 2423 2437
f 2441 2424 2436
f 2440 2425 2424
f 2440 2424 2441
f 2439 2426 2425
f 2439 2416 2426
f 2439 2425 2440
f 2438 2416 2439
f 2442 2417 2416
f 2442 2416 2438
f 2445 2418 2417
f 2445 2417 2442
f 2418 2530 2531
f 2418 2531 2532
f 2418 2532 2420
f 2445 2533 2530
f 2445 2447 2534
f 2445 2534 2535
f 2445 2535 2533
f 2445 2530 2418
f 2530 2536 2537
f 2531 2537 2538
f 2531 2538 2419
f 2531 2530 2537
f 2532 2531 2419
f 2420 2532 2419
f 2539 2538 2537
f 2539 2419 2538
f 2540 2541 2421
f 2540 2421 2419
f 2540 2419 2539
f 2542 2537 2536
f 2542 2539 2537
f 2543 2536 2544
f 2543 2544 2545
f 2543 2545 2541
f 2543 2541 2540
f 2543 2540 2539
f 2543 2542 2536
f 2543 2539 2542
f 2516 2422 2546
f 2547 2516 2546
f 2517 2516 2547
f 2544 2546 2422
f 2518 2517 2547
f 2545 2544 2422
f 2541 2545 2422
f 2421 2541 2422
f 2519 2518 2547
f 2548 2519 2547
f 2520 2519 2548
f 2521 2520 2548
f 2549 2521 2548
f 2522 2521 2549
f 2523 2549 2550
f 2523 2522 2549
f 2524 2550 2551
f 2524 2523 2550
f 2552 2524 2551
f 2525 2552 2553
f 2525 2524 2552
f 2515 2553 2514
f 2515 2525 2553
f 2428 2300 2437
f 2428 2437 2526
f 2428 2526 2528
f 2433 2528 2527
f 2433 2428 2528
f 2434 2527 2529
f 2434 2433 2527
f 2429 2529 2427
f 2429 2434 2529
f 2287 2429 2427
f 2444 2554 2555
f 2444 2555 2556
f 2444 2556 2443
f 2444 2557 2554
f 2558 2557 2444
f 2464 2558 2444
f 2559 2558 2464
f 2463 2559 2464
f 2560 2559 2463
f 2462 2560 2463
f 2561 2462 2461
f 2561 2560 2462
f 2460 2561 2461
f 2562 2561 2460
f 2459 2562 2460
f 2563 2562 2459
f 2458 2563 2459
f 2564 2563 2458
f 2565 2458 2456
f 2565 2564 2458
f 2566 2456 2457
f 2566 2565 2456
f 2448 2457 2449
f 2448 2566 2457
f 2567 2446 2443
f 2567 2443 2556
f 2568 2569 2570
f 2568 2570 2446
f 2568 2446 2567
f 2571 2555 2554
f 2571 2556 2555
f 2571 2567 2556
f 2572 2554 2573
f 2572 2573 2569
f 2572 2569 2568
f 2572 2568 2567
f 2572 2571 2554
f 2572 2567 2571
f 2569 2573 2533
f 2569 2533 2535
f 2570 2569 2535
f 2446 2534 2447
f 2446 2535 2534
f 2446 2570 2535
f 2451 2448 2352
f 2451 2574 2448
f 2451 2575 2574
f 2453 2576 2575
f 2453 2575 2451
f 2450 2127 2576
f 2450 2576 2453
f 2135 2127 2450
f 2469 2577 2495
f 2466 2578 2577
f 2466 2577 2469
f 2477 2579 2578
f 2477 2578 2466
f 2470 2514 2579
f 2470 2579 2477
f 2410 2514 2470
f 2580 2481 2483
f 2581 2582 2583
f 2546 2582 2581
f 2584 2585 2586
f 2587 2134 2142
f 2587 2588 2134
f 2587 2589 2588
f 2587 2590 2589
f 2591 2142 2150
f 2591 2150 2592
f 2593 2591 2592
f 2593 2586 2591
f 2593 2592 2584
f 2593 2584 2586
f 2594 2585 2584
f 2595 2585 2594
f 2596 2151 2478
f 2596 2597 2598
f 2596 2478 2597
f 2596 2595 2151
f 2599 2478 2481
f 2599 2598 2597
f 2599 2597 2478
f 2600 2601 2598
f 2600 2599 2481
f 2600 2598 2599
f 2602 2582 2601
f 2602 2601 2600
f 2603 2604 2583
f 2603 2605 2604
f 2603 2606 2605
f 2603 2580 2606
f 2603 2481 2580
f 2603 2583 2582
f 2603 2600 2481
f 2603 2582 2602
f 2603 2602 2600
f 2607 2608 2590
f 2607 2609 2608
f 2607 2610 2609
f 2607 2557 2610
f 2607 2590 2587
f 2611 2586 2557
f 2611 2557 2607
f 2611 2591 2586
f 2611 2607 2587
f 2612 2594 2584
f 2612 2592 2150
f 2612 2584 2592
f 2613 2150 2151
f 2613 2612 2150
f 2613 2595 2594
f 2613 2151 2595
f 2613 2594 2612
f 2614 2601 2585
f 2614 2595 2596
f 2614 2598 2601
f 2614 2596 2598
f 2614 2585 2595
f 2615 2587 2142
f 2615 2142 2591
f 2615 2611 2587
f 2615 2591 2611
f 2492 2495 2577
f 2553 2579 2514
f 2552 2579 2553
f 2580 2483 2482
f 2606 2482 2484
f 2606 2580 2482
f 2581 2583 2547
f 2546 2581 2547
f 2616 2550 2549
f 2616 2551 2550
f 2616 2552 2551
f 2616 2577 2578
f 2616 2578 2579
f 2616 2491 2492
f 2616 2490 2491
f 2616 2492 2577
f 2616 2579 2552
f 2617 2549 2548
f 2617 2487 2490
f 2617 2488 2487
f 2617 2616 2549
f 2617 2490 2616
f 2618 2583 2604
f 2618 2604 2605
f 2618 2605 2606
f 2618 2548 2547
f 2618 2489 2488
f 2618 2484 2489
f 2618 2488 2617
f 2618 2606 2484
f 2618 2547 2583
f 2618 2617 2548
f 2619 2496 2497
f 2620 2493 2496
f 2620 2496 2619
f 2621 2497 2499
f 2621 2619 2497
f 2622 2485 2493
f 2622 2493 2620
f 2623 2499 2501
f 2623 2621 2499
f 2624 2154 2485
f 2624 2485 2622
f 2159 2501 2503
f 2159 2623 2501
f 2625 2152 2154
f 2625 2154 2624
f 2160 2503 2505
f 2160 2159 2503
f 2626 2146 2152
f 2626 2152 2625
f 2162 2505 2507
f 2162 2160 2505
f 2627 2146 2626
f 2137 2146 2627
f 2164 2162 2507
f 2628 2137 2627
f 2509 2164 2507
f 2166 2164 2509
f 2132 2137 2628
f 2132 2628 2629
f 2510 2168 2166
f 2510 2166 2509
f 2120 2132 2629
f 2120 2629 2630
f 2513 2168 2510
f 2513 2170 2168
f 2119 2630 2184
f 2119 2120 2630
f 2104 2172 2170
f 2104 2170 2513
f 2117 2119 2184
f 2117 2184 2182
f 2107 2172 2104
f 2107 2174 2172
f 2115 2182 2180
f 2115 2117 2182
f 2109 2176 2174
f 2109 2174 2107
f 2113 2180 2178
f 2113 2115 2180
f 2111 2178 2176
f 2111 2113 2178
f 2111 2176 2109
f 2193 2511 2508
f 2195 2508 2506
f 2195 2193 2508
f 2191 2512 2511
f 2191 2511 2193
f 2197 2506 2504
f 2197 2195 2506
f 2189 2105 2512
f 2189 2512 2191
f 2199 2504 2502
f 2199 2197 2504
f 2188 2105 2189
f 2201 2502 2500
f 2201 2199 2502
f 2631 2106 2105
f 2631 2105 2188
f 2203 2500 2498
f 2203 2201 2500
f 2632 2108 2106
f 2632 2106 2631
f 2205 2498 2494
f 2205 2203 2498
f 2633 2110 2108
f 2633 2108 2632
f 2207 2205 2494
f 2486 2207 2494
f 2208 2207 2486
f 2112 2110 2633
f 2112 2633 2634
f 2635 2112 2634
f 2480 2208 2486
f 2211 2208 2480
f 2114 2112 2635
f 2479 2212 2211
f 2479 2211 2480
f 2116 2114 2635
f 2116 2635 2636
f 2116 2636 2637
f 2149 2212 2479
f 2118 2116 2637
f 2141 2212 2149
f 2141 2638 2212
f 2121 2637 2639
f 2121 2639 2640
f 2121 2118 2637
f 2133 2638 2141
f 2133 2641 2638
f 2122 2640 2642
f 2122 2121 2640
f 2124 2642 2641
f 2124 2641 2133
f 2124 2122 2642
f 2131 2134 2588
f 2131 2588 2589
f 2590 2131 2589
f 2558 2609 2610
f 2558 2610 2557
f 2559 2608 2609
f 2559 2609 2558
f 2576 2126 2123
f 2576 2127 2126
f 2566 2574 2565
f 2448 2574 2566
f 2643 2560 2561
f 2643 2559 2560
f 2643 2590 2608
f 2643 2130 2131
f 2643 2129 2130
f 2643 2128 2129
f 2643 2131 2590
f 2643 2608 2559
f 2644 2574 2575
f 2644 2575 2576
f 2644 2564 2565
f 2644 2563 2564
f 2644 2562 2563
f 2644 2561 2562
f 2644 2125 2128
f 2644 2123 2125
f 2644 2128 2643
f 2644 2643 2561
f 2644 2576 2123
f 2644 2565 2574
f 2533 2536 2530
f 2573 2536 2533
f 2554 2544 2536
f 2554 2536 2573
f 2582 2546 2544
f 2601 2582 2544
f 2585 2544 2554
f 2585 2601 2544
f 2586 2585 2554
f 2557 2586 2554
f 2645 2185 2184
f 2630 2645 2184
f 2646 2645 2630
f 2629 2646 2630
f 2647 2646 2629
f 2628 2647 2629
f 2648 2647 2628
f 2627 2648 2628
f 2649 2648 2627
f 2626 2649 2627
f 2650 2649 2626
f 2625 2650 2626
f 2220 2650 2625
f 2624 2220 2625
f 2219 2220 2624
f 2622 2218 2219
f 2622 2219 2624
f 2620 2217 2218
f 2620 2218 2622
f 2619 2216 2217
f 2619 2217 2620
f 2621 2215 2216
f 2621 2216 2619
f 2623 2214 2215
f 2623 2215 2621
f 2159 2158 2214
f 2159 2214 2623
f 2651 2213 2212
f 2638 2651 2212
f 2652 2651 2638
f 2641 2652 2638
f 2653 2652 2641
f 2642 2653 2641
f 2654 2653 2642
f 2640 2654 2642
f 2655 2654 2640
f 2639 2655 2640
f 2656 2655 2639
f 2637 2656 2639
f 2636 2657 2656
f 2636 2656 2637
f 2658 2657 2636
f 2635 2658 2636
f 2659 2658 2635
f 2634 2659 2635
f 2660 2659 2634
f 2633 2660 2634
f 2632 2661 2660
f 2632 2660 2633
f 2662 2661 2632
f 2631 2662 2632
f 2188 2187 2662
f 2188 2662 2631
f 2213 2650 2220
f 2651 2649 2650
f 2651 2650 2213
f 2652 2648 2649
f 2652 2649 2651
f 2653 2647 2648
f 2653 2648 2652
f 2654 2646 2647
f 2654 2647 2653
f 2655 2645 2646
f 2655 2646 2654
f 2656 2185 2645
f 2656 2645 2655
f 2657 2183 2185
f 2657 2185 2656
f 2658 2181 2183
f 2658 2183 2657
f 2659 2179 2181
f 2659 2181 2658
f 2660 2177 2179
f 2660 2179 2659
f 2661 2175 2177
f 2661 2177 2660
f 2662 2173 2175
f 2662 2175 2661
f 2187 2171 2173
f 2187 2173 2662
