# https://github.com/mikedh/trimesh

o geometry_1
v -145.84090000 18.42399000 131.50000000
v -147.00000000 0.00000000 148.10000000
v -145.84090000 18.42399000 148.10000000
v -147.00000000 0.00000000 131.50000000
v -142.38170000 36.55741000 131.50000000
v -142.38170000 36.55741000 148.10000000
v -136.67710000 54.11431000 131.50000000
v -136.67710000 54.11431000 148.10000000
v -128.81710000 70.81779000 131.50000000
v -128.81710000 70.81779000 148.10000000
v -118.92550000 86.40443000 131.50000000
v -118.92550000 86.40443000 148.10000000
v -107.15840000 100.62840000 131.50000000
v -107.15840000 100.62840000 148.10000000
v -93.70133000 113.26540000 131.50000000
v -93.70133000 113.26540000 148.10000000
v -78.76654000 124.11620000 131.50000000
v -78.76654000 124.11620000 148.10000000
v -62.58956000 133.00960000 131.50000000
v -62.58956000 133.00960000 148.10000000
v -45.42550000 139.80530000 131.50000000
v -45.42550000 139.80530000 148.10000000
v -27.54505000 144.39620000 131.50000000
v -27.54505000 144.39620000 148.10000000
v -9.23020600 146.70990000 131.50000000
v -9.23020600 146.70990000 148.10000000
v 9.23020600 146.70990000 131.50000000
v 9.23020600 146.70990000 148.10000000
v 27.54505000 144.39620000 131.50000000
v 27.54505000 144.39620000 148.10000000
v 45.42550000 139.80530000 131.50000000
v 45.42550000 139.80530000 148.10000000
v 62.58956000 133.00960000 131.50000000
v 62.58956000 133.00960000 148.10000000
v 78.76654000 124.11620000 131.50000000
v 78.76654000 124.11620000 148.10000000
v 93.70133000 113.26540000 148.10000000
v 93.70133000 113.26540000 131.50000000
v 107.15840000 100.62840000 131.50000000
v 107.15840000 100.62840000 148.10000000
v 118.92550000 86.40443000 131.50000000
v 118.92550000 86.40443000 148.10000000
v 128.81710000 70.81779000 131.50000000
v 128.81710000 70.81779000 148.10000000
v 136.67710000 54.11431000 131.50000000
v 136.67710000 54.11431000 148.10000000
v 142.38170000 36.55741000 148.10000000
v 142.38170000 36.55741000 131.50000000
v 145.84090000 18.42399000 131.50000000
v 145.84090000 18.42399000 148.10000000
v 147.00000000 -0.00000000 131.50000000
v 147.00000000 -0.00000000 148.10000000
v -156.25240000 18.97247000 148.10000000
v -157.40000000 0.00000000 155.10000000
v -156.25240000 18.97247000 155.10000000
v -157.40000000 0.00000000 148.10000000
v -152.82620000 37.66829000 148.10000000
v -152.82620000 37.66829000 155.10000000
v -147.17160000 55.81481000 148.10000000
v -147.17160000 55.81481000 155.10000000
v -139.37080000 73.14743000 148.10000000
v -139.37080000 73.14743000 155.10000000
v -129.53770000 89.41339000 148.10000000
v -129.53770000 89.41339000 155.10000000
v -117.81560000 104.37550000 148.10000000
v -117.81560000 104.37550000 155.10000000
v -104.37550000 117.81560000 148.10000000
v -104.37550000 117.81560000 155.10000000
v -89.41339000 129.53770000 148.10000000
v -89.41339000 129.53770000 155.10000000
v -73.14743000 139.37080000 148.10000000
v -73.14743000 139.37080000 155.10000000
v -55.81481000 147.17160000 148.10000000
v -55.81481000 147.17160000 155.10000000
v -37.66829000 152.82620000 148.10000000
v -37.66829000 152.82620000 155.10000000
v -18.97247000 156.25240000 148.10000000
v -18.97247000 156.25240000 155.10000000
v 0.00000000 157.40000000 148.10000000
v 0.00000000 157.40000000 155.10000000
v 18.97247000 156.25240000 148.10000000
v 18.97247000 156.25240000 155.10000000
v 37.66829000 152.82620000 148.10000000
v 37.66829000 152.82620000 155.10000000
v 55.81481000 147.17160000 148.10000000
v 55.81481000 147.17160000 155.10000000
v 73.14743000 139.37080000 155.10000000
v 73.14743000 139.37080000 148.10000000
v 89.41339000 129.53770000 148.10000000
v 89.41339000 129.53770000 155.10000000
v 104.37550000 117.81560000 148.10000000
v 104.37550000 117.81560000 155.10000000
v 117.81560000 104.37550000 155.10000000
v 117.81560000 104.37550000 148.10000000
v 129.53770000 89.41339000 148.10000000
v 129.53770000 89.41339000 155.10000000
v 139.37080000 73.14743000 148.10000000
v 139.37080000 73.14743000 155.10000000
v 147.17160000 55.81481000 148.10000000
v 147.17160000 55.81481000 155.10000000
v 152.82620000 37.66829000 155.10000000
v 152.82620000 37.66829000 148.10000000
v 156.25240000 18.97247000 148.10000000
v 156.25240000 18.97247000 155.10000000
v 157.40000000 -0.00000000 155.10000000
v 157.40000000 -0.00000000 148.10000000
v -165.00000000 0.00000000 155.10000000
v -165.00000000 0.00000000 161.40000000
v -163.88430000 19.15533000 161.40000000
v -163.88430000 19.15533000 155.10000000
v -160.55240000 38.05162000 161.40000000
v -160.55240000 38.05162000 155.10000000
v -155.04930000 56.43332000 161.40000000
v -155.04930000 56.43332000 155.10000000
v -147.44940000 74.05186000 161.40000000
v -147.44940000 74.05186000 155.10000000
v -137.85550000 90.66898000 161.40000000
v -137.85550000 90.66898000 155.10000000
v -126.39730000 106.06000000 161.40000000
v -126.39730000 106.06000000 155.10000000
v -113.22990000 120.01670000 161.40000000
v -113.22990000 120.01670000 155.10000000
v -98.53117000 132.35030000 161.40000000
v -98.53117000 132.35030000 155.10000000
v -82.50000000 142.89420000 161.40000000
v -82.50000000 142.89420000 155.10000000
v -65.35316000 151.50570000 161.40000000
v -65.35316000 151.50570000 155.10000000
v -47.32253000 158.06830000 161.40000000
v -47.32253000 158.06830000 155.10000000
v -28.65195000 162.49330000 161.40000000
v -28.65195000 162.49330000 155.10000000
v -9.59389700 164.72080000 161.40000000
v -9.59389700 164.72080000 155.10000000
v 9.59389700 164.72080000 161.40000000
v 9.59389700 164.72080000 155.10000000
v 28.65195000 162.49330000 161.40000000
v 28.65195000 162.49330000 155.10000000
v 47.32253000 158.06830000 155.10000000
v 47.32253000 158.06830000 161.40000000
v 65.35316000 151.50570000 161.40000000
v 65.35316000 151.50570000 155.10000000
v 82.50000000 142.89420000 155.10000000
v 82.50000000 142.89420000 161.40000000
v 98.53117000 132.35030000 155.10000000
v 98.53117000 132.35030000 161.40000000
v 113.22990000 120.01670000 155.10000000
v 113.22990000 120.01670000 161.40000000
v 126.39730000 106.06000000 161.40000000
v 126.39730000 106.06000000 155.10000000
v 137.85550000 90.66898000 155.10000000
v 137.85550000 90.66898000 161.40000000
v 147.44940000 74.05186000 155.10000000
v 147.44940000 74.05186000 161.40000000
v 155.04930000 56.43332000 155.10000000
v 155.04930000 56.43332000 161.40000000
v 160.55240000 38.05162000 155.10000000
v 160.55240000 38.05162000 161.40000000
v 163.88430000 19.15533000 155.10000000
v 163.88430000 19.15533000 161.40000000
v 165.00000000 -0.00000000 155.10000000
v 165.00000000 -0.00000000 161.40000000
v 167.95660000 -19.63131000 159.00000000
v 169.10000000 -0.00000000 161.40000000
v 169.10000000 -0.00000000 159.00000000
v 167.95660000 -19.63131000 161.40000000
v 164.54190000 -38.99714000 159.00000000
v 164.54190000 -38.99714000 161.40000000
v 158.90200000 -57.83561000 159.00000000
v 158.90200000 -57.83561000 161.40000000
v 151.11330000 -75.89194000 159.00000000
v 151.11330000 -75.89194000 161.40000000
v 141.28100000 -92.92197000 159.00000000
v 129.53810000 -108.69540000 161.40000000
v 141.28100000 -92.92197000 161.40000000
v 129.53810000 -108.69540000 159.00000000
v 116.04350000 -122.99890000 159.00000000
v 116.04350000 -122.99890000 161.40000000
v 100.97950000 -135.63900000 159.00000000
v 100.97950000 -135.63900000 161.40000000
v 84.55000000 -146.44490000 159.00000000
v 84.55000000 -146.44490000 161.40000000
v 66.97709000 -155.27030000 159.00000000
v 66.97709000 -155.27030000 161.40000000
v 48.49843000 -161.99600000 159.00000000
v 29.36391000 -166.53100000 161.40000000
v 48.49843000 -161.99600000 161.40000000
v 29.36391000 -166.53100000 159.00000000
v 9.83229100 -168.81390000 159.00000000
v -9.83229100 -168.81390000 161.40000000
v 9.83229100 -168.81390000 161.40000000
v -9.83229100 -168.81390000 159.00000000
v -29.36391000 -166.53100000 161.40000000
v -29.36391000 -166.53100000 159.00000000
v -48.49843000 -161.99600000 159.00000000
v -48.49843000 -161.99600000 161.40000000
v -66.97709000 -155.27030000 159.00000000
v -66.97709000 -155.27030000 161.40000000
v -84.55000000 -146.44490000 159.00000000
v -84.55000000 -146.44490000 161.40000000
v -100.97950000 -135.63900000 159.00000000
v -116.04350000 -122.99890000 161.40000000
v -100.97950000 -135.63900000 161.40000000
v -116.04350000 -122.99890000 159.00000000
v -129.53810000 -108.69540000 159.00000000
v -141.28100000 -92.92197000 161.40000000
v -129.53810000 -108.69540000 161.40000000
v -141.28100000 -92.92197000 159.00000000
v -151.11330000 -75.89194000 159.00000000
v -158.90200000 -57.83561000 161.40000000
v -151.11330000 -75.89194000 161.40000000
v -158.90200000 -57.83561000 159.00000000
v -164.54190000 -38.99714000 159.00000000
v -167.95660000 -19.63131000 161.40000000
v -164.54190000 -38.99714000 161.40000000
v -167.95660000 -19.63131000 159.00000000
v -169.10000000 0.00000000 159.00000000
v -169.10000000 0.00000000 161.40000000
v -194.54250000 13.35000000 194.00000000
v -195.00000000 0.00000000 220.50000000
v -194.94910000 4.45309600 220.50000000
v -194.79660000 8.90387000 220.50000000
v -194.54250000 13.35000000 220.50000000
v -195.00000000 0.00000000 159.00000000
v -193.85690000 21.08321000 159.00000000
v -192.70010000 29.86097000 194.00000000
v -190.44100000 41.91924000 159.00000000
v -189.45900000 46.15519000 194.00000000
v -184.84260000 62.11439000 194.00000000
v -184.84260000 62.11439000 220.50000000
v -181.81370000 70.48968000 220.50000000
v -178.40540000 78.71793000 220.50000000
v -184.79240000 62.26380000 159.00000000
v -174.62500000 86.78198000 194.00000000
v -174.62500000 86.78198000 220.50000000
v -176.97720000 81.87837000 159.00000000
v -167.08710000 100.53300000 159.00000000
v -166.60440000 101.33110000 194.00000000
v -157.37440000 115.14460000 194.00000000
v -147.00220000 128.12240000 194.00000000
v -147.00220000 128.12240000 220.50000000
v -140.99870000 134.70100000 220.50000000
v -155.23810000 118.00900000 159.00000000
v -134.70100000 140.99870000 220.50000000
v -141.56910000 134.10140000 159.00000000
v -128.12240000 147.00220000 194.00000000
v -128.12240000 147.00220000 220.50000000
v -126.24030000 148.62160000 159.00000000
v -115.14460000 157.37440000 194.00000000
v -109.43150000 161.39940000 159.00000000
v -101.33110000 166.60440000 194.00000000
v -86.78198000 174.62500000 194.00000000
v -86.78198000 174.62500000 220.50000000
v -78.71793000 178.40540000 220.50000000
v -70.48968000 181.81370000 220.50000000
v -91.33965000 172.28480000 159.00000000
v -62.11439000 184.84260000 194.00000000
v -62.11439000 184.84260000 220.50000000
v -72.17694000 181.15050000 159.00000000
v -52.16803000 187.89220000 159.00000000
v -46.15519000 189.45900000 194.00000000
v -31.54749000 192.43120000 159.00000000
v -29.86097000 192.70010000 194.00000000
v -13.35000000 194.54250000 194.00000000
v -13.35000000 194.54250000 220.50000000
v -4.45309600 194.94910000 220.50000000
v -10.55709000 194.71400000 159.00000000
v 13.35000000 194.54250000 194.00000000
v 4.45309600 194.94910000 220.50000000
v 13.35000000 194.54250000 220.50000000
v 10.55709000 194.71400000 159.00000000
v 31.54749000 192.43120000 159.00000000
v 29.86097000 192.70010000 194.00000000
v 46.15519000 189.45900000 194.00000000
v 62.11439000 184.84260000 194.00000000
v 62.11439000 184.84260000 220.50000000
v 70.48968000 181.81370000 220.50000000
v 52.16803000 187.89220000 159.00000000
v 86.78198000 174.62500000 194.00000000
v 78.71793000 178.40540000 220.50000000
v 86.78198000 174.62500000 220.50000000
v 72.17694000 181.15050000 159.00000000
v 91.33965000 172.28480000 159.00000000
v 101.33110000 166.60440000 194.00000000
v 109.43150000 161.39940000 159.00000000
v 115.14460000 157.37440000 194.00000000
v 128.12240000 147.00220000 194.00000000
v 128.12240000 147.00220000 220.50000000
v 134.70100000 140.99870000 220.50000000
v 140.99870000 134.70100000 220.50000000
v 126.24030000 148.62160000 159.00000000
v 147.00220000 128.12240000 194.00000000
v 147.00220000 128.12240000 220.50000000
v 141.56910000 134.10140000 159.00000000
v 155.23810000 118.00900000 159.00000000
v 157.37440000 115.14460000 194.00000000
v 174.62500000 86.78198000 194.00000000
v 174.62500000 86.78198000 220.50000000
v 178.40540000 78.71793000 220.50000000
v 167.08710000 100.53300000 159.00000000
v 166.60440000 101.33110000 194.00000000
v 181.81370000 70.48968000 220.50000000
v 176.97720000 81.87837000 159.00000000
v 184.84260000 62.11439000 194.00000000
v 184.84260000 62.11439000 220.50000000
v 184.79240000 62.26380000 159.00000000
v 189.45900000 46.15519000 194.00000000
v 190.44100000 41.91924000 159.00000000
v 192.70010000 29.86097000 194.00000000
v 194.54250000 13.35000000 194.00000000
v 194.54250000 13.35000000 220.50000000
v 194.79660000 8.90387000 220.50000000
v 194.94910000 4.45309600 220.50000000
v 195.00000000 -0.00000000 220.50000000
v 193.85690000 21.08321000 159.00000000
v 195.00000000 -0.00000000 159.00000000
v -179.32990000 6.18688000 220.50000000
v -179.43660000 0.00000000 220.50000000
v -175.00000000 0.00000000 252.00000000
v -179.01000000 12.36640000 220.50000000
v -173.81670000 20.31626000 252.00000000
v -177.55750000 29.55227000 216.50000000
v -179.06300000 18.34228000 216.50000000
v -178.47720000 18.53122000 220.50000000
v -172.45190000 51.57839000 216.50000000
v -175.35090000 40.64557000 216.50000000
v -171.98300000 51.17964000 220.50000000
v -152.73260000 95.25105000 216.50000000
v -158.41340000 85.47050000 216.50000000
v -157.79980000 85.42086000 220.50000000
v -139.58660000 113.64670000 216.50000000
v -146.44870000 104.65550000 216.50000000
v -139.30600000 113.09890000 220.50000000
v -104.65550000 146.44870000 216.50000000
v -113.64670000 139.58660000 216.50000000
v -113.09890000 139.30600000 220.50000000
v -85.47050000 158.41340000 216.50000000
v -95.25105000 152.73260000 216.50000000
v -85.42086000 157.79980000 220.50000000
v -40.64557000 175.35090000 216.50000000
v -51.57839000 172.45190000 216.50000000
v -51.17964000 171.98300000 220.50000000
v -18.34228000 179.06300000 216.50000000
v -29.55227000 177.55750000 216.50000000
v -18.53122000 178.47720000 220.50000000
v 29.55227000 177.55750000 216.50000000
v 18.34228000 179.06300000 216.50000000
v 18.53122000 178.47720000 220.50000000
v 51.57839000 172.45190000 216.50000000
v 40.64557000 175.35090000 216.50000000
v 51.17964000 171.98300000 220.50000000
v 95.25105000 152.73260000 216.50000000
v 85.47050000 158.41340000 216.50000000
v 85.42086000 157.79980000 220.50000000
v 113.64670000 139.58660000 216.50000000
v 104.65550000 146.44870000 216.50000000
v 113.09890000 139.30600000 220.50000000
v 146.44870000 104.65550000 216.50000000
v 139.58660000 113.64670000 216.50000000
v 139.30600000 113.09890000 220.50000000
v 158.41340000 85.47050000 216.50000000
v 152.73260000 95.25105000 216.50000000
v 157.79980000 85.42086000 220.50000000
v 175.35090000 40.64557000 216.50000000
v 172.45190000 51.57839000 216.50000000
v 171.98300000 51.17964000 220.50000000
v 179.06300000 18.34228000 216.50000000
v 177.55750000 29.55227000 216.50000000
v 178.47720000 18.53122000 220.50000000
v 179.01000000 12.36640000 220.50000000
v 173.81670000 20.31626000 252.00000000
v 175.00000000 -0.00000000 252.00000000
v 179.32990000 6.18688000 220.50000000
v 179.43660000 -0.00000000 220.50000000
v -175.31470000 27.76712000 234.25000000
v -170.28290000 40.35778000 252.00000000
v -168.81250000 54.85052000 234.25000000
v -164.44620000 59.85353000 252.00000000
v -163.31160000 74.34252000 220.50000000
v -168.04690000 62.91066000 220.50000000
v -158.15370000 80.58331000 234.25000000
v -156.38570000 78.53986000 252.00000000
v -146.21040000 96.16407000 252.00000000
v -143.60050000 104.33190000 234.25000000
v -134.05780000 112.48780000 252.00000000
v -125.51150000 125.51150000 234.25000000
v -120.09230000 127.29040000 252.00000000
v -122.43060000 131.18020000 220.50000000
v -131.18020000 122.43060000 220.50000000
v -104.33190000 143.60050000 234.25000000
v -104.50280000 140.37160000 252.00000000
v -87.50000000 151.55440000 252.00000000
v -80.58331000 158.15370000 234.25000000
v -69.31396000 160.68780000 252.00000000
v -62.91066000 168.04690000 220.50000000
v -74.34252000 163.31160000 220.50000000
v -54.85052000 168.81250000 234.25000000
v -50.19057000 167.64820000 252.00000000
v -27.76712000 175.31470000 234.25000000
v -30.38843000 172.34140000 252.00000000
v -10.17535000 174.70390000 252.00000000
v 0.00000000 177.50000000 234.25000000
v 10.17535000 174.70390000 252.00000000
v 6.18688000 179.32990000 220.50000000
v -6.18688000 179.32990000 220.50000000
v 27.76712000 175.31470000 234.25000000
v 30.38843000 172.34140000 252.00000000
v 50.19057000 167.64820000 252.00000000
v 54.85052000 168.81250000 234.25000000
v 69.31396000 160.68780000 252.00000000
v 74.34252000 163.31160000 220.50000000
v 62.91066000 168.04690000 220.50000000
v 80.58331000 158.15370000 234.25000000
v 87.50000000 151.55440000 252.00000000
v 104.33190000 143.60050000 234.25000000
v 104.50280000 140.37160000 252.00000000
v 120.09230000 127.29040000 252.00000000
v 125.51150000 125.51150000 234.25000000
v 134.05780000 112.48780000 252.00000000
v 131.18020000 122.43060000 220.50000000
v 122.43060000 131.18020000 220.50000000
v 143.60050000 104.33190000 234.25000000
v 146.21040000 96.16407000 252.00000000
v 158.15370000 80.58331000 234.25000000
v 156.38570000 78.53986000 252.00000000
v 164.44620000 59.85353000 252.00000000
v 168.04690000 62.91066000 220.50000000
v 163.31160000 74.34252000 220.50000000
v 168.81250000 54.85052000 234.25000000
v 170.28290000 40.35778000 252.00000000
v 175.31470000 27.76712000 234.25000000
v -156.35160000 18.98453000 252.00000000
v -157.50000000 0.00000000 280.00000000
v -156.35160000 18.98453000 280.00000000
v -157.50000000 0.00000000 252.00000000
v -152.92330000 37.69222000 252.00000000
v -152.92330000 37.69222000 280.00000000
v -147.26510000 55.85027000 252.00000000
v -147.26510000 55.85027000 280.00000000
v -139.45930000 73.19390000 252.00000000
v -139.45930000 73.19390000 280.00000000
v -129.62000000 89.47020000 252.00000000
v -129.62000000 89.47020000 280.00000000
v -117.89040000 104.44180000 252.00000000
v -117.89040000 104.44180000 280.00000000
v -104.44180000 117.89040000 252.00000000
v -104.44180000 117.89040000 280.00000000
v -89.47020000 129.62000000 252.00000000
v -89.47020000 129.62000000 280.00000000
v -73.19390000 139.45930000 252.00000000
v -73.19390000 139.45930000 280.00000000
v -55.85027000 147.26510000 252.00000000
v -55.85027000 147.26510000 280.00000000
v -37.69222000 152.92330000 252.00000000
v -37.69222000 152.92330000 280.00000000
v -18.98453000 156.35160000 252.00000000
v -18.98453000 156.35160000 280.00000000
v 0.00000000 157.50000000 252.00000000
v 0.00000000 157.50000000 280.00000000
v 18.98453000 156.35160000 252.00000000
v 18.98453000 156.35160000 280.00000000
v 37.69222000 152.92330000 252.00000000
v 37.69222000 152.92330000 280.00000000
v 55.85027000 147.26510000 252.00000000
v 55.85027000 147.26510000 280.00000000
v 73.19390000 139.45930000 252.00000000
v 73.19390000 139.45930000 280.00000000
v 89.47020000 129.62000000 280.00000000
v 89.47020000 129.62000000 252.00000000
v 104.44180000 117.89040000 280.00000000
v 104.44180000 117.89040000 252.00000000
v 117.89040000 104.44180000 280.00000000
v 117.89040000 104.44180000 252.00000000
v 129.62000000 89.47020000 252.00000000
v 129.62000000 89.47020000 280.00000000
v 139.45930000 73.19390000 280.00000000
v 139.45930000 73.19390000 252.00000000
v 147.26510000 55.85027000 252.00000000
v 147.26510000 55.85027000 280.00000000
v 152.92330000 37.69222000 252.00000000
v 152.92330000 37.69222000 280.00000000
v 156.35160000 18.98453000 280.00000000
v 156.35160000 18.98453000 252.00000000
v 157.50000000 -0.00000000 252.00000000
v 157.50000000 -0.00000000 280.00000000
v -119.37770000 -16.40808000 280.00000000
v -120.50000000 0.00000000 251.50000000
v -120.50000000 0.00000000 280.00000000
v -119.37770000 -16.40808000 251.50000000
v -116.03150000 -32.51051000 280.00000000
v -116.03150000 -32.51051000 251.50000000
v -110.52400000 -48.00733000 280.00000000
v -110.52400000 -48.00733000 251.50000000
v -102.95750000 -62.60987000 280.00000000
v -102.95750000 -62.60987000 251.50000000
v -93.47321000 -76.04610000 280.00000000
v -93.47321000 -76.04610000 251.50000000
v -82.24765000 -88.06573000 251.50000000
v -82.24765000 -88.06573000 280.00000000
v -69.48998000 -98.44487000 280.00000000
v -69.48998000 -98.44487000 251.50000000
v -55.43784000 -106.99020000 280.00000000
v -55.43784000 -106.99020000 251.50000000
v -40.35299000 -113.54240000 280.00000000
v -40.35299000 -113.54240000 251.50000000
v -24.51645000 -117.97960000 280.00000000
v -24.51645000 -117.97960000 251.50000000
v -8.22321100 -120.21910000 251.50000000
v -8.22321100 -120.21910000 280.00000000
v 8.22321100 -120.21910000 280.00000000
v 8.22321100 -120.21910000 251.50000000
v 24.51645000 -117.97960000 251.50000000
v 24.51645000 -117.97960000 280.00000000
v 40.35299000 -113.54240000 280.00000000
v 40.35299000 -113.54240000 251.50000000
v 55.43784000 -106.99020000 251.50000000
v 55.43784000 -106.99020000 280.00000000
v 69.48998000 -98.44487000 280.00000000
v 69.48998000 -98.44487000 251.50000000
v 82.24765000 -88.06573000 280.00000000
v 82.24765000 -88.06573000 251.50000000
v 93.47321000 -76.04610000 280.00000000
v 93.47321000 -76.04610000 251.50000000
v 102.95750000 -62.60987000 251.50000000
v 102.95750000 -62.60987000 280.00000000
v 110.52400000 -48.00733000 280.00000000
v 110.52400000 -48.00733000 251.50000000
v 116.03150000 -32.51051000 280.00000000
v 116.03150000 -32.51051000 251.50000000
v 119.37770000 -16.40808000 251.50000000
v 119.37770000 -16.40808000 280.00000000
v 120.50000000 -0.00000000 251.50000000
v 120.50000000 -0.00000000 280.00000000
v -128.81710000 -70.81779000 131.50000000
v -107.15840000 -100.62840000 131.50000000
v -118.92550000 -86.40443000 131.50000000
v -45.42550000 -139.80530000 131.50000000
v -93.70133000 -113.26540000 131.50000000
v -78.76654000 -124.11620000 131.50000000
v -62.58956000 -133.00960000 131.50000000
v -142.38170000 -36.55741000 131.50000000
v -145.84090000 -18.42399000 131.50000000
v -136.67710000 -54.11431000 131.50000000
v 9.23020600 -146.70990000 131.50000000
v -9.23020600 -146.70990000 131.50000000
v -27.54505000 -144.39620000 131.50000000
v 27.54505000 -144.39620000 131.50000000
v 62.58956000 -133.00960000 131.50000000
v 45.42550000 -139.80530000 131.50000000
v 78.76654000 -124.11620000 131.50000000
v 107.15840000 -100.62840000 131.50000000
v 93.70133000 -113.26540000 131.50000000
v 118.92550000 -86.40443000 131.50000000
v 128.81710000 -70.81779000 131.50000000
v 142.38170000 -36.55741000 131.50000000
v 136.67710000 -54.11431000 131.50000000
v 145.84090000 -18.42399000 131.50000000
v 145.84090000 -18.42399000 148.10000000
v 142.38170000 -36.55741000 148.10000000
v 136.67710000 -54.11431000 148.10000000
v 128.81710000 -70.81779000 148.10000000
v 118.92550000 -86.40443000 148.10000000
v 107.15840000 -100.62840000 148.10000000
v 93.70133000 -113.26540000 148.10000000
v 78.76654000 -124.11620000 148.10000000
v 62.58956000 -133.00960000 148.10000000
v 45.42550000 -139.80530000 148.10000000
v 27.54505000 -144.39620000 148.10000000
v 9.23020600 -146.70990000 148.10000000
v -9.23020600 -146.70990000 148.10000000
v -27.54505000 -144.39620000 148.10000000
v -45.42550000 -139.80530000 148.10000000
v -62.58956000 -133.00960000 148.10000000
v -78.76654000 -124.11620000 148.10000000
v -93.70133000 -113.26540000 148.10000000
v -107.15840000 -100.62840000 148.10000000
v -118.92550000 -86.40443000 148.10000000
v -128.81710000 -70.81779000 148.10000000
v -136.67710000 -54.11431000 148.10000000
v -142.38170000 -36.55741000 148.10000000
v -145.84090000 -18.42399000 148.10000000
v -104.37550000 -117.81560000 148.10000000
v -117.81560000 -104.37550000 148.10000000
v -89.41339000 -129.53770000 148.10000000
v -129.53770000 -89.41339000 148.10000000
v -73.14743000 -139.37080000 148.10000000
v -139.37080000 -73.14743000 148.10000000
v -55.81481000 -147.17160000 148.10000000
v -147.17160000 -55.81481000 148.10000000
v -37.66829000 -152.82620000 148.10000000
v -152.82620000 -37.66829000 148.10000000
v -18.97247000 -156.25240000 148.10000000
v -156.25240000 -18.97247000 148.10000000
v -0.00000000 -157.40000000 148.10000000
v 18.97247000 -156.25240000 148.10000000
v 37.66829000 -152.82620000 148.10000000
v 55.81481000 -147.17160000 148.10000000
v 73.14743000 -139.37080000 148.10000000
v 89.41339000 -129.53770000 148.10000000
v 104.37550000 -117.81560000 148.10000000
v 117.81560000 -104.37550000 148.10000000
v 129.53770000 -89.41339000 148.10000000
v 139.37080000 -73.14743000 148.10000000
v 147.17160000 -55.81481000 148.10000000
v 152.82620000 -37.66829000 148.10000000
v 156.25240000 -18.97247000 148.10000000
v 156.25240000 -18.97247000 155.10000000
v 152.82620000 -37.66829000 155.10000000
v 147.17160000 -55.81481000 155.10000000
v 139.37080000 -73.14743000 155.10000000
v 129.53770000 -89.41339000 155.10000000
v 117.81560000 -104.37550000 155.10000000
v 104.37550000 -117.81560000 155.10000000
v 89.41339000 -129.53770000 155.10000000
v 73.14743000 -139.37080000 155.10000000
v 55.81481000 -147.17160000 155.10000000
v 37.66829000 -152.82620000 155.10000000
v 18.97247000 -156.25240000 155.10000000
v -0.00000000 -157.40000000 155.10000000
v -18.97247000 -156.25240000 155.10000000
v -37.66829000 -152.82620000 155.10000000
v -55.81481000 -147.17160000 155.10000000
v -73.14743000 -139.37080000 155.10000000
v -89.41339000 -129.53770000 155.10000000
v -104.37550000 -117.81560000 155.10000000
v -117.81560000 -104.37550000 155.10000000
v -129.53770000 -89.41339000 155.10000000
v -139.37080000 -73.14743000 155.10000000
v -147.17160000 -55.81481000 155.10000000
v -152.82620000 -37.66829000 155.10000000
v -156.25240000 -18.97247000 155.10000000
v -98.53117000 -132.35030000 155.10000000
v -113.22990000 -120.01670000 155.10000000
v -126.39730000 -106.06000000 155.10000000
v -82.50000000 -142.89420000 155.10000000
v -137.85550000 -90.66898000 155.10000000
v -65.35316000 -151.50570000 155.10000000
v -147.44940000 -74.05186000 155.10000000
v -47.32253000 -158.06830000 155.10000000
v -155.04930000 -56.43332000 155.10000000
v -28.65195000 -162.49330000 155.10000000
v -160.55240000 -38.05162000 155.10000000
v -163.88430000 -19.15533000 155.10000000
v -9.59389700 -164.72080000 155.10000000
v 9.59389700 -164.72080000 155.10000000
v 28.65195000 -162.49330000 155.10000000
v 47.32253000 -158.06830000 155.10000000
v 65.35316000 -151.50570000 155.10000000
v 82.50000000 -142.89420000 155.10000000
v 98.53117000 -132.35030000 155.10000000
v 113.22990000 -120.01670000 155.10000000
v 126.39730000 -106.06000000 155.10000000
v 137.85550000 -90.66898000 155.10000000
v 147.44940000 -74.05186000 155.10000000
v 155.04930000 -56.43332000 155.10000000
v 160.55240000 -38.05162000 155.10000000
v 163.88430000 -19.15533000 155.10000000
v 163.88430000 -19.15533000 161.40000000
v 160.55240000 -38.05162000 161.40000000
v 155.04930000 -56.43332000 161.40000000
v 147.44940000 -74.05186000 161.40000000
v 137.85550000 -90.66898000 161.40000000
v 126.39730000 -106.06000000 161.40000000
v 113.22990000 -120.01670000 161.40000000
v 98.53117000 -132.35030000 161.40000000
v 82.50000000 -142.89420000 161.40000000
v 65.35316000 -151.50570000 161.40000000
v 47.32253000 -158.06830000 161.40000000
v 28.65195000 -162.49330000 161.40000000
v 9.59389700 -164.72080000 161.40000000
v -9.59389700 -164.72080000 161.40000000
v -28.65195000 -162.49330000 161.40000000
v -47.32253000 -158.06830000 161.40000000
v -65.35316000 -151.50570000 161.40000000
v -82.50000000 -142.89420000 161.40000000
v -98.53117000 -132.35030000 161.40000000
v -113.22990000 -120.01670000 161.40000000
v -126.39730000 -106.06000000 161.40000000
v -137.85550000 -90.66898000 161.40000000
v -147.44940000 -74.05186000 161.40000000
v -155.04930000 -56.43332000 161.40000000
v -160.55240000 -38.05162000 161.40000000
v -163.88430000 -19.15533000 161.40000000
v -167.95660000 19.63131000 161.40000000
v -164.54190000 38.99714000 161.40000000
v -158.90200000 57.83561000 161.40000000
v -151.11330000 75.89194000 161.40000000
v -141.28100000 92.92197000 161.40000000
v -129.53810000 108.69540000 161.40000000
v -116.04350000 122.99890000 161.40000000
v -100.97950000 135.63900000 161.40000000
v -84.55000000 146.44490000 161.40000000
v -66.97709000 155.27030000 161.40000000
v -48.49843000 161.99600000 161.40000000
v -29.36391000 166.53100000 161.40000000
v -9.83229100 168.81390000 161.40000000
v 9.83229100 168.81390000 161.40000000
v 167.95660000 19.63131000 161.40000000
v 29.36391000 166.53100000 161.40000000
v 164.54190000 38.99714000 161.40000000
v 48.49843000 161.99600000 161.40000000
v 158.90200000 57.83561000 161.40000000
v 66.97709000 155.27030000 161.40000000
v 151.11330000 75.89194000 161.40000000
v 84.55000000 146.44490000 161.40000000
v 141.28100000 92.92197000 161.40000000
v 100.97950000 135.63900000 161.40000000
v 129.53810000 108.69540000 161.40000000
v 116.04350000 122.99890000 161.40000000
v -167.95660000 19.63131000 159.00000000
v -164.54190000 38.99714000 159.00000000
v -158.90200000 57.83561000 159.00000000
v -151.11330000 75.89194000 159.00000000
v -141.28100000 92.92197000 159.00000000
v -129.53810000 108.69540000 159.00000000
v -116.04350000 122.99890000 159.00000000
v -100.97950000 135.63900000 159.00000000
v -84.55000000 146.44490000 159.00000000
v -66.97709000 155.27030000 159.00000000
v -48.49843000 161.99600000 159.00000000
v -29.36391000 166.53100000 159.00000000
v -9.83229100 168.81390000 159.00000000
v 9.83229100 168.81390000 159.00000000
v 29.36391000 166.53100000 159.00000000
v 48.49843000 161.99600000 159.00000000
v 66.97709000 155.27030000 159.00000000
v 84.55000000 146.44490000 159.00000000
v 100.97950000 135.63900000 159.00000000
v 116.04350000 122.99890000 159.00000000
v 129.53810000 108.69540000 159.00000000
v 141.28100000 92.92197000 159.00000000
v 151.11330000 75.89194000 159.00000000
v 158.90200000 57.83561000 159.00000000
v 164.54190000 38.99714000 159.00000000
v 167.95660000 19.63131000 159.00000000
v -126.24030000 -148.62160000 159.00000000
v -141.56910000 -134.10140000 159.00000000
v -155.23810000 -118.00900000 159.00000000
v -109.43150000 -161.39940000 159.00000000
v -167.08710000 -100.53300000 159.00000000
v -91.33965000 -172.28480000 159.00000000
v -176.97720000 -81.87837000 159.00000000
v -72.17694000 -181.15050000 159.00000000
v -184.79240000 -62.26380000 159.00000000
v -52.16803000 -187.89220000 159.00000000
v -190.44100000 -41.91924000 159.00000000
v -31.54749000 -192.43120000 159.00000000
v -193.85690000 -21.08321000 159.00000000
v -10.55709000 -194.71400000 159.00000000
v 10.55709000 -194.71400000 159.00000000
v 31.54749000 -192.43120000 159.00000000
v 52.16803000 -187.89220000 159.00000000
v 72.17694000 -181.15050000 159.00000000
v 91.33965000 -172.28480000 159.00000000
v 109.43150000 -161.39940000 159.00000000
v 126.24030000 -148.62160000 159.00000000
v 141.56910000 -134.10140000 159.00000000
v 155.23810000 -118.00900000 159.00000000
v 167.08710000 -100.53300000 159.00000000
v 176.97720000 -81.87837000 159.00000000
v 184.79240000 -62.26380000 159.00000000
v 190.44100000 -41.91924000 159.00000000
v 193.85690000 -21.08321000 159.00000000
v 194.54250000 -13.35000000 194.00000000
v 194.94910000 -4.45309600 220.50000000
v 194.79660000 -8.90387000 220.50000000
v 194.54250000 -13.35000000 220.50000000
v 192.70010000 -29.86097000 194.00000000
v 189.45900000 -46.15519000 194.00000000
v 184.84260000 -62.11439000 194.00000000
v 184.84260000 -62.11439000 220.50000000
v 181.81370000 -70.48968000 220.50000000
v 178.40540000 -78.71793000 220.50000000
v 174.62500000 -86.78198000 194.00000000
v 174.62500000 -86.78198000 220.50000000
v 166.60440000 -101.33110000 194.00000000
v 157.37440000 -115.14460000 194.00000000
v 147.00220000 -128.12240000 194.00000000
v 147.00220000 -128.12240000 220.50000000
v 140.99870000 -134.70100000 220.50000000
v 128.12240000 -147.00220000 194.00000000
v 134.70100000 -140.99870000 220.50000000
v 128.12240000 -147.00220000 220.50000000
v 115.14460000 -157.37440000 194.00000000
v 101.33110000 -166.60440000 194.00000000
v 86.78198000 -174.62500000 194.00000000
v 86.78198000 -174.62500000 220.50000000
v 78.71793000 -178.40540000 220.50000000
v 62.11439000 -184.84260000 194.00000000
v 70.48968000 -181.81370000 220.50000000
v 62.11439000 -184.84260000 220.50000000
v 46.15519000 -189.45900000 194.00000000
v 29.86097000 -192.70010000 194.00000000
v 13.35000000 -194.54250000 194.00000000
v 13.35000000 -194.54250000 220.50000000
v 4.45309600 -194.94910000 220.50000000
v -4.45309600 -194.94910000 220.50000000
v -13.35000000 -194.54250000 194.00000000
v -13.35000000 -194.54250000 220.50000000
v -29.86097000 -192.70010000 194.00000000
v -46.15519000 -189.45900000 194.00000000
v -62.11439000 -184.84260000 194.00000000
v -62.11439000 -184.84260000 220.50000000
v -70.48968000 -181.81370000 220.50000000
v -86.78198000 -174.62500000 194.00000000
v -78.71793000 -178.40540000 220.50000000
v -86.78198000 -174.62500000 220.50000000
v -101.33110000 -166.60440000 194.00000000
v -115.14460000 -157.37440000 194.00000000
v -128.12240000 -147.00220000 194.00000000
v -128.12240000 -147.00220000 220.50000000
v -134.70100000 -140.99870000 220.50000000
v -147.00220000 -128.12240000 194.00000000
v -140.99870000 -134.70100000 220.50000000
v -147.00220000 -128.12240000 220.50000000
v -157.37440000 -115.14460000 194.00000000
v -174.62500000 -86.78198000 194.00000000
v -174.62500000 -86.78198000 220.50000000
v -178.40540000 -78.71793000 220.50000000
v -166.60440000 -101.33110000 194.00000000
v -184.84260000 -62.11439000 194.00000000
v -181.81370000 -70.48968000 220.50000000
v -184.84260000 -62.11439000 220.50000000
v -189.45900000 -46.15519000 194.00000000
v -192.70010000 -29.86097000 194.00000000
v -194.54250000 -13.35000000 194.00000000
v -194.54250000 -13.35000000 220.50000000
v -194.79660000 -8.90387000 220.50000000
v -194.94910000 -4.45309600 220.50000000
v -178.47720000 -18.53122000 220.50000000
v -179.01000000 -12.36640000 220.50000000
v -179.32990000 -6.18688000 220.50000000
v 179.01000000 -12.36640000 220.50000000
v 178.47720000 -18.53122000 220.50000000
v 179.32990000 -6.18688000 220.50000000
v -179.06300000 -18.34228000 216.50000000
v -172.45190000 -51.57839000 216.50000000
v -175.35090000 -40.64557000 216.50000000
v -177.55750000 -29.55227000 216.50000000
v -171.98300000 -51.17964000 220.50000000
v -163.31160000 -74.34252000 220.50000000
v -157.79980000 -85.42086000 220.50000000
v -168.04690000 -62.91066000 220.50000000
v -158.41340000 -85.47050000 216.50000000
v -139.58660000 -113.64670000 216.50000000
v -146.44870000 -104.65550000 216.50000000
v -152.73260000 -95.25105000 216.50000000
v -139.30600000 -113.09890000 220.50000000
v -122.43060000 -131.18020000 220.50000000
v -113.09890000 -139.30600000 220.50000000
v -131.18020000 -122.43060000 220.50000000
v -113.64670000 -139.58660000 216.50000000
v -85.47050000 -158.41340000 216.50000000
v -95.25105000 -152.73260000 216.50000000
v -104.65550000 -146.44870000 216.50000000
v -85.42086000 -157.79980000 220.50000000
v -62.91066000 -168.04690000 220.50000000
v -51.17964000 -171.98300000 220.50000000
v -74.34252000 -163.31160000 220.50000000
v -51.57839000 -172.45190000 216.50000000
v -18.34228000 -179.06300000 216.50000000
v -29.55227000 -177.55750000 216.50000000
v -40.64557000 -175.35090000 216.50000000
v -18.53122000 -178.47720000 220.50000000
v 6.18688000 -179.32990000 220.50000000
v 18.53122000 -178.47720000 220.50000000
v -6.18688000 -179.32990000 220.50000000
v 18.34228000 -179.06300000 216.50000000
v 51.57839000 -172.45190000 216.50000000
v 40.64557000 -175.35090000 216.50000000
v 29.55227000 -177.55750000 216.50000000
v 51.17964000 -171.98300000 220.50000000
v 74.34252000 -163.31160000 220.50000000
v 85.42086000 -157.79980000 220.50000000
v 62.91066000 -168.04690000 220.50000000
v 85.47050000 -158.41340000 216.50000000
v 113.64670000 -139.58660000 216.50000000
v 104.65550000 -146.44870000 216.50000000
v 95.25105000 -152.73260000 216.50000000
v 113.09890000 -139.30600000 220.50000000
v 122.43060000 -131.18020000 220.50000000
v 131.18020000 -122.43060000 220.50000000
v 139.30600000 -113.09890000 220.50000000
v 139.58660000 -113.64670000 216.50000000
v 158.41340000 -85.47050000 216.50000000
v 152.73260000 -95.25105000 216.50000000
v 146.44870000 -104.65550000 216.50000000
v 157.79980000 -85.42086000 220.50000000
v 163.31160000 -74.34252000 220.50000000
v 168.04690000 -62.91066000 220.50000000
v 171.98300000 -51.17964000 220.50000000
v 172.45190000 -51.57839000 216.50000000
v 179.06300000 -18.34228000 216.50000000
v 177.55750000 -29.55227000 216.50000000
v 175.35090000 -40.64557000 216.50000000
v 173.81670000 -20.31626000 252.00000000
v -173.81670000 -20.31626000 252.00000000
v 175.31470000 -27.76712000 234.25000000
v 170.28290000 -40.35778000 252.00000000
v 168.81250000 -54.85052000 234.25000000
v 164.44620000 -59.85353000 252.00000000
v 158.15370000 -80.58331000 234.25000000
v 156.38570000 -78.53986000 252.00000000
v 146.21040000 -96.16407000 252.00000000
v 143.60050000 -104.33190000 234.25000000
v 134.05780000 -112.48780000 252.00000000
v 125.51150000 -125.51150000 234.25000000
v 120.09230000 -127.29040000 252.00000000
v 104.33190000 -143.60050000 234.25000000
v 104.50280000 -140.37160000 252.00000000
v 87.50000000 -151.55440000 252.00000000
v 80.58331000 -158.15370000 234.25000000
v 69.31396000 -160.68780000 252.00000000
v 54.85052000 -168.81250000 234.25000000
v 50.19057000 -167.64820000 252.00000000
v 27.76712000 -175.31470000 234.25000000
v 30.38843000 -172.34140000 252.00000000
v 10.17535000 -174.70390000 252.00000000
v -0.00000000 -177.50000000 234.25000000
v -10.17535000 -174.70390000 252.00000000
v -27.76712000 -175.31470000 234.25000000
v -30.38843000 -172.34140000 252.00000000
v -50.19057000 -167.64820000 252.00000000
v -54.85052000 -168.81250000 234.25000000
v -69.31396000 -160.68780000 252.00000000
v -80.58331000 -158.15370000 234.25000000
v -87.50000000 -151.55440000 252.00000000
v -104.33190000 -143.60050000 234.25000000
v -104.50280000 -140.37160000 252.00000000
v -120.09230000 -127.29040000 252.00000000
v -125.51150000 -125.51150000 234.25000000
v -134.05780000 -112.48780000 252.00000000
v -143.60050000 -104.33190000 234.25000000
v -146.21040000 -96.16407000 252.00000000
v -158.15370000 -80.58331000 234.25000000
v -156.38570000 -78.53986000 252.00000000
v -164.44620000 -59.85353000 252.00000000
v -168.81250000 -54.85052000 234.25000000
v -170.28290000 -40.35778000 252.00000000
v -175.31470000 -27.76712000 234.25000000
v 117.89040000 -104.44180000 252.00000000
v 104.44180000 -117.89040000 252.00000000
v 129.62000000 -89.47020000 252.00000000
v 89.47020000 -129.62000000 252.00000000
v 139.45930000 -73.19390000 252.00000000
v 73.19390000 -139.45930000 252.00000000
v 147.26510000 -55.85027000 252.00000000
v 55.85027000 -147.26510000 252.00000000
v 152.92330000 -37.69222000 252.00000000
v 37.69222000 -152.92330000 252.00000000
v 156.35160000 -18.98453000 252.00000000
v 18.98453000 -156.35160000 252.00000000
v -0.00000000 -157.50000000 252.00000000
v -18.98453000 -156.35160000 252.00000000
v -37.69222000 -152.92330000 252.00000000
v -55.85027000 -147.26510000 252.00000000
v -73.19390000 -139.45930000 252.00000000
v -89.47020000 -129.62000000 252.00000000
v -104.44180000 -117.89040000 252.00000000
v -117.89040000 -104.44180000 252.00000000
v -129.62000000 -89.47020000 252.00000000
v -139.45930000 -73.19390000 252.00000000
v -147.26510000 -55.85027000 252.00000000
v -152.92330000 -37.69222000 252.00000000
v -156.35160000 -18.98453000 252.00000000
v 156.35160000 -18.98453000 280.00000000
v 152.92330000 -37.69222000 280.00000000
v 147.26510000 -55.85027000 280.00000000
v 139.45930000 -73.19390000 280.00000000
v 129.62000000 -89.47020000 280.00000000
v 117.89040000 -104.44180000 280.00000000
v 104.44180000 -117.89040000 280.00000000
v 89.47020000 -129.62000000 280.00000000
v 73.19390000 -139.45930000 280.00000000
v 55.85027000 -147.26510000 280.00000000
v 37.69222000 -152.92330000 280.00000000
v 18.98453000 -156.35160000 280.00000000
v -0.00000000 -157.50000000 280.00000000
v -18.98453000 -156.35160000 280.00000000
v -37.69222000 -152.92330000 280.00000000
v -55.85027000 -147.26510000 280.00000000
v -73.19390000 -139.45930000 280.00000000
v -89.47020000 -129.62000000 280.00000000
v -104.44180000 -117.89040000 280.00000000
v -117.89040000 -104.44180000 280.00000000
v -129.62000000 -89.47020000 280.00000000
v -139.45930000 -73.19390000 280.00000000
v -147.26510000 -55.85027000 280.00000000
v -152.92330000 -37.69222000 280.00000000
v -156.35160000 -18.98453000 280.00000000
v 119.37770000 16.40808000 280.00000000
v 116.03150000 32.51051000 280.00000000
v 110.52400000 48.00733000 280.00000000
v 102.95750000 62.60987000 280.00000000
v 93.47321000 76.04610000 280.00000000
v 82.24765000 88.06573000 280.00000000
v 69.48998000 98.44487000 280.00000000
v 55.43784000 106.99020000 280.00000000
v 40.35299000 113.54240000 280.00000000
v 24.51645000 117.97960000 280.00000000
v 8.22321100 120.21910000 280.00000000
v -8.22321100 120.21910000 280.00000000
v -119.37770000 16.40808000 280.00000000
v -24.51645000 117.97960000 280.00000000
v -116.03150000 32.51051000 280.00000000
v -40.35299000 113.54240000 280.00000000
v -110.52400000 48.00733000 280.00000000
v -55.43784000 106.99020000 280.00000000
v -102.95750000 62.60987000 280.00000000
v -93.47321000 76.04610000 280.00000000
v -69.48998000 98.44487000 280.00000000
v -82.24765000 88.06573000 280.00000000
v 119.37770000 16.40808000 251.50000000
v 116.03150000 32.51051000 251.50000000
v 110.52400000 48.00733000 251.50000000
v 102.95750000 62.60987000 251.50000000
v 93.47321000 76.04610000 251.50000000
v 82.24765000 88.06573000 251.50000000
v 69.48998000 98.44487000 251.50000000
v 55.43784000 106.99020000 251.50000000
v 40.35299000 113.54240000 251.50000000
v 24.51645000 117.97960000 251.50000000
v 8.22321100 120.21910000 251.50000000
v -8.22321100 120.21910000 251.50000000
v -24.51645000 117.97960000 251.50000000
v -40.35299000 113.54240000 251.50000000
v -55.43784000 106.99020000 251.50000000
v -69.48998000 98.44487000 251.50000000
v -82.24765000 88.06573000 251.50000000
v -93.47321000 76.04610000 251.50000000
v -102.95750000 62.60987000 251.50000000
v -110.52400000 48.00733000 251.50000000
v -116.03150000 32.51051000 251.50000000
v -119.37770000 16.40808000 251.50000000
v -97.00576000 -57.74923000 340.00000000
v -100.00000000 -57.33244000 340.07520000
v -100.00000000 -58.00000000 340.00000000
v -100.00000000 -56.69835000 340.29710000
v -96.66219000 -54.62392000 343.00000000
v -100.00000000 -55.00000000 343.00000000
v -100.00000000 -55.07522000 342.33240000
v -100.00000000 -22.66756000 340.07520000
v -95.66249000 -22.53027000 340.00000000
v -100.00000000 -22.00000000 340.00000000
v -100.00000000 -24.92478000 342.33240000
v -96.66219000 -25.37608000 343.00000000
v -100.00000000 -24.70291000 341.69830000
v -100.00000000 -25.00000000 343.00000000
v -87.69343000 -49.22993000 341.53290000
v -86.48547000 -46.50826000 343.00000000
v -88.27253000 -49.35235000 343.00000000
v -84.36079000 -45.36201000 340.38320000
v -83.16897000 -46.38096000 340.00000000
v -82.22381000 -42.82988000 340.00000000
v -84.90787000 -49.80957000 340.00000000
v -86.77370000 -49.91972000 340.38320000
v -85.44831000 -44.98915000 341.53290000
v -85.37608000 -43.33781000 343.00000000
v -83.46713000 -40.00000000 340.38320000
v -82.01191000 -39.34407000 340.00000000
v -82.48906000 -35.83214000 340.00000000
v -84.61678000 -40.00000000 341.53290000
v -85.00000000 -40.00000000 343.00000000
v -85.37608000 -36.66219000 343.00000000
v -84.36079000 -34.63799000 340.38320000
v -83.73184000 -32.29590000 340.00000000
v -85.44831000 -35.01085000 341.53290000
v -86.48547000 -33.49174000 343.00000000
v -86.77370000 -30.08028000 340.38320000
v -85.76363000 -28.98483000 340.00000000
v -87.69343000 -30.77007000 341.53290000
v -88.27253000 -30.64765000 343.00000000
v -96.91656000 -55.57642000 340.87870000
v -100.00000000 -56.12953000 340.65450000
v -100.00000000 -55.65451000 341.12950000
v -100.00000000 -55.29709000 341.69830000
v -96.02367000 -56.04758000 340.38320000
v -93.94034000 -56.94943000 340.00000000
v -95.57295000 -55.24906000 340.87870000
v -94.93003000 -54.52373000 341.53290000
v -93.49174000 -53.51453000 343.00000000
v -93.88755000 -54.65505000 340.87870000
v -92.85071000 -54.90717000 340.38320000
v -90.49131000 -55.28353000 340.00000000
v -92.36208000 -53.92101000 340.87870000
v -91.86529000 -53.05641000 341.53290000
v -90.64765000 -51.72747000 343.00000000
v -90.85174000 -52.97852000 340.87870000
v -89.78020000 -52.99584000 340.38320000
v -87.40182000 -52.85638000 340.00000000
v -89.48646000 -51.89949000 340.87870000
v -87.57713000 -50.90909000 340.38320000
v -88.05425000 -28.57043000 340.38320000
v -88.49853000 -26.15355000 340.00000000
v -89.97675000 -27.68469000 340.87870000
v -90.50736000 -26.46391000 340.38320000
v -91.74890000 -24.00226000 340.00000000
v -91.40401000 -26.64929000 340.87870000
v -90.64765000 -28.27253000 343.00000000
v -92.22361000 -26.72705000 341.53290000
v -93.49174000 -26.48547000 343.00000000
v -92.91611000 -25.78905000 340.87870000
v -93.78067000 -24.68152000 340.38320000
v -94.66920000 -25.04289000 340.87870000
v -95.42629000 -25.31243000 341.53290000
v -96.32057000 -24.55350000 340.87870000
v -100.00000000 -23.30165000 340.29710000
v -100.00000000 -23.87047000 340.65450000
v -100.00000000 -24.34549000 341.12950000
v -88.42103000 -29.87228000 341.53290000
v -86.55496000 -40.00000000 346.94990000
v -87.00000000 -40.00000000 347.00000000
v -87.37118000 -43.08428000 347.00000000
v -86.13223000 -40.00000000 346.80190000
v -85.05014000 -40.00000000 345.44500000
v -85.19806000 -40.00000000 345.86780000
v -85.43587000 -43.58973000 345.00000000
v -85.00000000 -40.00000000 345.00000000
v -104.53340000 -53.22251000 346.74450000
v -103.16970000 -52.60767000 347.00000000
v -105.66830000 -51.69918000 347.00000000
v -104.78200000 -53.94752000 345.97810000
v -105.31910000 -54.02524000 345.00000000
v -101.80810000 -54.89063000 345.00000000
v -100.00000000 -53.97808000 346.74450000
v -97.73843000 -52.80177000 347.00000000
v -100.46950000 -52.99152000 347.00000000
v -100.00000000 -54.74452000 345.97810000
v -98.19195000 -54.89063000 345.00000000
v -95.21799000 -53.94752000 345.97810000
v -94.68093000 -54.02524000 345.00000000
v -114.00490000 -40.87434000 346.71310000
v -112.89270000 -41.66690000 347.00000000
v -113.00000000 -40.00000000 347.00000000
v -113.44500000 -40.00000000 346.94990000
v -113.86780000 -40.00000000 346.80190000
v -114.24700000 -40.00000000 346.56370000
v -114.19770000 -40.88637000 346.58070000
v -114.56370000 -40.00000000 346.24700000
v -114.80190000 -40.00000000 345.86780000
v -114.94990000 -40.00000000 345.44500000
v -115.00000000 -40.00000000 345.00000000
v -114.17140000 -42.63441000 346.41420000
v -112.51680000 -43.51146000 347.00000000
v -114.56410000 -43.58973000 345.00000000
v -113.93900000 -43.67070000 346.41420000
v -113.65720000 -44.60976000 346.41420000
v -111.89790000 -45.23842000 347.00000000
v -113.28180000 -46.97085000 345.00000000
v -112.98760000 -46.25236000 346.41420000
v -112.46390000 -47.24030000 346.41420000
v -110.94270000 -47.01831000 347.00000000
v -111.50850000 -48.67896000 346.41420000
v -109.59800000 -48.76804000 347.00000000
v -111.22770000 -49.94684000 345.00000000
v -110.71610000 -49.64027000 346.41420000
v -109.41200000 -50.33442000 346.74450000
v -108.38690000 -51.18247000 346.74450000
v -107.83500000 -50.37365000 347.00000000
v -108.84670000 -51.79562000 345.97810000
v -107.28990000 -51.92661000 346.74450000
v -105.32850000 -52.92262000 346.74450000
v -103.97600000 -53.40068000 346.74450000
v -102.63370000 -54.17156000 346.41420000
v -100.89110000 -54.71757000 345.97810000
v -99.10894000 -54.71757000 345.97810000
v -97.87632000 -54.25691000 346.41420000
v -96.50168000 -53.53324000 346.74450000
v -94.88238000 -51.95031000 347.00000000
v -95.46657000 -53.22251000 346.74450000
v -94.97682000 -53.04433000 346.74450000
v -92.98222000 -52.08873000 346.74450000
v -92.15721000 -50.36777000 347.00000000
v -91.61315000 -51.18247000 346.74450000
v -89.98567000 -50.82192000 345.97810000
v -91.47903000 -52.34476000 345.00000000
v -88.77234000 -49.94684000 345.00000000
v -91.15329000 -51.79562000 345.97810000
v -89.08440000 -49.41378000 346.41420000
v -88.00486000 -47.99288000 346.41420000
v -88.43113000 -45.92969000 347.00000000
v -90.04377000 -48.35904000 347.00000000
v -86.71816000 -46.97085000 345.00000000
v -87.20454000 -46.63669000 346.41420000
v -86.47447000 -44.98294000 346.41420000
v -86.00100000 -43.43477000 346.41420000
v -85.75302000 -40.00000000 346.56370000
v -85.43634000 -40.00000000 346.24700000
v -110.50350000 -50.34779000 345.97810000
v -108.52100000 -52.34476000 345.00000000
v -108.03720000 -52.36138000 345.97810000
v -106.50040000 -53.23424000 345.97810000
v -105.42540000 -53.71007000 345.97810000
v -93.65326000 -53.30864000 345.97810000
v -92.10200000 -52.45080000 345.97810000
v -91.02090000 -50.71273000 346.74450000
v -89.87231000 -49.63414000 346.74450000
v 300.90270000 100.00000000 316.61230000
v 320.00000000 81.00000000 315.50000000
v 320.00000000 100.00000000 315.50000000
v 300.90270000 81.00000000 316.61230000
v 282.06370000 100.00000000 319.93410000
v 282.06370000 81.00000000 319.93410000
v 263.73770000 81.00000000 325.42060000
v 263.73770000 100.00000000 325.42060000
v 246.17250000 100.00000000 332.99740000
v 246.17250000 81.00000000 332.99740000
v 229.60580000 81.00000000 342.56230000
v 229.60580000 100.00000000 342.56230000
v 214.26140000 81.00000000 353.98570000
v 214.26140000 100.00000000 353.98570000
v 200.34700000 100.00000000 367.11330000
v 200.34700000 81.00000000 367.11330000
v 188.05070000 100.00000000 381.76740000
v 188.05070000 81.00000000 381.76740000
v 177.53880000 100.00000000 397.75000000
v 177.53880000 81.00000000 397.75000000
v 168.95350000 81.00000000 414.84490000
v 168.95350000 100.00000000 414.84490000
v 162.41070000 81.00000000 432.82090000
v 162.41070000 100.00000000 432.82090000
v 157.99910000 100.00000000 451.43490000
v 157.99910000 81.00000000 451.43490000
v 155.77830000 100.00000000 470.43520000
v 155.77830000 81.00000000 470.43520000
v 155.77830000 100.00000000 489.56480000
v 155.77830000 81.00000000 489.56480000
v 157.99910000 100.00000000 508.56510000
v 157.99910000 81.00000000 508.56510000
v 162.41070000 100.00000000 527.17910000
v 162.41070000 81.00000000 527.17910000
v 168.95350000 100.00000000 545.15510000
v 168.95350000 81.00000000 545.15510000
v 177.53880000 100.00000000 562.25000000
v 177.53880000 81.00000000 562.25000000
v 188.05070000 100.00000000 578.23260000
v 188.05070000 81.00000000 578.23260000
v 200.34700000 100.00000000 592.88670000
v 200.34700000 81.00000000 592.88670000
v 214.26140000 100.00000000 606.01430000
v 214.26140000 81.00000000 606.01430000
v 229.60580000 100.00000000 617.43770000
v 229.60580000 81.00000000 617.43770000
v 246.17250000 81.00000000 627.00260000
v 246.17250000 100.00000000 627.00260000
v 263.73770000 100.00000000 634.57940000
v 263.73770000 81.00000000 634.57940000
v 282.06370000 81.00000000 640.06590000
v 282.06370000 100.00000000 640.06590000
v 300.90270000 100.00000000 643.38770000
v 300.90270000 81.00000000 643.38770000
v 320.00000000 100.00000000 644.50000000
v 320.00000000 81.00000000 644.50000000
v 57.25672000 -81.55758000 398.00000000
v 64.76807000 -92.18334000 398.00000000
v 56.38294000 -92.40231000 385.47530000
v 43.19734000 -90.79837000 369.13250000
v 47.77186000 -92.66630000 373.10980000
v 40.93059000 -92.90772000 363.76990000
v 34.14909000 -82.70711000 369.13250000
v 33.83605000 -93.18800000 354.69870000
v 26.45224000 -87.57031000 354.69870000
v 49.36838000 -85.19813000 383.56620000
v 48.02182000 -72.39006000 398.00000000
v 23.62219000 -76.66362000 369.13250000
v 18.15765000 -83.41352000 354.69870000
v 39.02753000 -75.95098000 383.56620000
v 37.34134000 -64.95675000 398.00000000
v 12.07246000 -72.92957000 369.13250000
v 9.23786300 -80.86079000 354.69870000
v 0.00000000 -80.00000000 354.69870000
v 0.00000000 -55.00000000 398.00000000
v 26.99679000 -69.04413000 383.56620000
v 25.53678000 -59.48140000 398.00000000
v 13.79710000 -64.77666000 383.56620000
v 12.96351000 -56.12885000 398.00000000
v -62.83418000 -167.94780000 395.23590000
v -69.96503000 -157.01660000 398.00000000
v -61.86956000 -167.96980000 393.82860000
v -63.56597000 -168.25890000 396.59960000
v -63.87589000 -168.53110000 397.30270000
v -64.14214000 -168.86880000 398.00000000
v -13.96008000 -73.36173000 369.13250000
v -10.39558000 -81.09262000 354.69870000
v -20.33683000 -84.32273000 354.69870000
v -27.10885000 -78.34840000 369.13250000
v -29.38926000 -89.54915000 354.69870000
v -15.95438000 -65.27055000 383.56620000
v -25.90044000 -59.61415000 398.00000000
v -13.15412000 -56.16255000 398.00000000
v -38.68216000 -86.33687000 369.13250000
v -37.15724000 -96.54347000 354.69870000
v -30.98154000 -70.96960000 383.56620000
v -37.84381000 -65.24781000 398.00000000
v -48.00739000 -96.86289000 369.13250000
v -43.30127000 -105.00000000 354.69870000
v -44.20818000 -80.09928000 383.56620000
v -57.87705000 -82.30045000 398.00000000
v -48.61398000 -72.88887000 398.00000000
v -54.54261000 -109.31470000 369.13250000
v -47.55283000 -114.54920000 354.69870000
v -54.86559000 -92.12902000 383.56620000
v -65.34586000 -93.19078000 398.00000000
v -57.90802000 -122.96870000 369.13250000
v -49.72609000 -124.77360000 354.69870000
v -62.33442000 -106.35970000 383.56620000
v -74.03731000 -118.02180000 398.00000000
v -70.78886000 -105.22220000 398.00000000
v -57.90802000 -137.03130000 369.13250000
v -49.72609000 -135.22640000 354.69870000
v -47.55283000 -145.45080000 354.69870000
v -66.18059000 -121.96420000 383.56620000
v -74.99051000 -131.19280000 398.00000000
v -54.54261000 -150.68530000 369.13250000
v -43.30127000 -155.00000000 354.69870000
v -66.18059000 -138.03580000 383.56620000
v -73.61891000 -144.32680000 398.00000000
v -48.00739000 -163.13710000 369.13250000
v -37.15724000 -163.45650000 354.69870000
v -62.33442000 -153.64030000 383.56620000
v -59.72570000 -168.93090000 391.58020000
v -60.97682000 -168.25700000 392.77700000
v -38.68216000 -173.66310000 369.13250000
v -29.38926000 -170.45080000 354.69870000
v -33.82672000 -184.20330000 378.76120000
v -35.47826000 -183.74190000 379.63410000
v -36.83221000 -183.57020000 380.69790000
v -54.86559000 -167.87100000 383.56620000
v -50.00000000 -177.87810000 388.00000000
v -54.59643000 -173.23640000 388.72150000
v -57.99119000 -170.19230000 390.30590000
v -27.10885000 -181.65160000 369.13250000
v -20.33683000 -175.67730000 354.69870000
v -20.45964000 -190.06400000 378.00000000
v -30.00000000 -185.91320000 378.00000000
v -31.90925000 -184.96840000 378.18340000
v -44.20818000 -179.90070000 383.56620000
v -37.98986000 -183.66970000 381.98650000
v -38.82209000 -184.00150000 383.29140000
v -39.42809000 -184.54340000 384.66670000
v -39.82448000 -184.86560000 385.52140000
v -40.33673000 -185.00780000 386.24330000
v -40.90791000 -184.99500000 386.81310000
v -41.55093000 -184.84650000 387.27610000
v -42.23169000 -184.57580000 387.62060000
v -42.91571000 -184.20660000 387.84730000
v -43.54102000 -183.79240000 387.96410000
v -44.14214000 -183.32710000 388.00000000
v -46.16430000 -181.58650000 388.00000000
v -48.11789000 -179.76920000 388.00000000
v -13.96008000 -186.63830000 369.13250000
v -10.39558000 -178.90740000 354.69870000
v 0.00000000 -180.00000000 354.69870000
v 0.00000000 -193.45300000 378.00000000
v -10.36921000 -192.60000000 378.00000000
v -114.62390000 -36.66219000 343.00000000
v -114.56410000 -36.41027000 345.00000000
v -115.00000000 -40.00000000 343.00000000
v -113.51450000 -33.49174000 343.00000000
v -113.28180000 -33.02915000 345.00000000
v -111.72750000 -30.64765000 343.00000000
v -111.22770000 -30.05316000 345.00000000
v -109.35230000 -28.27253000 343.00000000
v -108.52100000 -27.65524000 345.00000000
v -106.50830000 -26.48547000 343.00000000
v -105.31910000 -25.97476000 345.00000000
v -103.33780000 -25.37608000 343.00000000
v -101.80810000 -25.10937000 345.00000000
v -98.19195000 -25.10937000 345.00000000
v -94.68093000 -25.97476000 345.00000000
v -91.47903000 -27.65524000 345.00000000
v -88.77234000 -30.05316000 345.00000000
v -86.71816000 -33.02915000 345.00000000
v -85.43587000 -36.41027000 345.00000000
v 157.50000000 70.00000000 480.00000000
v 158.68480000 81.00000000 460.41280000
v 157.50000000 81.00000000 480.00000000
v 158.68480000 70.00000000 460.41280000
v 162.22200000 81.00000000 441.11120000
v 162.22200000 70.00000000 441.11120000
v 168.05990000 81.00000000 422.37670000
v 168.05990000 70.00000000 422.37670000
v 176.11340000 81.00000000 404.48250000
v 176.11340000 70.00000000 404.48250000
v 186.26510000 81.00000000 387.68950000
v 186.26510000 70.00000000 387.68950000
v 198.36700000 81.00000000 372.24260000
v 198.36700000 70.00000000 372.24260000
v 212.24260000 81.00000000 358.36700000
v 212.24260000 70.00000000 358.36700000
v 227.68950000 81.00000000 346.26510000
v 227.68950000 70.00000000 346.26510000
v 244.48250000 81.00000000 336.11340000
v 244.48250000 70.00000000 336.11340000
v 262.37670000 81.00000000 328.05990000
v 262.37670000 70.00000000 328.05990000
v 281.11120000 70.00000000 322.22200000
v 281.11120000 81.00000000 322.22200000
v 300.41280000 70.00000000 318.68480000
v 300.41280000 81.00000000 318.68480000
v 320.00000000 70.00000000 317.50000000
v 320.00000000 81.00000000 317.50000000
v 339.58720000 70.00000000 318.68480000
v 339.58720000 81.00000000 318.68480000
v 358.88880000 70.00000000 322.22200000
v 358.88880000 81.00000000 322.22200000
v 377.62330000 70.00000000 328.05990000
v 377.62330000 81.00000000 328.05990000
v 395.51750000 70.00000000 336.11340000
v 395.51750000 81.00000000 336.11340000
v 412.31050000 70.00000000 346.26510000
v 412.31050000 81.00000000 346.26510000
v 427.75740000 70.00000000 358.36700000
v 427.75740000 81.00000000 358.36700000
v 441.63300000 70.00000000 372.24260000
v 441.63300000 81.00000000 372.24260000
v 453.73490000 70.00000000 387.68950000
v 453.73490000 81.00000000 387.68950000
v 463.88660000 70.00000000 404.48250000
v 463.88660000 81.00000000 404.48250000
v 471.94010000 70.00000000 422.37670000
v 471.94010000 81.00000000 422.37670000
v 477.77800000 70.00000000 441.11120000
v 477.77800000 81.00000000 441.11120000
v 481.31520000 70.00000000 460.41280000
v 481.31520000 81.00000000 460.41280000
v 482.50000000 70.00000000 480.00000000
v 482.50000000 81.00000000 480.00000000
v 443.83570000 70.00000000 462.97920000
v 445.00000000 52.00000000 480.00000000
v 445.00000000 70.00000000 480.00000000
v 443.83570000 52.00000000 462.97920000
v 440.36470000 70.00000000 446.27540000
v 440.36470000 52.00000000 446.27540000
v 434.65140000 70.00000000 430.19990000
v 434.65140000 52.00000000 430.19990000
v 426.80240000 70.00000000 415.05200000
v 426.80240000 52.00000000 415.05200000
v 416.96390000 52.00000000 401.11400000
v 416.96390000 70.00000000 401.11400000
v 405.31910000 70.00000000 388.64550000
v 405.31910000 52.00000000 388.64550000
v 392.08500000 52.00000000 377.87880000
v 392.08500000 70.00000000 377.87880000
v 377.50810000 70.00000000 369.01430000
v 377.50810000 52.00000000 369.01430000
v 361.86000000 70.00000000 362.21740000
v 361.86000000 52.00000000 362.21740000
v 345.43200000 70.00000000 357.61450000
v 345.43200000 52.00000000 357.61450000
v 328.53030000 70.00000000 355.29140000
v 328.53030000 52.00000000 355.29140000
v 311.46970000 70.00000000 355.29140000
v 311.46970000 52.00000000 355.29140000
v 294.56800000 70.00000000 357.61450000
v 294.56800000 52.00000000 357.61450000
v 278.14000000 52.00000000 362.21740000
v 278.14000000 70.00000000 362.21740000
v 262.49190000 70.00000000 369.01430000
v 262.49190000 52.00000000 369.01430000
v 247.91500000 52.00000000 377.87880000
v 247.91500000 70.00000000 377.87880000
v 234.68090000 70.00000000 388.64550000
v 234.68090000 52.00000000 388.64550000
v 223.03610000 70.00000000 401.11400000
v 223.03610000 52.00000000 401.11400000
v 213.19760000 70.00000000 415.05200000
v 213.19760000 52.00000000 415.05200000
v 205.34860000 70.00000000 430.19990000
v 205.34860000 52.00000000 430.19990000
v 199.63530000 52.00000000 446.27540000
v 199.63530000 70.00000000 446.27540000
v 196.16430000 70.00000000 462.97920000
v 196.16430000 52.00000000 462.97920000
v 195.00000000 70.00000000 480.00000000
v 195.00000000 52.00000000 480.00000000
v 263.94810000 -2.00000000 468.85060000
v 262.85000000 5.00000000 480.00000000
v 262.85000000 -2.00000000 480.00000000
v 263.94810000 5.00000000 468.85060000
v 267.20030000 -2.00000000 458.12960000
v 267.20030000 5.00000000 458.12960000
v 272.48150000 -2.00000000 448.24920000
v 272.48150000 5.00000000 448.24920000
v 279.58880000 -2.00000000 439.58880000
v 279.58880000 5.00000000 439.58880000
v 288.24920000 -2.00000000 432.48150000
v 288.24920000 5.00000000 432.48150000
v 298.12960000 -2.00000000 427.20030000
v 298.12960000 5.00000000 427.20030000
v 308.85060000 -2.00000000 423.94810000
v 308.85060000 5.00000000 423.94810000
v 320.00000000 -2.00000000 422.85000000
v 320.00000000 5.00000000 422.85000000
v 331.14940000 -2.00000000 423.94810000
v 331.14940000 5.00000000 423.94810000
v 341.87040000 -2.00000000 427.20030000
v 341.87040000 5.00000000 427.20030000
v 351.75080000 -2.00000000 432.48150000
v 351.75080000 5.00000000 432.48150000
v 360.41120000 -2.00000000 439.58880000
v 360.41120000 5.00000000 439.58880000
v 367.51850000 -2.00000000 448.24920000
v 367.51850000 5.00000000 448.24920000
v 372.79970000 -2.00000000 458.12960000
v 372.79970000 5.00000000 458.12960000
v 376.05190000 -2.00000000 468.85060000
v 376.05190000 5.00000000 468.85060000
v 377.15000000 -2.00000000 480.00000000
v 377.15000000 5.00000000 480.00000000
v -217.31680000 -91.26776000 235.00000000
v -209.84300000 -100.11680000 235.00000000
v -214.09940000 -96.13108000 235.00000000
v -219.31990000 -85.79142000 235.00000000
v -204.77900000 -103.00800000 235.00000000
v -220.00000000 -80.00000000 235.00000000
v -199.18310000 -104.64760000 235.00000000
v -80.00000000 -210.29740000 235.00000000
v -80.00000000 -250.00000000 235.00000000
v -140.00000000 -250.00000000 235.00000000
v -140.00000000 -176.13910000 235.00000000
v -220.00000000 -47.16991000 235.00000000
v -30.00000000 -201.00000000 235.00000000
v -154.13620000 -163.91160000 235.00000000
v -167.20880000 -150.55300000 235.00000000
v -179.12760000 -136.15550000 235.00000000
v -189.81020000 -120.81840000 235.00000000
v -223.63360000 -24.75889000 235.00000000
v -30.00000000 -215.00000000 235.00000000
v -66.33250000 -215.00000000 235.00000000
v -70.92156000 -213.53020000 235.00000000
v -75.47809000 -211.96240000 235.00000000
v -224.99020000 -2.09577600 235.00000000
v -224.05600000 20.58867000 235.00000000
v -220.84050000 43.06349000 235.00000000
v -215.37640000 65.09984000 235.00000000
v 66.33250000 -215.00000000 235.00000000
v 30.00000000 -215.00000000 235.00000000
v 30.00000000 -201.00000000 235.00000000
v 70.92156000 -213.53020000 235.00000000
v 75.47809000 -211.96240000 235.00000000
v 80.00000000 -210.29740000 235.00000000
v -207.71940000 86.47336000 235.00000000
v 140.00000000 -250.00000000 235.00000000
v 80.00000000 -250.00000000 235.00000000
v -197.94740000 106.96640000 235.00000000
v -186.16000000 126.37030000 235.00000000
v 140.00000000 -176.13910000 235.00000000
v -172.47710000 144.48760000 235.00000000
v 156.42210000 -161.73170000 235.00000000
v -157.03800000 161.13370000 235.00000000
v 171.36950000 -145.79950000 235.00000000
v -140.00000000 176.13910000 235.00000000
v 184.70140000 -128.49280000 235.00000000
v 196.29200000 -109.97470000 235.00000000
v 206.03210000 -90.41993000 235.00000000
v -80.00000000 210.29740000 235.00000000
v -140.00000000 250.00000000 235.00000000
v -75.47809000 211.96240000 235.00000000
v -70.92156000 213.53020000 235.00000000
v 213.82990000 -70.01269000 235.00000000
v -66.33250000 215.00000000 235.00000000
v -80.00000000 250.00000000 235.00000000
v 219.61180000 -48.94542000 235.00000000
v 223.32340000 -27.41672000 235.00000000
v 224.92960000 -5.62955300 235.00000000
v 224.41530000 16.21068000 235.00000000
v 221.78530000 37.89810000 235.00000000
v 217.06450000 59.22823000 235.00000000
v 66.33250000 215.00000000 235.00000000
v 70.92156000 213.53020000 235.00000000
v 75.47809000 211.96240000 235.00000000
v 80.00000000 210.29740000 235.00000000
v 210.29740000 80.00000000 235.00000000
v 201.55640000 100.00000000 235.00000000
v 192.01920000 117.27580000 235.00000000
v 181.00490000 133.64960000 235.00000000
v 140.00000000 176.13910000 235.00000000
v 168.59840000 148.99530000 235.00000000
v 154.89490000 163.19490000 235.00000000
v 270.00000000 100.00000000 235.00000000
v 270.00000000 80.00000000 235.00000000
v 140.00000000 250.00000000 235.00000000
v 80.00000000 250.00000000 235.00000000
v -140.00000000 -176.13910000 255.00000000
v -140.00000000 -250.00000000 255.00000000
v -80.00000000 -250.00000000 255.00000000
v -80.00000000 -210.29740000 255.00000000
v -66.33250000 -215.00000000 270.00000000
v -87.14881000 -207.43690000 270.00000000
v -101.13610000 -200.98880000 255.00000000
v -107.12070000 -197.86400000 270.00000000
v -121.20650000 -189.56260000 255.00000000
v -126.05470000 -186.37380000 270.00000000
v -143.76730000 -173.07790000 270.00000000
v -160.08690000 -158.10490000 270.00000000
v -174.85540000 -141.60010000 270.00000000
v -187.92970000 -123.72320000 270.00000000
v -199.18310000 -104.64760000 270.00000000
v -30.00000000 -215.00000000 270.00000000
v -30.00000000 -201.00000000 270.00000000
v 30.00000000 -201.00000000 270.00000000
v 30.00000000 -215.00000000 270.00000000
v 66.33250000 -215.00000000 270.00000000
v 210.29740000 80.00000000 250.00000000
v 217.11290000 59.05057000 250.00000000
v 221.84710000 37.53504000 250.00000000
v 224.45440000 15.65967000 250.00000000
v 224.90990000 -6.36582200 250.00000000
v 223.20930000 -28.33029000 250.00000000
v 219.36880000 -50.02316000 250.00000000
v 213.42530000 -71.23647000 250.00000000
v 205.43570000 -91.76686000 250.00000000
v 195.47670000 -111.41750000 250.00000000
v 170.68260000 -146.60310000 270.00000000
v 183.64370000 -130.00000000 250.00000000
v 183.64370000 -130.00000000 270.00000000
v 156.22570000 -161.92140000 270.00000000
v 140.00000000 -176.13910000 255.00000000
v 140.39970000 -175.82070000 270.00000000
v 123.34330000 -188.17930000 270.00000000
v 121.20650000 -189.56260000 255.00000000
v 105.20600000 -198.88870000 270.00000000
v 101.13610000 -200.98880000 255.00000000
v 86.14672000 -207.85510000 270.00000000
v 80.00000000 -210.29740000 255.00000000
v 80.00000000 -250.00000000 255.00000000
v 140.00000000 -250.00000000 255.00000000
v 270.00000000 80.00000000 250.00000000
v 270.00000000 100.00000000 250.00000000
v -60.00000000 100.00000000 390.00000000
v -50.00000000 100.00000000 420.00000000
v -40.00000000 100.00000000 420.00000000
v -71.00000000 100.00000000 340.00000000
v -71.00000000 100.00000000 390.00000000
v 185.18620000 100.00000000 591.58070000
v 198.90930000 100.00000000 606.34100000
v 214.23850000 100.00000000 619.42560000
v 173.25120000 100.00000000 575.34040000
v 230.97050000 100.00000000 630.66100000
v 163.26250000 100.00000000 557.83550000
v 248.88330000 100.00000000 639.89810000
v 155.35280000 100.00000000 539.29830000
v 267.73930000 100.00000000 647.01440000
v 65.00000000 100.00000000 430.00000000
v -40.00000000 100.00000000 430.00000000
v 149.62680000 100.00000000 519.97470000
v 287.28850000 100.00000000 651.91560000
v 65.00000000 100.00000000 420.00000000
v 146.16050000 100.00000000 500.12080000
v 307.27150000 100.00000000 654.53650000
v 145.00000000 100.00000000 480.00000000
v 327.42340000 100.00000000 654.84250000
v 339.09730000 100.00000000 643.38770000
v 347.47680000 100.00000000 652.82950000
v 357.93630000 100.00000000 640.06590000
v 367.16580000 100.00000000 648.52410000
v 145.00000000 100.00000000 420.00000000
v 376.26230000 100.00000000 634.57940000
v 386.22920000 100.00000000 641.98360000
v 393.82750000 100.00000000 627.00260000
v 404.41420000 100.00000000 633.29460000
v 410.39420000 100.00000000 617.43770000
v 134.37350000 100.00000000 340.00000000
v 421.47960000 100.00000000 622.57240000
v 151.88260000 100.00000000 338.90920000
v 151.09080000 100.00000000 338.11740000
v 152.83060000 100.00000000 339.50480000
v 150.49520000 100.00000000 337.16940000
v 150.12540000 100.00000000 336.11260000
v 153.88740000 100.00000000 339.87460000
v 155.00000000 100.00000000 340.00000000
v 150.00000000 100.00000000 335.00000000
v 425.73860000 100.00000000 606.01430000
v 437.19900000 100.00000000 609.95920000
v 180.00000000 100.00000000 350.00000000
v 165.00000000 100.00000000 340.00000000
v 166.11260000 100.00000000 339.87460000
v 167.16940000 100.00000000 339.50480000
v 168.11740000 100.00000000 338.90920000
v 168.90920000 100.00000000 338.11740000
v 169.50480000 100.00000000 337.16940000
v 169.87460000 100.00000000 336.11260000
v 170.00000000 100.00000000 335.00000000
v 150.00000000 100.00000000 305.00000000
v 439.65300000 100.00000000 592.88670000
v 202.84630000 100.00000000 350.00000000
v 451.36390000 100.00000000 595.62230000
v 134.37350000 100.00000000 270.00000000
v 152.83060000 100.00000000 300.49520000
v 153.88740000 100.00000000 300.12540000
v 151.88260000 100.00000000 301.09080000
v 151.09080000 100.00000000 301.88260000
v 150.49520000 100.00000000 302.83060000
v 150.12540000 100.00000000 303.88740000
v 451.94930000 100.00000000 578.23260000
v 216.31930000 100.00000000 339.02020000
v 463.78650000 100.00000000 579.75190000
v 166.96500000 100.00000000 270.00000000
v 155.00000000 100.00000000 300.00000000
v 165.00000000 100.00000000 300.00000000
v 180.00000000 100.00000000 280.00000000
v 169.87460000 100.00000000 303.88740000
v 170.00000000 100.00000000 305.00000000
v 169.50480000 100.00000000 302.83060000
v 168.90920000 100.00000000 301.88260000
v 168.11740000 100.00000000 301.09080000
v 167.16940000 100.00000000 300.49520000
v 166.11260000 100.00000000 300.12540000
v 462.46120000 100.00000000 562.25000000
v 230.81490000 100.00000000 329.43100000
v 474.30200000 100.00000000 562.55840000
v 246.19030000 100.00000000 321.32700000
v 471.04650000 100.00000000 545.15510000
v 482.77090000 100.00000000 544.26990000
v 262.29380000 100.00000000 314.78800000
v 477.58930000 100.00000000 527.17910000
v 201.55640000 100.00000000 250.02860000
v 489.08100000 100.00000000 525.12900000
v 278.96640000 100.00000000 309.87870000
v 482.00090000 100.00000000 508.56510000
v 260.09380000 100.00000000 280.00000000
v 493.14840000 100.00000000 505.38950000
v 296.04380000 100.00000000 306.64750000
v 484.22170000 100.00000000 489.56480000
v 494.91930000 100.00000000 485.31320000
v 484.22170000 100.00000000 470.43520000
v 494.37020000 100.00000000 465.16650000
v 482.00090000 100.00000000 451.43490000
v 491.50830000 100.00000000 445.21650000
v 477.58930000 100.00000000 432.82090000
v 353.90750000 100.00000000 307.26000000
v 352.31720000 100.00000000 305.69500000
v 339.09730000 100.00000000 316.61230000
v 357.93630000 100.00000000 319.93410000
v 351.11340000 100.00000000 303.81630000
v 355.80530000 100.00000000 308.43340000
v 350.35620000 100.00000000 301.71740000
v 357.91600000 100.00000000 309.15690000
v 350.08320000 100.00000000 299.50290000
v 350.30810000 100.00000000 297.28300000
v 351.01960000 100.00000000 295.16820000
v 486.37170000 100.00000000 425.72790000
v 471.04650000 100.00000000 414.84490000
v 377.30740000 100.00000000 314.64930000
v 376.26230000 100.00000000 325.42060000
v 479.02840000 100.00000000 406.95910000
v 462.46120000 100.00000000 397.75000000
v 395.93870000 100.00000000 322.33480000
v 393.82750000 100.00000000 332.99740000
v 469.57580000 100.00000000 389.15910000
v 451.94930000 100.00000000 381.76740000
v 413.56280000 100.00000000 332.11150000
v 410.39420000 100.00000000 342.56230000
v 458.13940000 100.00000000 372.56390000
v 439.65300000 100.00000000 367.11330000
v 335.88940000 100.00000000 250.00000000
v 429.94590000 100.00000000 343.84970000
v 425.73860000 100.00000000 353.98570000
v 444.87070000 100.00000000 357.39370000
v 367.67770000 100.00000000 259.44470000
v 80.00000000 210.29740000 260.00000000
v 66.33250000 215.00000000 270.00000000
v 85.45074000 208.14220000 270.00000000
v 88.48427000 206.87080000 260.00000000
v 96.82220000 203.10210000 260.00000000
v 103.87270000 199.58830000 270.00000000
v 105.00000000 198.99750000 260.00000000
v 121.44810000 189.40790000 270.00000000
v 117.13200000 192.10700000 255.00000000
v 105.00000000 198.99750000 255.00000000
v 128.81370000 184.47770000 255.00000000
v 138.03390000 177.68410000 270.00000000
v 140.00000000 176.13910000 255.00000000
v 153.49490000 164.51230000 270.00000000
v 167.70510000 150.00000000 269.57270000
v 167.70510000 150.00000000 270.00000000
v 180.46300000 134.38040000 262.20690000
v 191.79230000 117.64650000 255.66590000
v 140.00000000 250.00000000 255.00000000
v 105.00000000 250.00000000 255.00000000
v 80.00000000 250.00000000 260.00000000
v 105.00000000 250.00000000 260.00000000
v -66.33250000 215.00000000 270.00000000
v -220.00000000 -47.16991000 270.00000000
v -223.58120000 -25.22805000 270.00000000
v -224.97950000 -3.03987400 270.00000000
v -224.18120000 19.17798000 270.00000000
v -221.19420000 41.20859000 270.00000000
v -216.04750000 62.83686000 270.00000000
v -208.79150000 83.85164000 270.00000000
v -199.49700000 104.04770000 270.00000000
v -188.25480000 123.22800000 270.00000000
v -175.17450000 141.20510000 270.00000000
v -160.38400000 157.80360000 270.00000000
v -140.00000000 176.13910000 255.00000000
v -144.02760000 172.86140000 270.00000000
v -126.26490000 186.23150000 270.00000000
v -121.20650000 189.56260000 255.00000000
v -107.26950000 197.78330000 270.00000000
v -101.13610000 200.98880000 255.00000000
v -87.22683000 207.40410000 270.00000000
v -80.00000000 210.29740000 255.00000000
v -80.00000000 250.00000000 255.00000000
v -140.00000000 250.00000000 255.00000000
v -220.00000000 -80.00000000 270.00000000
v -204.77900000 -103.00800000 270.00000000
v -209.84300000 -100.11680000 270.00000000
v -214.09940000 -96.13108000 270.00000000
v -217.31680000 -91.26776000 270.00000000
v -219.31990000 -85.79142000 270.00000000
v -111.91870000 124.62130000 270.00000000
v -125.89660000 110.48210000 270.00000000
v -96.36384000 137.00460000 270.00000000
v -138.10080000 94.78622000 270.00000000
v -79.45127000 147.45760000 270.00000000
v -148.35910000 77.75489000 270.00000000
v -61.41927000 155.83300000 270.00000000
v -156.52720000 59.62802000 270.00000000
v -42.52190000 162.01280000 270.00000000
v -162.48980000 40.66102000 270.00000000
v -23.02542000 165.90990000 270.00000000
v -166.16300000 21.12112000 270.00000000
v -3.20451300 167.46930000 270.00000000
v -167.49510000 1.28363500 270.00000000
v 16.66154000 166.66930000 270.00000000
v -166.46720000 -18.57194000 270.00000000
v 36.29284000 163.52090000 270.00000000
v -163.09390000 -38.16584000 270.00000000
v 55.41279000 158.06860000 270.00000000
v -157.42270000 -57.22200000 270.00000000
v 73.75200000 150.38910000 270.00000000
v -149.53340000 -75.47192000 270.00000000
v 91.05207000 140.59080000 270.00000000
v -139.53730000 -92.65849000 270.00000000
v 107.06930000 128.81160000 270.00000000
v -127.57520000 -108.53950000 270.00000000
v 121.57790000 115.21750000 270.00000000
v -113.81550000 -122.89130000 270.00000000
v 166.96500000 150.00000000 270.00000000
v -98.45232000 -135.51160000 270.00000000
v -81.70195000 -146.22260000 270.00000000
v -63.80044000 -154.87330000 270.00000000
v -45.00000000 -177.00000000 270.00000000
v -45.00000000 -161.34200000 270.00000000
v -17.05872000 -177.00000000 270.00000000
v -7.46108700 -179.44020000 270.00000000
v 2.42922900 -179.94100000 270.00000000
v 55.70439000 -157.96600000 270.00000000
v 37.30360000 -163.29330000 270.00000000
v 30.01029000 -169.99230000 270.00000000
v 21.53975000 -175.12250000 270.00000000
v 12.22425000 -178.48270000 270.00000000
v 73.37659000 -150.57270000 270.00000000
v 90.08904000 -141.20980000 270.00000000
v 105.62320000 -130.00000000 270.00000000
v 75.72687000 -130.00000000 393.53140000
v 75.00000000 -130.00000000 398.00000000
v 71.38006000 -130.00000000 391.73010000
v 80.30909000 -130.00000000 394.63160000
v 85.00000000 -130.00000000 395.00000000
v 93.00000000 -130.00000000 398.00000000
v 100.00000000 -130.00000000 418.00000000
v 93.00000000 -130.00000000 418.00000000
v 130.00000000 -130.00000000 395.00000000
v 100.00000000 -130.00000000 423.00000000
v 180.00000000 -130.00000000 423.00000000
v 180.00000000 -130.00000000 370.00000000
v 138.56410000 -130.00000000 350.00000000
v 202.15390000 -130.00000000 350.00000000
v 202.15390000 -130.00000000 370.00000000
v 138.56410000 -130.00000000 280.00000000
v 130.00000000 -130.00000000 340.00000000
v 105.62320000 -130.00000000 340.00000000
v 188.75000000 -130.00000000 280.00000000
v 188.75000000 -130.00000000 250.00000000
v 248.75000000 -140.00000000 250.00000000
v 188.75000000 -140.00000000 250.00000000
v 248.75000000 -103.09770000 250.00000000
v 270.00000000 -90.82904000 250.00000000
v 270.00000000 60.00000000 250.00000000
v 335.88940000 60.00000000 250.00000000
v 180.00000000 70.00000000 280.00000000
v 180.00000000 70.00000000 350.00000000
v 260.09380000 70.00000000 280.00000000
v 296.04380000 70.00000000 306.64750000
v 278.96640000 70.00000000 309.87870000
v 262.29380000 70.00000000 314.78800000
v 246.19030000 70.00000000 321.32700000
v 230.81490000 70.00000000 329.43100000
v 216.31930000 70.00000000 339.02020000
v 202.84630000 70.00000000 350.00000000
v 170.00000000 120.00000000 335.00000000
v 169.87460000 120.00000000 336.11260000
v 169.50480000 120.00000000 337.16940000
v 168.90920000 120.00000000 338.11740000
v 168.11740000 120.00000000 338.90920000
v 167.16940000 120.00000000 339.50480000
v 166.11260000 120.00000000 339.87460000
v 165.00000000 120.00000000 340.00000000
v 155.00000000 120.00000000 340.00000000
v 153.88740000 120.00000000 339.87460000
v 152.83060000 120.00000000 339.50480000
v 151.88260000 120.00000000 338.90920000
v 151.09080000 120.00000000 338.11740000
v 150.49520000 120.00000000 337.16940000
v 150.12540000 120.00000000 336.11260000
v 150.00000000 120.00000000 335.00000000
v 150.00000000 120.00000000 305.00000000
v 150.12540000 120.00000000 303.88740000
v 150.49520000 120.00000000 302.83060000
v 151.09080000 120.00000000 301.88260000
v 151.88260000 120.00000000 301.09080000
v 152.83060000 120.00000000 300.49520000
v 153.88740000 120.00000000 300.12540000
v 155.00000000 120.00000000 300.00000000
v 165.00000000 120.00000000 300.00000000
v 166.11260000 120.00000000 300.12540000
v 167.16940000 120.00000000 300.49520000
v 168.11740000 120.00000000 301.09080000
v 168.90920000 120.00000000 301.88260000
v 169.50480000 120.00000000 302.83060000
v 169.87460000 120.00000000 303.88740000
v 170.00000000 120.00000000 305.00000000
v -71.00000000 75.00000000 390.00000000
v -60.00000000 75.00000000 390.00000000
v -50.00000000 75.00000000 420.00000000
v -40.00000000 75.00000000 420.00000000
v -40.00000000 75.00000000 430.00000000
v 65.00000000 75.00000000 430.00000000
v 65.00000000 75.00000000 420.00000000
v 70.00000000 75.00000000 420.00000000
v 70.00000000 60.00000000 420.00000000
v 90.00000000 35.00000000 420.00000000
v 145.00000000 35.00000000 420.00000000
v 145.00000000 35.00000000 480.00000000
v 347.03440000 35.00000000 307.10080000
v 347.03440000 60.00000000 307.10080000
v 350.67580000 60.00000000 307.70960000
v 354.30350000 60.00000000 308.39500000
v 357.91600000 60.00000000 309.15690000
v 366.61600000 35.00000000 311.32300000
v 385.58690000 35.00000000 317.75520000
v 403.69840000 35.00000000 326.31340000
v 420.71320000 35.00000000 336.88520000
v 436.40840000 35.00000000 349.33220000
v 450.57840000 35.00000000 363.49130000
v 463.03740000 35.00000000 379.17690000
v 473.62230000 35.00000000 396.18360000
v 482.19430000 35.00000000 414.28850000
v 488.64120000 35.00000000 433.25440000
v 492.87840000 35.00000000 452.83280000
v 494.85050000 35.00000000 472.76720000
v 494.53150000 35.00000000 492.79630000
v 491.92580000 35.00000000 512.65780000
v 487.06730000 35.00000000 532.09130000
v 480.01990000 35.00000000 550.84230000
v 470.87570000 35.00000000 568.66510000
v 459.75470000 35.00000000 585.32620000
v 446.80260000 35.00000000 600.60720000
v 432.18900000 35.00000000 614.30800000
v 416.10540000 35.00000000 626.24890000
v 398.76260000 35.00000000 636.27360000
v 380.38780000 35.00000000 644.25070000
v 361.22180000 35.00000000 650.07580000
v 340.00000000 60.00000000 653.85340000
v 341.51570000 35.00000000 653.67230000
v 340.00000000 40.00000000 653.85340000
v 321.97420000 60.00000000 654.98890000
v 321.52760000 35.00000000 654.99330000
v 321.97420000 40.00000000 654.98890000
v 303.92740000 60.00000000 654.26040000
v 303.92740000 40.00000000 654.26040000
v 301.51950000 35.00000000 654.02150000
v 286.05180000 60.00000000 651.67560000
v 281.75360000 35.00000000 650.76950000
v 286.05180000 40.00000000 651.67560000
v 268.53780000 60.00000000 647.26220000
v 262.48880000 35.00000000 645.28000000
v 268.53780000 40.00000000 647.26220000
v 251.57200000 60.00000000 641.06710000
v 235.33510000 60.00000000 633.15630000
v 243.97750000 35.00000000 637.62480000
v 251.57200000 40.00000000 641.06710000
v 220.00000000 60.00000000 623.61410000
v 226.46240000 35.00000000 627.90440000
v 235.33510000 40.00000000 633.15630000
v 210.17280000 35.00000000 616.24610000
v 220.00000000 40.00000000 623.61410000
v 195.32230000 35.00000000 602.80250000
v 182.10530000 35.00000000 587.75000000
v 170.69510000 35.00000000 571.28560000
v 161.24130000 35.00000000 553.62510000
v 153.86750000 35.00000000 535.00000000
v 151.36640000 35.00000000 526.77290000
v 149.27240000 35.00000000 518.43280000
v 147.59060000 35.00000000 510.00000000
v 146.15300000 35.00000000 500.05510000
v 145.28850000 35.00000000 490.04410000
v 351.01960000 60.00000000 295.16820000
v 350.30810000 60.00000000 297.28300000
v 350.08320000 60.00000000 299.50290000
v 350.35620000 60.00000000 301.71740000
v 351.11340000 60.00000000 303.81630000
v 352.31720000 60.00000000 305.69500000
v 353.90750000 60.00000000 307.26000000
v 355.80530000 60.00000000 308.43340000
v 367.67770000 60.00000000 259.44470000
v 121.82680000 114.95430000 340.00000000
v 107.62540000 128.34730000 340.00000000
v 91.96223000 139.99710000 340.00000000
v 75.05009000 149.74560000 340.00000000
v 57.11863000 157.46020000 340.00000000
v 38.41141000 163.03620000 340.00000000
v 19.18249000 166.39800000 340.00000000
v -0.30696150 167.49970000 340.00000000
v -19.79224000 166.32650000 340.00000000
v -39.00871000 162.89440000 340.00000000
v -57.69537000 157.24980000 340.00000000
v -75.59843000 149.46950000 340.00000000
v -92.47473000 139.65910000 340.00000000
v -108.09510000 127.95200000 340.00000000
v -122.24730000 114.50700000 340.00000000
v -134.73920000 99.50682000 340.00000000
v -145.40110000 83.15517000 340.00000000
v -154.08820000 65.67413000 340.00000000
v -160.68250000 47.30111000 340.00000000
v -165.09440000 28.28567000 340.00000000
v -167.26410000 8.88605900 340.00000000
v -167.16210000 -10.63424000 340.00000000
v -164.78970000 -30.01011000 340.00000000
v -160.17920000 -48.97839000 340.00000000
v -153.39310000 -67.28145000 340.00000000
v -144.52380000 -84.67072000 340.00000000
v -133.69150000 -100.91000000 340.00000000
v -121.04350000 -115.77880000 340.00000000
v -106.75150000 -129.07510000 340.00000000
v -91.00961000 -140.61830000 340.00000000
v -74.03167000 -150.25170000 340.00000000
v -45.00000000 -161.34200000 290.00000000
v -44.59186000 -161.45530000 293.47580000
v -56.04825000 -157.84440000 340.00000000
v -43.39048000 -161.78230000 296.75990000
v -41.47671000 -162.28350000 299.65850000
v -37.30360000 -163.29330000 340.00000000
v -39.55131000 -162.76350000 301.56600000
v -37.30360000 -163.29330000 303.10180000
v -71.00000000 75.00000000 340.00000000
v -112.59820000 -27.14362000 340.00000000
v -115.09210000 -30.19043000 340.00000000
v -109.50870000 -24.71647000 340.00000000
v -116.83100000 -33.61904000 340.00000000
v -106.05970000 -23.05057000 340.00000000
v -102.99420000 -22.25077000 340.00000000
v -117.77620000 -37.17012000 340.00000000
v -117.98810000 -40.65593000 340.00000000
v -117.51090000 -44.16786000 340.00000000
v -116.26820000 -47.70410000 340.00000000
v -114.23640000 -51.01517000 340.00000000
v -111.50150000 -53.84645000 340.00000000
v -108.25110000 -55.99774000 340.00000000
v -104.33750000 -57.46973000 340.00000000
v -37.73468000 -97.19613000 340.00000000
v -30.21407000 -90.16145000 340.00000000
v -43.65464000 -105.62230000 340.00000000
v -21.41183000 -84.81667000 340.00000000
v -47.72283000 -115.08250000 340.00000000
v -11.70133000 -81.38849000 340.00000000
v -49.76670000 -125.17550000 340.00000000
v -1.49448000 -80.02234000 340.00000000
v -49.69954000 -135.47320000 340.00000000
v 8.77576500 -80.77616000 340.00000000
v -47.52420000 -145.53870000 340.00000000
v 145.00000000 35.00000000 340.00000000
v 18.67376000 -83.61799000 340.00000000
v -43.33296000 -154.94500000 340.00000000
v 60.00000000 -95.00000000 340.00000000
v 27.77963000 -88.42727000 340.00000000
v 35.70714000 -95.00000000 340.00000000
v 49.17270000 -139.05790000 340.00000000
v 57.16942000 -129.50480000 340.00000000
v 56.11260000 -129.87460000 340.00000000
v 55.00000000 -130.00000000 340.00000000
v 50.00000000 -130.00000000 340.00000000
v 55.70439000 -157.96600000 340.00000000
v 46.71820000 -147.81600000 340.00000000
v 42.71770000 -155.98460000 340.00000000
v 37.30360000 -163.29330000 340.00000000
v 73.37659000 -150.57270000 340.00000000
v 59.50484000 -127.16940000 340.00000000
v 58.90916000 -128.11740000 340.00000000
v 58.11745000 -128.90920000 340.00000000
v 130.00000000 -95.00000000 340.00000000
v 165.00000000 -65.00000000 340.00000000
v 165.00000000 35.00000000 340.00000000
v 135.00000000 -95.00000000 340.00000000
v 90.08904000 -141.20980000 340.00000000
v 60.00000000 -125.00000000 340.00000000
v 59.87464000 -126.11260000 340.00000000
v 141.67560000 -94.24784000 340.00000000
v 162.02910000 -78.01651000 340.00000000
v 164.24780000 -71.67563000 340.00000000
v 153.70470000 -88.45494000 340.00000000
v 148.01650000 -92.02907000 340.00000000
v 158.45490000 -83.70469000 340.00000000
v 145.00000000 75.00000000 340.00000000
v 339.09730000 81.00000000 643.38770000
v 357.93630000 81.00000000 640.06590000
v 376.26230000 81.00000000 634.57940000
v 393.82750000 81.00000000 627.00260000
v 410.39420000 81.00000000 617.43770000
v 425.73860000 81.00000000 606.01430000
v 439.65300000 81.00000000 592.88670000
v 451.94930000 81.00000000 578.23260000
v 462.46120000 81.00000000 562.25000000
v 471.04650000 81.00000000 545.15510000
v 477.58930000 81.00000000 527.17910000
v 482.00090000 81.00000000 508.56510000
v 484.22170000 81.00000000 489.56480000
v 484.22170000 81.00000000 470.43520000
v 482.00090000 81.00000000 451.43490000
v 477.58930000 81.00000000 432.82090000
v 471.04650000 81.00000000 414.84490000
v 462.46120000 81.00000000 397.75000000
v 451.94930000 81.00000000 381.76740000
v 439.65300000 81.00000000 367.11330000
v 425.73860000 81.00000000 353.98570000
v 410.39420000 81.00000000 342.56230000
v 393.82750000 81.00000000 332.99740000
v 376.26230000 81.00000000 325.42060000
v 357.93630000 81.00000000 319.93410000
v 339.09730000 81.00000000 316.61230000
v -45.00000000 -177.00000000 290.00000000
v -38.72976000 -177.00000000 302.19800000
v -43.34066000 -177.00000000 296.85760000
v -44.57926000 -177.00000000 293.52780000
v -41.35367000 -177.00000000 299.80280000
v -35.61612000 -177.00000000 303.90900000
v -17.05872000 -177.00000000 297.58440000
v -32.18743000 -177.00000000 304.83960000
v -21.95772000 -177.00000000 302.66180000
v -28.63604000 -177.00000000 304.93790000
v -25.16115000 -177.00000000 304.19810000
v -19.20544000 -177.00000000 300.41530000
v 35.63003000 -94.92151000 352.22840000
v 35.68928000 -94.98177000 351.60140000
v 35.70714000 -95.00000000 350.96710000
v 35.50474000 -94.79469000 352.90510000
v 35.32710000 -94.61644000 353.47080000
v 35.14203000 -94.43263000 353.85920000
v 34.90849000 -94.20339000 354.19290000
v 34.62985000 -93.93377000 354.45010000
v 34.28763000 -93.60826000 354.62650000
v -33.16735000 -167.41560000 304.66180000
v -28.90800000 -170.79620000 304.96030000
v -25.24593000 -173.15830000 304.22670000
v -22.01675000 -174.89170000 302.69900000
v -19.39016000 -176.08710000 300.60340000
v -18.14046000 -176.59320000 299.18430000
v 9.75451600 -179.03930000 354.69870000
v 19.13417000 -176.19400000 354.69870000
v 27.77851000 -171.57350000 354.69870000
v 35.35534000 -165.35530000 354.69870000
v 41.57348000 -157.77850000 354.69870000
v 46.19398000 -149.13420000 354.69870000
v 49.03926000 -139.75450000 354.69870000
v 50.00000000 -130.00000000 354.69870000
v 108.11250000 -120.00000000 423.00000000
v 180.00000000 -120.00000000 423.00000000
v 100.00000000 -95.00000000 423.00000000
v 108.11250000 -95.00000000 423.00000000
v 180.00000000 5.00000000 370.00000000
v 180.00000000 5.00000000 480.00000000
v 180.00000000 -120.00000000 480.00000000
v 406.60250000 -11.96152000 370.00000000
v 406.60250000 5.00000000 370.00000000
v 410.00000000 -10.00000000 353.77320000
v 410.00000000 -10.00000000 372.76190000
v 327.78550000 -57.46657000 319.51290000
v 325.34620000 -58.87488000 316.32110000
v 322.66520000 -60.42276000 313.93270000
v 329.67590000 -56.37515000 323.51770000
v 330.62340000 -55.82811000 327.70480000
v 330.67850000 -55.79629000 331.75360000
v 329.88880000 -56.25221000 335.82380000
v 276.88680000 -86.85294000 280.00000000
v 328.27200000 -57.18568000 339.65260000
v 325.94990000 -58.52635000 343.00500000
v 323.12020000 -60.16005000 345.71990000
v 320.00980000 -61.95588000 347.73020000
v 316.82910000 -63.79224000 349.05550000
v 248.75000000 -103.09770000 280.00000000
v 310.75550000 -67.29883000 350.00000000
v 313.68440000 -65.60786000 349.78440000
v 151.34660000 -114.86600000 350.00000000
v 162.48400000 -98.48332000 350.00000000
v 171.85500000 -81.03006000 350.00000000
v 179.35780000 -62.69595000 350.00000000
v 188.45390000 -24.18979000 350.00000000
v 189.94820000 -4.43633200 350.00000000
v 184.91090000 -43.68028000 350.00000000
v 310.75550000 35.00000000 350.00000000
v 189.37770000 15.36535000 350.00000000
v 186.74850000 35.00000000 350.00000000
v 186.74850000 35.00000000 280.00000000
v 189.37770000 15.36535000 280.00000000
v 189.94820000 -4.43633200 280.00000000
v 188.45390000 -24.18979000 280.00000000
v 184.91090000 -43.68028000 280.00000000
v 179.35780000 -62.69595000 280.00000000
v 171.85500000 -81.03006000 280.00000000
v 162.48400000 -98.48332000 280.00000000
v 151.34660000 -114.86600000 280.00000000
v 248.75000000 -140.00000000 280.00000000
v 188.75000000 -140.00000000 280.00000000
v 276.88680000 35.00000000 280.00000000
v 130.00000000 -126.11260000 390.12540000
v 130.00000000 -125.00000000 390.00000000
v 130.00000000 -127.16940000 390.49520000
v 130.00000000 -128.11740000 391.09080000
v 130.00000000 -128.90920000 391.88260000
v 130.00000000 -129.50480000 392.83060000
v 130.00000000 -129.87460000 393.88740000
v 130.00000000 -95.00000000 390.00000000
v 85.00000000 -126.11260000 390.12540000
v 85.00000000 -125.00000000 390.00000000
v 85.00000000 -127.16940000 390.49520000
v 85.00000000 -128.11740000 391.09080000
v 85.00000000 -128.90920000 391.88260000
v 85.00000000 -129.50480000 392.83060000
v 85.00000000 -129.87460000 393.88740000
v 81.08907000 -125.00000000 389.69220000
v 73.59314000 -126.11260000 387.38680000
v 73.65005000 -125.00000000 387.27510000
v 77.27444000 -125.00000000 388.77640000
v 71.88518000 -129.87460000 390.73870000
v 80.99737000 -127.44520000 390.32430000
v 80.69824000 -129.36130000 392.21690000
v 77.06916000 -127.44520000 389.38120000
v 72.79538000 -128.90920000 388.95240000
v 73.15481000 -128.11740000 388.24700000
v 73.42525000 -127.16940000 387.71630000
v 76.47645000 -129.36130000 391.20340000
v 72.36497000 -129.50480000 389.79710000
v 55.00000000 -130.00000000 363.35900000
v 68.82574000 -159.79960000 398.00000000
v 64.14214000 -168.86880000 398.00000000
v 63.44688000 -168.18080000 396.35310000
v 62.60393000 -167.91730000 394.86730000
v 61.70142000 -168.00790000 393.61510000
v 74.30542000 -140.18350000 398.00000000
v 12.98039000 -186.87080000 369.13250000
v 20.45964000 -190.06400000 378.00000000
v 10.36921000 -192.60000000 378.00000000
v 25.30988000 -182.55650000 369.13250000
v 32.63977000 -184.65310000 378.35470000
v 31.31344000 -185.24580000 378.08660000
v 30.00000000 -185.91320000 378.00000000
v 36.37024000 -175.60680000 369.13250000
v 36.60793000 -183.58150000 380.49440000
v 35.36865000 -183.76520000 379.56330000
v 34.02708000 -184.13610000 378.84670000
v 45.60684000 -166.37020000 369.13250000
v 41.56599000 -182.12210000 383.56620000
v 48.11789000 -179.76920000 388.00000000
v 46.16430000 -181.58650000 388.00000000
v 44.14214000 -183.32710000 388.00000000
v 43.25973000 -183.98760000 387.92190000
v 42.32969000 -184.52850000 387.65990000
v 41.57458000 -184.83890000 387.29040000
v 40.91337000 -184.99420000 386.81780000
v 40.32605000 -185.00650000 386.23060000
v 39.84893000 -184.87750000 385.56280000
v 39.61324000 -184.73170000 385.11880000
v 39.42809000 -184.54340000 384.66670000
v 38.66870000 -183.91490000 383.01470000
v 37.69301000 -183.61390000 381.61110000
v 52.55652000 -155.30990000 369.13250000
v 52.12210000 -171.56600000 383.56620000
v 58.20885000 -170.01870000 390.44530000
v 56.03341000 -171.88520000 389.26690000
v 53.59712000 -174.21210000 388.43770000
v 51.79921000 -176.01970000 388.10830000
v 50.00000000 -177.87810000 388.00000000
v 56.87079000 -142.98040000 369.13250000
v 55.71058000 -130.00000000 364.58970000
v 60.06459000 -158.92560000 383.56620000
v 72.23455000 -150.17850000 398.00000000
v 60.69853000 -168.38320000 392.48570000
v 59.64574000 -168.98190000 391.51260000
v 64.99519000 -144.83470000 383.56620000
v 75.23590000 -220.89730000 398.00000000
v 75.10137000 -221.00000000 398.00000000
v 64.14214000 -221.00000000 398.00000000
v 75.36867000 -220.79240000 398.00000000
v 75.49965000 -220.68520000 398.00000000
v 81.75686000 -215.08710000 398.00000000
v 87.60017000 -209.05830000 398.00000000
v 93.00000000 -202.62920000 398.00000000
v 93.00000000 -202.62920000 418.00000000
v 75.23590000 -220.89730000 418.00000000
v 75.36867000 -220.79240000 418.00000000
v 75.49965000 -220.68520000 418.00000000
v 75.10137000 -221.00000000 418.00000000
v 87.60017000 -209.05830000 418.00000000
v 81.75686000 -215.08710000 418.00000000
v 93.00000000 -95.00000000 418.00000000
v 100.00000000 -95.00000000 418.00000000
v -75.10137000 -221.00000000 418.00000000
v -75.36867000 -220.79240000 418.00000000
v -75.23590000 -220.89730000 418.00000000
v -75.49965000 -220.68520000 418.00000000
v 86.77187000 -50.03349000 418.00000000
v 93.00000000 -57.37080000 418.00000000
v -81.75686000 -215.08710000 418.00000000
v 33.66279000 -42.22341000 418.00000000
v 72.62920000 -37.00000000 418.00000000
v 39.33192000 -37.00000000 418.00000000
v 79.96651000 -43.22813000 418.00000000
v 27.30768000 -46.58638000 418.00000000
v 20.39608000 -50.00000000 418.00000000
v -20.39608000 -50.00000000 418.00000000
v -87.60017000 -209.05830000 418.00000000
v -93.00000000 -202.62920000 418.00000000
v -72.62920000 -37.00000000 418.00000000
v -33.66279000 -42.22341000 418.00000000
v -39.33192000 -37.00000000 418.00000000
v -93.00000000 -57.37080000 418.00000000
v -27.30768000 -46.58638000 418.00000000
v -79.96651000 -43.22813000 418.00000000
v -86.77187000 -50.03349000 418.00000000
v 412.30020000 35.00000000 355.47820000
v 412.30020000 -10.00000000 355.47820000
v 70.00000000 75.00000000 390.00000000
v 145.00000000 75.00000000 390.00000000
v 166.30490000 35.00000000 500.07050000
v 167.93090000 35.00000000 510.00000000
v 165.32660000 35.00000000 490.05640000
v 165.00000000 35.00000000 480.00000000
v 90.00000000 35.00000000 390.00000000
v 145.00000000 35.00000000 390.00000000
v 70.00000000 60.00000000 390.00000000
v 340.00000000 40.00000000 675.00000000
v 340.00000000 60.00000000 675.00000000
v 220.00000000 60.00000000 675.00000000
v 220.00000000 40.00000000 675.00000000
v 210.26580000 35.00000000 589.46870000
v 222.38670000 35.00000000 600.40200000
v 199.36180000 35.00000000 577.32130000
v 235.59030000 35.00000000 610.00000000
v 189.79590000 35.00000000 564.09450000
v 181.67400000 35.00000000 549.93510000
v 175.08620000 35.00000000 535.00000000
v 404.40970000 35.00000000 610.00000000
v 417.54030000 35.00000000 600.46110000
v 429.60160000 35.00000000 589.60160000
v 440.46110000 35.00000000 577.54030000
v 450.00000000 35.00000000 564.40970000
v 460.00000000 35.00000000 520.00000000
v 450.00000000 35.00000000 520.00000000
v 460.00000000 35.00000000 480.00000000
v 450.00000000 35.00000000 480.00000000
v 450.00000000 35.00000000 395.59030000
v 439.05820000 35.00000000 380.75210000
v 426.43210000 35.00000000 367.31810000
v 130.00000000 35.00000000 535.00000000
v 130.00000000 35.00000000 510.00000000
v 165.00000000 -65.00000000 400.00000000
v 165.00000000 -95.00000000 400.00000000
v 165.00000000 -95.00000000 480.00000000
v 164.24780000 -71.67563000 400.00000000
v 162.02910000 -78.01651000 400.00000000
v 158.45490000 -83.70469000 400.00000000
v 153.70470000 -88.45494000 400.00000000
v 148.01650000 -92.02907000 400.00000000
v 141.67560000 -94.24784000 400.00000000
v 135.00000000 -95.00000000 400.00000000
v 171.66890000 -95.00000000 524.97650000
v 175.46000000 -95.00000000 539.64950000
v 176.78930000 -95.00000000 539.29330000
v 65.45421000 -95.00000000 380.58720000
v 53.63732000 -95.00000000 373.98790000
v 70.17377000 -95.00000000 398.00000000
v 69.41275000 -95.00000000 384.54580000
v 62.47578000 -95.00000000 375.84710000
v 74.15291000 -95.00000000 387.52420000
v 60.62680000 -95.00000000 370.56300000
v 79.43698000 -95.00000000 389.37320000
v 93.00000000 -95.00000000 398.00000000
v 85.00000000 -95.00000000 390.00000000
v 60.00000000 -95.00000000 365.00000000
v 44.18113000 -95.00000000 361.32370000
v 167.97590000 -95.00000000 510.22700000
v 165.74580000 -95.00000000 495.18660000
v 60.00000000 -125.00000000 363.35900000
v 59.87464000 -126.11260000 363.35900000
v 59.50484000 -127.16940000 363.35900000
v 58.90916000 -128.11740000 363.35900000
v 58.11745000 -128.90920000 363.35900000
v 57.16942000 -129.50480000 363.35900000
v 56.11260000 -129.87460000 363.35900000
v 60.00000000 -125.06780000 365.00000000
v -103.33780000 -54.62392000 343.00000000
v -112.30660000 -30.77007000 341.53290000
v -115.63920000 -34.63799000 340.38320000
v -113.22630000 -30.08028000 340.38320000
v -114.55170000 -35.01085000 341.53290000
v -116.53290000 -40.00000000 340.38320000
v -115.38320000 -40.00000000 341.53290000
v -114.62390000 -43.33781000 343.00000000
v -115.63920000 -45.36201000 340.38320000
v -114.55170000 -44.98915000 341.53290000
v -113.51450000 -46.50826000 343.00000000
v -113.22630000 -49.91972000 340.38320000
v -112.30660000 -49.22993000 341.53290000
v -111.72750000 -49.35235000 343.00000000
v -103.08340000 -24.42358000 340.87870000
v -103.97630000 -23.95242000 340.38320000
v -104.42700000 -24.75094000 340.87870000
v -105.07000000 -25.47627000 341.53290000
v -106.11240000 -25.34495000 340.87870000
v -107.14930000 -25.09283000 340.38320000
v -107.63790000 -26.07899000 340.87870000
v -108.13470000 -26.94359000 341.53290000
v -109.14830000 -27.02148000 340.87870000
v -110.21980000 -27.00416000 340.38320000
v -110.51350000 -28.10051000 340.87870000
v -112.42290000 -29.09091000 340.38320000
v -111.94570000 -51.42957000 340.38320000
v -110.02320000 -52.31531000 340.87870000
v -109.49260000 -53.53609000 340.38320000
v -108.59600000 -53.35071000 340.87870000
v -109.35230000 -51.72747000 343.00000000
v -107.77640000 -53.27295000 341.53290000
v -106.50830000 -53.51453000 343.00000000
v -107.08390000 -54.21095000 340.87870000
v -106.21930000 -55.31848000 340.38320000
v -105.33080000 -54.95711000 340.87870000
v -104.57370000 -54.68757000 341.53290000
v -103.67940000 -55.44650000 340.87870000
v -111.57900000 -50.12772000 341.53290000
v 158.68480000 81.00000000 499.58720000
v 162.22200000 81.00000000 518.88880000
v 168.05990000 81.00000000 537.62330000
v 176.11340000 81.00000000 555.51750000
v 186.26510000 81.00000000 572.31050000
v 198.36700000 81.00000000 587.75740000
v 212.24260000 81.00000000 601.63300000
v 227.68950000 81.00000000 613.73490000
v 244.48250000 81.00000000 623.88660000
v 262.37670000 81.00000000 631.94010000
v 281.11120000 81.00000000 637.77800000
v 300.41280000 81.00000000 641.31520000
v 320.00000000 81.00000000 642.50000000
v 481.31520000 81.00000000 499.58720000
v 339.58720000 81.00000000 641.31520000
v 477.77800000 81.00000000 518.88880000
v 358.88880000 81.00000000 637.77800000
v 471.94010000 81.00000000 537.62330000
v 377.62330000 81.00000000 631.94010000
v 463.88660000 81.00000000 555.51750000
v 395.51750000 81.00000000 623.88660000
v 453.73490000 81.00000000 572.31050000
v 412.31050000 81.00000000 613.73490000
v 441.63300000 81.00000000 587.75740000
v 427.75740000 81.00000000 601.63300000
v 59.99626000 -94.28493000 387.52670000
v 68.47485000 -94.79573000 398.00000000
v 67.02467000 -94.25774000 398.00000000
v 65.87350000 -93.49158000 398.00000000
v 65.26525000 -92.88350000 398.00000000
v 42.99786000 -94.43940000 363.55080000
v 38.51823000 -94.48696000 357.74970000
v 54.78668000 -94.32789000 379.91310000
v 51.64496000 -94.35564000 375.42280000
v 50.44323000 -94.36662000 373.72750000
v 45.83553000 -94.41072000 367.35780000
v 167.98860000 -120.00000000 526.70850000
v 180.71370000 -120.00000000 494.11830000
v 182.84750000 -120.00000000 508.09270000
v 186.37970000 -120.00000000 521.78060000
v 405.95890000 5.00000000 400.62700000
v 417.04950000 5.00000000 379.09710000
v 426.54630000 5.00000000 389.18220000
v 399.37300000 5.00000000 394.04110000
v 412.00000000 5.00000000 407.71580000
v 435.00000000 5.00000000 400.15640000
v 392.28420000 5.00000000 388.00000000
v 247.71580000 5.00000000 388.00000000
v 412.00000000 5.00000000 552.28420000
v 435.00000000 5.00000000 559.84360000
v 424.70690000 5.00000000 572.93260000
v 405.95890000 5.00000000 559.37300000
v 399.37300000 5.00000000 565.95890000
v 412.93260000 5.00000000 584.70690000
v 392.28420000 5.00000000 572.00000000
v 234.04110000 5.00000000 400.62700000
v 228.00000000 5.00000000 407.71580000
v 240.62700000 5.00000000 394.04110000
v 399.84360000 5.00000000 595.00000000
v 228.00000000 5.00000000 552.28420000
v 181.01500000 5.00000000 496.82770000
v 184.04530000 5.00000000 513.41130000
v 189.04690000 5.00000000 529.51050000
v 195.94740000 5.00000000 544.89180000
v 204.64660000 5.00000000 559.33220000
v 240.15640000 5.00000000 595.00000000
v 247.71580000 5.00000000 572.00000000
v 215.01850000 5.00000000 572.62220000
v 234.04110000 5.00000000 559.37300000
v 226.91250000 5.00000000 584.56920000
v 240.62700000 5.00000000 565.95890000
v 233.24210000 -10.00000000 589.87750000
v 240.15640000 -10.00000000 595.00000000
v 226.65550000 -10.00000000 584.33980000
v 220.42160000 -10.00000000 578.40800000
v 209.45380000 -35.83593000 565.90420000
v 199.98500000 -63.19883000 552.08610000
v 192.25610000 -91.42760000 537.28430000
v 419.13220000 -10.00000000 381.14250000
v 427.48740000 -10.00000000 390.29790000
v 435.00000000 -10.00000000 400.15640000
v 426.43210000 -10.00000000 367.31810000
v 439.05820000 -10.00000000 380.75210000
v 450.00000000 -10.00000000 395.59030000
v 450.00000000 -10.00000000 480.00000000
v 450.00000000 -10.00000000 520.00000000
v 460.00000000 -10.00000000 480.00000000
v 460.00000000 -10.00000000 520.00000000
v 435.00000000 -10.00000000 559.84360000
v 450.00000000 -10.00000000 564.40970000
v 440.46110000 -10.00000000 577.54030000
v 424.70690000 -10.00000000 572.93260000
v 429.60160000 -10.00000000 589.60160000
v 412.93260000 -10.00000000 584.70690000
v 417.54030000 -10.00000000 600.46110000
v 399.84360000 -10.00000000 595.00000000
v 404.40970000 -10.00000000 610.00000000
v 235.59030000 -10.00000000 610.00000000
v 224.25900000 -10.00000000 601.89610000
v 213.70100000 -10.00000000 592.80750000
v 204.00180000 -10.00000000 582.80770000
v 322.66520000 35.00000000 313.93270000
v 325.98370000 35.00000000 317.03450000
v 328.51660000 35.00000000 320.80520000
v 330.13330000 35.00000000 325.05010000
v 330.75050000 35.00000000 329.55040000
v 330.33620000 35.00000000 334.07390000
v 328.91190000 35.00000000 338.38720000
v 326.55110000 35.00000000 342.26790000
v 323.37540000 35.00000000 345.51580000
v 319.54880000 35.00000000 347.96330000
v 315.26850000 35.00000000 349.48420000
v 71.60550000 -125.20730000 386.10900000
v 69.72398000 -125.72250000 384.79000000
v 65.38965000 -127.86890000 380.50600000
v 64.11718000 -128.56090000 378.74440000
v 63.36280000 -128.74410000 377.52320000
v 62.67329000 -128.57000000 376.24800000
v 61.20729000 -127.24260000 372.67510000
v 60.31133000 -125.89660000 368.93330000
v 59.85902000 -126.24270000 364.90230000
v 59.10132000 -128.20160000 366.34080000
v 56.85754000 -129.69400000 364.61520000
v 57.89974000 -129.12700000 364.66240000
v 58.77842000 -128.33120000 364.72860000
v 59.44402000 -127.35130000 364.81010000
v 59.48894000 -128.21560000 368.00410000
v 60.50730000 -128.55180000 371.39600000
v 61.15117000 -128.81730000 373.09670000
v 61.88924000 -129.09930000 374.78560000
v 62.29834000 -129.22730000 375.63130000
v 62.73749000 -129.32700000 376.48110000
v 63.20264000 -129.37530000 377.32490000
v 63.69405000 -129.35690000 378.16190000
v 64.20532000 -129.27750000 378.98110000
v 64.72477000 -129.16070000 379.76600000
v 65.79937000 -128.88440000 381.26100000
v 66.93035000 -128.61240000 382.67850000
v 68.11549000 -128.38630000 384.02480000
v 69.33425000 -128.23760000 385.28800000
v 70.57192000 -128.19290000 386.46910000
v 71.80654000 -128.28170000 387.56980000
v 58.63976000 -129.24380000 367.87960000
v 58.98138000 -129.23940000 368.71730000
v 59.33373000 -129.25190000 369.56210000
v 59.51437000 -129.26380000 369.98690000
v 59.69822000 -129.27910000 370.41330000
v 59.88545000 -129.29770000 370.84120000
v 60.07625000 -129.31920000 371.27040000
v 67.94325000 -129.26340000 384.58450000
v 68.22000000 -129.25160000 384.95210000
v 68.49681000 -129.24350000 385.31630000
v 69.04988000 -129.23940000 386.03430000
v 69.60091000 -129.25280000 386.73950000
v 70.14773000 -129.28590000 387.43250000
v 70.68783000 -129.34040000 388.11450000
v 65.71993000 -129.73410000 381.67200000
v 68.71935000 -129.83530000 386.67780000
v -64.14214000 -221.00000000 398.00000000
v -62.49715000 -221.00000000 394.70410000
v -60.09853000 -221.00000000 391.90860000
v -57.09092000 -221.00000000 389.78190000
v -53.65569000 -221.00000000 388.45230000
v -50.00000000 -221.00000000 388.00000000
v -44.14214000 -221.00000000 388.00000000
v -39.42809000 -221.00000000 384.66670000
v -39.97642000 -221.00000000 385.76530000
v -40.77596000 -221.00000000 386.69710000
v -41.77850000 -221.00000000 387.40600000
v -42.92357000 -221.00000000 387.84920000
v -38.33144000 -221.00000000 382.46940000
v -36.73235000 -221.00000000 380.60570000
v -34.72728000 -221.00000000 379.18790000
v -32.43712000 -221.00000000 378.30150000
v -30.00000000 -221.00000000 378.00000000
v 30.00000000 -221.00000000 378.00000000
v 32.43712000 -221.00000000 378.30150000
v 34.72728000 -221.00000000 379.18790000
v 36.73235000 -221.00000000 380.60570000
v 38.33144000 -221.00000000 382.46940000
v 39.42809000 -221.00000000 384.66670000
v 44.14214000 -221.00000000 388.00000000
v 42.92357000 -221.00000000 387.84920000
v 41.77850000 -221.00000000 387.40600000
v 40.77596000 -221.00000000 386.69710000
v 39.97642000 -221.00000000 385.76530000
v 50.00000000 -221.00000000 388.00000000
v 53.65569000 -221.00000000 388.45230000
v 57.09092000 -221.00000000 389.78190000
v 60.09853000 -221.00000000 391.90860000
v 62.49715000 -221.00000000 394.70410000
v -75.49965000 -220.68520000 398.00000000
v -81.75686000 -215.08710000 398.00000000
v -75.36867000 -220.79240000 398.00000000
v -75.23590000 -220.89730000 398.00000000
v -75.10137000 -221.00000000 398.00000000
v -87.60017000 -209.05830000 398.00000000
v -93.00000000 -202.62920000 398.00000000
v -93.00000000 -57.37080000 398.00000000
v -86.77187000 -50.03349000 398.00000000
v -79.96651000 -43.22813000 398.00000000
v -72.62920000 -37.00000000 398.00000000
v -39.33192000 -37.00000000 398.00000000
v -33.66279000 -42.22341000 398.00000000
v -27.30768000 -46.58638000 398.00000000
v -20.39608000 -50.00000000 398.00000000
v 20.39608000 -50.00000000 398.00000000
v 27.30768000 -46.58638000 398.00000000
v 33.66279000 -42.22341000 398.00000000
v 39.33192000 -37.00000000 398.00000000
v 72.62920000 -37.00000000 398.00000000
v 93.00000000 -57.37080000 398.00000000
v 86.77187000 -50.03349000 398.00000000
v 79.96651000 -43.22813000 398.00000000
v 130.00000000 -20.00000000 510.00000000
v 167.93090000 -20.00000000 510.00000000
v 169.84800000 -20.00000000 518.46260000
v 172.23560000 -20.00000000 526.80460000
v 175.08620000 -20.00000000 535.00000000
v 184.22130000 -65.79088000 554.76070000
v 193.34820000 -37.28270000 569.35500000
v 130.00000000 -20.00000000 535.00000000
v 58.61877000 -128.45660000 363.81410000
v 58.69980000 -128.38840000 364.27150000
v 481.31520000 70.00000000 499.58720000
v 477.77800000 70.00000000 518.88880000
v 471.94010000 70.00000000 537.62330000
v 463.88660000 70.00000000 555.51750000
v 453.73490000 70.00000000 572.31050000
v 441.63300000 70.00000000 587.75740000
v 427.75740000 70.00000000 601.63300000
v 412.31050000 70.00000000 613.73490000
v 395.51750000 70.00000000 623.88660000
v 377.62330000 70.00000000 631.94010000
v 358.88880000 70.00000000 637.77800000
v 339.58720000 70.00000000 641.31520000
v 320.00000000 70.00000000 642.50000000
v 300.41280000 70.00000000 641.31520000
v 281.11120000 70.00000000 637.77800000
v 262.37670000 70.00000000 631.94010000
v 244.48250000 70.00000000 623.88660000
v 227.68950000 70.00000000 613.73490000
v 212.24260000 70.00000000 601.63300000
v 198.36700000 70.00000000 587.75740000
v 186.26510000 70.00000000 572.31050000
v 176.11340000 70.00000000 555.51750000
v 168.05990000 70.00000000 537.62330000
v 162.22200000 70.00000000 518.88880000
v 158.68480000 70.00000000 499.58720000
v 392.28420000 -2.00000000 572.00000000
v 399.37300000 -2.00000000 565.95890000
v 405.95890000 -2.00000000 559.37300000
v 412.00000000 -2.00000000 552.28420000
v 412.00000000 -2.00000000 407.71580000
v 405.95890000 -2.00000000 400.62700000
v 399.37300000 -2.00000000 394.04110000
v 392.28420000 -2.00000000 388.00000000
v 247.71580000 -2.00000000 388.00000000
v 240.62700000 -2.00000000 394.04110000
v 234.04110000 -2.00000000 400.62700000
v 228.00000000 -2.00000000 407.71580000
v 228.00000000 -2.00000000 552.28420000
v 234.04110000 -2.00000000 559.37300000
v 240.62700000 -2.00000000 565.95890000
v 247.71580000 -2.00000000 572.00000000
v -112.62880000 -36.91572000 347.00000000
v -95.46657000 -26.77749000 346.74450000
v -96.83034000 -27.39233000 347.00000000
v -94.33173000 -28.30082000 347.00000000
v -95.21799000 -26.05248000 345.97810000
v -100.00000000 -26.02192000 346.74450000
v -102.26160000 -27.19823000 347.00000000
v -99.53052000 -27.00848000 347.00000000
v -100.00000000 -25.25548000 345.97810000
v -104.78200000 -26.05248000 345.97810000
v -85.99506000 -39.12566000 346.71310000
v -87.10731000 -38.33310000 347.00000000
v -85.80228000 -39.11363000 346.58070000
v -85.82857000 -37.36559000 346.41420000
v -87.48323000 -36.48854000 347.00000000
v -86.06101000 -36.32930000 346.41420000
v -86.34278000 -35.39024000 346.41420000
v -88.10215000 -34.76158000 347.00000000
v -87.01241000 -33.74764000 346.41420000
v -87.53615000 -32.75970000 346.41420000
v -89.05727000 -32.98169000 347.00000000
v -88.49152000 -31.32104000 346.41420000
v -90.40200000 -31.23196000 347.00000000
v -89.28391000 -30.35973000 346.41420000
v -90.58796000 -29.66558000 346.74450000
v -91.15329000 -28.20438000 345.97810000
v -91.61315000 -28.81753000 346.74450000
v -92.16499000 -29.62635000 347.00000000
v -92.71009000 -28.07339000 346.74450000
v -94.67152000 -27.07738000 346.74450000
v -96.02400000 -26.59932000 346.74450000
v -97.36630000 -25.82844000 346.41420000
v -99.10894000 -25.28243000 345.97810000
v -100.89110000 -25.28243000 345.97810000
v -102.12370000 -25.74309000 346.41420000
v -103.49830000 -26.46676000 346.74450000
v -104.53340000 -26.77749000 346.74450000
v -105.11760000 -28.04969000 347.00000000
v -105.02320000 -26.95567000 346.74450000
v -107.01780000 -27.91127000 346.74450000
v -107.84280000 -29.63223000 347.00000000
v -108.38690000 -28.81753000 346.74450000
v -110.01430000 -29.17808000 345.97810000
v -108.84670000 -28.20438000 345.97810000
v -110.91560000 -30.58622000 346.41420000
v -111.99510000 -32.00712000 346.41420000
v -109.95620000 -31.64096000 347.00000000
v -111.56890000 -34.07031000 347.00000000
v -112.79550000 -33.36331000 346.41420000
v -113.52550000 -35.01706000 346.41420000
v -113.99900000 -36.56523000 346.41420000
v -89.49647000 -29.65221000 345.97810000
v -91.96276000 -27.63862000 345.97810000
v -93.49956000 -26.76576000 345.97810000
v -94.57462000 -26.28993000 345.97810000
v -106.34670000 -26.69136000 345.97810000
v -107.89800000 -27.54920000 345.97810000
v -108.97910000 -29.28727000 346.74450000
v -110.12770000 -30.36586000 346.74450000
v 196.16430000 70.00000000 497.02080000
v 199.63530000 70.00000000 513.72460000
v 205.34860000 70.00000000 529.80010000
v 213.19760000 70.00000000 544.94800000
v 223.03610000 70.00000000 558.88600000
v 234.68090000 70.00000000 571.35450000
v 247.91500000 70.00000000 582.12120000
v 262.49190000 70.00000000 590.98570000
v 278.14000000 70.00000000 597.78260000
v 294.56800000 70.00000000 602.38550000
v 311.46970000 70.00000000 604.70860000
v 328.53030000 70.00000000 604.70860000
v 443.83570000 70.00000000 497.02080000
v 345.43200000 70.00000000 602.38550000
v 440.36470000 70.00000000 513.72460000
v 361.86000000 70.00000000 597.78260000
v 434.65140000 70.00000000 529.80010000
v 377.50810000 70.00000000 590.98570000
v 426.80240000 70.00000000 544.94800000
v 416.96390000 70.00000000 558.88600000
v 392.08500000 70.00000000 582.12120000
v 405.31910000 70.00000000 571.35450000
v 263.94810000 -2.00000000 491.14940000
v 267.20030000 -2.00000000 501.87040000
v 272.48150000 -2.00000000 511.75080000
v 279.58880000 -2.00000000 520.41120000
v 288.24920000 -2.00000000 527.51850000
v 298.12960000 -2.00000000 532.79970000
v 308.85060000 -2.00000000 536.05190000
v 320.00000000 -2.00000000 537.15000000
v 360.41120000 -2.00000000 520.41120000
v 367.51850000 -2.00000000 511.75080000
v 372.79970000 -2.00000000 501.87040000
v 376.05190000 -2.00000000 491.14940000
v 331.14940000 -2.00000000 536.05190000
v 341.87040000 -2.00000000 532.79970000
v 351.75080000 -2.00000000 527.51850000
v 196.16430000 52.00000000 497.02080000
v 199.63530000 52.00000000 513.72460000
v 205.34860000 52.00000000 529.80010000
v 213.19760000 52.00000000 544.94800000
v 223.03610000 52.00000000 558.88600000
v 234.68090000 52.00000000 571.35450000
v 247.91500000 52.00000000 582.12120000
v 262.49190000 52.00000000 590.98570000
v 278.14000000 52.00000000 597.78260000
v 294.56800000 52.00000000 602.38550000
v 311.46970000 52.00000000 604.70860000
v 328.53030000 52.00000000 604.70860000
v 345.43200000 52.00000000 602.38550000
v 361.86000000 52.00000000 597.78260000
v 377.50810000 52.00000000 590.98570000
v 392.08500000 52.00000000 582.12120000
v 405.31910000 52.00000000 571.35450000
v 416.96390000 52.00000000 558.88600000
v 426.80240000 52.00000000 544.94800000
v 434.65140000 52.00000000 529.80010000
v 440.36470000 52.00000000 513.72460000
v 443.83570000 52.00000000 497.02080000
v 376.05190000 5.00000000 491.14940000
v 372.79970000 5.00000000 501.87040000
v 367.51850000 5.00000000 511.75080000
v 360.41120000 5.00000000 520.41120000
v 351.75080000 5.00000000 527.51850000
v 341.87040000 5.00000000 532.79970000
v 331.14940000 5.00000000 536.05190000
v 320.00000000 5.00000000 537.15000000
v 308.85060000 5.00000000 536.05190000
v 298.12960000 5.00000000 532.79970000
v 288.24920000 5.00000000 527.51850000
v 279.58880000 5.00000000 520.41120000
v 272.48150000 5.00000000 511.75080000
v 267.20030000 5.00000000 501.87040000
v 263.94810000 5.00000000 491.14940000
v -73.66297000 -181.44640000 418.00000000
v -73.50000000 -180.00000000 433.00000000
v -73.50000000 -180.00000000 418.00000000
v -73.66297000 -181.44640000 433.00000000
v -74.14370000 -182.82020000 418.00000000
v -74.14370000 -182.82020000 433.00000000
v -74.91810000 -184.05270000 418.00000000
v -74.91810000 -184.05270000 433.00000000
v -75.94732000 -185.08190000 418.00000000
v -75.94732000 -185.08190000 433.00000000
v -77.17976000 -185.85630000 418.00000000
v -77.17976000 -185.85630000 433.00000000
v -78.55361000 -186.33700000 418.00000000
v -78.55361000 -186.33700000 433.00000000
v -80.00000000 -186.50000000 418.00000000
v -80.00000000 -186.50000000 433.00000000
v 48.90738000 -140.39560000 609.50000000
v 50.00000000 -130.00000000 614.50000000
v 48.90738000 -140.39560000 614.50000000
v 50.00000000 -130.00000000 609.50000000
v 45.67727000 -150.33680000 609.50000000
v 45.67727000 -150.33680000 614.50000000
v 40.45085000 -159.38930000 609.50000000
v 40.45085000 -159.38930000 614.50000000
v 33.45653000 -167.15720000 614.50000000
v 33.45653000 -167.15720000 609.50000000
v 25.00000000 -173.30130000 614.50000000
v 25.00000000 -173.30130000 609.50000000
v 15.45085000 -177.55280000 609.50000000
v 15.45085000 -177.55280000 614.50000000
v 5.22642300 -179.72610000 609.50000000
v 5.22642300 -179.72610000 614.50000000
v -5.22642300 -179.72610000 609.50000000
v -5.22642300 -179.72610000 614.50000000
v -15.45085000 -177.55280000 609.50000000
v -15.45085000 -177.55280000 614.50000000
v -25.00000000 -173.30130000 614.50000000
v -25.00000000 -173.30130000 609.50000000
v -33.45653000 -167.15720000 609.50000000
v -33.45653000 -167.15720000 614.50000000
v -40.45085000 -159.38930000 609.50000000
v -40.45085000 -159.38930000 614.50000000
v -45.67727000 -150.33680000 609.50000000
v -45.67727000 -150.33680000 614.50000000
v -48.90738000 -140.39560000 609.50000000
v -48.90738000 -140.39560000 614.50000000
v -50.00000000 -130.00000000 609.50000000
v -50.00000000 -130.00000000 614.50000000
v 38.83767000 -139.57260000 614.50000000
v 40.00000000 -130.00000000 642.50000000
v 38.83767000 -139.57260000 642.50000000
v 40.00000000 -130.00000000 614.50000000
v 35.41824000 -148.58890000 614.50000000
v 35.41824000 -148.58890000 642.50000000
v 29.94043000 -156.52490000 614.50000000
v 29.94043000 -156.52490000 642.50000000
v 22.72259000 -162.91940000 642.50000000
v 22.72259000 -162.91940000 614.50000000
v 14.18420000 -167.40060000 614.50000000
v 14.18420000 -167.40060000 642.50000000
v 4.82146700 -169.70840000 614.50000000
v 4.82146700 -169.70840000 642.50000000
v -4.82146700 -169.70840000 642.50000000
v -4.82146700 -169.70840000 614.50000000
v -14.18420000 -167.40060000 614.50000000
v -14.18420000 -167.40060000 642.50000000
v -22.72259000 -162.91940000 614.50000000
v -22.72259000 -162.91940000 642.50000000
v -29.94043000 -156.52490000 614.50000000
v -29.94043000 -156.52490000 642.50000000
v -35.41824000 -148.58890000 614.50000000
v -35.41824000 -148.58890000 642.50000000
v -38.83767000 -139.57260000 614.50000000
v -38.83767000 -139.57260000 642.50000000
v -40.00000000 -130.00000000 614.50000000
v -40.00000000 -130.00000000 642.50000000
v 125.50000000 -112.50000000 587.50000000
v 144.50000000 -112.50000000 587.50000000
v 144.50000000 -113.00850000 583.31200000
v 125.50000000 -113.00850000 583.31200000
v 144.50000000 -114.50450000 579.36730000
v 125.50000000 -114.50450000 579.36730000
v 144.50000000 -116.90110000 575.89540000
v 125.50000000 -116.90110000 575.89540000
v 144.50000000 -120.05890000 573.09780000
v 125.50000000 -120.05890000 573.09780000
v 144.50000000 -123.79440000 571.13720000
v 125.50000000 -123.79440000 571.13720000
v 144.50000000 -127.89060000 570.12760000
v 125.50000000 -127.89060000 570.12760000
v 144.50000000 -132.10940000 570.12760000
v 125.50000000 -132.10940000 570.12760000
v 144.50000000 -136.20560000 571.13720000
v 125.50000000 -136.20560000 571.13720000
v 144.50000000 -139.94110000 573.09780000
v 125.50000000 -139.94110000 573.09780000
v 144.50000000 -143.09890000 575.89540000
v 125.50000000 -143.09890000 575.89540000
v 125.50000000 -145.49550000 579.36730000
v 144.50000000 -145.49550000 579.36730000
v 125.50000000 -146.99150000 583.31200000
v 144.50000000 -146.99150000 583.31200000
v 125.50000000 -147.50000000 587.50000000
v 144.50000000 -147.50000000 587.50000000
v -56.50000000 -50.00000000 418.00000000
v -78.18480000 -45.66651000 418.00000000
v -71.58911000 -40.00000000 418.00000000
v -56.50000000 -40.00000000 418.00000000
v -56.31112000 -51.55555000 418.00000000
v -55.75546000 -53.02070000 418.00000000
v -84.33349000 -51.81520000 418.00000000
v -54.86532000 -54.31030000 418.00000000
v -90.00000000 -58.41089000 418.00000000
v -53.69242000 -55.34940000 418.00000000
v -52.30493000 -56.07761000 418.00000000
v -80.00000000 -173.50000000 418.00000000
v -90.00000000 -173.50000000 418.00000000
v -78.55361000 -173.66300000 418.00000000
v -50.78349000 -56.45261000 418.00000000
v -77.17976000 -174.14370000 418.00000000
v -49.21651000 -56.45261000 418.00000000
v -75.94732000 -174.91810000 418.00000000
v -47.69507000 -56.07761000 418.00000000
v -74.91810000 -175.94730000 418.00000000
v -46.30758000 -55.34940000 418.00000000
v -74.14370000 -177.17980000 418.00000000
v 71.58911000 -40.00000000 418.00000000
v -43.68888000 -51.55555000 418.00000000
v -43.50000000 -50.00000000 418.00000000
v -43.50000000 -40.00000000 418.00000000
v -90.00000000 -201.58910000 418.00000000
v -90.00000000 -186.50000000 418.00000000
v -84.33349000 -208.18480000 418.00000000
v -78.18480000 -214.33350000 418.00000000
v -71.58911000 -220.00000000 418.00000000
v 75.68970000 -75.13468000 418.00000000
v 78.18480000 -45.66651000 418.00000000
v 74.65060000 -76.30758000 418.00000000
v 76.97930000 -74.24454000 418.00000000
v 84.33349000 -51.81520000 418.00000000
v 73.92239000 -77.69507000 418.00000000
v 78.44445000 -73.68888000 418.00000000
v 73.54739000 -79.21651000 418.00000000
v -44.24454000 -53.02070000 418.00000000
v 80.00000000 -73.50000000 418.00000000
v 90.00000000 -58.41089000 418.00000000
v 73.54739000 -80.78349000 418.00000000
v -45.13468000 -54.31030000 418.00000000
v 73.92239000 -82.30493000 418.00000000
v 74.65060000 -83.69242000 418.00000000
v 90.00000000 -73.50000000 418.00000000
v 45.13468000 -205.68970000 418.00000000
v -73.66297000 -178.55360000 418.00000000
v 46.30758000 -204.65060000 418.00000000
v 44.24454000 -206.97930000 418.00000000
v 47.69507000 -203.92240000 418.00000000
v 75.68970000 -84.86532000 418.00000000
v 43.68888000 -208.44440000 418.00000000
v 49.21651000 -203.54740000 418.00000000
v 76.97930000 -85.75546000 418.00000000
v 43.50000000 -210.00000000 418.00000000
v 50.78349000 -203.54740000 418.00000000
v 78.44445000 -86.31112000 418.00000000
v 52.30493000 -203.92240000 418.00000000
v 43.50000000 -220.00000000 418.00000000
v 90.00000000 -201.58910000 418.00000000
v 54.86532000 -205.68970000 418.00000000
v 53.69242000 -204.65060000 418.00000000
v 80.00000000 -86.50000000 418.00000000
v 90.00000000 -86.50000000 418.00000000
v 71.58911000 -220.00000000 418.00000000
v 56.50000000 -220.00000000 418.00000000
v 56.50000000 -210.00000000 418.00000000
v 84.33349000 -208.18480000 418.00000000
v 55.75546000 -206.97930000 418.00000000
v 78.18480000 -214.33350000 418.00000000
v 56.31112000 -208.44440000 418.00000000
v 43.68888000 -208.44440000 433.00000000
v 43.50000000 -210.00000000 433.00000000
v 44.24454000 -206.97930000 433.00000000
v 45.13468000 -205.68970000 433.00000000
v 46.30758000 -204.65060000 433.00000000
v 47.69507000 -203.92240000 433.00000000
v 49.21651000 -203.54740000 433.00000000
v 50.78349000 -203.54740000 433.00000000
v 52.30493000 -203.92240000 433.00000000
v 53.69242000 -204.65060000 433.00000000
v 54.86532000 -205.68970000 433.00000000
v 55.75546000 -206.97930000 433.00000000
v 56.31112000 -208.44440000 433.00000000
v 56.50000000 -210.00000000 433.00000000
v 56.50000000 -220.00000000 433.00000000
v -50.00000000 -220.00000000 438.00000000
v -71.58911000 -220.00000000 438.00000000
v 50.00000000 -220.00000000 438.00000000
v 50.00000000 -220.00000000 609.50000000
v -50.00000000 -220.00000000 609.50000000
v 43.50000000 -220.00000000 433.00000000
v 71.58911000 -220.00000000 438.00000000
v 90.00000000 -201.58910000 438.00000000
v 84.33349000 -208.18480000 438.00000000
v 78.18480000 -214.33350000 438.00000000
v 90.00000000 -73.50000000 433.00000000
v 90.00000000 -58.41089000 438.00000000
v 90.00000000 -80.00000000 438.00000000
v 90.00000000 -86.50000000 433.00000000
v 90.00000000 -180.00000000 438.00000000
v 90.00000000 -86.00000000 565.80000000
v 90.00000000 -80.00000000 565.80000000
v 90.00000000 -110.00000000 567.50000000
v 90.00000000 -150.00000000 567.50000000
v 90.00000000 -110.00000000 607.50000000
v 90.00000000 -86.00000000 609.50000000
v 90.00000000 -180.00000000 609.50000000
v 90.00000000 -150.00000000 607.50000000
v 80.00000000 -86.50000000 433.00000000
v 78.44445000 -86.31112000 433.00000000
v 76.97930000 -85.75546000 433.00000000
v 75.68970000 -84.86532000 433.00000000
v 74.65060000 -83.69242000 433.00000000
v 73.92239000 -82.30493000 433.00000000
v 73.54739000 -80.78349000 433.00000000
v 73.54739000 -79.21651000 433.00000000
v 73.92239000 -77.69507000 433.00000000
v 74.65060000 -76.30758000 433.00000000
v 75.68970000 -75.13468000 433.00000000
v 76.97930000 -74.24454000 433.00000000
v 78.44445000 -73.68888000 433.00000000
v 80.00000000 -73.50000000 433.00000000
v 71.58911000 -40.00000000 438.00000000
v 78.18480000 -45.66651000 438.00000000
v 84.33349000 -51.81520000 438.00000000
v -56.50000000 -40.00000000 433.00000000
v -71.58911000 -40.00000000 438.00000000
v -50.00000000 -40.00000000 438.00000000
v -43.50000000 -40.00000000 433.00000000
v 50.00000000 -40.00000000 438.00000000
v 50.00000000 -40.00000000 609.50000000
v -50.00000000 -40.00000000 609.50000000
v -43.50000000 -50.00000000 433.00000000
v -43.68888000 -51.55555000 433.00000000
v -44.24454000 -53.02070000 433.00000000
v -45.13468000 -54.31030000 433.00000000
v -46.30758000 -55.34940000 433.00000000
v -47.69507000 -56.07761000 433.00000000
v -49.21651000 -56.45261000 433.00000000
v -50.78349000 -56.45261000 433.00000000
v -52.30493000 -56.07761000 433.00000000
v -53.69242000 -55.34940000 433.00000000
v -54.86532000 -54.31030000 433.00000000
v -55.75546000 -53.02070000 433.00000000
v -56.31112000 -51.55555000 433.00000000
v -56.50000000 -50.00000000 433.00000000
v -90.00000000 -58.41089000 438.00000000
v -84.33349000 -51.81520000 438.00000000
v -78.18480000 -45.66651000 438.00000000
v -90.00000000 -80.00000000 438.00000000
v -90.00000000 -180.00000000 438.00000000
v -90.00000000 -180.00000000 609.50000000
v -90.00000000 -80.00000000 609.50000000
v -90.00000000 -173.50000000 433.00000000
v -90.00000000 -186.50000000 433.00000000
v -90.00000000 -201.58910000 438.00000000
v -80.00000000 -173.50000000 433.00000000
v -78.55361000 -173.66300000 433.00000000
v -77.17976000 -174.14370000 433.00000000
v -75.94732000 -174.91810000 433.00000000
v -74.91810000 -175.94730000 433.00000000
v -74.14370000 -177.17980000 433.00000000
v -73.66297000 -178.55360000 433.00000000
v -78.18480000 -214.33350000 438.00000000
v -84.33349000 -208.18480000 438.00000000
v -84.22650000 -190.00000000 438.00000000
v -60.00000000 -190.00000000 438.00000000
v -60.00000000 -214.22650000 438.00000000
v -60.00000000 -214.22650000 609.50000000
v 60.00000000 -70.00000000 609.50000000
v 76.59419000 -82.60330000 609.50000000
v 76.15043000 -81.33513000 609.50000000
v 76.00000000 -80.00000000 609.50000000
v 76.00000000 -70.00000000 609.50000000
v 60.00000000 -45.77350000 609.50000000
v 40.45085000 -100.61070000 609.50000000
v 77.30901000 -83.74094000 609.50000000
v 33.45653000 -92.84276000 609.50000000
v 25.00000000 -86.69873000 609.50000000
v 45.67727000 -109.66320000 609.50000000
v 79.39670000 -85.40581000 609.50000000
v 78.25906000 -84.69099000 609.50000000
v 15.45085000 -82.44717000 609.50000000
v 48.90738000 -119.60440000 609.50000000
v 82.00000000 -86.00000000 609.50000000
v 80.66487000 -85.84957000 609.50000000
v 5.22642300 -80.27391000 609.50000000
v -5.22642300 -80.27391000 609.50000000
v -15.45085000 -82.44717000 609.50000000
v -25.00000000 -86.69873000 609.50000000
v 67.08204000 -190.00000000 609.50000000
v 84.22650000 -190.00000000 609.50000000
v -60.00000000 -70.00000000 609.50000000
v -60.00000000 -45.77350000 609.50000000
v -33.45653000 -92.84276000 609.50000000
v 62.44777000 -194.80950000 609.50000000
v 64.80954000 -192.44780000 609.50000000
v 60.00000000 -197.08200000 609.50000000
v -40.45085000 -100.61070000 609.50000000
v -45.67727000 -109.66320000 609.50000000
v -84.22650000 -70.00000000 609.50000000
v -48.90738000 -119.60440000 609.50000000
v 60.00000000 -214.22650000 609.50000000
v -60.00000000 -190.00000000 609.50000000
v -84.22650000 -190.00000000 609.50000000
v 60.00000000 -214.22650000 438.00000000
v 84.22650000 -190.00000000 438.00000000
v 64.80954000 -192.44780000 438.00000000
v 62.44777000 -194.80950000 438.00000000
v 67.08204000 -190.00000000 438.00000000
v 60.00000000 -197.08200000 438.00000000
v 121.00000000 -110.00000000 607.50000000
v 121.00000000 -110.00000000 567.50000000
v 121.00000000 -150.00000000 607.50000000
v 121.00000000 -150.00000000 567.50000000
v 82.00000000 -86.00000000 565.80000000
v 76.00000000 -80.00000000 565.80000000
v 84.22650000 -70.00000000 565.80000000
v 76.00000000 -70.00000000 565.80000000
v 76.59419000 -82.60330000 565.80000000
v 76.15043000 -81.33513000 565.80000000
v 77.30901000 -83.74094000 565.80000000
v 79.39670000 -85.40581000 565.80000000
v 80.66487000 -85.84957000 565.80000000
v 78.25906000 -84.69099000 565.80000000
v 84.22650000 -70.00000000 438.00000000
v 60.00000000 -45.77350000 438.00000000
v 60.00000000 -70.00000000 438.00000000
v -60.00000000 -45.77350000 438.00000000
v -84.22650000 -70.00000000 438.00000000
v -60.00000000 -70.00000000 438.00000000
v -48.90738000 -119.60440000 614.50000000
v -45.67727000 -109.66320000 614.50000000
v -40.45085000 -100.61070000 614.50000000
v -33.45653000 -92.84276000 614.50000000
v -25.00000000 -86.69873000 614.50000000
v -15.45085000 -82.44717000 614.50000000
v -5.22642300 -80.27391000 614.50000000
v 5.22642300 -80.27391000 614.50000000
v 15.45085000 -82.44717000 614.50000000
v 25.00000000 -86.69873000 614.50000000
v 33.45653000 -92.84276000 614.50000000
v 40.45085000 -100.61070000 614.50000000
v 45.67727000 -109.66320000 614.50000000
v 48.90738000 -119.60440000 614.50000000
v 121.00000000 -148.00000000 605.50000000
v 121.00000000 -112.00000000 605.50000000
v 121.00000000 -112.00000000 569.50000000
v 121.00000000 -148.00000000 569.50000000
v 29.94043000 -103.47510000 614.50000000
v 22.72259000 -97.08065000 614.50000000
v 35.41824000 -111.41110000 614.50000000
v 14.18420000 -92.59935000 614.50000000
v 38.83767000 -120.42740000 614.50000000
v 4.82146700 -90.29165000 614.50000000
v -4.82146700 -90.29165000 614.50000000
v -14.18420000 -92.59935000 614.50000000
v -22.72259000 -97.08065000 614.50000000
v -29.94043000 -103.47510000 614.50000000
v -35.41824000 -111.41110000 614.50000000
v -38.83767000 -120.42740000 614.50000000
v 125.50000000 -148.00000000 569.50000000
v 125.50000000 -148.00000000 605.50000000
v 125.50000000 -112.00000000 605.50000000
v 125.50000000 -112.00000000 569.50000000
v -38.83767000 -120.42740000 642.50000000
v -35.41824000 -111.41110000 642.50000000
v -29.94043000 -103.47510000 642.50000000
v -22.72259000 -97.08065000 642.50000000
v -14.18420000 -92.59935000 642.50000000
v -4.82146700 -90.29165000 642.50000000
v 4.82146700 -90.29165000 642.50000000
v 14.18420000 -92.59935000 642.50000000
v 22.72259000 -97.08065000 642.50000000
v 29.94043000 -103.47510000 642.50000000
v 35.41824000 -111.41110000 642.50000000
v 38.83767000 -120.42740000 642.50000000
v 125.50000000 -120.05890000 601.90220000
v 125.50000000 -116.90110000 599.10460000
v 125.50000000 -114.50450000 595.63270000
v 125.50000000 -123.79440000 603.86280000
v 125.50000000 -113.00850000 591.68800000
v 125.50000000 -127.89060000 604.87240000
v 125.50000000 -136.20560000 603.86280000
v 125.50000000 -132.10940000 604.87240000
v 125.50000000 -139.94110000 601.90220000
v 125.50000000 -143.09890000 599.10460000
v 125.50000000 -145.49550000 595.63270000
v 125.50000000 -146.99150000 591.68800000
v 144.50000000 -146.99150000 591.68800000
v 144.50000000 -145.49550000 595.63270000
v 144.50000000 -143.09890000 599.10460000
v 144.50000000 -139.94110000 601.90220000
v 144.50000000 -136.20560000 603.86280000
v 144.50000000 -132.10940000 604.87240000
v 144.50000000 -127.89060000 604.87240000
v 144.50000000 -123.79440000 603.86280000
v 144.50000000 -120.05890000 601.90220000
v 144.50000000 -116.90110000 599.10460000
v 144.50000000 -114.50450000 595.63270000
v 144.50000000 -113.00850000 591.68800000
f 1 2 3
f 1 4 2
f 5 3 6
f 5 1 3
f 7 6 8
f 7 5 6
f 9 8 10
f 9 7 8
f 11 10 12
f 11 9 10
f 13 12 14
f 13 11 12
f 15 14 16
f 15 13 14
f 17 16 18
f 17 15 16
f 19 18 20
f 19 17 18
f 21 20 22
f 21 19 20
f 23 22 24
f 23 21 22
f 25 23 24
f 25 24 26
f 27 25 26
f 27 26 28
f 29 27 28
f 29 28 30
f 31 29 30
f 31 30 32
f 33 32 34
f 33 31 32
f 35 34 36
f 35 36 37
f 35 33 34
f 38 35 37
f 39 37 40
f 39 38 37
f 41 40 42
f 41 39 40
f 43 42 44
f 43 41 42
f 45 44 46
f 45 46 47
f 45 43 44
f 48 45 47
f 49 47 50
f 49 48 47
f 51 50 52
f 51 49 50
f 53 54 55
f 53 56 54
f 57 55 58
f 57 53 55
f 59 58 60
f 59 57 58
f 61 60 62
f 61 59 60
f 63 62 64
f 63 61 62
f 65 64 66
f 65 63 64
f 67 66 68
f 67 65 66
f 69 68 70
f 69 67 68
f 71 70 72
f 71 69 70
f 73 72 74
f 73 71 72
f 75 73 74
f 75 74 76
f 77 75 76
f 77 76 78
f 79 77 78
f 79 78 80
f 81 80 82
f 81 79 80
f 83 81 82
f 83 82 84
f 85 84 86
f 85 86 87
f 85 83 84
f 88 85 87
f 89 87 90
f 89 88 87
f 91 90 92
f 91 92 93
f 91 89 90
f 94 91 93
f 95 93 96
f 95 94 93
f 97 96 98
f 97 95 96
f 99 98 100
f 99 100 101
f 99 97 98
f 102 99 101
f 103 101 104
f 103 104 105
f 103 102 101
f 106 103 105
f 107 108 109
f 110 109 111
f 110 107 109
f 112 111 113
f 112 110 111
f 114 113 115
f 114 112 113
f 116 115 117
f 116 114 115
f 118 117 119
f 118 116 117
f 120 119 121
f 120 118 119
f 122 121 123
f 122 120 121
f 124 123 125
f 124 122 123
f 126 125 127
f 126 124 125
f 128 126 127
f 128 127 129
f 130 128 129
f 130 129 131
f 132 130 131
f 132 131 133
f 134 132 133
f 134 133 135
f 136 135 137
f 136 134 135
f 138 136 137
f 139 137 140
f 139 140 141
f 139 138 137
f 142 139 141
f 143 141 144
f 143 142 141
f 145 144 146
f 145 143 144
f 147 146 148
f 147 148 149
f 147 145 146
f 150 147 149
f 151 149 152
f 151 150 149
f 153 152 154
f 153 151 152
f 155 154 156
f 155 153 154
f 157 156 158
f 157 155 156
f 159 158 160
f 159 157 158
f 161 160 162
f 161 159 160
f 163 164 165
f 163 166 164
f 167 168 166
f 167 166 163
f 169 170 168
f 169 168 167
f 171 172 170
f 171 170 169
f 173 174 175
f 173 175 172
f 173 172 171
f 176 174 173
f 177 178 174
f 177 174 176
f 179 180 178
f 179 178 177
f 181 182 180
f 181 180 179
f 183 184 182
f 183 182 181
f 185 186 187
f 185 187 184
f 185 184 183
f 188 186 185
f 189 186 188
f 189 190 191
f 189 191 186
f 192 190 189
f 192 193 190
f 194 193 192
f 195 193 194
f 195 196 193
f 197 196 195
f 197 198 196
f 199 198 197
f 199 200 198
f 201 200 199
f 201 202 203
f 201 203 200
f 204 202 201
f 205 206 207
f 205 207 202
f 205 202 204
f 208 206 205
f 209 210 211
f 209 211 206
f 209 206 208
f 212 210 209
f 213 214 215
f 213 215 210
f 213 210 212
f 216 214 213
f 217 218 214
f 217 214 216
f 219 220 221
f 219 221 222
f 219 222 223
f 224 220 219
f 225 224 219
f 225 219 226
f 227 225 226
f 227 226 228
f 229 230 231
f 232 229 231
f 233 227 228
f 233 228 229
f 234 229 232
f 234 232 235
f 236 229 234
f 236 233 229
f 237 236 234
f 237 234 238
f 239 237 238
f 240 241 242
f 243 237 239
f 243 239 240
f 244 240 242
f 245 243 240
f 246 240 244
f 246 244 247
f 246 245 240
f 248 246 249
f 248 245 246
f 250 249 251
f 250 248 249
f 252 253 254
f 255 252 254
f 256 251 252
f 256 250 251
f 257 255 258
f 257 252 255
f 259 256 252
f 259 252 257
f 260 257 261
f 260 259 257
f 262 261 263
f 262 260 261
f 264 265 266
f 264 262 263
f 267 262 264
f 268 267 264
f 268 266 269
f 268 269 270
f 268 264 266
f 271 267 268
f 272 271 268
f 272 268 273
f 272 273 274
f 275 276 277
f 278 272 274
f 278 274 275
f 279 275 277
f 279 277 280
f 279 280 281
f 282 275 279
f 282 278 275
f 283 282 279
f 283 279 284
f 285 283 284
f 285 284 286
f 287 288 289
f 290 287 289
f 291 285 286
f 291 286 287
f 292 287 290
f 292 290 293
f 294 291 287
f 294 287 292
f 295 294 292
f 295 292 296
f 297 298 299
f 300 295 296
f 300 296 301
f 300 301 297
f 302 297 299
f 303 300 297
f 304 303 297
f 304 297 302
f 304 302 305
f 306 303 304
f 306 304 307
f 308 306 307
f 308 307 309
f 310 311 312
f 310 312 313
f 314 310 313
f 315 308 309
f 315 309 310
f 316 310 314
f 316 315 310
f 317 318 319
f 320 319 321
f 320 317 319
f 322 323 324
f 325 326 327
f 328 329 330
f 331 332 333
f 334 335 336
f 337 338 339
f 340 341 342
f 343 344 345
f 346 347 348
f 349 350 351
f 352 353 354
f 355 356 357
f 358 359 360
f 361 362 363
f 364 365 366
f 367 368 369
f 370 371 372
f 373 370 372
f 374 373 372
f 375 320 321
f 375 321 376
f 375 322 324
f 375 327 326
f 375 326 322
f 375 324 320
f 377 376 378
f 377 375 376
f 377 327 375
f 377 379 380
f 377 380 327
f 381 378 382
f 381 382 383
f 381 377 378
f 381 379 377
f 381 330 379
f 384 383 385
f 384 381 383
f 384 330 381
f 384 328 330
f 384 333 332
f 384 332 328
f 386 385 387
f 386 384 385
f 386 336 388
f 386 388 389
f 386 389 333
f 386 333 384
f 390 387 391
f 390 391 392
f 390 336 386
f 390 334 336
f 390 339 338
f 390 386 387
f 390 338 334
f 393 392 394
f 393 339 390
f 393 395 396
f 393 396 339
f 393 390 392
f 397 394 398
f 397 395 393
f 397 393 394
f 397 342 395
f 399 398 400
f 399 400 401
f 399 397 398
f 399 342 397
f 399 344 340
f 399 340 342
f 399 345 344
f 402 345 399
f 402 401 403
f 402 399 401
f 402 348 404
f 402 404 405
f 402 405 345
f 406 346 348
f 406 351 350
f 406 402 403
f 406 348 402
f 406 403 407
f 406 407 408
f 406 350 346
f 409 408 410
f 409 351 406
f 409 406 408
f 409 411 412
f 409 412 351
f 413 410 414
f 413 354 411
f 413 409 410
f 413 411 409
f 415 414 416
f 415 416 417
f 415 352 354
f 415 357 356
f 415 356 352
f 415 413 414
f 415 354 413
f 418 417 419
f 418 360 420
f 418 420 421
f 418 421 357
f 418 415 417
f 418 357 415
f 422 360 418
f 422 418 419
f 422 419 423
f 422 362 358
f 422 358 360
f 422 363 362
f 424 423 425
f 424 422 423
f 424 425 426
f 424 427 428
f 424 363 422
f 424 428 363
f 429 426 430
f 429 366 427
f 429 427 424
f 429 424 426
f 431 430 371
f 431 370 369
f 431 368 364
f 431 429 430
f 431 366 429
f 431 364 366
f 431 371 370
f 431 369 368
f 432 433 434
f 432 435 433
f 436 434 437
f 436 432 434
f 438 437 439
f 438 436 437
f 440 439 441
f 440 438 439
f 442 441 443
f 442 440 441
f 444 443 445
f 444 442 443
f 446 445 447
f 446 444 445
f 448 447 449
f 448 446 447
f 450 449 451
f 450 448 449
f 452 451 453
f 452 450 451
f 454 452 453
f 454 453 455
f 456 454 455
f 456 455 457
f 458 456 457
f 458 457 459
f 460 459 461
f 460 458 459
f 462 460 461
f 462 461 463
f 464 463 465
f 464 462 463
f 466 465 467
f 466 467 468
f 466 464 465
f 469 466 468
f 469 468 470
f 471 470 472
f 471 469 470
f 473 471 472
f 474 472 475
f 474 475 476
f 474 473 472
f 477 474 476
f 478 476 479
f 478 477 476
f 480 479 481
f 480 481 482
f 480 478 479
f 483 480 482
f 484 482 485
f 484 483 482
f 486 487 488
f 486 489 487
f 490 491 489
f 490 489 486
f 492 493 491
f 492 491 490
f 494 495 493
f 494 493 492
f 496 497 495
f 496 498 497
f 496 495 494
f 499 498 496
f 500 501 498
f 500 498 499
f 502 503 501
f 502 501 500
f 504 505 503
f 504 503 502
f 506 507 505
f 506 508 507
f 506 505 504
f 509 508 506
f 510 511 508
f 510 512 511
f 510 508 509
f 513 512 510
f 514 512 513
f 514 515 512
f 514 516 515
f 517 516 514
f 518 516 517
f 518 519 516
f 520 519 518
f 520 521 519
f 522 521 520
f 522 523 521
f 522 524 523
f 525 524 522
f 526 524 525
f 526 527 524
f 528 527 526
f 528 529 527
f 528 530 529
f 531 530 528
f 531 532 530
f 533 532 531
f 534 535 536
f 537 538 535
f 537 539 538
f 537 540 539
f 4 541 542
f 4 543 541
f 544 545 546
f 1 534 543
f 1 543 4
f 547 546 537
f 547 544 546
f 7 1 5
f 7 534 1
f 548 549 547
f 550 548 547
f 11 7 9
f 13 535 534
f 13 534 7
f 13 7 11
f 551 552 550
f 553 551 550
f 17 13 15
f 554 550 547
f 554 553 550
f 19 13 17
f 555 556 554
f 23 19 21
f 557 554 547
f 557 555 554
f 25 13 19
f 25 19 23
f 25 537 535
f 25 547 537
f 25 535 13
f 49 51 557
f 31 27 29
f 33 27 31
f 41 48 49
f 41 45 48
f 41 43 45
f 41 49 557
f 38 33 35
f 38 25 27
f 38 27 33
f 39 547 25
f 39 557 547
f 39 41 557
f 39 25 38
f 557 51 52
f 557 52 558
f 555 558 559
f 555 557 558
f 556 559 560
f 556 555 559
f 554 560 561
f 554 556 560
f 553 561 562
f 553 554 561
f 551 562 563
f 551 553 562
f 552 563 564
f 552 551 563
f 550 564 565
f 550 552 564
f 548 565 566
f 548 550 565
f 549 566 567
f 549 548 566
f 547 567 568
f 547 549 567
f 544 547 568
f 544 568 569
f 545 544 569
f 545 569 570
f 546 545 570
f 546 570 571
f 537 546 571
f 537 571 572
f 540 537 572
f 540 572 573
f 539 573 574
f 539 540 573
f 538 574 575
f 538 539 574
f 535 575 576
f 535 538 575
f 536 576 577
f 536 535 576
f 534 577 578
f 534 536 577
f 543 578 579
f 543 534 578
f 541 579 580
f 541 543 579
f 542 580 581
f 542 541 580
f 4 581 2
f 4 542 581
f 576 582 583
f 575 582 576
f 575 584 582
f 577 576 583
f 577 583 585
f 574 584 575
f 574 586 584
f 578 577 585
f 578 585 587
f 573 586 574
f 573 588 586
f 579 587 589
f 579 578 587
f 572 588 573
f 572 590 588
f 580 579 589
f 580 589 591
f 571 592 590
f 571 590 572
f 581 580 591
f 581 591 593
f 570 594 592
f 570 592 571
f 2 593 56
f 2 581 593
f 569 594 570
f 53 2 56
f 595 594 569
f 3 2 53
f 568 595 569
f 57 3 53
f 596 595 568
f 6 3 57
f 567 596 568
f 59 6 57
f 597 596 567
f 8 6 59
f 566 597 567
f 61 8 59
f 598 597 566
f 10 8 61
f 565 598 566
f 63 10 61
f 599 598 565
f 12 10 63
f 564 599 565
f 65 12 63
f 600 599 564
f 14 12 65
f 563 600 564
f 67 14 65
f 601 600 563
f 16 14 67
f 562 601 563
f 69 16 67
f 602 601 562
f 18 16 69
f 561 602 562
f 71 18 69
f 603 602 561
f 20 18 71
f 560 603 561
f 604 603 560
f 73 20 71
f 22 20 73
f 559 604 560
f 605 604 559
f 75 22 73
f 24 22 75
f 558 605 559
f 606 605 558
f 77 24 75
f 26 24 77
f 52 606 558
f 79 26 77
f 79 28 26
f 106 606 52
f 103 52 50
f 103 106 52
f 81 28 79
f 81 30 28
f 102 50 47
f 102 103 50
f 83 30 81
f 83 32 30
f 99 102 47
f 99 47 46
f 85 32 83
f 85 34 32
f 97 99 46
f 97 46 44
f 88 34 85
f 88 36 34
f 89 37 36
f 89 36 88
f 95 97 44
f 95 44 42
f 91 37 89
f 91 40 37
f 94 95 42
f 94 40 91
f 94 42 40
f 106 105 607
f 606 607 608
f 606 106 607
f 605 608 609
f 605 606 608
f 604 609 610
f 604 605 609
f 603 610 611
f 603 604 610
f 602 611 612
f 602 603 611
f 601 612 613
f 601 602 612
f 600 613 614
f 600 601 613
f 599 614 615
f 599 600 614
f 598 599 615
f 597 615 616
f 597 616 617
f 597 598 615
f 596 597 617
f 595 596 617
f 595 617 618
f 594 595 618
f 594 618 619
f 592 619 620
f 592 594 619
f 590 592 620
f 590 620 621
f 590 621 622
f 588 590 622
f 586 622 623
f 586 588 622
f 584 623 624
f 584 586 623
f 582 624 625
f 582 584 624
f 583 625 626
f 583 582 625
f 585 626 627
f 585 583 626
f 587 627 628
f 587 585 627
f 589 628 629
f 589 587 628
f 591 629 630
f 591 589 629
f 593 630 631
f 593 591 630
f 56 631 54
f 56 593 631
f 625 632 633
f 626 625 633
f 626 633 634
f 624 632 625
f 624 635 632
f 627 626 634
f 627 634 636
f 623 635 624
f 623 637 635
f 628 627 636
f 628 636 638
f 622 637 623
f 622 639 637
f 629 628 638
f 629 638 640
f 621 641 639
f 621 639 622
f 630 640 642
f 630 629 640
f 620 641 621
f 631 630 642
f 631 642 643
f 644 641 620
f 619 644 620
f 54 643 107
f 54 631 643
f 645 644 619
f 110 54 107
f 618 645 619
f 55 54 110
f 646 645 618
f 112 55 110
f 617 646 618
f 58 55 112
f 647 646 617
f 114 58 112
f 616 647 617
f 60 58 114
f 648 647 616
f 116 60 114
f 615 648 616
f 62 60 116
f 649 648 615
f 118 62 116
f 64 62 118
f 614 649 615
f 650 649 614
f 120 64 118
f 66 64 120
f 613 650 614
f 651 650 613
f 122 66 120
f 68 66 122
f 612 651 613
f 652 651 612
f 124 68 122
f 70 68 124
f 611 652 612
f 653 652 611
f 126 70 124
f 72 70 126
f 610 653 611
f 654 653 610
f 128 72 126
f 74 72 128
f 609 654 610
f 655 654 609
f 130 74 128
f 76 74 130
f 608 655 609
f 656 655 608
f 132 76 130
f 78 76 132
f 607 656 608
f 657 656 607
f 134 78 132
f 80 78 134
f 105 657 607
f 161 657 105
f 136 80 134
f 82 80 136
f 159 105 104
f 159 161 105
f 138 82 136
f 138 84 82
f 157 104 101
f 157 159 104
f 139 84 138
f 139 86 84
f 155 101 100
f 155 157 101
f 142 86 139
f 142 87 86
f 153 100 98
f 153 155 100
f 143 87 142
f 143 90 87
f 151 98 96
f 151 153 98
f 145 90 143
f 145 92 90
f 150 96 93
f 150 151 96
f 147 150 93
f 147 92 145
f 147 93 92
f 657 161 162
f 657 162 658
f 656 658 659
f 656 657 658
f 655 659 660
f 655 656 659
f 654 660 661
f 654 661 662
f 654 655 660
f 653 654 662
f 652 662 663
f 652 653 662
f 651 663 664
f 651 652 663
f 650 664 665
f 650 665 666
f 650 651 664
f 649 650 666
f 648 666 667
f 648 667 668
f 648 649 666
f 647 648 668
f 647 668 669
f 646 647 669
f 646 669 670
f 645 646 670
f 644 645 670
f 644 670 671
f 644 671 672
f 641 672 673
f 641 644 672
f 639 673 674
f 639 641 673
f 637 674 675
f 637 639 674
f 635 675 676
f 635 637 675
f 632 635 676
f 633 676 677
f 633 677 678
f 633 632 676
f 634 678 679
f 634 633 678
f 636 634 679
f 638 679 680
f 638 680 681
f 638 636 679
f 640 681 682
f 640 638 681
f 642 682 683
f 642 640 682
f 643 683 108
f 643 642 683
f 107 643 108
f 677 203 202
f 678 677 202
f 678 202 207
f 676 203 677
f 676 200 203
f 679 678 207
f 679 207 206
f 675 200 676
f 198 200 675
f 680 679 206
f 680 206 211
f 674 198 675
f 681 211 210
f 681 680 211
f 196 198 674
f 673 196 674
f 682 210 215
f 682 681 210
f 193 196 673
f 672 193 673
f 683 215 214
f 683 682 215
f 190 193 672
f 671 190 672
f 108 214 218
f 108 683 214
f 191 190 671
f 670 191 671
f 109 218 684
f 109 108 218
f 186 191 670
f 669 186 670
f 111 684 685
f 111 109 684
f 187 186 669
f 668 187 669
f 113 685 686
f 113 111 685
f 184 187 668
f 667 184 668
f 115 686 687
f 115 113 686
f 182 184 667
f 666 182 667
f 117 687 688
f 117 115 687
f 665 182 666
f 665 180 182
f 119 117 688
f 119 688 689
f 664 178 180
f 664 180 665
f 121 119 689
f 690 121 689
f 174 178 664
f 174 664 663
f 123 121 690
f 691 123 690
f 662 174 663
f 175 174 662
f 125 123 691
f 692 125 691
f 172 175 662
f 172 662 661
f 127 125 692
f 693 127 692
f 170 172 661
f 170 661 660
f 129 127 693
f 694 129 693
f 168 170 660
f 168 660 659
f 131 129 694
f 695 131 694
f 166 168 659
f 166 659 658
f 133 131 695
f 696 133 695
f 162 166 658
f 164 166 162
f 697 133 696
f 697 135 133
f 160 164 162
f 698 164 160
f 137 135 697
f 699 137 697
f 700 160 158
f 700 698 160
f 140 137 699
f 701 140 699
f 156 700 158
f 702 700 156
f 703 140 701
f 703 141 140
f 144 141 703
f 704 156 154
f 704 702 156
f 705 144 703
f 705 146 144
f 706 154 152
f 706 704 154
f 707 146 705
f 708 152 149
f 708 706 152
f 709 148 146
f 709 149 148
f 709 708 149
f 709 146 707
f 710 218 217
f 710 684 218
f 711 685 684
f 711 684 710
f 712 686 685
f 712 685 711
f 713 688 687
f 713 687 686
f 713 686 712
f 714 688 713
f 715 690 689
f 715 689 688
f 715 688 714
f 716 690 715
f 717 691 690
f 717 690 716
f 718 693 692
f 718 692 691
f 718 691 717
f 719 694 693
f 719 693 718
f 720 694 719
f 721 694 720
f 721 695 694
f 722 695 721
f 722 696 695
f 723 696 722
f 723 697 696
f 724 697 723
f 724 699 697
f 725 699 724
f 725 701 699
f 726 701 725
f 726 703 701
f 727 703 726
f 727 705 703
f 728 709 707
f 728 707 705
f 728 705 727
f 729 709 728
f 730 706 708
f 730 708 709
f 730 709 729
f 731 706 730
f 732 702 704
f 732 704 706
f 732 706 731
f 733 702 732
f 734 698 700
f 734 700 702
f 734 702 733
f 735 698 734
f 165 164 698
f 165 698 735
f 204 736 737
f 205 204 737
f 205 737 738
f 201 736 204
f 201 739 736
f 208 738 740
f 208 205 738
f 199 739 201
f 199 741 739
f 209 740 742
f 209 208 740
f 197 743 741
f 197 741 199
f 212 209 742
f 212 742 744
f 195 745 743
f 195 743 197
f 213 212 744
f 213 744 746
f 194 747 745
f 194 745 195
f 216 746 748
f 216 213 746
f 192 749 747
f 192 747 194
f 217 224 225
f 217 748 224
f 217 216 748
f 189 750 749
f 189 751 750
f 189 749 192
f 710 225 227
f 710 217 225
f 188 751 189
f 752 751 188
f 711 710 227
f 233 711 227
f 185 752 188
f 753 752 185
f 712 711 233
f 236 712 233
f 183 753 185
f 754 753 183
f 713 712 236
f 237 713 236
f 181 754 183
f 755 754 181
f 714 713 237
f 243 714 237
f 179 755 181
f 756 755 179
f 715 714 243
f 245 715 243
f 177 756 179
f 716 715 245
f 757 756 177
f 176 757 177
f 248 716 245
f 717 716 248
f 758 757 176
f 173 758 176
f 250 717 248
f 718 717 250
f 759 758 173
f 171 759 173
f 256 718 250
f 719 718 256
f 760 759 171
f 169 760 171
f 259 719 256
f 720 719 259
f 761 760 169
f 167 761 169
f 260 720 259
f 721 720 260
f 762 167 163
f 762 761 167
f 262 721 260
f 262 722 721
f 763 163 165
f 763 762 163
f 267 722 262
f 316 763 165
f 271 723 722
f 271 722 267
f 315 165 735
f 315 316 165
f 272 724 723
f 272 723 271
f 308 735 734
f 308 315 735
f 278 724 272
f 278 725 724
f 306 734 733
f 306 308 734
f 282 725 278
f 282 726 725
f 303 306 733
f 303 733 732
f 283 726 282
f 283 727 726
f 300 303 732
f 300 732 731
f 285 727 283
f 285 728 727
f 295 300 731
f 295 731 730
f 291 728 285
f 291 729 728
f 294 729 291
f 294 295 730
f 294 730 729
f 764 314 765
f 764 765 766
f 764 766 767
f 316 314 764
f 763 316 764
f 763 764 768
f 762 768 769
f 762 763 768
f 770 771 772
f 773 770 772
f 761 769 770
f 761 762 769
f 774 773 775
f 774 770 773
f 760 761 770
f 760 770 774
f 759 774 776
f 759 760 774
f 777 759 776
f 778 779 780
f 758 777 778
f 758 759 777
f 757 758 778
f 781 780 782
f 781 782 783
f 781 778 780
f 781 757 778
f 756 781 784
f 756 757 781
f 755 784 785
f 755 756 784
f 786 787 788
f 754 785 786
f 754 755 785
f 789 788 790
f 789 790 791
f 789 786 788
f 753 754 786
f 753 786 789
f 752 789 792
f 752 753 789
f 751 792 793
f 751 752 792
f 794 795 796
f 794 751 793
f 797 794 796
f 750 751 794
f 798 750 794
f 798 797 799
f 798 794 797
f 749 750 798
f 747 749 798
f 747 798 800
f 747 800 801
f 802 803 804
f 745 747 801
f 745 801 802
f 805 802 804
f 805 804 806
f 805 806 807
f 743 745 802
f 743 802 805
f 741 743 805
f 741 805 808
f 739 741 808
f 739 808 809
f 810 811 812
f 736 739 809
f 736 809 810
f 813 810 812
f 813 812 814
f 813 814 815
f 737 810 813
f 737 736 810
f 738 737 813
f 738 813 816
f 817 818 819
f 740 816 820
f 740 738 816
f 740 820 817
f 742 740 817
f 821 819 822
f 821 817 819
f 821 822 823
f 821 742 817
f 744 821 824
f 744 742 821
f 746 824 825
f 746 744 824
f 826 827 828
f 826 828 829
f 220 826 829
f 748 825 826
f 748 746 825
f 224 826 220
f 224 748 826
f 311 367 369
f 310 367 311
f 307 365 364
f 307 304 365
f 309 364 368
f 309 368 367
f 309 307 364
f 310 309 367
f 365 305 366
f 304 305 365
f 427 305 302
f 427 366 305
f 428 302 299
f 428 427 302
f 298 428 299
f 363 428 298
f 298 361 363
f 297 361 298
f 296 359 358
f 296 292 359
f 301 358 362
f 301 362 361
f 301 296 358
f 297 301 361
f 359 293 360
f 292 293 359
f 420 360 293
f 290 420 293
f 289 420 290
f 421 420 289
f 288 421 289
f 357 421 288
f 288 355 357
f 287 355 288
f 284 353 352
f 284 352 356
f 284 279 353
f 286 356 355
f 286 284 356
f 287 286 355
f 353 281 354
f 279 281 353
f 411 354 281
f 280 411 281
f 277 412 411
f 277 411 280
f 276 351 412
f 276 412 277
f 276 349 351
f 275 349 276
f 273 268 347
f 273 347 346
f 273 346 350
f 274 350 349
f 274 273 350
f 275 274 349
f 347 270 348
f 268 270 347
f 270 404 348
f 269 405 404
f 269 404 270
f 266 405 269
f 265 345 405
f 265 405 266
f 265 343 345
f 264 343 265
f 261 341 340
f 261 340 344
f 261 257 341
f 263 344 343
f 263 261 344
f 264 263 343
f 341 258 342
f 257 258 341
f 258 395 342
f 255 396 395
f 255 395 258
f 254 396 255
f 253 339 396
f 253 396 254
f 253 337 339
f 252 337 253
f 249 335 334
f 249 334 338
f 249 246 335
f 251 338 337
f 251 249 338
f 252 251 337
f 335 247 336
f 246 247 335
f 241 333 389
f 247 388 336
f 242 389 388
f 242 241 389
f 244 388 247
f 244 242 388
f 241 331 333
f 240 331 241
f 238 329 328
f 238 234 329
f 239 328 332
f 239 332 331
f 239 238 328
f 240 239 331
f 329 235 330
f 234 235 329
f 230 327 380
f 231 230 380
f 232 380 379
f 232 231 380
f 235 379 330
f 235 232 379
f 230 325 327
f 229 325 230
f 226 323 322
f 226 322 326
f 226 219 323
f 228 326 325
f 228 226 326
f 229 228 325
f 323 223 324
f 219 223 323
f 827 830 831
f 828 831 832
f 828 827 831
f 829 832 318
f 829 828 832
f 220 829 318
f 221 318 317
f 221 220 318
f 222 317 320
f 222 221 317
f 223 320 324
f 223 222 320
f 833 767 766
f 833 834 767
f 835 766 765
f 835 833 766
f 374 314 313
f 374 765 314
f 374 835 765
f 373 313 312
f 373 374 313
f 370 312 311
f 370 373 312
f 369 370 311
f 827 836 830
f 826 836 827
f 824 837 838
f 824 838 839
f 824 821 837
f 825 839 836
f 825 824 839
f 826 825 836
f 837 823 840
f 821 823 837
f 841 818 842
f 819 818 841
f 822 841 843
f 822 819 841
f 823 843 840
f 823 822 843
f 818 844 842
f 817 844 818
f 816 845 846
f 816 846 847
f 816 813 845
f 820 847 844
f 820 816 847
f 817 820 844
f 845 815 848
f 813 815 845
f 849 811 850
f 812 811 849
f 814 812 849
f 851 814 849
f 815 814 851
f 848 815 851
f 811 852 850
f 810 852 811
f 808 853 854
f 808 854 855
f 808 805 853
f 809 855 852
f 809 808 855
f 810 809 852
f 853 807 856
f 805 807 853
f 857 803 858
f 857 804 803
f 859 806 804
f 859 804 857
f 807 806 859
f 856 807 859
f 803 860 858
f 802 860 803
f 800 861 862
f 800 862 863
f 800 798 861
f 801 863 860
f 801 800 863
f 802 801 860
f 861 799 864
f 798 799 861
f 865 795 866
f 865 796 795
f 867 797 796
f 867 799 797
f 867 796 865
f 864 799 867
f 795 868 866
f 794 868 795
f 792 869 870
f 792 870 871
f 792 789 869
f 793 871 868
f 793 792 871
f 794 793 868
f 869 791 872
f 789 791 869
f 873 787 874
f 873 788 787
f 873 790 788
f 875 791 790
f 875 790 873
f 872 791 875
f 787 876 874
f 786 876 787
f 784 877 878
f 784 878 879
f 784 781 877
f 785 879 876
f 785 784 879
f 786 785 876
f 877 783 880
f 781 783 877
f 881 783 782
f 882 780 779
f 882 782 780
f 882 881 782
f 880 783 881
f 883 882 779
f 779 884 883
f 778 884 779
f 776 885 886
f 776 886 887
f 776 774 885
f 777 887 884
f 777 776 887
f 778 777 884
f 885 775 888
f 774 775 885
f 889 773 772
f 889 775 773
f 889 888 775
f 890 772 771
f 890 889 772
f 891 890 771
f 771 892 891
f 770 892 771
f 768 893 894
f 768 764 893
f 769 894 895
f 769 895 892
f 769 768 894
f 770 769 892
f 893 767 834
f 764 767 893
f 835 374 372
f 833 372 896
f 833 835 372
f 894 893 834
f 892 895 891
f 886 885 888
f 884 887 883
f 878 877 880
f 876 879 874
f 870 869 872
f 868 871 866
f 862 861 864
f 860 863 858
f 854 853 856
f 852 855 850
f 846 845 848
f 844 847 842
f 838 837 840
f 836 839 830
f 831 897 319
f 832 831 319
f 318 832 319
f 898 833 896
f 898 896 899
f 898 894 834
f 898 891 895
f 898 895 894
f 898 834 833
f 900 898 899
f 900 899 901
f 900 891 898
f 900 889 890
f 900 890 891
f 902 901 903
f 902 903 904
f 902 900 901
f 902 889 900
f 902 888 889
f 905 902 904
f 905 904 906
f 905 888 902
f 905 886 888
f 905 883 887
f 905 887 886
f 907 906 908
f 907 905 906
f 907 883 905
f 907 880 881
f 907 881 882
f 907 882 883
f 909 908 910
f 909 910 911
f 909 880 907
f 909 878 880
f 909 874 879
f 909 879 878
f 909 907 908
f 912 909 911
f 912 911 913
f 912 875 873
f 912 873 874
f 912 874 909
f 914 913 915
f 914 912 913
f 914 875 912
f 914 872 875
f 916 915 917
f 916 914 915
f 916 917 918
f 916 872 914
f 916 871 870
f 916 870 872
f 916 866 871
f 919 866 916
f 919 918 920
f 919 864 867
f 919 867 865
f 919 865 866
f 919 916 918
f 921 862 864
f 921 858 863
f 921 919 920
f 921 864 919
f 921 920 922
f 921 922 923
f 921 863 862
f 924 923 925
f 924 858 921
f 924 921 923
f 924 857 858
f 926 925 927
f 926 856 859
f 926 859 857
f 926 924 925
f 926 857 924
f 928 927 929
f 928 929 930
f 928 854 856
f 928 850 855
f 928 855 854
f 928 926 927
f 928 856 926
f 931 930 932
f 931 848 851
f 931 851 849
f 931 849 850
f 931 928 930
f 931 850 928
f 933 931 932
f 933 848 931
f 933 932 934
f 933 847 846
f 933 846 848
f 933 842 847
f 935 934 936
f 935 936 937
f 935 842 933
f 935 843 841
f 935 841 842
f 935 933 934
f 938 937 939
f 938 840 843
f 938 935 937
f 938 843 935
f 940 939 897
f 940 831 830
f 940 839 838
f 940 840 938
f 940 938 939
f 940 838 840
f 940 897 831
f 940 830 839
f 941 908 906
f 942 910 908
f 942 908 941
f 943 906 904
f 943 941 906
f 944 911 910
f 944 910 942
f 945 904 903
f 945 943 904
f 946 913 911
f 946 911 944
f 947 903 901
f 947 945 903
f 948 915 913
f 948 913 946
f 949 901 899
f 949 947 901
f 950 917 915
f 950 915 948
f 951 899 896
f 951 949 899
f 952 918 917
f 952 917 950
f 484 896 372
f 484 951 896
f 953 920 918
f 953 918 952
f 371 484 372
f 954 922 920
f 954 920 953
f 483 484 371
f 430 483 371
f 955 923 922
f 955 922 954
f 480 483 430
f 426 480 430
f 956 923 955
f 478 480 426
f 925 923 956
f 425 478 426
f 957 925 956
f 477 478 425
f 927 925 957
f 423 477 425
f 958 927 957
f 474 477 423
f 929 927 958
f 419 474 423
f 473 474 419
f 959 929 958
f 930 929 959
f 417 473 419
f 471 473 417
f 960 930 959
f 932 930 960
f 416 471 417
f 469 471 416
f 961 932 960
f 934 932 961
f 414 469 416
f 466 469 414
f 962 934 961
f 936 934 962
f 410 466 414
f 963 936 962
f 464 466 410
f 937 936 963
f 964 937 963
f 408 464 410
f 408 462 464
f 939 937 964
f 965 939 964
f 407 462 408
f 407 460 462
f 897 939 965
f 435 897 965
f 403 460 407
f 403 458 460
f 319 897 435
f 401 456 458
f 401 458 403
f 321 319 435
f 321 435 432
f 400 454 456
f 400 456 401
f 376 432 436
f 376 321 432
f 398 452 454
f 398 454 400
f 378 436 438
f 378 376 436
f 394 450 452
f 394 452 398
f 382 378 438
f 382 438 440
f 392 450 394
f 392 448 450
f 383 382 440
f 383 440 442
f 391 448 392
f 391 446 448
f 385 383 442
f 385 442 444
f 387 446 391
f 387 385 444
f 387 444 446
f 484 485 966
f 951 966 967
f 951 484 966
f 949 967 968
f 949 951 967
f 947 968 969
f 947 949 968
f 945 969 970
f 945 947 969
f 943 970 971
f 943 945 970
f 941 971 972
f 941 943 971
f 942 972 973
f 942 941 972
f 944 973 974
f 944 942 973
f 946 974 975
f 946 944 974
f 948 975 976
f 948 946 975
f 950 948 976
f 952 950 976
f 952 976 977
f 953 952 977
f 953 977 978
f 954 978 979
f 954 953 978
f 955 954 979
f 955 979 980
f 956 980 981
f 956 955 980
f 957 981 982
f 957 956 981
f 958 982 983
f 958 957 982
f 959 983 984
f 959 958 983
f 960 984 985
f 960 959 984
f 961 985 986
f 961 960 985
f 962 986 987
f 962 961 986
f 963 987 988
f 963 962 987
f 964 988 989
f 964 963 988
f 965 989 990
f 965 964 989
f 435 990 433
f 435 965 990
f 520 972 971
f 522 971 970
f 522 520 971
f 518 972 520
f 518 973 972
f 525 522 970
f 525 970 969
f 517 974 973
f 517 975 974
f 517 973 518
f 526 969 968
f 526 525 969
f 514 976 975
f 514 975 517
f 528 968 967
f 528 526 968
f 513 977 976
f 513 976 514
f 531 967 966
f 531 528 967
f 510 978 977
f 510 977 513
f 533 966 485
f 533 531 966
f 533 485 482
f 509 979 978
f 509 978 510
f 991 482 481
f 991 533 482
f 506 980 979
f 506 979 509
f 992 991 481
f 992 481 479
f 504 981 980
f 504 980 506
f 993 479 476
f 993 992 479
f 502 982 981
f 502 981 504
f 994 993 476
f 475 994 476
f 983 982 502
f 500 983 502
f 995 994 475
f 472 995 475
f 984 983 500
f 499 984 500
f 996 995 472
f 470 996 472
f 985 984 499
f 496 985 499
f 997 996 470
f 468 997 470
f 986 985 496
f 494 986 496
f 998 997 468
f 467 998 468
f 987 986 494
f 987 494 492
f 465 998 467
f 465 999 998
f 988 987 492
f 988 492 490
f 463 999 465
f 463 1000 999
f 989 988 490
f 989 490 486
f 461 1000 463
f 461 1001 1000
f 990 989 486
f 990 486 488
f 433 990 488
f 459 1001 461
f 459 1002 1001
f 434 433 488
f 434 488 1003
f 457 1002 459
f 457 1004 1002
f 437 434 1003
f 437 1003 1005
f 455 1004 457
f 455 1006 1004
f 439 437 1005
f 439 1005 1007
f 453 1006 455
f 453 1008 1006
f 451 1008 453
f 441 439 1007
f 441 1007 1009
f 443 441 1009
f 443 1009 1010
f 449 1008 451
f 449 1011 1008
f 445 443 1010
f 445 1010 1012
f 447 1012 1011
f 447 1011 449
f 447 445 1012
f 533 1013 532
f 991 1014 1013
f 991 1013 533
f 992 1014 991
f 993 1015 1014
f 993 1016 1015
f 993 1014 992
f 994 1016 993
f 995 1017 1016
f 995 1018 1017
f 995 1016 994
f 996 1018 995
f 997 1019 1018
f 997 1020 1019
f 997 1018 996
f 998 1020 997
f 999 1021 1020
f 999 1020 998
f 1000 1022 1021
f 1000 1021 999
f 1001 1023 1022
f 1001 1022 1000
f 1002 1024 1023
f 1002 1023 1001
f 1004 1024 1002
f 1004 1025 1024
f 1006 1025 1004
f 1006 1026 1025
f 1008 1026 1006
f 1008 1027 1026
f 1008 1028 1027
f 1011 1028 1008
f 1012 1028 1011
f 1012 1029 1028
f 1010 1029 1012
f 1010 1030 1029
f 1009 1030 1010
f 1009 1031 1030
f 1007 1031 1009
f 1007 1032 1031
f 1005 1032 1007
f 1005 1033 1032
f 1003 1033 1005
f 1003 1034 1033
f 1003 487 1034
f 488 487 1003
f 503 498 501
f 493 495 497
f 491 493 497
f 508 505 507
f 511 503 505
f 511 505 508
f 1034 487 489
f 1034 489 491
f 515 511 512
f 515 498 503
f 515 503 511
f 1030 1031 1032
f 521 1033 1034
f 521 497 498
f 521 515 516
f 521 516 519
f 521 491 497
f 521 498 515
f 521 1034 491
f 1029 1032 1033
f 1029 1030 1032
f 523 1033 521
f 1028 1029 1033
f 529 524 527
f 1025 1026 1027
f 1025 1027 1028
f 532 524 529
f 532 523 524
f 532 529 530
f 532 1033 523
f 1022 1023 1024
f 1022 1024 1025
f 1015 532 1013
f 1015 1013 1014
f 1020 1021 1022
f 1019 1022 1025
f 1019 1025 1028
f 1019 1033 532
f 1019 1020 1022
f 1019 532 1015
f 1019 1028 1033
f 1017 1015 1016
f 1017 1019 1015
f 1018 1019 1017
f 1035 1036 1037
f 1035 1038 1036
f 1039 1040 1041
f 1042 1043 1044
f 1045 1046 1047
f 1048 1046 1045
f 1049 1050 1051
f 1052 1053 1054
f 1052 1055 1053
f 1052 1056 1055
f 1057 1058 1050
f 1057 1056 1052
f 1057 1050 1049
f 1057 1049 1056
f 1059 1060 1061
f 1059 1054 1060
f 1059 1052 1054
f 1062 1063 1058
f 1062 1064 1063
f 1062 1058 1057
f 1062 1057 1052
f 1062 1052 1059
f 1065 1061 1066
f 1065 1062 1059
f 1065 1059 1061
f 1067 1068 1064
f 1067 1062 1065
f 1067 1064 1062
f 1069 1066 1070
f 1069 1067 1065
f 1069 1065 1066
f 1071 1072 1068
f 1071 1068 1067
f 1071 1067 1069
f 1073 1074 1038
f 1073 1075 1074
f 1073 1076 1075
f 1073 1041 1076
f 1073 1038 1035
f 1073 1039 1041
f 1077 1035 1078
f 1077 1073 1035
f 1079 1077 1078
f 1079 1073 1077
f 1079 1039 1073
f 1080 1081 1039
f 1080 1039 1079
f 1082 1079 1078
f 1082 1080 1079
f 1082 1081 1080
f 1083 1078 1084
f 1083 1082 1078
f 1085 1081 1082
f 1085 1082 1083
f 1085 1083 1084
f 1086 1087 1081
f 1086 1081 1085
f 1088 1085 1084
f 1088 1086 1085
f 1088 1087 1086
f 1089 1088 1084
f 1089 1084 1090
f 1091 1051 1087
f 1091 1088 1089
f 1091 1087 1088
f 1091 1089 1090
f 1091 1049 1051
f 1092 1090 1055
f 1092 1091 1090
f 1092 1049 1091
f 1092 1055 1056
f 1092 1056 1049
f 1093 1070 1094
f 1093 1069 1070
f 1095 1093 1094
f 1096 1094 1097
f 1096 1095 1094
f 1098 1096 1097
f 1098 1099 1095
f 1098 1095 1096
f 1100 1101 1099
f 1100 1099 1098
f 1102 1098 1097
f 1102 1101 1100
f 1102 1100 1098
f 1103 1097 1043
f 1103 1102 1097
f 1104 1102 1103
f 1104 1101 1102
f 1104 1103 1043
f 1105 1046 1101
f 1105 1101 1104
f 1106 1047 1046
f 1106 1043 1042
f 1106 1042 1107
f 1106 1107 1108
f 1106 1108 1109
f 1106 1109 1047
f 1106 1046 1105
f 1106 1104 1043
f 1106 1105 1104
f 1110 1099 1072
f 1110 1069 1093
f 1110 1095 1099
f 1110 1093 1095
f 1110 1072 1071
f 1110 1071 1069
f 1111 1112 1113
f 1114 1111 1113
f 1115 1116 1117
f 1118 1115 1117
f 1119 1120 1121
f 1122 1123 1124
f 1125 1126 1127
f 1128 1124 1129
f 1130 1129 1131
f 1132 1133 1134
f 1132 1134 1135
f 1132 1135 1136
f 1132 1136 1137
f 1138 1137 1139
f 1138 1139 1140
f 1138 1140 1141
f 1138 1141 1142
f 1138 1132 1137
f 1138 1133 1132
f 1143 1138 1142
f 1143 1133 1138
f 1143 1144 1133
f 1143 1142 1145
f 1146 1143 1145
f 1146 1144 1143
f 1147 1148 1144
f 1147 1145 1149
f 1147 1146 1145
f 1147 1144 1146
f 1150 1147 1149
f 1150 1148 1147
f 1151 1152 1148
f 1151 1150 1149
f 1151 1148 1150
f 1153 1154 1152
f 1153 1149 1155
f 1153 1152 1151
f 1153 1151 1149
f 1156 1154 1153
f 1156 1153 1155
f 1157 1158 1159
f 1157 1159 1154
f 1157 1154 1156
f 1157 1160 1158
f 1161 1159 1158
f 1161 1121 1159
f 1162 1121 1161
f 1162 1119 1121
f 1163 1119 1122
f 1163 1120 1119
f 1164 1127 1120
f 1164 1125 1127
f 1164 1122 1124
f 1164 1120 1163
f 1164 1163 1122
f 1165 1125 1164
f 1165 1164 1124
f 1165 1124 1128
f 1165 1128 1125
f 1166 1128 1129
f 1166 1125 1128
f 1167 1126 1125
f 1167 1129 1130
f 1167 1166 1129
f 1167 1125 1166
f 1168 1169 1126
f 1168 1130 1170
f 1168 1126 1167
f 1168 1167 1130
f 1168 1170 1169
f 1171 1170 1130
f 1171 1169 1170
f 1172 1173 1169
f 1172 1174 1173
f 1172 1169 1171
f 1175 1176 1177
f 1175 1178 1176
f 1179 1175 1177
f 1180 1181 1182
f 1180 1182 1179
f 1180 1177 1183
f 1180 1179 1177
f 1184 1181 1180
f 1184 1180 1183
f 1185 1113 1181
f 1185 1181 1184
f 1185 1183 1117
f 1185 1184 1183
f 1186 1114 1113
f 1186 1117 1116
f 1186 1187 1114
f 1186 1188 1187
f 1186 1116 1188
f 1186 1113 1185
f 1186 1185 1117
f 1189 1155 1190
f 1189 1156 1155
f 1189 1157 1156
f 1189 1160 1157
f 1189 1190 1160
f 1191 1161 1158
f 1191 1160 1190
f 1191 1158 1160
f 1192 1190 1123
f 1192 1162 1161
f 1192 1191 1190
f 1192 1161 1191
f 1193 1162 1192
f 1193 1119 1162
f 1193 1122 1119
f 1193 1123 1122
f 1193 1192 1123
f 1194 1130 1131
f 1194 1131 1176
f 1194 1172 1171
f 1194 1171 1130
f 1195 1194 1176
f 1195 1172 1194
f 1195 1178 1174
f 1195 1174 1172
f 1195 1176 1178
f 1196 1173 1174
f 1196 1174 1178
f 1196 1178 1175
f 1197 1182 1173
f 1197 1179 1182
f 1197 1196 1175
f 1197 1173 1196
f 1197 1175 1179
f 1198 1199 1200
f 1198 1201 1199
f 1202 1203 1201
f 1202 1204 1203
f 1202 1201 1198
f 1205 1204 1202
f 1206 1207 1204
f 1206 1208 1207
f 1206 1204 1205
f 1209 1210 1208
f 1209 1208 1206
f 1211 1210 1209
f 1212 1213 1210
f 1212 1210 1211
f 1214 1215 1213
f 1214 1213 1212
f 1216 1217 1215
f 1216 1218 1217
f 1216 1215 1214
f 1219 1218 1216
f 1219 1220 1218
f 1221 1220 1219
f 1222 1220 1221
f 1222 1223 1220
f 1224 1223 1222
f 1224 1225 1223
f 1226 1225 1224
f 1226 1227 1225
f 1228 1227 1226
f 1228 1229 1227
f 1230 1229 1228
f 1230 1231 1229
f 1232 1231 1230
f 1232 1233 1231
f 1234 1233 1232
f 1234 1235 1233
f 1236 1235 1234
f 1236 1237 1235
f 1238 1237 1236
f 1238 1239 1237
f 1240 1239 1238
f 1240 1241 1239
f 1242 1241 1240
f 1242 1243 1241
f 1242 1244 1243
f 1245 1244 1242
f 1246 1247 1244
f 1246 1244 1245
f 1246 1248 1247
f 1249 1248 1246
f 1250 1251 1248
f 1250 1248 1249
f 1252 1253 1251
f 1252 1251 1250
f 1254 1255 1256
f 1257 1258 1259
f 1260 1261 1262
f 1260 1259 1261
f 1260 1257 1259
f 1263 1264 1254
f 1263 1256 1258
f 1263 1257 1260
f 1263 1254 1256
f 1263 1258 1257
f 1265 1262 1266
f 1265 1260 1262
f 1267 1268 1264
f 1267 1264 1263
f 1267 1263 1260
f 1269 1270 1271
f 1269 1266 1270
f 1269 1271 1272
f 1269 1265 1266
f 1273 1274 1268
f 1273 1268 1267
f 1273 1265 1269
f 1273 1267 1260
f 1273 1260 1265
f 1275 1272 1276
f 1275 1276 1274
f 1275 1269 1272
f 1275 1273 1269
f 1275 1274 1273
f 1277 1278 1279
f 1280 1278 1277
f 1281 1278 1280
f 1282 1278 1281
f 1283 1284 1285
f 1283 1271 1284
f 1286 1283 1285
f 1286 1285 1287
f 1288 1272 1271
f 1288 1271 1283
f 1288 1289 1290
f 1288 1290 1272
f 1291 1287 1292
f 1291 1286 1287
f 1293 1286 1291
f 1293 1288 1283
f 1293 1294 1289
f 1293 1289 1288
f 1293 1283 1286
f 1295 1292 1296
f 1295 1291 1292
f 1297 1291 1295
f 1297 1294 1293
f 1297 1293 1291
f 1297 1298 1299
f 1297 1299 1294
f 1300 1296 1301
f 1300 1295 1296
f 1302 1303 1298
f 1302 1298 1297
f 1302 1295 1300
f 1302 1297 1295
f 1304 1301 1305
f 1304 1300 1301
f 1306 1307 1308
f 1306 1308 1303
f 1306 1302 1300
f 1306 1303 1302
f 1309 1310 1311
f 1309 1305 1310
f 1309 1304 1305
f 1312 1306 1300
f 1312 1307 1306
f 1312 1313 1307
f 1312 1300 1304
f 1314 1311 1315
f 1314 1309 1311
f 1316 1313 1312
f 1316 1317 1313
f 1316 1304 1309
f 1316 1312 1304
f 1318 1315 1319
f 1318 1314 1315
f 1320 1316 1309
f 1320 1309 1314
f 1320 1317 1316
f 1320 1279 1278
f 1320 1321 1322
f 1320 1322 1279
f 1320 1278 1317
f 1323 1319 1324
f 1323 1318 1319
f 1323 1325 1326
f 1323 1326 1327
f 1328 1320 1314
f 1328 1329 1330
f 1328 1330 1331
f 1328 1331 1321
f 1328 1314 1318
f 1328 1321 1320
f 1332 1324 1333
f 1332 1323 1324
f 1332 1334 1335
f 1332 1335 1336
f 1332 1336 1325
f 1332 1325 1323
f 1337 1318 1323
f 1337 1327 1338
f 1337 1338 1339
f 1337 1339 1340
f 1337 1340 1341
f 1337 1341 1342
f 1337 1342 1343
f 1337 1343 1344
f 1337 1344 1345
f 1337 1345 1346
f 1337 1346 1347
f 1337 1347 1348
f 1337 1348 1349
f 1337 1349 1350
f 1337 1350 1329
f 1337 1328 1318
f 1337 1329 1328
f 1337 1323 1327
f 1351 1352 1353
f 1351 1333 1352
f 1351 1353 1354
f 1351 1354 1355
f 1351 1355 1334
f 1351 1332 1333
f 1351 1334 1332
f 1356 1142 1357
f 1356 1358 1142
f 1359 1357 1360
f 1359 1356 1357
f 1361 1360 1362
f 1361 1359 1360
f 1363 1362 1364
f 1363 1361 1362
f 1365 1364 1366
f 1365 1363 1364
f 1367 1366 1368
f 1367 1365 1366
f 1048 1368 1369
f 1048 1367 1368
f 1046 1369 1370
f 1046 1048 1369
f 1101 1370 1371
f 1101 1046 1370
f 1099 1371 1372
f 1099 1101 1371
f 1072 1372 1373
f 1072 1099 1372
f 1068 1373 1374
f 1068 1072 1373
f 1064 1374 1118
f 1064 1068 1374
f 1063 1064 1118
f 1375 1376 1377
f 1378 1379 1376
f 1378 1376 1375
f 1380 1381 1379
f 1380 1379 1378
f 1382 1383 1381
f 1382 1381 1380
f 1384 1385 1383
f 1384 1383 1382
f 1386 1387 1385
f 1386 1385 1384
f 1388 1389 1387
f 1388 1387 1386
f 1390 1391 1389
f 1390 1389 1388
f 1392 1393 1391
f 1392 1391 1390
f 1394 1395 1393
f 1394 1393 1392
f 1396 1395 1394
f 1397 1395 1396
f 1397 1398 1395
f 1399 1398 1397
f 1399 1400 1398
f 1401 1400 1399
f 1401 1402 1400
f 1403 1402 1401
f 1403 1404 1402
f 1405 1404 1403
f 1405 1406 1404
f 1407 1406 1405
f 1407 1408 1406
f 1409 1408 1407
f 1409 1410 1408
f 1411 1410 1409
f 1411 1412 1410
f 1413 1412 1411
f 1413 1414 1412
f 1415 1414 1413
f 1415 1416 1414
f 1417 1416 1415
f 1417 1418 1416
f 1419 1418 1417
f 1419 1420 1418
f 1421 1422 1420
f 1421 1420 1419
f 1423 1422 1421
f 1423 1424 1422
f 1425 1426 1424
f 1425 1424 1423
f 1427 1428 1426
f 1427 1426 1425
f 1429 1430 1431
f 1429 1432 1430
f 1433 1434 1432
f 1433 1432 1429
f 1435 1436 1434
f 1435 1434 1433
f 1437 1438 1436
f 1437 1439 1438
f 1437 1436 1435
f 1440 1439 1437
f 1441 1442 1439
f 1441 1443 1442
f 1441 1439 1440
f 1444 1443 1441
f 1445 1446 1443
f 1445 1443 1444
f 1447 1448 1446
f 1447 1446 1445
f 1449 1450 1448
f 1449 1448 1447
f 1451 1452 1450
f 1451 1450 1449
f 1453 1454 1452
f 1453 1452 1451
f 1455 1454 1453
f 1455 1456 1454
f 1455 1457 1456
f 1458 1457 1455
f 1459 1457 1458
f 1459 1460 1457
f 1459 1461 1460
f 1462 1461 1459
f 1463 1461 1462
f 1463 1464 1461
f 1465 1464 1463
f 1465 1466 1464
f 1467 1466 1465
f 1467 1468 1466
f 1469 1468 1467
f 1469 1470 1468
f 1469 1471 1470
f 1472 1471 1469
f 1473 1471 1472
f 1473 1474 1471
f 1475 1474 1473
f 1475 1476 1474
f 1477 1478 1479
f 1477 1480 1478
f 1481 1482 1480
f 1481 1480 1477
f 1483 1484 1482
f 1483 1482 1481
f 1485 1486 1484
f 1485 1484 1483
f 1487 1488 1486
f 1487 1486 1485
f 1489 1490 1488
f 1489 1488 1487
f 1491 1492 1490
f 1491 1490 1489
f 1493 1494 1492
f 1493 1492 1491
f 1495 1496 1494
f 1495 1494 1493
f 1497 1498 1496
f 1497 1496 1495
f 1499 1500 1498
f 1499 1498 1497
f 1501 1502 1500
f 1501 1500 1499
f 1503 1504 1502
f 1503 1502 1501
f 1505 1506 1504
f 1505 1504 1503
f 1507 1508 1506
f 1507 1506 1505
f 1509 1508 1507
f 1509 1510 1508
f 1511 1512 1513
f 1514 1515 1512
f 1514 1512 1511
f 1516 1517 1515
f 1516 1515 1514
f 1518 1519 1520
f 1518 1520 1521
f 1522 1517 1516
f 1523 1518 1521
f 1523 1521 1524
f 1523 1524 1525
f 1523 1525 1526
f 1523 1517 1522
f 1523 1526 1527
f 1523 1527 1517
f 1523 1522 1528
f 1523 1529 1530
f 1523 1530 1531
f 1523 1531 1532
f 1523 1532 1518
f 1533 1523 1528
f 1534 1523 1533
f 1535 1523 1534
f 1536 1523 1535
f 1537 1538 1539
f 1540 1537 1539
f 1541 1540 1539
f 1542 1541 1539
f 1543 1523 1536
f 1544 1545 1542
f 1546 1523 1543
f 1547 1523 1546
f 1548 1542 1539
f 1548 1544 1542
f 1549 1523 1547
f 1550 1548 1539
f 1551 1523 1549
f 1552 1550 1539
f 1553 1523 1551
f 1554 1552 1539
f 1555 1554 1539
f 1556 1555 1539
f 1557 1553 1558
f 1557 1523 1553
f 1559 1523 1557
f 1560 1523 1559
f 1561 1556 1539
f 1562 1523 1560
f 1563 1557 1558
f 1564 1561 1539
f 1565 1564 1539
f 1566 1565 1539
f 1567 1566 1539
f 1568 1567 1539
f 1569 1568 1539
f 1570 1539 1523
f 1570 1523 1562
f 1571 1539 1570
f 1572 1539 1571
f 1573 1539 1572
f 1574 1569 1539
f 1575 1574 1539
f 1576 1575 1539
f 1577 1576 1539
f 1578 1539 1573
f 1579 1577 1539
f 1580 1539 1578
f 1580 1579 1539
f 1581 1574 1575
f 1581 1582 1574
f 1583 1578 1573
f 1583 1573 1584
f 1585 1521 1520
f 1585 1520 1586
f 1587 1586 1520
f 1519 1587 1520
f 1588 1519 1518
f 1588 1587 1519
f 1588 1589 1590
f 1530 1589 1588
f 1531 1530 1588
f 1532 1531 1588
f 1518 1532 1588
f 1591 1590 1592
f 1591 1588 1590
f 1593 1592 1594
f 1593 1591 1592
f 1585 1594 1595
f 1585 1593 1594
f 1596 1585 1595
f 1524 1521 1585
f 1524 1585 1596
f 1525 1596 1597
f 1525 1524 1596
f 1526 1597 1598
f 1526 1525 1597
f 1527 1598 1599
f 1527 1526 1598
f 1517 1527 1599
f 1529 1589 1530
f 1600 1589 1529
f 1600 1523 1601
f 1600 1529 1523
f 1602 1523 1539
f 1602 1601 1523
f 1603 1539 1538
f 1602 1539 1603
f 1604 1538 1537
f 1604 1603 1538
f 1569 1574 1605
f 1569 1605 1606
f 1568 1606 1607
f 1568 1569 1606
f 1567 1607 1608
f 1567 1568 1607
f 1566 1608 1609
f 1566 1567 1608
f 1565 1609 1610
f 1565 1566 1609
f 1564 1610 1611
f 1564 1565 1610
f 1561 1611 1612
f 1561 1564 1611
f 1556 1612 1613
f 1556 1561 1612
f 1555 1613 1614
f 1555 1556 1613
f 1615 1616 1617
f 1554 1614 1616
f 1554 1555 1614
f 1552 1616 1615
f 1552 1554 1616
f 1550 1615 1618
f 1550 1552 1615
f 1619 1618 1620
f 1619 1550 1618
f 1621 1619 1620
f 1548 1550 1619
f 1622 1619 1621
f 1623 1622 1621
f 1624 1622 1623
f 1625 1624 1623
f 1626 1624 1625
f 1604 1626 1625
f 1541 1542 1626
f 1540 1541 1626
f 1537 1626 1604
f 1537 1540 1626
f 1545 1626 1542
f 1627 1626 1545
f 1628 1627 1545
f 1544 1628 1545
f 1619 1628 1544
f 1548 1619 1544
f 1582 1629 1605
f 1582 1605 1574
f 1581 1630 1629
f 1581 1629 1582
f 1631 1632 1633
f 1634 1635 1631
f 1238 1636 1637
f 1240 1637 1638
f 1240 1238 1637
f 1236 1639 1636
f 1236 1636 1238
f 1242 1638 1640
f 1242 1240 1638
f 1234 1641 1639
f 1234 1639 1236
f 1245 1640 1642
f 1245 1242 1640
f 1232 1641 1234
f 1232 1643 1641
f 1246 1642 1644
f 1246 1245 1642
f 1645 1633 1646
f 1230 1643 1232
f 1230 1647 1643
f 1249 1644 1648
f 1249 1246 1644
f 1649 1634 1631
f 1649 1631 1633
f 1649 1633 1645
f 1228 1647 1230
f 1228 1650 1647
f 1250 1249 1648
f 1250 1648 1651
f 1226 1650 1228
f 1226 1652 1650
f 1252 1250 1651
f 1252 1651 1653
f 1224 1652 1226
f 1654 1252 1653
f 1654 1653 1655
f 1222 1652 1224
f 1656 1654 1655
f 1657 1656 1655
f 1658 1652 1222
f 1221 1658 1222
f 1659 1656 1657
f 1660 1659 1657
f 1219 1658 1221
f 1661 1659 1660
f 1662 1661 1660
f 1216 1658 1219
f 1663 1661 1662
f 1664 1658 1216
f 1664 1649 1658
f 1664 1634 1649
f 1665 1663 1662
f 1666 1667 1664
f 1668 1666 1664
f 1669 1664 1667
f 1670 1664 1669
f 1671 1664 1216
f 1671 1668 1664
f 1672 1671 1216
f 1673 1664 1670
f 1674 1663 1665
f 1675 1674 1665
f 1676 1677 1672
f 1676 1216 1214
f 1676 1678 1677
f 1676 1679 1678
f 1676 1680 1679
f 1676 1672 1216
f 1681 1680 1676
f 1682 1681 1676
f 1212 1676 1214
f 1683 1682 1676
f 1684 1683 1676
f 1685 1664 1673
f 1686 1674 1675
f 1687 1676 1212
f 1688 1686 1675
f 1211 1687 1212
f 1689 1690 1691
f 1689 1664 1685
f 1689 1692 1690
f 1689 1693 1692
f 1689 1694 1693
f 1689 1695 1694
f 1689 1685 1695
f 1696 1686 1688
f 1697 1687 1211
f 1698 1696 1688
f 1209 1697 1211
f 1699 1689 1691
f 1699 1700 1701
f 1699 1691 1700
f 1702 1699 1701
f 1702 1703 1704
f 1702 1705 1703
f 1702 1706 1705
f 1702 1707 1706
f 1702 1708 1707
f 1702 1709 1708
f 1702 1701 1709
f 1710 1696 1698
f 1711 1697 1209
f 1712 1710 1698
f 1206 1711 1209
f 1713 1711 1206
f 1714 1710 1712
f 1205 1713 1206
f 1715 1714 1712
f 1716 1713 1205
f 1717 1714 1715
f 1718 1699 1702
f 1202 1716 1205
f 1719 1717 1715
f 1720 1716 1202
f 1721 1717 1719
f 1722 1718 1702
f 1723 1721 1719
f 1724 1202 1198
f 1724 1720 1202
f 1725 1721 1723
f 1200 1724 1198
f 1726 1725 1723
f 1727 1725 1726
f 1630 1575 1718
f 1630 1722 1724
f 1630 1718 1722
f 1728 1727 1726
f 1729 1727 1728
f 1581 1575 1630
f 1730 1729 1728
f 1730 1731 1729
f 1732 1733 1734
f 1732 1734 1735
f 1736 1734 1733
f 1737 1732 1735
f 1738 1734 1736
f 1739 1737 1735
f 1740 1734 1738
f 1740 1200 1734
f 1741 1200 1740
f 1742 1200 1741
f 1743 1731 1730
f 1743 1744 1731
f 1745 1739 1735
f 1745 1735 1746
f 1747 1748 1744
f 1747 1744 1743
f 1749 1746 1750
f 1749 1745 1746
f 1751 1752 1748
f 1751 1748 1747
f 1753 1750 1754
f 1753 1749 1750
f 1755 1756 1752
f 1755 1752 1751
f 1757 1724 1200
f 1757 1630 1724
f 1757 1200 1742
f 1758 1754 1759
f 1758 1753 1754
f 1760 1759 1756
f 1760 1758 1759
f 1760 1756 1755
f 1761 1757 1742
f 1702 1684 1676
f 1702 1704 1684
f 1762 1763 1764
f 1570 1763 1762
f 1765 1762 1764
f 1571 1570 1762
f 1766 1764 1767
f 1766 1765 1764
f 1572 1571 1762
f 1573 1572 1762
f 1768 1766 1767
f 1769 1768 1767
f 1770 1771 1768
f 1770 1768 1769
f 1772 1769 1773
f 1772 1770 1769
f 1774 1772 1773
f 1775 1774 1773
f 1776 1775 1777
f 1580 1578 1774
f 1580 1774 1775
f 1580 1775 1776
f 1579 1776 1778
f 1579 1580 1776
f 1577 1778 1779
f 1577 1579 1778
f 1576 1577 1779
f 1718 1576 1779
f 1575 1576 1718
f 1780 1774 1578
f 1583 1780 1578
f 1781 1584 1782
f 1783 1781 1782
f 1583 1584 1781
f 1780 1583 1781
f 1762 1782 1584
f 1762 1584 1573
f 1570 1562 1784
f 1570 1784 1763
f 1522 1785 1786
f 1528 1786 1787
f 1528 1522 1786
f 1533 1787 1788
f 1533 1528 1787
f 1534 1788 1789
f 1534 1533 1788
f 1535 1789 1790
f 1535 1534 1789
f 1536 1790 1791
f 1536 1535 1790
f 1543 1791 1792
f 1543 1536 1791
f 1546 1792 1793
f 1546 1543 1792
f 1547 1793 1794
f 1547 1546 1793
f 1549 1794 1795
f 1549 1547 1794
f 1551 1549 1795
f 1796 1795 1797
f 1796 1551 1795
f 1798 1796 1797
f 1553 1551 1796
f 1799 1796 1798
f 1800 1799 1798
f 1801 1799 1800
f 1802 1801 1800
f 1803 1801 1802
f 1784 1803 1802
f 1559 1557 1803
f 1560 1559 1803
f 1562 1803 1784
f 1562 1560 1803
f 1804 1803 1557
f 1804 1557 1563
f 1804 1563 1558
f 1804 1558 1805
f 1805 1558 1553
f 1805 1553 1796
f 1806 1522 1516
f 1785 1522 1806
f 1517 1599 1807
f 1515 1807 1808
f 1515 1517 1807
f 1512 1808 1809
f 1512 1515 1808
f 1513 1809 1810
f 1513 1512 1809
f 1511 1810 1811
f 1511 1513 1810
f 1514 1811 1806
f 1514 1511 1811
f 1516 1514 1806
f 1586 1593 1585
f 1586 1591 1593
f 1587 1588 1591
f 1587 1591 1586
f 1812 1797 1795
f 1813 1812 1795
f 1813 1795 1794
f 1814 1797 1812
f 1814 1798 1797
f 1815 1813 1794
f 1815 1794 1793
f 1816 1798 1814
f 1816 1800 1798
f 1816 1802 1800
f 1817 1815 1793
f 1817 1792 1791
f 1817 1793 1792
f 1818 1802 1816
f 1818 1784 1802
f 1819 1817 1791
f 1819 1791 1790
f 1820 1784 1818
f 1821 1819 1790
f 1821 1790 1789
f 1822 1784 1820
f 1823 1789 1788
f 1823 1821 1789
f 1824 1784 1822
f 1825 1788 1787
f 1825 1823 1788
f 1763 1824 1826
f 1763 1784 1824
f 1827 1825 1787
f 1827 1786 1785
f 1827 1787 1786
f 1828 1763 1826
f 1810 1806 1811
f 1829 1827 1785
f 1808 1810 1809
f 1830 1764 1763
f 1830 1763 1828
f 1807 1810 1808
f 1831 1829 1785
f 1831 1785 1806
f 1599 1806 1810
f 1599 1810 1807
f 1599 1831 1806
f 1832 1767 1764
f 1832 1764 1830
f 1833 1831 1599
f 1834 1769 1767
f 1834 1767 1832
f 1835 1599 1598
f 1835 1833 1599
f 1773 1769 1834
f 1597 1835 1598
f 1836 1773 1834
f 1837 1835 1597
f 1775 1773 1836
f 1596 1837 1597
f 1838 1775 1836
f 1839 1837 1596
f 1840 1775 1838
f 1777 1775 1840
f 1595 1839 1596
f 1689 1840 1838
f 1841 1839 1595
f 1594 1841 1595
f 1842 1841 1594
f 1699 1840 1689
f 1592 1842 1594
f 1843 1842 1592
f 1590 1843 1592
f 1844 1845 1843
f 1844 1843 1590
f 1589 1844 1590
f 1601 1844 1589
f 1601 1846 1844
f 1847 1846 1601
f 1848 1847 1601
f 1600 1601 1589
f 1602 1849 1850
f 1602 1850 1851
f 1602 1851 1852
f 1602 1852 1853
f 1602 1853 1848
f 1604 1849 1602
f 1604 1602 1603
f 1625 1849 1604
f 1625 1854 1849
f 1623 1854 1625
f 1623 1855 1854
f 1621 1855 1623
f 1621 1856 1855
f 1620 1856 1621
f 1615 1617 1856
f 1618 1856 1620
f 1618 1615 1856
f 1601 1602 1848
f 1624 1627 1628
f 1624 1626 1627
f 1622 1624 1628
f 1619 1622 1628
f 1857 1858 1859
f 1860 1858 1857
f 1861 1858 1860
f 1862 1863 1864
f 1865 1866 1863
f 1865 1863 1862
f 1867 1866 1865
f 1868 1867 1865
f 1868 1865 1869
f 1870 1871 1868
f 1870 1868 1869
f 1872 1873 1874
f 1872 1874 1856
f 1617 1875 1872
f 1876 1617 1616
f 1876 1875 1617
f 1862 1858 1861
f 1861 1865 1862
f 1865 1873 1869
f 1856 1617 1872
f 1872 1869 1873
f 1614 1876 1616
f 1877 1878 1876
f 1877 1876 1614
f 1879 1613 1612
f 1879 1614 1613
f 1879 1877 1614
f 1880 1612 1611
f 1880 1879 1612
f 1610 1880 1611
f 1609 1880 1610
f 1881 1607 1606
f 1881 1608 1607
f 1881 1609 1608
f 1629 1606 1605
f 1629 1881 1606
f 1882 1881 1629
f 1757 1629 1630
f 1757 1882 1629
f 1880 1609 1881
f 1676 1883 1702
f 1676 1884 1883
f 1702 1885 1722
f 1702 1883 1885
f 1722 1886 1724
f 1722 1885 1886
f 1724 1886 1887
f 1720 1887 1888
f 1720 1724 1887
f 1716 1888 1889
f 1716 1720 1888
f 1713 1889 1890
f 1713 1716 1889
f 1711 1890 1891
f 1711 1713 1890
f 1697 1891 1892
f 1697 1711 1891
f 1687 1697 1892
f 1687 1884 1676
f 1687 1892 1884
f 1683 1893 1894
f 1683 1684 1893
f 1682 1894 1895
f 1682 1683 1894
f 1681 1895 1896
f 1681 1896 1897
f 1681 1682 1895
f 1680 1681 1897
f 1679 1897 1898
f 1679 1680 1897
f 1678 1898 1899
f 1678 1679 1898
f 1677 1899 1900
f 1677 1678 1899
f 1900 1672 1677
f 1901 1672 1900
f 1671 1901 1902
f 1671 1672 1901
f 1668 1902 1903
f 1668 1671 1902
f 1666 1903 1904
f 1666 1904 1905
f 1666 1668 1903
f 1667 1666 1905
f 1669 1905 1906
f 1669 1667 1905
f 1670 1906 1907
f 1670 1669 1906
f 1673 1907 1908
f 1673 1670 1907
f 1909 1685 1673
f 1909 1673 1908
f 1695 1909 1910
f 1695 1685 1909
f 1694 1910 1911
f 1694 1695 1910
f 1693 1911 1912
f 1693 1912 1913
f 1693 1694 1911
f 1692 1693 1913
f 1690 1913 1914
f 1690 1692 1913
f 1691 1914 1915
f 1691 1690 1914
f 1700 1915 1916
f 1700 1691 1915
f 1916 1701 1700
f 1917 1701 1916
f 1701 1917 1918
f 1709 1918 1919
f 1709 1701 1918
f 1708 1919 1920
f 1708 1709 1919
f 1707 1920 1921
f 1707 1708 1920
f 1706 1921 1922
f 1706 1707 1921
f 1705 1922 1923
f 1705 1706 1922
f 1703 1923 1924
f 1703 1705 1923
f 1704 1703 1924
f 1893 1684 1704
f 1893 1704 1924
f 1635 1925 1926
f 1631 1635 1926
f 1927 1631 1926
f 1632 1631 1927
f 1632 1927 1928
f 1633 1632 1928
f 1633 1929 1646
f 1633 1928 1929
f 1645 1646 1929
f 1645 1929 1930
f 1645 1931 1649
f 1645 1930 1931
f 1932 1933 1934
f 1649 1931 1932
f 1658 1934 1935
f 1658 1932 1934
f 1658 1649 1932
f 1652 1658 1935
f 1652 1935 1936
f 1937 1938 1939
f 1937 1939 1940
f 1937 1940 1941
f 1745 1941 1739
f 1942 1937 1941
f 1942 1941 1745
f 1943 1942 1745
f 1943 1745 1749
f 1944 1943 1749
f 1944 1749 1753
f 1945 1944 1753
f 1945 1753 1758
f 1946 1945 1758
f 1946 1758 1760
f 1947 1946 1760
f 1947 1760 1755
f 1948 1947 1755
f 1948 1755 1751
f 1949 1948 1751
f 1949 1751 1747
f 1950 1747 1743
f 1950 1949 1747
f 1951 1743 1730
f 1951 1950 1743
f 1952 1730 1728
f 1952 1951 1730
f 1953 1728 1726
f 1953 1952 1728
f 1954 1726 1723
f 1954 1953 1726
f 1955 1723 1719
f 1955 1954 1723
f 1956 1719 1715
f 1956 1955 1719
f 1957 1715 1712
f 1957 1956 1715
f 1958 1712 1698
f 1958 1957 1712
f 1959 1698 1688
f 1959 1958 1698
f 1960 1688 1675
f 1960 1959 1688
f 1961 1675 1665
f 1961 1960 1675
f 1962 1665 1662
f 1962 1961 1665
f 1963 1962 1662
f 1963 1662 1660
f 1964 1963 1660
f 1964 1660 1657
f 1965 1964 1657
f 1965 1657 1655
f 1966 1965 1655
f 1966 1655 1653
f 1967 1965 1966
f 1967 1966 1968
f 1969 1966 1653
f 1969 1653 1651
f 1970 1967 1968
f 1970 1968 1971
f 1972 1969 1651
f 1972 1651 1648
f 1973 1970 1971
f 1974 1970 1973
f 1975 1972 1648
f 1644 1975 1648
f 1976 1974 1977
f 1978 1975 1644
f 1979 1976 1980
f 1981 1978 1644
f 1981 1644 1642
f 1982 1981 1642
f 1982 1642 1640
f 1983 1979 1984
f 1985 1982 1640
f 1985 1640 1638
f 1986 1983 1987
f 1988 1989 1985
f 1988 1638 1637
f 1988 1985 1638
f 1988 1986 1989
f 1990 1637 1636
f 1990 1988 1637
f 1991 1636 1639
f 1991 1990 1636
f 1992 1639 1641
f 1992 1991 1639
f 1993 1641 1643
f 1993 1992 1641
f 1994 1993 1643
f 1995 1994 1643
f 1995 1643 1647
f 1996 1995 1647
f 1997 1996 1647
f 1997 1647 1650
f 1998 1997 1650
f 1999 1998 1650
f 1999 1650 1652
f 1936 1999 1652
f 1973 1977 1974
f 1977 1980 1976
f 1980 1984 1979
f 1984 1987 1983
f 1987 1989 1986
f 1741 2000 1742
f 1741 2001 2000
f 1740 2002 2001
f 1740 2003 2002
f 1740 2001 1741
f 1738 2004 2003
f 1738 2003 1740
f 1736 2004 1738
f 1733 2005 2004
f 1733 2006 2005
f 1733 2004 1736
f 1732 2006 1733
f 1737 2007 2006
f 1737 1941 2007
f 1737 2006 1732
f 1739 1941 1737
f 1761 2000 2008
f 1761 1742 2000
f 1757 2008 1882
f 1761 2008 1757
f 1779 1699 1718
f 1778 1699 1779
f 1840 1699 1778
f 1776 1840 1778
f 2009 1664 1689
f 2009 1689 1838
f 2010 1838 1836
f 2010 2009 1838
f 2011 1836 1834
f 2011 2010 1836
f 2012 1834 1832
f 2012 2011 1834
f 2013 1832 1830
f 2013 2012 1832
f 2014 2013 1830
f 2014 1830 1828
f 2015 2014 1828
f 2015 1828 1826
f 2016 2015 1826
f 2016 1826 1824
f 2017 2016 1824
f 2017 1824 1822
f 2018 2017 1822
f 2018 1822 1820
f 2019 2018 1820
f 2019 1820 1818
f 2020 2019 1818
f 2020 1818 1816
f 2021 2020 1816
f 2021 1816 1814
f 2022 2021 1814
f 2022 1814 1812
f 2023 2022 1812
f 2023 1812 1813
f 2024 2023 1813
f 2024 1813 1815
f 2025 2024 1815
f 2025 1815 1817
f 2026 1817 1819
f 2026 2025 1817
f 2027 2026 1819
f 2027 1819 1821
f 2028 1821 1823
f 2028 2027 1821
f 2029 1823 1825
f 2029 2028 1823
f 2030 1825 1827
f 2030 2029 1825
f 2031 1827 1829
f 2031 2030 1827
f 2032 1829 1831
f 2032 2031 1829
f 2033 1831 1833
f 2033 2032 1831
f 2034 1833 1835
f 2034 2033 1833
f 2035 1835 1837
f 2035 2034 1835
f 2036 1837 1839
f 2036 2035 1837
f 2037 1839 1841
f 2037 2036 1839
f 2038 1841 1842
f 2038 2037 1841
f 2039 1842 1843
f 2039 2038 1842
f 2040 1843 1845
f 2041 1843 2040
f 2042 1843 2041
f 2042 2041 2043
f 2042 2043 2044
f 2042 2039 1843
f 2045 2042 2044
f 2045 2044 2046
f 2045 2046 2047
f 1634 2022 2023
f 1634 2021 2022
f 1634 2020 2021
f 1634 2019 2020
f 1634 2018 2019
f 1634 2017 2018
f 2016 2017 1634
f 2015 2016 1634
f 2048 2026 2027
f 2048 2025 2026
f 2048 2024 2025
f 2048 2023 2024
f 2048 1634 2023
f 2049 2029 2030
f 2050 2030 2031
f 2050 2049 2030
f 2051 2029 2049
f 2052 2050 2031
f 2053 2028 2029
f 2053 2029 2051
f 2054 2027 2028
f 2054 2048 2027
f 2054 2028 2053
f 2055 2031 2032
f 2055 2052 2031
f 1044 2048 2054
f 2056 2055 2032
f 2057 2032 2033
f 2057 2056 2032
f 1043 2048 1044
f 2058 2057 2033
f 1097 2048 1043
f 2059 2058 2033
f 1094 2048 1097
f 2034 2059 2033
f 2060 2059 2034
f 1070 2048 1094
f 2061 2060 2034
f 1066 2048 1070
f 2035 2061 2034
f 2035 1037 2062
f 2035 2062 2061
f 2036 1035 1037
f 2036 1037 2035
f 2037 1078 1035
f 2037 1035 2036
f 2063 1055 1090
f 2063 1090 1084
f 2064 1053 1055
f 2064 1055 2063
f 2065 1084 1078
f 2065 2063 1084
f 2066 1060 1054
f 2066 1054 1053
f 2066 1053 2064
f 2067 2037 2038
f 2067 1078 2037
f 2067 2065 1078
f 2068 1066 1061
f 2068 1061 1060
f 2068 1060 2066
f 2069 2067 2038
f 2039 2069 2038
f 2070 2048 1066
f 2070 1066 2068
f 2071 2069 2039
f 2072 2048 2070
f 2073 2071 2039
f 2042 2073 2039
f 2074 2072 2075
f 2074 2048 2072
f 2076 2073 2042
f 2045 2076 2042
f 2077 2075 2078
f 2077 2078 2079
f 2077 2074 2075
f 2080 2081 2082
f 2080 2082 2083
f 2080 2083 2084
f 2085 2080 2086
f 2085 2086 2087
f 2085 2087 2088
f 2089 2090 2091
f 2089 2091 2092
f 2089 2092 2081
f 2089 2081 2080
f 2089 2080 2085
f 2093 2074 2077
f 2094 2074 2093
f 2094 2095 2074
f 2096 2094 2093
f 2097 2090 2089
f 2097 2098 2099
f 2097 2099 2090
f 1874 2077 2098
f 1874 2093 2077
f 1874 2098 2097
f 2100 2094 2096
f 2101 2102 2094
f 2103 2100 2104
f 2105 2094 2100
f 2105 2101 2094
f 2105 2100 2103
f 1873 2093 1874
f 2106 2048 2074
f 1634 1664 2009
f 1634 2009 2010
f 1634 2010 2011
f 1634 2011 2012
f 1634 2012 2013
f 1634 2013 2014
f 1634 2014 2015
f 2048 1925 1635
f 1634 2048 1635
f 1252 2107 1253
f 1654 2108 2107
f 1654 2107 1252
f 1656 2108 1654
f 1659 2109 2108
f 1659 2108 1656
f 1661 2110 2109
f 1661 2109 1659
f 1663 2111 2110
f 1663 2112 2111
f 1663 2110 1661
f 1674 2112 1663
f 1686 2113 2112
f 1686 2112 1674
f 1696 2114 2113
f 1696 2113 1686
f 1710 2115 2114
f 1710 2114 1696
f 1714 2116 2115
f 1714 2117 2116
f 1714 2115 1710
f 1717 2117 1714
f 1717 2118 2117
f 1721 2118 1717
f 1725 2118 1721
f 1725 2119 2118
f 1727 2119 1725
f 1727 2120 2119
f 1729 2120 1727
f 1729 2121 2120
f 1729 2122 2121
f 1731 2122 1729
f 1744 2122 1731
f 1744 2123 2122
f 1748 2123 1744
f 1748 2124 2123
f 1748 2125 2124
f 1752 2125 1748
f 1756 2125 1752
f 1756 2126 2125
f 1756 2127 2126
f 1759 2127 1756
f 1754 2127 1759
f 1754 2128 2127
f 1750 2128 1754
f 1750 2129 2128
f 1750 2130 2129
f 1746 2130 1750
f 1735 2131 2130
f 1735 2130 1746
f 1734 2132 2131
f 1734 2131 1735
f 1200 1199 2132
f 1200 2132 1734
f 1771 1781 1783
f 1768 1771 1783
f 1771 1780 1781
f 1770 1780 1771
f 1772 1780 1770
f 1774 1780 1772
f 1776 1777 1840
f 1783 1782 1762
f 1783 1766 1768
f 1783 1765 1766
f 1783 1762 1765
f 1805 1799 1801
f 1805 1796 1799
f 1804 1801 1803
f 1804 1805 1801
f 1844 2133 2040
f 1845 1844 2040
f 1846 2133 1844
f 2134 2135 2136
f 2134 2137 2135
f 2138 2134 2136
f 2139 2136 2133
f 2139 2140 2138
f 2139 2133 1846
f 2139 2138 2136
f 2141 2142 2140
f 2141 2143 2142
f 2141 2140 2139
f 2144 2141 2139
f 2145 2146 2147
f 2148 2145 2147
f 2149 2148 2147
f 2150 2147 2079
f 2150 2149 2147
f 2151 2150 2079
f 2152 2151 2079
f 2153 2152 2079
f 1261 2153 2079
f 2078 1261 2079
f 1262 1261 2078
f 2075 1262 2078
f 1266 1262 2075
f 2072 1266 2075
f 1270 1266 2072
f 1271 1270 2072
f 1271 2072 2070
f 1284 1271 2070
f 1284 2070 2068
f 1285 1284 2068
f 1285 2068 2066
f 1287 1285 2066
f 1287 2066 2064
f 1292 2064 2063
f 1292 1287 2064
f 1296 2063 2065
f 1296 1292 2063
f 1301 2065 2067
f 1301 1296 2065
f 1305 2067 2069
f 1305 1301 2067
f 1310 2069 2071
f 1310 1305 2069
f 1311 2071 2073
f 1311 1310 2071
f 1315 2073 2076
f 1315 1311 2073
f 2045 2047 2154
f 2045 1315 2076
f 1319 1315 2045
f 1324 2154 2155
f 1324 2155 2156
f 1324 2045 2154
f 1324 1319 2045
f 1847 2139 1846
f 1333 2156 2157
f 1333 2157 2158
f 1333 2158 2159
f 1333 2159 2139
f 1333 1324 2156
f 1352 1333 2139
f 1352 2139 1847
f 1353 1847 1848
f 1353 1352 1847
f 2160 1848 1853
f 2160 1353 1848
f 2161 1853 1852
f 2161 2160 1853
f 2162 1852 1851
f 2162 2161 1852
f 2163 2162 1851
f 2088 1851 1850
f 2088 2163 1851
f 2164 2163 2088
f 2164 2088 2087
f 2165 2164 2087
f 2165 2087 2086
f 2166 2165 2086
f 2166 2086 2080
f 2167 2166 2080
f 2167 2080 2084
f 2088 1850 1849
f 2085 1849 1854
f 2085 2088 1849
f 2089 1854 1855
f 2089 2085 1854
f 2097 1855 1856
f 2097 2089 1855
f 1874 2097 1856
f 2168 1867 2169
f 2168 1866 1867
f 2170 2168 2171
f 2170 1866 2168
f 2169 1867 1868
f 2172 2169 1868
f 2173 2174 2169
f 2173 2169 2172
f 2172 1868 1871
f 2172 2175 2176
f 2172 1871 2175
f 2175 2177 2178
f 2179 2180 2177
f 2181 1880 2177
f 2181 2177 2180
f 2182 2179 2177
f 2183 2182 2177
f 2184 2183 2177
f 2185 2177 2175
f 2185 2184 2177
f 2186 1880 2181
f 2187 2185 2175
f 2188 2187 2175
f 2189 2188 2175
f 2190 2189 2175
f 2191 2190 2175
f 2192 1879 1880
f 2192 1880 2186
f 1871 1870 2193
f 1871 2193 2175
f 2193 2194 2175
f 2194 2191 2175
f 1870 2195 2196
f 1870 1869 2195
f 2197 1870 2196
f 2198 1870 2197
f 2193 2199 2200
f 2193 2201 2199
f 2193 2198 2201
f 2193 1870 2198
f 2202 2203 2204
f 2202 2200 2203
f 2202 2193 2200
f 2205 2204 2203
f 2206 2203 2200
f 2206 2205 2203
f 2207 2200 2199
f 2207 2206 2200
f 2208 2199 2201
f 2208 2207 2199
f 2209 2201 2198
f 2209 2208 2201
f 2210 2198 2197
f 2210 2209 2198
f 2211 2210 2197
f 2212 2197 2196
f 2212 2211 2197
f 2213 2196 2195
f 2213 2195 1869
f 2213 2212 2196
f 1872 2213 1869
f 1875 2214 2192
f 1875 2215 2214
f 2212 2213 1875
f 2211 1875 2192
f 2211 2212 1875
f 2210 2211 2192
f 2209 2192 2186
f 2209 2210 2192
f 2208 2186 2216
f 2208 2209 2186
f 2207 2208 2216
f 2206 2207 2216
f 2205 2206 2216
f 1875 2213 1872
f 1875 1876 1878
f 2215 1875 1878
f 1873 2217 2218
f 1873 2219 2217
f 1873 2220 2219
f 1873 2221 2220
f 1873 2222 2221
f 1873 2223 2222
f 2093 2218 2224
f 2093 1873 2218
f 1865 2223 1873
f 2225 2226 2218
f 2225 2218 2217
f 2227 2217 2219
f 2227 2225 2217
f 2228 2219 2220
f 2228 2220 2221
f 2228 2227 2219
f 2229 2221 2222
f 2229 2228 2221
f 2230 2229 2222
f 2231 2222 2223
f 2231 2223 1865
f 2231 2230 2222
f 1861 2231 1865
f 2232 2226 2225
f 1860 2231 1861
f 2233 2234 2235
f 1859 2236 1857
f 2237 2235 2232
f 2237 2227 2228
f 2237 2225 2227
f 2237 2232 2225
f 2238 2230 2231
f 2238 2229 2230
f 2238 2228 2229
f 2238 2231 1860
f 2238 2237 2228
f 2239 2240 2241
f 2239 2241 2242
f 2239 2242 2233
f 2239 2233 2235
f 2239 2235 2237
f 2243 2236 2244
f 2243 2244 2240
f 2243 1860 1857
f 2243 2240 2239
f 2243 2238 1860
f 2243 2237 2238
f 2243 2239 2237
f 2243 1857 2236
f 2245 2166 2167
f 2246 2247 2248
f 2246 2248 2249
f 2246 2249 2250
f 1858 2251 1859
f 2252 1354 1353
f 2252 2160 2161
f 2252 1353 2160
f 2252 2253 2254
f 2252 2254 1354
f 2255 2161 2162
f 2255 2256 2257
f 2255 2257 2258
f 2255 2258 2253
f 2255 2253 2252
f 2255 2252 2161
f 2259 2162 2163
f 2259 2255 2162
f 2259 2260 2261
f 2259 2261 2262
f 2259 2256 2255
f 2259 2262 2256
f 2263 2163 2164
f 2263 2259 2163
f 2264 2260 2259
f 2264 2265 2266
f 2264 2266 2267
f 2264 2267 2268
f 2264 2268 2269
f 2264 2269 2270
f 2264 2270 2271
f 2264 2271 2272
f 2264 2272 2273
f 2264 2273 2274
f 2264 2274 2275
f 2264 2275 2276
f 2264 2276 2277
f 2264 2277 2260
f 2278 2164 2165
f 2278 2263 2164
f 2279 2265 2264
f 2279 2263 2278
f 2279 2280 2281
f 2279 2281 2282
f 2279 2282 2283
f 2279 2283 2284
f 2279 2284 2265
f 2279 2264 2259
f 2279 2259 2263
f 2285 2165 2166
f 2285 2245 2286
f 2285 2166 2245
f 2285 2278 2165
f 2287 2288 2246
f 2287 2250 2289
f 2287 2289 2290
f 2287 2290 2280
f 2287 2246 2250
f 2287 2280 2279
f 2287 2279 2278
f 2291 2278 2285
f 2291 2286 1859
f 2291 2287 2278
f 2291 2251 2288
f 2291 1859 2251
f 2291 2288 2287
f 2291 2285 2286
f 2292 2293 2294
f 2295 2292 2294
f 2296 2295 2294
f 2297 2296 2294
f 2247 2298 2297
f 2247 2299 2298
f 2247 2297 2294
f 2246 2299 2247
f 2288 2299 2246
f 1862 2251 1858
f 1862 2288 2251
f 1862 2299 2288
f 1864 2300 2299
f 1862 1864 2299
f 2301 2302 2303
f 2304 2301 2303
f 1864 2305 2300
f 1864 2306 2305
f 1864 2303 2306
f 1864 2304 2303
f 2307 1863 2308
f 2307 1864 1863
f 2309 2304 1864
f 2310 2311 2309
f 2312 2310 2309
f 2313 2307 2314
f 2315 2312 2309
f 2316 2317 2318
f 2316 2319 2317
f 2316 2313 2319
f 2316 2307 2313
f 2320 2307 2316
f 2321 1864 2307
f 2321 2307 2320
f 2322 2323 2315
f 2322 2324 2323
f 2322 2309 1864
f 2322 1864 2321
f 2322 2315 2309
f 2325 2326 2327
f 2328 2322 2329
f 2328 2324 2322
f 2330 2326 2325
f 2331 2326 2330
f 2331 2329 2326
f 2331 2328 2329
f 2308 1866 2170
f 2308 1863 1866
f 2000 1882 2008
f 2001 1881 1882
f 2001 1882 2000
f 1938 2001 2002
f 1938 2002 2003
f 1938 1881 2001
f 2004 1938 2003
f 1939 2004 2005
f 1939 1938 2004
f 2006 1939 2005
f 1940 1939 2006
f 2007 1940 2006
f 1941 1940 2007
f 1937 1880 1881
f 1938 1937 1881
f 2177 1880 1937
f 2332 2333 2177
f 2332 2177 1937
f 2192 1877 1879
f 2192 2214 1877
f 2214 2215 1878
f 1877 2214 1878
f 1891 1883 1884
f 1891 1884 1892
f 1890 1883 1891
f 1889 1885 1883
f 1889 1883 1890
f 1888 1885 1889
f 1887 1885 1888
f 1886 1885 1887
f 1916 1914 1913
f 1916 1915 1914
f 1909 1911 1910
f 1909 1912 1911
f 1909 1913 1912
f 1909 1916 1913
f 1917 1916 1909
f 1921 1918 1917
f 1921 1919 1918
f 1921 1920 1919
f 1922 1921 1917
f 1923 1922 1917
f 1924 1917 1909
f 1924 1923 1917
f 1906 1908 1907
f 1905 1908 1906
f 1904 1908 1905
f 1902 1904 1903
f 1901 1904 1902
f 1901 1908 1904
f 1893 1909 1908
f 1893 1924 1909
f 1893 1908 1901
f 1900 1893 1901
f 1895 1894 1893
f 1897 1896 1895
f 1897 1899 1898
f 1897 1900 1899
f 1897 1893 1900
f 1897 1895 1893
f 1926 1925 2048
f 1928 1927 1926
f 2334 1926 2048
f 2334 1928 1926
f 2106 2334 2048
f 1931 1928 2334
f 1932 1931 2334
f 1930 1929 1928
f 1930 1928 1931
f 2335 2334 2106
f 2336 1997 1998
f 2336 2337 1997
f 2338 1998 1999
f 2338 2336 1998
f 2339 1999 1936
f 2339 2338 1999
f 1935 1934 2340
f 1935 2339 1936
f 2341 1935 2340
f 2095 2341 2074
f 2095 2339 2341
f 2341 2339 1935
f 1934 2342 2340
f 1934 1933 2342
f 2334 1933 1932
f 2334 2342 1933
f 1966 2343 1968
f 1966 2344 2343
f 2345 1982 1985
f 2345 1981 1982
f 1978 1981 2345
f 1975 1978 2345
f 2344 1972 1975
f 2344 1969 1972
f 2344 1966 1969
f 2344 1975 2345
f 2345 1989 2346
f 2345 1985 1989
f 2346 1987 1984
f 2346 1989 1987
f 1980 2346 1984
f 1977 2346 1980
f 2343 1971 1968
f 2343 1973 1971
f 2343 1977 1973
f 2343 2346 1977
f 2347 1988 1990
f 2348 1988 2347
f 2349 1990 1991
f 2349 2347 1990
f 2350 1986 1988
f 2350 1983 1986
f 2350 1979 1983
f 2350 1988 2348
f 2351 1991 1992
f 2351 2349 1991
f 1976 1979 2350
f 2352 1992 1993
f 2352 2351 1992
f 2353 1993 1994
f 2353 2352 1993
f 1974 1976 2350
f 1970 1974 2350
f 2354 1967 1970
f 2354 1965 1967
f 2354 1964 1965
f 2354 1963 1964
f 2354 1962 1963
f 2354 1970 2350
f 2355 1962 2354
f 1961 1962 2355
f 2356 1961 2355
f 1960 1961 2356
f 2357 1960 2356
f 1959 1960 2357
f 2358 1959 2357
f 1958 1959 2358
f 1957 1958 2358
f 2359 2358 2360
f 2359 1957 2358
f 1956 1957 2359
f 1955 1956 2359
f 2361 1955 2359
f 1954 1955 2361
f 1953 1954 2361
f 1952 1953 2361
f 1951 2361 2362
f 1951 2362 2363
f 1951 1952 2361
f 2332 1937 1942
f 1943 2332 1942
f 1950 1951 2363
f 1944 2332 1943
f 1949 1950 2363
f 1945 2332 1944
f 1948 2363 2364
f 1948 1949 2363
f 1946 2365 2332
f 1946 2332 1945
f 1947 2364 2365
f 1947 2365 1946
f 1947 1948 2364
f 1995 2366 1994
f 1996 2367 2366
f 1996 2366 1995
f 1997 2367 1996
f 2144 2159 2158
f 2144 2139 2159
f 2141 2158 2157
f 2141 2144 2158
f 2143 2157 2156
f 2143 2141 2157
f 2142 2156 2155
f 2142 2143 2156
f 2140 2155 2154
f 2140 2142 2155
f 2138 2154 2047
f 2138 2140 2154
f 2134 2047 2046
f 2134 2138 2047
f 2137 2046 2044
f 2137 2134 2046
f 2135 2044 2043
f 2135 2137 2044
f 2136 2043 2041
f 2136 2135 2043
f 2133 2041 2040
f 2133 2136 2041
f 2335 2106 2074
f 2335 2074 2341
f 2368 2369 2370
f 2339 2368 2370
f 2095 2094 2368
f 2095 2368 2339
f 2102 2371 2368
f 2102 2368 2094
f 2101 2372 2371
f 2101 2373 2372
f 2101 2371 2102
f 2105 2373 2101
f 2103 2374 2373
f 2103 2375 2374
f 2103 2373 2105
f 2104 2375 2103
f 2100 2376 2375
f 2100 2375 2104
f 2096 2377 2376
f 2096 2376 2100
f 2378 2379 2380
f 2381 2382 2383
f 2384 2381 2383
f 2171 2308 2170
f 2385 2382 2381
f 2386 2384 2383
f 2387 2382 2385
f 2388 2386 2383
f 2389 2307 2308
f 2390 2383 2389
f 2390 2388 2383
f 2391 2392 2382
f 2391 2382 2387
f 2077 2147 2392
f 2077 2079 2147
f 2077 2392 2391
f 2377 2171 2370
f 2224 2390 2389
f 2224 2308 2171
f 2224 2389 2308
f 2224 2171 2377
f 2369 2377 2370
f 2096 2093 2224
f 2096 2224 2377
f 2379 2378 2171
f 2378 2393 2171
f 2393 2394 2171
f 2394 2370 2171
f 2083 2167 2084
f 2083 2245 2167
f 2099 2395 2396
f 2099 2098 2395
f 2090 2396 2397
f 2090 2099 2396
f 2091 2397 2398
f 2091 2090 2397
f 2092 2398 2399
f 2092 2091 2398
f 2081 2399 2400
f 2081 2092 2399
f 2082 2400 2401
f 2082 2081 2400
f 2083 2401 2245
f 2083 2082 2401
f 2395 2077 2391
f 2395 2098 2077
f 2402 2395 2391
f 2054 1042 1044
f 2054 1107 1042
f 1367 1048 1045
f 1036 2062 1037
f 1041 2403 1076
f 1040 2403 1041
f 2404 1359 1361
f 2405 2052 2055
f 2405 2050 2052
f 2405 2404 2406
f 2405 2406 2050
f 2407 1359 2404
f 2407 1356 1359
f 2407 2404 2405
f 2408 2407 2405
f 2408 2405 2055
f 2408 2056 2057
f 2408 2055 2056
f 2409 1356 2407
f 2409 1358 1356
f 2409 2410 1358
f 2409 2407 2408
f 2411 2057 2058
f 2411 2408 2057
f 2412 2413 2410
f 2412 2408 2411
f 2412 2410 2409
f 2412 2409 2408
f 2414 2058 2059
f 2414 2411 2058
f 2415 2416 2413
f 2415 2413 2412
f 2415 2412 2411
f 2415 2411 2414
f 2417 1108 1107
f 2417 1109 1108
f 2417 1047 1109
f 2417 1045 1047
f 2417 1107 2054
f 2417 1367 1045
f 2418 2054 2053
f 2418 2417 2054
f 2419 2417 2418
f 2419 2418 2053
f 2419 1367 2417
f 2420 1365 1367
f 2420 1367 2419
f 2421 2419 2053
f 2421 2420 2419
f 2421 1365 2420
f 2422 2053 2051
f 2422 2421 2053
f 2423 1365 2421
f 2423 2422 2051
f 2423 2421 2422
f 2424 1363 1365
f 2424 1365 2423
f 2425 2423 2051
f 2425 2424 2423
f 2425 1363 2424
f 2426 2051 2049
f 2426 2425 2051
f 2427 2425 2426
f 2427 1361 1363
f 2427 2426 2049
f 2427 1363 2425
f 2427 2404 1361
f 2428 2049 2050
f 2428 2427 2049
f 2428 2404 2427
f 2428 2406 2404
f 2428 2050 2406
f 2429 2059 2060
f 2429 2414 2059
f 2430 2429 2060
f 2431 2060 2061
f 2431 2430 2060
f 2432 2433 2430
f 2432 2430 2431
f 2432 2431 2061
f 2434 2435 2433
f 2434 2433 2432
f 2436 2432 2061
f 2436 2434 2432
f 2436 2435 2434
f 2437 2061 2062
f 2437 2436 2061
f 2438 2435 2436
f 2438 2436 2437
f 2438 2437 2062
f 2439 2403 2435
f 2439 2435 2438
f 2440 1076 2403
f 2440 1036 1038
f 2440 1038 1074
f 2440 1074 1075
f 2440 1075 1076
f 2440 2062 1036
f 2440 2438 2062
f 2440 2403 2439
f 2440 2439 2438
f 2441 2433 2416
f 2441 2416 2415
f 2441 2414 2429
f 2441 2430 2433
f 2441 2429 2430
f 2441 2415 2414
f 1387 1213 1215
f 1389 1213 1387
f 1389 1210 1213
f 1391 1210 1389
f 1391 1208 1210
f 1385 1387 1215
f 1217 1385 1215
f 1393 1208 1391
f 1393 1207 1208
f 1383 1385 1217
f 1218 1383 1217
f 1395 1207 1393
f 1395 1204 1207
f 1381 1383 1218
f 1220 1381 1218
f 1379 1381 1220
f 1398 1203 1204
f 1398 1204 1395
f 1223 1379 1220
f 1376 1379 1223
f 1400 1201 1203
f 1400 1203 1398
f 1225 1376 1223
f 1377 1376 1225
f 1402 1199 1201
f 1402 1201 1400
f 1227 1377 1225
f 2132 1199 1402
f 1404 2132 1402
f 2442 1377 1227
f 1229 2442 1227
f 2131 2132 1404
f 2443 2442 1229
f 1406 2131 1404
f 1231 2443 1229
f 2130 2131 1406
f 2444 2443 1231
f 1408 2130 1406
f 1233 2444 1231
f 2129 2130 1408
f 2445 2444 1233
f 1410 2129 1408
f 1235 2445 1233
f 2128 2129 1410
f 2446 2445 1235
f 1412 2128 1410
f 1237 2446 1235
f 2127 2128 1412
f 2447 2446 1237
f 1414 2127 1412
f 1239 2447 1237
f 2126 2127 1414
f 2448 2447 1239
f 1416 2126 1414
f 1241 2448 1239
f 2125 2126 1416
f 2449 2448 1241
f 1418 2125 1416
f 1243 2449 1241
f 2124 2125 1418
f 2450 2449 1243
f 1420 2124 1418
f 1244 2450 1243
f 2123 2124 1420
f 2451 2450 1244
f 1422 2123 1420
f 1247 2451 1244
f 2122 2123 1422
f 2452 2451 1247
f 1424 2122 1422
f 1248 2452 1247
f 2121 2122 1424
f 2453 2452 1248
f 1426 2121 1424
f 1251 2453 1248
f 2120 2121 1426
f 1428 2120 1426
f 2454 2453 1251
f 1253 2454 1251
f 2119 2120 1428
f 2455 2119 1428
f 2107 2456 2454
f 2107 2454 1253
f 2118 2119 2455
f 2457 2118 2455
f 2108 2458 2456
f 2108 2456 2107
f 2117 2118 2457
f 2459 2117 2457
f 2109 2460 2458
f 2109 2458 2108
f 2116 2117 2459
f 2461 2116 2459
f 2110 2462 2460
f 2110 2460 2109
f 2115 2116 2461
f 2463 2115 2461
f 2111 2464 2462
f 2111 2462 2110
f 2114 2115 2463
f 2114 2463 2465
f 2112 2464 2111
f 2112 2466 2464
f 2113 2114 2465
f 2113 2466 2112
f 2113 2465 2466
f 2467 2383 2382
f 2467 2468 2383
f 2467 2469 2468
f 2467 2470 2469
f 2467 2471 2470
f 2467 1255 2471
f 2467 1256 1255
f 2472 2392 1259
f 2473 2153 1261
f 2473 2152 2153
f 2473 2151 2152
f 2473 2150 2151
f 2473 2149 2150
f 2473 2148 2149
f 2473 2145 2148
f 2473 2146 2145
f 2473 2147 2146
f 2473 2392 2147
f 2473 1261 1259
f 2473 1259 2392
f 2474 1258 1256
f 2474 2475 1258
f 2474 2382 2475
f 2474 2467 2382
f 2474 1256 2467
f 2476 1258 2475
f 2476 2475 2382
f 2477 2382 2392
f 2477 1259 1258
f 2477 2392 2472
f 2477 2476 2382
f 2477 1258 2476
f 2477 2472 1259
f 2174 2168 2169
f 2478 2174 2479
f 2478 2479 2480
f 2478 2168 2174
f 2481 2478 2480
f 2171 2168 2478
f 2171 2478 2379
f 2482 2483 2484
f 2485 2176 2483
f 2485 2483 2482
f 2486 2484 2487
f 2486 2482 2484
f 2488 2176 2485
f 2489 2176 2488
f 2490 2487 2491
f 2490 2486 2487
f 2492 2490 2491
f 2493 2490 2492
f 2494 2493 2492
f 2495 2494 2492
f 2496 2494 2495
f 2172 2497 2498
f 2172 2499 2497
f 2172 2489 2499
f 2172 2176 2489
f 2500 2496 2495
f 2173 2172 2498
f 2501 2502 2173
f 2501 2173 2498
f 2503 2502 2501
f 2504 2503 2501
f 2505 2504 2501
f 2506 2505 2501
f 2507 2508 2496
f 2507 2496 2500
f 2509 2501 2510
f 2509 2506 2501
f 2511 2509 2510
f 2511 2512 2508
f 2511 2510 2512
f 2511 2508 2507
f 2513 2507 2514
f 2511 2507 2513
f 2515 2511 2513
f 2516 2511 2515
f 2509 2511 2516
f 2517 2506 2509
f 2517 2509 2516
f 2518 2505 2506
f 2518 2506 2517
f 2519 2504 2505
f 2519 2505 2518
f 2481 2503 2504
f 2481 2504 2519
f 2480 2502 2503
f 2480 2503 2481
f 2479 2173 2502
f 2479 2502 2480
f 2174 2173 2479
f 2178 2176 2175
f 2178 2483 2176
f 2520 2484 2483
f 2520 2483 2178
f 2521 2487 2484
f 2521 2484 2520
f 2522 2487 2521
f 2520 2523 2524
f 2178 2333 2523
f 2178 2177 2333
f 2178 2523 2520
f 2521 2520 2524
f 2522 2524 2525
f 2522 2521 2524
f 2526 2522 2525
f 2527 2528 2529
f 2527 2526 2528
f 2530 2527 2531
f 2532 2530 2531
f 2533 2530 2532
f 2534 2533 2532
f 2535 2533 2534
f 2536 2535 2534
f 2537 2535 2536
f 2538 2537 2536
f 2539 2514 2537
f 2539 2537 2538
f 2540 2515 2513
f 2540 2513 2514
f 2540 2514 2539
f 2541 2516 2515
f 2541 2542 2516
f 2541 2515 2540
f 2522 2526 2530
f 2526 2527 2530
f 2180 2543 2181
f 2180 2544 2543
f 2179 2545 2544
f 2179 2544 2180
f 2182 2546 2545
f 2182 2545 2179
f 2183 2547 2546
f 2183 2546 2182
f 2184 2548 2547
f 2184 2547 2183
f 2185 2549 2548
f 2185 2548 2184
f 2187 2550 2549
f 2187 2549 2185
f 2188 2551 2550
f 2188 2550 2187
f 2189 2552 2551
f 2189 2551 2188
f 2190 2552 2189
f 2191 2553 2552
f 2191 2552 2190
f 2194 2202 2553
f 2194 2553 2191
f 2193 2202 2194
f 2216 2181 2543
f 2216 2186 2181
f 2551 2552 2553
f 2548 2549 2550
f 2548 2550 2551
f 2216 2202 2204
f 2216 2204 2205
f 2547 2548 2551
f 2545 2546 2547
f 2543 2553 2202
f 2543 2551 2553
f 2543 2202 2216
f 2544 2547 2551
f 2544 2551 2543
f 2544 2545 2547
f 2224 2226 2390
f 2224 2218 2226
f 2232 2390 2226
f 2232 2388 2390
f 2235 2386 2388
f 2235 2388 2232
f 2234 2386 2235
f 2554 2384 2386
f 2554 2386 2234
f 2555 2381 2384
f 2555 2384 2554
f 2556 2381 2555
f 2557 2385 2381
f 2557 2381 2556
f 2558 2385 2557
f 2559 2385 2558
f 2560 2387 2385
f 2560 2385 2559
f 2561 2391 2387
f 2561 2387 2560
f 2402 2391 2561
f 2561 2562 2402
f 2233 2554 2234
f 2563 2564 2565
f 2563 2565 2566
f 2563 2566 2567
f 2563 2567 2562
f 2563 2562 2561
f 2568 2563 2561
f 2569 2561 2560
f 2569 2568 2561
f 2570 2569 2560
f 2571 2560 2559
f 2571 2570 2560
f 2572 2571 2559
f 2573 2559 2558
f 2573 2572 2559
f 2574 2573 2558
f 2575 2558 2557
f 2575 2574 2558
f 2576 2575 2557
f 2577 2557 2556
f 2577 2576 2557
f 2578 2577 2556
f 2579 2578 2556
f 2580 2556 2555
f 2580 2579 2556
f 2581 2580 2555
f 2582 2555 2554
f 2582 2581 2555
f 2583 2240 2244
f 2583 2241 2240
f 2583 2242 2241
f 2583 2233 2242
f 2583 2554 2233
f 2583 2582 2554
f 2584 2286 2564
f 2584 2563 2568
f 2584 2564 2563
f 2585 2286 2584
f 2585 2584 2568
f 2586 2286 2585
f 2586 2568 2569
f 2586 2585 2568
f 2587 2586 2569
f 2587 2286 2586
f 2588 2587 2569
f 2588 2286 2587
f 2589 2588 2569
f 2589 2286 2588
f 2590 2286 2589
f 2590 2571 2572
f 2590 2569 2570
f 2590 2570 2571
f 2590 2589 2569
f 2591 2579 2580
f 2592 2591 2580
f 2593 2592 2580
f 2593 2580 2581
f 2594 2593 2581
f 2595 2594 2581
f 2595 2581 2582
f 2596 2595 2582
f 2597 2236 1859
f 2597 2244 2236
f 2597 2596 2582
f 2597 2582 2583
f 2597 2583 2244
f 2598 2590 2572
f 2598 2286 2590
f 2598 2579 2591
f 2598 2574 2575
f 2598 2573 2574
f 2598 2575 2576
f 2598 2572 2573
f 2598 2578 2579
f 2598 2576 2577
f 2598 2577 2578
f 2599 2592 2593
f 2599 1859 2286
f 2599 2593 2594
f 2599 2597 1859
f 2599 2595 2596
f 2599 2596 2597
f 2599 2598 2591
f 2599 2594 2595
f 2599 2286 2598
f 2599 2591 2592
f 2600 1281 1280
f 2600 1282 1281
f 2601 1279 1322
f 2601 1277 1279
f 2601 1280 1277
f 2601 2600 1280
f 2602 1321 1331
f 2602 1322 1321
f 2602 2601 1322
f 2603 1331 1330
f 2603 2602 1331
f 2604 1330 1329
f 2604 2603 1330
f 2605 2604 1329
f 1329 1350 2605
f 1349 2605 1350
f 1348 2606 2605
f 1348 2605 1349
f 2607 1341 1340
f 2608 1342 1341
f 2608 1341 2607
f 2609 1343 1342
f 2609 1344 1343
f 2609 1342 2608
f 2610 1345 1344
f 2610 1344 2609
f 2611 1346 1345
f 2611 1347 1346
f 2611 1345 2610
f 2606 1348 1347
f 2606 1347 2611
f 2607 1340 1339
f 2612 1339 1338
f 2612 2607 1339
f 2613 1327 1326
f 2613 1338 1327
f 2613 2612 1338
f 2614 1326 1325
f 2614 2613 1326
f 2615 1325 1336
f 2615 2614 1325
f 2616 1336 1335
f 2616 2615 1336
f 1334 2616 1335
f 1355 2616 1334
f 1354 2616 1355
f 2617 2616 1354
f 2254 2617 1354
f 2253 2617 2254
f 2258 2617 2253
f 2617 2258 2257
f 2618 2256 2262
f 2618 2257 2256
f 2618 2617 2257
f 2619 2262 2261
f 2619 2618 2262
f 2620 2260 2277
f 2620 2261 2260
f 2620 2619 2261
f 2621 2277 2276
f 2621 2620 2277
f 2622 2276 2275
f 2622 2621 2276
f 2623 2268 2267
f 2624 2269 2268
f 2624 2268 2623
f 2625 2270 2269
f 2625 2269 2624
f 2626 2271 2270
f 2626 2272 2271
f 2626 2270 2625
f 2627 2273 2272
f 2627 2274 2273
f 2627 2272 2626
f 2622 2275 2274
f 2622 2274 2627
f 2267 2628 2623
f 2266 2628 2267
f 2265 2628 2266
f 2284 2628 2265
f 2628 2284 2283
f 2629 2282 2281
f 2629 2283 2282
f 2629 2628 2283
f 2630 2281 2280
f 2630 2629 2281
f 2631 2289 2250
f 2631 2290 2289
f 2631 2280 2290
f 2631 2630 2280
f 2632 2249 2248
f 2632 2250 2249
f 2632 2631 2250
f 2294 2248 2247
f 2294 2632 2248
f 2600 2633 2634
f 2600 2635 2633
f 2600 2636 2635
f 2600 2637 2636
f 1282 2638 2639
f 1282 2634 2638
f 1282 2600 2634
f 1278 1282 2639
f 1317 1278 2639
f 1313 1317 2639
f 2640 1307 1313
f 2640 1308 1307
f 2640 1303 1308
f 2640 1313 2639
f 1298 1303 2640
f 2641 1298 2640
f 1299 2641 2642
f 1299 1298 2641
f 2643 1299 2642
f 2644 1294 1299
f 2644 1299 2643
f 2645 1294 2644
f 2646 1294 2645
f 2646 1289 1294
f 2647 1289 2646
f 1290 1289 2647
f 1272 1290 2647
f 2648 1276 1272
f 2648 1274 1276
f 2648 1272 2647
f 1255 2470 2471
f 2469 2470 1255
f 2468 2469 1255
f 2383 2468 1255
f 1254 2383 1255
f 2649 1268 1274
f 2649 1274 2648
f 2650 1268 2649
f 2651 1268 2650
f 2651 1264 1268
f 2652 1264 2651
f 2653 2389 2383
f 2653 2383 1254
f 2654 2653 1254
f 2655 1264 2652
f 2655 2654 1254
f 2655 1254 1264
f 2604 2602 2603
f 2604 2601 2602
f 2605 2600 2601
f 2605 2601 2604
f 2309 2637 2600
f 2606 2600 2605
f 2611 2309 2600
f 2611 2600 2606
f 2610 2309 2611
f 2615 2613 2614
f 2615 2612 2613
f 2616 2609 2608
f 2616 2608 2607
f 2616 2607 2612
f 2616 2612 2615
f 2620 2618 2619
f 2620 2617 2618
f 2622 2620 2621
f 2622 2617 2620
f 2627 2617 2622
f 2626 2616 2617
f 2626 2609 2616
f 2626 2617 2627
f 2625 2610 2609
f 2625 2609 2626
f 2631 2629 2630
f 2632 2629 2631
f 2294 2629 2632
f 2294 2624 2623
f 2294 2623 2628
f 2294 2628 2629
f 2304 2624 2294
f 2304 2625 2624
f 2304 2294 2293
f 2304 2309 2610
f 2304 2610 2625
f 2303 2296 2297
f 2306 2303 2297
f 2305 2297 2298
f 2305 2306 2297
f 2300 2298 2299
f 2300 2305 2298
f 2653 2314 2307
f 2653 2307 2389
f 2314 2653 2654
f 2313 2654 2655
f 2313 2314 2654
f 2319 2655 2652
f 2319 2313 2655
f 2317 2319 2652
f 2651 2317 2652
f 2318 2317 2651
f 2651 2316 2318
f 2650 2316 2651
f 2649 2320 2316
f 2649 2316 2650
f 2648 2321 2320
f 2648 2320 2649
f 2321 2648 2647
f 2321 2647 2322
f 2646 2329 2322
f 2646 2322 2647
f 2645 2326 2329
f 2645 2329 2646
f 2644 2327 2326
f 2644 2326 2645
f 2643 2327 2644
f 2325 2327 2643
f 2330 2643 2642
f 2330 2325 2643
f 2331 2642 2641
f 2331 2330 2642
f 2328 2641 2640
f 2328 2331 2641
f 2324 2640 2639
f 2324 2328 2640
f 2323 2639 2638
f 2323 2324 2639
f 2315 2638 2634
f 2315 2323 2638
f 2312 2634 2633
f 2312 2315 2634
f 2363 2525 2524
f 2364 2524 2523
f 2364 2363 2524
f 2365 2523 2333
f 2365 2364 2523
f 2332 2365 2333
f 2334 2340 2342
f 2335 2341 2340
f 2335 2340 2334
f 1997 2656 2367
f 1997 2657 2656
f 2337 2657 1997
f 2338 2339 2370
f 2338 2370 2394
f 2657 2394 2393
f 2336 2338 2394
f 2336 2394 2657
f 2658 2393 2378
f 2658 2657 2393
f 2337 2336 2657
f 2659 2658 2378
f 2660 2378 2380
f 2660 2659 2378
f 2661 2660 2380
f 2352 2353 2660
f 2352 2660 2661
f 2351 2661 2662
f 2351 2352 2661
f 2349 2662 2542
f 2349 2351 2662
f 2347 2542 2541
f 2347 2349 2542
f 2348 2541 2540
f 2348 2347 2541
f 2350 2540 2539
f 2350 2348 2540
f 2344 2346 2343
f 2344 2345 2346
f 2360 2529 2359
f 2360 2527 2529
f 2360 2358 2531
f 2360 2531 2527
f 2355 2354 2538
f 2355 2538 2536
f 2356 2536 2534
f 2356 2355 2536
f 2357 2534 2532
f 2357 2532 2531
f 2357 2356 2534
f 2358 2357 2531
f 2354 2350 2539
f 2354 2539 2538
f 1994 2660 2353
f 1994 2663 2660
f 2366 2663 1994
f 2363 2526 2525
f 2363 2362 2526
f 2361 2526 2362
f 2361 2528 2526
f 2361 2529 2528
f 2359 2529 2361
f 2367 2663 2366
f 2367 2656 2663
f 2369 2374 2375
f 2369 2375 2376
f 2369 2376 2377
f 2373 2374 2369
f 2372 2373 2369
f 2371 2372 2369
f 2369 2368 2371
f 2402 2396 2395
f 2562 2397 2396
f 2562 2396 2402
f 2567 2398 2397
f 2567 2397 2562
f 2565 2400 2399
f 2564 2401 2400
f 2564 2400 2565
f 2286 2245 2401
f 2286 2401 2564
f 2664 2399 2398
f 2665 2566 2565
f 2665 2567 2566
f 2665 2398 2567
f 2665 2399 2664
f 2665 2565 2399
f 2665 2664 2398
f 1058 1063 1118
f 1058 1118 1117
f 1050 1117 1183
f 1050 1058 1117
f 1051 1183 1177
f 1051 1050 1183
f 1087 1177 1176
f 1087 1051 1177
f 1081 1176 1131
f 1081 1087 1176
f 1039 1131 1129
f 1039 1081 1131
f 1040 1129 1124
f 1040 1039 1129
f 2403 1124 1123
f 2403 1040 1124
f 2435 1123 1190
f 2435 2403 1123
f 2433 1190 1155
f 2433 2435 1190
f 2416 1155 1149
f 2416 2433 1155
f 2413 1149 1145
f 2413 2416 1149
f 2410 1145 1142
f 2410 2413 1145
f 1358 2410 1142
f 2666 1428 1427
f 2666 2455 1428
f 2667 2457 2455
f 2667 2455 2666
f 2668 2459 2457
f 2668 2457 2667
f 2669 2461 2459
f 2669 2459 2668
f 2670 2463 2461
f 2670 2461 2669
f 2671 2465 2463
f 2671 2463 2670
f 2672 2466 2465
f 2672 2465 2671
f 2673 2464 2466
f 2673 2466 2672
f 2674 2462 2464
f 2674 2464 2673
f 2675 2460 2462
f 2675 2462 2674
f 2676 2460 2675
f 2676 2458 2460
f 2677 2458 2676
f 2677 2456 2458
f 2678 2456 2677
f 2678 2454 2456
f 2679 2454 2678
f 2679 2453 2454
f 2680 2453 2679
f 2680 2452 2453
f 2681 2452 2680
f 2681 2451 2452
f 2682 2451 2681
f 2682 2450 2451
f 2682 2449 2450
f 2683 2449 2682
f 2683 2448 2449
f 2684 2448 2683
f 2684 2447 2448
f 2685 2447 2684
f 2686 2447 2685
f 2686 2446 2447
f 2686 2445 2446
f 2687 2445 2686
f 2688 2445 2687
f 2688 2444 2445
f 2689 2444 2688
f 2689 2443 2444
f 2690 2442 2443
f 2690 2443 2689
f 1375 1377 2442
f 1375 2442 2690
f 2380 2478 2481
f 2380 2379 2478
f 2519 2380 2481
f 2661 2380 2519
f 2518 2661 2519
f 2662 2661 2518
f 2517 2662 2518
f 2542 2662 2517
f 2516 2542 2517
f 2494 2496 2691
f 2494 2691 2692
f 2494 2692 2693
f 2493 2693 2694
f 2493 2494 2693
f 2490 2493 2694
f 2694 2486 2490
f 2694 2695 2486
f 2482 2486 2695
f 2482 2695 2696
f 2482 2696 2697
f 2485 2697 2698
f 2485 2482 2697
f 2488 2485 2698
f 2698 2699 2489
f 2488 2698 2489
f 2489 2699 2700
f 2499 2700 2701
f 2499 2489 2700
f 2497 2701 2702
f 2497 2499 2701
f 2498 2497 2702
f 2501 2702 2703
f 2501 2498 2702
f 2510 2501 2703
f 2510 2703 2704
f 2510 2704 2705
f 2512 2510 2705
f 2508 2705 2706
f 2508 2512 2705
f 2706 2691 2496
f 2508 2706 2496
f 2487 2530 2491
f 2487 2522 2530
f 2533 2491 2530
f 2533 2492 2491
f 2535 2495 2492
f 2535 2492 2533
f 2537 2500 2495
f 2537 2495 2535
f 2500 2537 2514
f 2500 2514 2507
f 2310 2312 2633
f 2310 2633 2635
f 2311 2635 2636
f 2311 2310 2635
f 2309 2636 2637
f 2309 2311 2636
f 2301 2293 2292
f 2301 2304 2293
f 2302 2292 2295
f 2302 2301 2292
f 2303 2295 2296
f 2303 2302 2295
f 2659 2660 2663
f 2658 2663 2656
f 2658 2659 2663
f 2657 2658 2656
f 1135 1134 2707
f 1136 1135 2707
f 1141 1140 1357
f 1142 1141 1357
f 2708 2709 2710
f 2711 1370 1369
f 2712 2713 2714
f 2715 1369 1368
f 2716 1368 1366
f 2717 2718 1112
f 2717 1112 1111
f 2717 1111 1114
f 2717 1114 1187
f 2719 1187 1188
f 2719 1188 1116
f 2719 2718 2717
f 2719 1116 1115
f 2719 1115 1118
f 2719 2717 1187
f 2720 2718 2719
f 2720 2719 1118
f 2720 2721 2718
f 2720 1118 1374
f 2722 2720 1374
f 2722 2721 2720
f 2723 2724 2721
f 2723 1374 1373
f 2723 2722 1374
f 2723 2721 2722
f 2725 2723 1373
f 2725 2724 2723
f 2726 2727 2724
f 2726 2725 1373
f 2726 2724 2725
f 2728 2729 2727
f 2728 1373 1372
f 2728 2727 2726
f 2728 2726 1373
f 2730 2729 2728
f 2730 2728 1372
f 2731 2732 2733
f 2731 2734 2729
f 2731 2733 2734
f 2731 2729 2730
f 2735 2710 2734
f 2735 2734 2733
f 2736 2710 2735
f 2736 2708 2710
f 2737 2708 2711
f 2737 2709 2708
f 2738 2714 2709
f 2738 2712 2714
f 2738 2737 2711
f 2738 2711 1369
f 2738 2709 2737
f 2739 2715 2712
f 2739 2738 1369
f 2739 1369 2715
f 2739 2712 2738
f 2740 2712 2715
f 2740 2715 1368
f 2741 2713 2712
f 2741 2712 2740
f 2741 2740 1368
f 2741 1368 2716
f 2742 2743 2744
f 2742 2744 2713
f 2742 2713 2741
f 2742 2741 2716
f 2742 2716 2743
f 2745 2744 2743
f 2745 2743 2716
f 2746 2747 2744
f 2746 2748 2747
f 2746 2744 2745
f 2749 1364 1362
f 2749 2750 1364
f 2751 2749 1362
f 2752 2753 2751
f 2752 2754 2753
f 2752 1362 1360
f 2752 2751 1362
f 2755 2754 2752
f 2755 2752 1360
f 2756 2707 2754
f 2756 2754 2755
f 2756 1360 1357
f 2756 2755 1360
f 2757 1137 1136
f 2757 1139 1137
f 2757 1140 1139
f 2757 1357 1140
f 2757 1136 2707
f 2757 2707 2756
f 2757 2756 1357
f 2758 1371 2732
f 2758 2732 2731
f 2758 1372 1371
f 2758 2731 2730
f 2758 2730 1372
f 2759 2732 1371
f 2759 2733 2732
f 2759 2735 2733
f 2760 1371 1370
f 2760 2759 1371
f 2760 2736 2735
f 2760 2735 2759
f 2761 2708 2736
f 2761 2711 2708
f 2761 1370 2711
f 2761 2760 1370
f 2761 2736 2760
f 2762 1366 1364
f 2762 2745 2716
f 2762 2746 2745
f 2762 2716 1366
f 2763 2750 2748
f 2763 2748 2746
f 2763 2762 1364
f 2763 1364 2750
f 2763 2746 2762
f 2764 2747 2748
f 2764 2748 2750
f 2764 2750 2749
f 2765 2751 2753
f 2765 2764 2749
f 2765 2753 2747
f 2765 2747 2764
f 2765 2749 2751
f 1463 1390 1388
f 1465 1463 1388
f 1465 1388 1386
f 1462 1390 1463
f 1462 1392 1390
f 1467 1465 1386
f 1467 1386 1384
f 1459 1392 1462
f 1459 1396 1394
f 1459 1394 1392
f 1469 1467 1384
f 1469 1384 1382
f 1458 1396 1459
f 1458 1397 1396
f 1472 1469 1382
f 1472 1382 1380
f 1455 1399 1397
f 1455 1397 1458
f 1473 1472 1380
f 1473 1380 1378
f 1453 1401 1399
f 1453 1399 1455
f 1475 1375 2690
f 1475 1378 1375
f 1475 1473 1378
f 1451 1403 1401
f 1451 1401 1453
f 2766 2690 2689
f 2766 1475 2690
f 1449 1405 1403
f 1449 1403 1451
f 2767 2689 2688
f 2767 2766 2689
f 1447 1407 1405
f 1447 1405 1449
f 2768 2688 2687
f 2768 2767 2688
f 1445 1409 1407
f 1445 1407 1447
f 2769 2768 2687
f 2686 2769 2687
f 1411 1409 1445
f 1444 1411 1445
f 2770 2769 2686
f 2685 2770 2686
f 1413 1411 1444
f 1441 1413 1444
f 2771 2770 2685
f 2684 2771 2685
f 1415 1413 1441
f 1440 1415 1441
f 2772 2771 2684
f 2683 2772 2684
f 1417 1415 1440
f 1437 1417 1440
f 2773 2772 2683
f 2682 2773 2683
f 1419 1417 1437
f 1419 1437 1435
f 2681 2773 2682
f 2681 2774 2773
f 1421 1419 1435
f 1421 1435 1433
f 2680 2774 2681
f 2680 2775 2774
f 1423 1421 1433
f 1423 1433 1429
f 1425 1423 1429
f 1425 1429 1431
f 2679 2775 2680
f 2679 2776 2775
f 1427 1425 1431
f 2678 2776 2679
f 2678 2777 2776
f 2666 1427 1431
f 2666 1431 2778
f 2677 2777 2678
f 2677 2779 2777
f 2667 2666 2778
f 2667 2778 2780
f 2676 2779 2677
f 2676 2781 2779
f 2668 2667 2780
f 2668 2780 2782
f 2675 2781 2676
f 2675 2783 2781
f 2669 2668 2782
f 2669 2782 2784
f 2674 2783 2675
f 2670 2669 2784
f 2670 2784 2785
f 2673 2783 2674
f 2673 2786 2783
f 2671 2670 2785
f 2671 2785 2787
f 2672 2787 2786
f 2672 2786 2673
f 2672 2671 2787
f 1485 2700 2699
f 1485 2701 2700
f 1485 2702 2701
f 1483 2702 1485
f 1487 1485 2699
f 1489 1487 2699
f 1481 2702 1483
f 1491 1489 2699
f 1477 2702 1481
f 1479 2702 1477
f 1493 1491 2699
f 2698 1497 1495
f 2698 1495 1493
f 2698 1493 2699
f 2703 1479 2788
f 2703 2788 2789
f 2703 2702 1479
f 2790 2703 2789
f 1499 1497 2698
f 1501 2698 2697
f 1501 1499 2698
f 2791 2704 2703
f 2791 2703 2790
f 2696 1501 2697
f 2705 2704 2791
f 2695 1501 2696
f 2695 1503 1501
f 2706 2705 2791
f 2706 2791 2792
f 1505 1503 2695
f 2793 2706 2792
f 1507 1505 2695
f 2794 2706 2793
f 1509 1507 2695
f 2795 2706 2794
f 2694 1509 2695
f 2694 2796 2797
f 2694 2797 2798
f 2694 2798 2799
f 2694 2799 1509
f 2691 2706 2795
f 2691 2795 2800
f 2691 2800 2801
f 2691 2801 2802
f 2691 2802 2796
f 2693 2796 2694
f 2692 2796 2693
f 2692 2691 2796
f 1152 1154 1159
f 1121 1152 1159
f 1133 1144 1148
f 1127 1121 1120
f 1127 1152 1121
f 1134 1133 1148
f 1126 1152 1127
f 2753 2754 2707
f 1181 1173 1182
f 1181 1169 1173
f 1181 1126 1169
f 1181 1152 1126
f 2714 2747 2753
f 2714 2744 2747
f 2714 2713 2744
f 2721 2707 1134
f 2721 1112 2718
f 2721 1113 1112
f 2721 1181 1113
f 2721 1148 1152
f 2721 1134 1148
f 2721 1152 1181
f 2727 2721 2724
f 2729 2709 2714
f 2729 2710 2709
f 2729 2734 2710
f 2729 2753 2707
f 2729 2714 2753
f 2729 2707 2721
f 2729 2721 2727
f 2766 1476 1475
f 2766 2803 1476
f 2767 2804 2803
f 2767 2803 2766
f 2768 2805 2804
f 2768 2804 2767
f 2769 2806 2805
f 2769 2807 2806
f 2769 2805 2768
f 2770 2807 2769
f 2771 2808 2807
f 2771 2807 2770
f 2772 2809 2808
f 2772 2808 2771
f 2773 2810 2809
f 2773 2809 2772
f 2774 2811 2810
f 2774 2810 2773
f 2775 2812 2811
f 2775 2813 2812
f 2775 2811 2774
f 2776 2813 2775
f 2777 2814 2813
f 2777 2815 2814
f 2777 2813 2776
f 2779 2815 2777
f 2781 2815 2779
f 2781 2816 2815
f 2783 2816 2781
f 2783 2817 2816
f 2786 2817 2783
f 2786 2818 2817
f 2787 2818 2786
f 2787 2819 2818
f 2785 2819 2787
f 2785 2820 2819
f 2784 2820 2785
f 2784 2821 2820
f 2782 2821 2784
f 2782 2822 2821
f 2780 2822 2782
f 2780 2823 2822
f 2780 2824 2823
f 2778 2824 2780
f 1431 2824 2778
f 1431 1430 2824
f 2799 1510 1509
f 2799 2825 1510
f 2798 2826 2825
f 2798 2825 2799
f 2797 2827 2826
f 2797 2826 2798
f 2796 2828 2827
f 2796 2827 2797
f 2802 2829 2828
f 2802 2828 2796
f 2801 2830 2829
f 2801 2829 2802
f 2800 2831 2830
f 2800 2830 2801
f 2795 2832 2831
f 2795 2831 2800
f 2794 2833 2832
f 2794 2832 2795
f 2793 2834 2833
f 2793 2833 2794
f 2792 2835 2834
f 2792 2834 2793
f 2791 2836 2835
f 2791 2835 2792
f 2790 2837 2836
f 2790 2836 2791
f 2789 2838 2837
f 2789 2837 2790
f 2788 2839 2838
f 2788 2838 2789
f 1479 2839 2788
f 1479 1478 2839
f 1443 1439 1442
f 1434 1436 1438
f 1434 1438 1439
f 1434 1443 1446
f 1434 1439 1443
f 1432 1434 1446
f 1452 1446 1448
f 1452 1448 1450
f 1452 1432 1446
f 1454 1432 1452
f 2822 2823 2824
f 2822 2824 1430
f 2822 1430 1432
f 1460 1456 1457
f 2821 2822 1432
f 1461 1456 1460
f 1464 1454 1456
f 1464 1456 1461
f 2819 2820 2821
f 2819 2821 1432
f 1470 1464 1466
f 1470 1466 1468
f 2816 2817 2818
f 2816 2818 2819
f 2816 2819 1432
f 1471 1464 1470
f 1471 1454 1464
f 2815 2816 1432
f 2815 1432 1454
f 1476 1471 1474
f 2803 1471 1476
f 2812 2813 2814
f 2811 2815 1454
f 2811 1454 1471
f 2811 2814 2815
f 2811 1471 2803
f 2811 2812 2814
f 2805 2803 2804
f 2806 2803 2805
f 2809 2810 2811
f 2807 2803 2806
f 2808 2811 2803
f 2808 2803 2807
f 2808 2809 2811
f 1482 1484 1486
f 1490 1486 1488
f 1478 1480 1482
f 1494 1490 1492
f 1494 1486 1490
f 2838 2839 1478
f 2838 1478 1482
f 1498 1494 1496
f 1498 1482 1486
f 1498 1486 1494
f 2835 2836 2837
f 2835 2837 2838
f 2835 2838 1482
f 1504 1498 1500
f 1504 1500 1502
f 1506 1482 1498
f 1506 1498 1504
f 1506 2835 1482
f 2833 2834 2835
f 2831 2832 2833
f 2825 1506 1508
f 2825 1508 1510
f 2827 2825 2826
f 2827 2833 2835
f 2827 2835 1506
f 2827 1506 2825
f 2827 2831 2833
f 2829 2830 2831
f 2829 2831 2827
f 2828 2829 2827
f 2840 2841 2842
f 2840 2843 2841
f 2844 2845 2843
f 2844 2843 2840
f 2846 2847 2845
f 2846 2845 2844
f 2848 2849 2847
f 2848 2847 2846
f 2850 2851 2849
f 2850 2849 2848
f 2852 2853 2851
f 2852 2851 2850
f 2854 2855 2853
f 2854 2853 2852
f 2856 2857 2858
f 2856 2859 2857
f 2860 2858 2861
f 2860 2856 2858
f 2862 2861 2863
f 2862 2863 2864
f 2862 2860 2861
f 2865 2864 2866
f 2865 2862 2864
f 2867 2865 2866
f 2868 2866 2869
f 2868 2867 2866
f 2870 2869 2871
f 2870 2868 2869
f 2872 2871 2873
f 2872 2870 2871
f 2874 2873 2875
f 2874 2875 2876
f 2874 2872 2873
f 2877 2874 2876
f 2878 2876 2879
f 2878 2877 2876
f 2880 2879 2881
f 2880 2878 2879
f 2882 2881 2883
f 2882 2880 2881
f 2884 2883 2885
f 2884 2882 2883
f 2886 2885 2887
f 2886 2884 2885
f 2888 2889 2890
f 2888 2891 2889
f 2892 2890 2893
f 2892 2888 2890
f 2894 2893 2895
f 2894 2895 2896
f 2894 2892 2893
f 2897 2894 2896
f 2898 2896 2899
f 2898 2897 2896
f 2900 2899 2901
f 2900 2901 2902
f 2900 2898 2899
f 2903 2900 2902
f 2904 2902 2905
f 2904 2903 2902
f 2906 2905 2907
f 2906 2904 2905
f 2908 2907 2909
f 2908 2906 2907
f 2910 2909 2911
f 2910 2908 2909
f 2912 2911 2913
f 2912 2910 2911
f 2914 2913 2915
f 2914 2912 2913
f 2916 2917 2918
f 2919 2918 2920
f 2919 2916 2918
f 2921 2920 2922
f 2921 2919 2920
f 2923 2922 2924
f 2923 2921 2922
f 2925 2924 2926
f 2925 2923 2924
f 2927 2926 2928
f 2927 2925 2926
f 2929 2928 2930
f 2929 2927 2928
f 2931 2930 2932
f 2931 2929 2930
f 2933 2932 2934
f 2933 2931 2932
f 2935 2934 2936
f 2935 2933 2934
f 2937 2935 2936
f 2938 2936 2939
f 2938 2937 2936
f 2940 2939 2941
f 2940 2938 2939
f 2942 2941 2943
f 2942 2940 2941
f 2944 2945 2946
f 2944 2946 2947
f 2948 2945 2944
f 2949 2950 2945
f 2949 2945 2948
f 2951 2952 2950
f 2951 2950 2949
f 2953 2952 2951
f 2954 2952 2953
f 2955 2956 2952
f 2957 2952 2954
f 2957 2954 2958
f 2957 2955 2952
f 2959 2957 2958
f 2959 2958 2960
f 2961 2959 2960
f 2961 2960 2962
f 2963 2961 2962
f 2963 2962 2964
f 2965 2963 2964
f 2966 2967 2968
f 2966 2968 2969
f 2970 2971 2854
f 2972 2854 2852
f 2972 2852 2850
f 2972 2970 2854
f 2973 2850 2848
f 2973 2972 2850
f 2974 2848 2846
f 2974 2846 2844
f 2974 2844 2840
f 2974 2973 2848
f 2975 2966 2976
f 2977 2966 2975
f 2978 2976 2979
f 2978 2975 2976
f 2980 2966 2977
f 2980 2967 2966
f 2981 2978 2979
f 2982 2983 2967
f 2982 2967 2980
f 2984 2979 2985
f 2984 2981 2979
f 2986 2987 2983
f 2986 2983 2982
f 2988 2987 2986
f 2988 2964 2987
f 2989 2964 2988
f 2990 2984 2985
f 2991 2992 2965
f 2993 2965 2964
f 2993 2964 2989
f 2993 2991 2965
f 2994 2842 2992
f 2994 2992 2991
f 2995 2993 2989
f 2995 2989 2996
f 2997 2840 2842
f 2997 2974 2840
f 2997 2842 2994
f 2998 2996 2999
f 2998 2995 2996
f 3000 2974 2997
f 3001 2999 3002
f 3001 2998 2999
f 3003 3001 3002
f 3004 2974 3000
f 3005 3006 3007
f 3005 3007 3003
f 3005 3003 3002
f 3005 3002 3008
f 3005 3008 3009
f 3010 3011 3012
f 3013 3014 3006
f 3013 3006 3005
f 3015 3012 3016
f 3015 3016 3014
f 3015 3014 3013
f 3015 3010 3012
f 3000 3017 3018
f 2997 3019 3017
f 2997 3017 3000
f 2994 3020 3019
f 2994 3019 2997
f 2991 3021 3020
f 2991 3020 2994
f 2993 3022 3021
f 2993 3021 2991
f 2995 3023 3022
f 2995 3022 2993
f 2998 3024 3023
f 2998 3023 2995
f 3001 3025 3024
f 3001 3024 2998
f 3003 3026 3025
f 3003 3025 3001
f 3007 3027 3026
f 3007 3026 3003
f 3006 3028 3027
f 3006 3027 3007
f 3014 3029 3028
f 3014 3028 3006
f 3016 3030 3029
f 3016 3029 3014
f 3012 3030 3016
f 3011 3030 3012
f 3011 3031 3030
f 3032 3033 2974
f 3034 3035 3036
f 3034 3036 3032
f 3034 3032 3037
f 3031 3034 3037
f 3004 3032 2974
f 3004 3037 3032
f 3038 3034 3031
f 3010 3031 3011
f 3010 3038 3031
f 3013 3039 3040
f 3013 3005 3039
f 3015 3040 3041
f 3015 3041 3038
f 3015 3013 3040
f 3010 3015 3038
f 3042 2990 2985
f 3042 2985 3043
f 3044 3042 3043
f 3045 3042 3044
f 3046 3009 3045
f 3005 3009 3046
f 3039 3005 3046
f 3047 3044 3048
f 3049 3045 3044
f 3049 3044 3047
f 3050 3046 3045
f 3050 3045 3049
f 3051 3047 3052
f 3051 3049 3047
f 3053 3050 3054
f 3052 3053 3054
f 3052 3054 3051
f 3053 3046 3050
f 3009 3055 3045
f 3009 3008 3055
f 3002 3055 3008
f 3002 3056 3055
f 2999 3057 3056
f 2999 3056 3002
f 2996 3058 3057
f 2996 3057 2999
f 2989 3059 3058
f 2989 3058 2996
f 2988 3060 3059
f 2988 3059 2989
f 2986 3061 3060
f 2986 3060 2988
f 2982 3062 3061
f 2982 3061 2986
f 2980 3063 3062
f 2980 3062 2982
f 2977 3064 3063
f 2977 3063 2980
f 2975 3065 3064
f 2975 3064 2977
f 2978 3066 3065
f 2978 3065 2975
f 2981 3067 3066
f 2981 3066 2978
f 2984 3068 3067
f 2984 3067 2981
f 3042 2984 2990
f 3042 3068 2984
f 2976 3069 3070
f 2976 2966 3069
f 2979 3070 3071
f 2979 2976 3070
f 2985 3071 3043
f 2985 2979 3071
f 3072 2947 2946
f 3072 2946 3073
f 3074 3072 3073
f 3075 3072 3074
f 3076 2969 3075
f 3076 3075 3074
f 2966 2969 3076
f 3069 2966 3076
f 3077 3074 3078
f 3077 3076 3074
f 2968 3075 2969
f 2968 3079 3075
f 2967 3079 2968
f 2967 3080 3079
f 2983 3081 3080
f 2983 3080 2967
f 2987 3082 3081
f 2987 3081 2983
f 2964 3083 3082
f 2964 3082 2987
f 2962 3084 3083
f 2962 3083 2964
f 2960 3085 3084
f 2960 3084 2962
f 2958 3086 3085
f 2958 3085 2960
f 2954 3087 3086
f 2954 3086 2958
f 2953 3088 3087
f 2953 3087 2954
f 2951 3089 3088
f 2951 3088 2953
f 2949 3090 3089
f 2949 3089 2951
f 2948 3091 3090
f 2948 3090 2949
f 2944 3092 3091
f 2944 3091 2948
f 2947 3092 2944
f 2947 3072 3092
f 2950 3093 3094
f 2950 2952 3093
f 2945 3094 3095
f 2945 2950 3094
f 2946 3095 3073
f 2946 2945 3095
f 3096 3093 2952
f 3097 3098 3099
f 3097 3099 3096
f 3097 3096 3100
f 3101 3097 3100
f 2956 3096 2952
f 2956 3100 3096
f 3102 3097 3101
f 2970 3101 2971
f 2970 3102 3101
f 3103 3100 2956
f 3103 2956 2955
f 2957 3103 2955
f 2957 3104 3103
f 2959 3105 3104
f 2959 3104 2957
f 2961 3106 3105
f 2961 3105 2959
f 2963 3107 3106
f 2963 3106 2961
f 2965 3108 3107
f 2965 3107 2963
f 2992 3109 3108
f 2992 3108 2965
f 2842 2841 3109
f 2842 3109 2992
f 2971 3101 2855
f 2854 2971 2855
f 2973 3033 3110
f 2973 2974 3033
f 2972 3110 3111
f 2972 2973 3110
f 2970 3111 3102
f 2970 2972 3111
f 3000 3037 3004
f 3000 3018 3037
f 3022 3019 3020
f 3022 3020 3021
f 3018 3017 3019
f 3018 3019 3022
f 3025 3023 3024
f 3026 3023 3025
f 3029 3026 3027
f 3029 3027 3028
f 3029 3023 3026
f 3030 3022 3023
f 3030 3018 3022
f 3030 3023 3029
f 3031 3037 3018
f 3031 3018 3030
f 3102 3112 3097
f 3111 3112 3102
f 3113 3112 3111
f 3110 3113 3111
f 3114 3110 3033
f 3114 3113 3110
f 3032 3114 3033
f 3032 3115 3114
f 3032 3036 3115
f 3116 3117 3118
f 3116 3118 3119
f 3116 3119 3120
f 3116 3121 3077
f 3122 3123 3117
f 3122 3117 3116
f 3122 3116 3124
f 3125 3116 3077
f 3125 3124 3116
f 3126 3127 3128
f 3126 3128 3123
f 3126 3123 3122
f 3129 3125 3077
f 3130 3131 3132
f 3130 3132 3127
f 3130 3127 3126
f 3133 3129 3077
f 2859 3131 3130
f 2859 3052 3131
f 3134 3133 3077
f 3053 3052 2859
f 3078 3134 3077
f 2856 3053 2859
f 3135 3134 3078
f 2860 3053 2856
f 3136 3135 3078
f 3137 3053 2860
f 3137 3138 3053
f 3137 2860 2862
f 3139 3136 3078
f 3139 3078 3140
f 3139 3141 3136
f 2865 3142 3143
f 2865 3143 3137
f 2865 3137 2862
f 3144 3142 2865
f 3145 3141 3139
f 2867 3144 2865
f 3146 3145 3139
f 3099 3139 3147
f 3099 3146 3139
f 3099 3148 3146
f 3035 3149 3144
f 3035 2867 2868
f 3035 3144 2867
f 2870 3035 2868
f 2886 3148 3099
f 3150 2877 2878
f 3150 2878 2880
f 3150 2880 2882
f 3036 2870 2872
f 3036 2872 2874
f 3036 2874 2877
f 3036 3035 2870
f 3036 2877 3150
f 3098 2882 2884
f 3098 2884 2886
f 3098 2886 3099
f 3098 3150 2882
f 3151 3150 3098
f 3115 3036 3150
f 3152 3035 3034
f 3152 3149 3035
f 3039 3046 3153
f 3038 3152 3034
f 3040 3154 3155
f 3040 3156 3154
f 3040 3153 3156
f 3040 3039 3153
f 3041 3157 3152
f 3041 3155 3157
f 3041 3152 3038
f 3041 3040 3155
f 3158 3159 3049
f 3158 3049 3051
f 3160 3158 3051
f 3054 3160 3051
f 3161 3160 3054
f 3161 3054 3050
f 3161 3050 3049
f 3161 3049 3159
f 3046 3138 3153
f 3046 3053 3138
f 3162 3131 3052
f 3047 3162 3052
f 3163 3164 3165
f 3166 3163 3167
f 3168 3163 3166
f 3162 3169 3170
f 3162 3171 3169
f 3162 3168 3171
f 3162 3163 3168
f 3048 3164 3163
f 3048 3163 3162
f 3047 3048 3162
f 3044 3164 3048
f 3172 3164 3044
f 3069 3076 3173
f 3070 3069 3173
f 3174 3070 3173
f 3071 3070 3174
f 3172 3043 3071
f 3172 3071 3174
f 3044 3043 3172
f 3067 3065 3066
f 3062 3063 3064
f 3062 3064 3065
f 3062 3065 3067
f 3060 3061 3062
f 3060 3067 3068
f 3060 3062 3067
f 3056 3057 3058
f 3056 3058 3059
f 3056 3059 3060
f 3056 3060 3068
f 3055 3056 3068
f 3045 3068 3042
f 3045 3055 3068
f 3076 3121 3173
f 3076 3077 3121
f 3074 3140 3078
f 3175 3140 3074
f 3176 3094 3093
f 3175 3073 3095
f 3096 3176 3093
f 3074 3073 3175
f 3177 3095 3094
f 3177 3094 3176
f 3177 3175 3095
f 3089 3090 3091
f 3089 3091 3092
f 3079 3092 3072
f 3079 3072 3075
f 3080 3092 3079
f 3084 3085 3086
f 3084 3086 3087
f 3081 3089 3092
f 3081 3092 3080
f 3083 3087 3088
f 3083 3088 3089
f 3083 3084 3087
f 3082 3089 3081
f 3082 3083 3089
f 3096 3147 3176
f 3096 3099 3147
f 3097 3151 3098
f 3112 3151 3097
f 3106 3104 3105
f 3107 3103 3104
f 3107 3104 3106
f 3108 3103 3107
f 2855 3101 3100
f 2855 3100 3103
f 2847 3109 2841
f 2847 2841 2843
f 2847 2843 2845
f 2849 3108 3109
f 2849 2851 2853
f 2849 2853 2855
f 2849 3103 3108
f 2849 2855 3103
f 2849 3109 2847
f 3115 3113 3114
f 3115 3150 3113
f 3151 3112 3113
f 3150 3151 3113
f 3148 2886 2887
f 3148 2887 3178
f 3146 3178 3179
f 3146 3148 3178
f 3145 3179 3180
f 3145 3146 3179
f 3141 3180 3181
f 3141 3145 3180
f 3136 3181 3182
f 3136 3141 3181
f 3135 3182 3183
f 3135 3183 3184
f 3135 3136 3182
f 3134 3184 3185
f 3134 3135 3184
f 3133 3134 3185
f 3129 3185 3186
f 3129 3133 3185
f 3125 3186 3187
f 3125 3129 3186
f 3124 3187 3188
f 3124 3188 3189
f 3124 3125 3187
f 3122 3124 3189
f 3126 3189 3190
f 3126 3190 3191
f 3126 3122 3189
f 3130 3126 3191
f 2859 3191 2857
f 2859 3130 3191
f 3177 3147 3139
f 3177 3176 3147
f 3140 3175 3177
f 3139 3140 3177
f 3174 3121 3116
f 3174 3173 3121
f 3165 3116 3120
f 3174 3116 3165
f 3172 3165 3164
f 3172 3174 3165
f 3120 3163 3165
f 3119 3163 3120
f 3170 3132 3131
f 3170 3127 3132
f 3170 3131 3162
f 3169 3127 3170
f 3171 3128 3127
f 3171 3123 3128
f 3171 3127 3169
f 3168 3117 3123
f 3168 3123 3171
f 3166 3117 3168
f 3167 3118 3117
f 3167 3117 3166
f 3163 3119 3118
f 3163 3118 3167
f 3138 3137 3156
f 3138 3156 3153
f 3142 3144 3157
f 3142 3157 3155
f 3143 3155 3154
f 3143 3142 3155
f 3137 3154 3156
f 3137 3143 3154
f 3157 3144 3149
f 3152 3157 3149
f 3192 3193 3158
f 3160 3192 3158
f 3194 3158 3193
f 3159 3158 3194
f 3195 3159 3194
f 3161 3159 3195
f 3161 3192 3160
f 3161 3195 3192
f 3196 3189 3188
f 3197 3188 3187
f 3197 3196 3188
f 3198 3190 3189
f 3198 3189 3196
f 3199 3187 3186
f 3199 3197 3187
f 3200 3191 3190
f 3200 3190 3198
f 3201 3186 3185
f 3201 3199 3186
f 3184 3201 3185
f 2891 2857 3191
f 2891 3191 3200
f 2858 2857 2891
f 3202 3201 3184
f 3183 3202 3184
f 2888 2858 2891
f 2861 2858 2888
f 3203 3202 3183
f 3182 3203 3183
f 2892 2861 2888
f 2863 2861 2892
f 3204 3203 3182
f 3181 3204 3182
f 2894 2863 2892
f 3205 3204 3181
f 2864 2863 2894
f 2897 2864 2894
f 3180 3205 3181
f 3206 3205 3180
f 2866 2864 2897
f 2898 2866 2897
f 3179 3206 3180
f 3207 3206 3179
f 2869 2866 2898
f 2900 2869 2898
f 3178 3207 3179
f 2914 3207 3178
f 2871 2869 2900
f 2903 2871 2900
f 2887 2914 3178
f 2873 2871 2903
f 2885 2914 2887
f 2885 2912 2914
f 2875 2903 2904
f 2875 2873 2903
f 2883 2910 2912
f 2883 2912 2885
f 2876 2904 2906
f 2876 2875 2904
f 2881 2908 2910
f 2881 2910 2883
f 2879 2906 2908
f 2879 2876 2906
f 2879 2908 2881
f 3208 3209 3192
f 3195 3208 3192
f 3192 3209 3210
f 3192 3210 3193
f 3194 3193 3210
f 3211 3194 3210
f 3208 3195 3194
f 3208 3194 3211
f 3207 2914 2915
f 3207 2915 3212
f 3206 3212 3213
f 3206 3207 3212
f 3205 3213 3214
f 3205 3206 3213
f 3204 3214 3215
f 3204 3205 3214
f 3203 3215 3216
f 3203 3204 3215
f 3202 3216 3217
f 3202 3203 3216
f 3201 3217 3218
f 3201 3218 3219
f 3201 3202 3217
f 3199 3201 3219
f 3197 3219 3220
f 3197 3199 3219
f 3196 3220 3221
f 3196 3197 3220
f 3198 3221 3222
f 3198 3196 3221
f 3200 3222 3223
f 3200 3198 3222
f 2891 3223 2889
f 2891 3200 3223
f 3224 3225 3210
f 3226 3210 3225
f 3227 3224 3210
f 3228 3210 3226
f 3229 3227 3210
f 2916 3210 3228
f 3209 3230 3231
f 3209 3232 3230
f 3211 2921 2923
f 3211 2919 2921
f 3211 2916 2919
f 3233 3232 3209
f 2925 3211 2923
f 3234 3233 3209
f 2927 3211 2925
f 3235 3234 3209
f 2929 3211 2927
f 3208 2938 2940
f 3208 2937 2938
f 3208 2935 2937
f 3208 2933 2935
f 3208 2931 2933
f 3209 3229 3210
f 3209 3231 3229
f 3210 2916 3211
f 3211 2929 3208
f 2929 2931 3208
f 3208 2942 3209
f 2942 3235 3209
f 3208 2940 2942
f 3217 3219 3218
f 3217 3220 3219
f 3217 3221 3220
f 3217 3222 3221
f 3217 3223 3222
f 3216 3223 3217
f 3215 3223 3216
f 2895 2890 2889
f 2895 2893 2890
f 2895 2889 3223
f 2895 3223 3215
f 3212 3214 3213
f 2901 2899 2896
f 2902 2896 2895
f 2902 2895 3215
f 2902 2901 2896
f 2909 2905 2902
f 2909 2907 2905
f 2909 2913 2911
f 2909 2915 2913
f 2909 3212 2915
f 2909 3215 3214
f 2909 3214 3212
f 2909 2902 3215
f 2942 2943 3236
f 3235 3236 3237
f 3235 2942 3236
f 3234 3237 3238
f 3234 3235 3237
f 3233 3238 3239
f 3233 3234 3238
f 3232 3239 3240
f 3232 3233 3239
f 3230 3240 3241
f 3230 3232 3240
f 3231 3241 3242
f 3231 3230 3241
f 3229 3242 3243
f 3229 3231 3242
f 3227 3243 3244
f 3227 3229 3243
f 3224 3244 3245
f 3224 3227 3244
f 3225 3224 3245
f 3226 3245 3246
f 3226 3225 3245
f 3228 3246 3247
f 3228 3226 3246
f 2916 3247 2917
f 2916 3228 3247
f 3243 3245 3244
f 2917 3246 3245
f 2917 3247 3246
f 3241 3243 3242
f 3239 3241 3240
f 3239 3245 3243
f 3239 3243 3241
f 2924 2922 2920
f 3236 3238 3237
f 3236 3239 3238
f 2943 3239 3236
f 2941 2918 2917
f 2941 2920 2918
f 2941 2924 2920
f 2941 2917 3245
f 2941 3245 3239
f 2941 3239 2943
f 2932 2926 2924
f 2932 2928 2926
f 2932 2930 2928
f 2934 2932 2924
f 2936 2941 2939
f 2936 2924 2941
f 2936 2934 2924
