# https://github.com/mikedh/trimesh

o geometry_1
v 303.31960000 171.50000000 601.35900000
v 320.00000000 179.50000000 602.50000000
v 303.31960000 179.50000000 601.35900000
v 320.00000000 171.50000000 602.50000000
v 286.94990000 171.50000000 597.95740000
v 286.94990000 179.50000000 597.95740000
v 271.19590000 171.50000000 592.35840000
v 271.19590000 179.50000000 592.35840000
v 256.35100000 171.50000000 584.66640000
v 256.35100000 179.50000000 584.66640000
v 242.69170000 171.50000000 575.02460000
v 242.69170000 179.50000000 575.02460000
v 230.47260000 171.50000000 563.61280000
v 230.47260000 179.50000000 563.61280000
v 219.92120000 171.50000000 550.64330000
v 219.92120000 179.50000000 550.64330000
v 211.23410000 171.50000000 536.35800000
v 211.23410000 179.50000000 536.35800000
v 204.57300000 171.50000000 521.02280000
v 204.57300000 179.50000000 521.02280000
v 200.06220000 171.50000000 504.92340000
v 200.06220000 179.50000000 504.92340000
v 197.78560000 171.50000000 488.35970000
v 197.78560000 179.50000000 488.35970000
v 197.78560000 171.50000000 471.64030000
v 197.78560000 179.50000000 471.64030000
v 200.06220000 171.50000000 455.07660000
v 200.06220000 179.50000000 455.07660000
v 204.57300000 171.50000000 438.97720000
v 204.57300000 179.50000000 438.97720000
v 211.23410000 171.50000000 423.64200000
v 211.23410000 179.50000000 423.64200000
v 219.92120000 171.50000000 409.35670000
v 219.92120000 179.50000000 409.35670000
v 230.47260000 179.50000000 396.38720000
v 230.47260000 171.50000000 396.38720000
v 242.69170000 171.50000000 384.97540000
v 242.69170000 179.50000000 384.97540000
v 256.35100000 179.50000000 375.33360000
v 256.35100000 171.50000000 375.33360000
v 271.19590000 171.50000000 367.64160000
v 271.19590000 179.50000000 367.64160000
v 286.94990000 171.50000000 362.04260000
v 286.94990000 179.50000000 362.04260000
v 303.31960000 179.50000000 358.64100000
v 303.31960000 171.50000000 358.64100000
v 320.00000000 171.50000000 357.50000000
v 320.00000000 179.50000000 357.50000000
v 302.23400000 120.00000000 620.63230000
v 320.00000000 171.50000000 621.75000000
v 302.23400000 171.50000000 620.63230000
v 320.00000000 120.00000000 621.75000000
v 284.74820000 120.00000000 617.29670000
v 284.74820000 171.50000000 617.29670000
v 267.81830000 120.00000000 611.79580000
v 267.81830000 171.50000000 611.79580000
v 251.71140000 120.00000000 604.21650000
v 251.71140000 171.50000000 604.21650000
v 236.68140000 120.00000000 594.67820000
v 236.68140000 171.50000000 594.67820000
v 222.96540000 120.00000000 583.33130000
v 222.96540000 171.50000000 583.33130000
v 210.77970000 120.00000000 570.35490000
v 210.77970000 171.50000000 570.35490000
v 200.31650000 120.00000000 555.95340000
v 200.31650000 171.50000000 555.95340000
v 191.74080000 120.00000000 540.35420000
v 191.74080000 171.50000000 540.35420000
v 185.18770000 120.00000000 523.80320000
v 185.18770000 171.50000000 523.80320000
v 180.76080000 120.00000000 506.56130000
v 180.76080000 171.50000000 506.56130000
v 178.52970000 120.00000000 488.90060000
v 178.52970000 171.50000000 488.90060000
v 178.52970000 120.00000000 471.09940000
v 178.52970000 171.50000000 471.09940000
v 180.76080000 120.00000000 453.43870000
v 180.76080000 171.50000000 453.43870000
v 185.18770000 120.00000000 436.19680000
v 185.18770000 171.50000000 436.19680000
v 191.74080000 120.00000000 419.64580000
v 191.74080000 171.50000000 419.64580000
v 200.31650000 120.00000000 404.04660000
v 200.31650000 171.50000000 404.04660000
v 210.77970000 120.00000000 389.64510000
v 210.77970000 171.50000000 389.64510000
v 222.96540000 120.00000000 376.66870000
v 222.96540000 171.50000000 376.66870000
v 236.68140000 171.50000000 365.32180000
v 236.68140000 120.00000000 365.32180000
v 251.71140000 120.00000000 355.78350000
v 251.71140000 171.50000000 355.78350000
v 267.81830000 120.00000000 348.20420000
v 267.81830000 171.50000000 348.20420000
v 284.74820000 120.00000000 342.70330000
v 284.74820000 171.50000000 342.70330000
v 302.23400000 120.00000000 339.36770000
v 302.23400000 171.50000000 339.36770000
v 320.00000000 120.00000000 338.25000000
v 320.00000000 171.50000000 338.25000000
v 302.20270000 100.00000000 620.88030000
v 320.00000000 120.00000000 622.00000000
v 302.20270000 120.00000000 620.88030000
v 320.00000000 100.00000000 622.00000000
v 284.68600000 100.00000000 617.53880000
v 284.68600000 120.00000000 617.53880000
v 267.72630000 100.00000000 612.02830000
v 267.72630000 120.00000000 612.02830000
v 251.59100000 100.00000000 604.43550000
v 251.59100000 120.00000000 604.43550000
v 236.53450000 100.00000000 594.88040000
v 236.53450000 120.00000000 594.88040000
v 222.79430000 100.00000000 583.51350000
v 222.79430000 120.00000000 583.51350000
v 210.58710000 100.00000000 570.51420000
v 210.58710000 120.00000000 570.51420000
v 200.10540000 100.00000000 556.08740000
v 200.10540000 120.00000000 556.08740000
v 191.51460000 100.00000000 540.46070000
v 191.51460000 120.00000000 540.46070000
v 184.95000000 100.00000000 523.88040000
v 184.95000000 120.00000000 523.88040000
v 180.51520000 100.00000000 506.60810000
v 180.51520000 120.00000000 506.60810000
v 178.28020000 100.00000000 488.91630000
v 178.28020000 120.00000000 488.91630000
v 178.28020000 100.00000000 471.08370000
v 178.28020000 120.00000000 471.08370000
v 180.51520000 100.00000000 453.39190000
v 180.51520000 120.00000000 453.39190000
v 184.95000000 100.00000000 436.11960000
v 184.95000000 120.00000000 436.11960000
v 191.51460000 100.00000000 419.53930000
v 191.51460000 120.00000000 419.53930000
v 200.10540000 100.00000000 403.91260000
v 200.10540000 120.00000000 403.91260000
v 210.58710000 100.00000000 389.48580000
v 210.58710000 120.00000000 389.48580000
v 222.79430000 100.00000000 376.48650000
v 222.79430000 120.00000000 376.48650000
v 236.53450000 100.00000000 365.11960000
v 236.53450000 120.00000000 365.11960000
v 251.59100000 100.00000000 355.56450000
v 251.59100000 120.00000000 355.56450000
v 267.72630000 100.00000000 347.97170000
v 267.72630000 120.00000000 347.97170000
v 284.68600000 100.00000000 342.46120000
v 284.68600000 120.00000000 342.46120000
v 302.20270000 100.00000000 339.11970000
v 302.20270000 120.00000000 339.11970000
v 320.00000000 100.00000000 338.00000000
v 320.00000000 120.00000000 338.00000000
v 300.41280000 70.00000000 641.31520000
v 320.00000000 100.00000000 642.50000000
v 300.41280000 100.00000000 641.31520000
v 320.00000000 70.00000000 642.50000000
v 281.11120000 70.00000000 637.77800000
v 281.11120000 100.00000000 637.77800000
v 262.37670000 70.00000000 631.94010000
v 262.37670000 100.00000000 631.94010000
v 244.48250000 70.00000000 623.88660000
v 244.48250000 100.00000000 623.88660000
v 227.68950000 70.00000000 613.73490000
v 227.68950000 100.00000000 613.73490000
v 212.24260000 70.00000000 601.63300000
v 212.24260000 100.00000000 601.63300000
v 198.36700000 70.00000000 587.75740000
v 198.36700000 100.00000000 587.75740000
v 186.26510000 70.00000000 572.31050000
v 186.26510000 100.00000000 572.31050000
v 176.11340000 70.00000000 555.51750000
v 176.11340000 100.00000000 555.51750000
v 168.05990000 70.00000000 537.62330000
v 168.05990000 100.00000000 537.62330000
v 162.22200000 70.00000000 518.88880000
v 162.22200000 100.00000000 518.88880000
v 158.68480000 70.00000000 499.58720000
v 158.68480000 100.00000000 499.58720000
v 157.50000000 70.00000000 480.00000000
v 157.50000000 100.00000000 480.00000000
v 158.68480000 70.00000000 460.41280000
v 158.68480000 100.00000000 460.41280000
v 162.22200000 100.00000000 441.11120000
v 162.22200000 70.00000000 441.11120000
v 168.05990000 70.00000000 422.37670000
v 168.05990000 100.00000000 422.37670000
v 176.11340000 100.00000000 404.48250000
v 176.11340000 70.00000000 404.48250000
v 186.26510000 100.00000000 387.68950000
v 186.26510000 70.00000000 387.68950000
v 198.36700000 100.00000000 372.24260000
v 198.36700000 70.00000000 372.24260000
v 212.24260000 100.00000000 358.36700000
v 212.24260000 70.00000000 358.36700000
v 227.68950000 100.00000000 346.26510000
v 227.68950000 70.00000000 346.26510000
v 244.48250000 70.00000000 336.11340000
v 244.48250000 100.00000000 336.11340000
v 262.37670000 70.00000000 328.05990000
v 262.37670000 100.00000000 328.05990000
v 281.11120000 100.00000000 322.22200000
v 281.11120000 70.00000000 322.22200000
v 300.41280000 100.00000000 318.68480000
v 300.41280000 70.00000000 318.68480000
v 320.00000000 70.00000000 317.50000000
v 320.00000000 100.00000000 317.50000000
v 338.27370000 70.00000000 341.19770000
v 320.00000000 74.60000000 340.00000000
v 320.00000000 70.00000000 340.00000000
v 338.27370000 74.60000000 341.19770000
v 356.23470000 70.00000000 344.77040000
v 356.23470000 74.60000000 344.77040000
v 373.57570000 70.00000000 350.65690000
v 373.57570000 74.60000000 350.65690000
v 390.00000000 70.00000000 358.75640000
v 390.00000000 74.60000000 358.75640000
v 405.22660000 74.60000000 368.93050000
v 405.22660000 70.00000000 368.93050000
v 418.99490000 70.00000000 381.00510000
v 418.99490000 74.60000000 381.00510000
v 431.06950000 70.00000000 394.77340000
v 431.06950000 74.60000000 394.77340000
v 441.24360000 70.00000000 410.00000000
v 441.24360000 74.60000000 410.00000000
v 449.34310000 70.00000000 426.42430000
v 449.34310000 74.60000000 426.42430000
v 455.22960000 70.00000000 443.76530000
v 455.22960000 74.60000000 443.76530000
v 458.80230000 70.00000000 461.72630000
v 458.80230000 74.60000000 461.72630000
v 460.00000000 70.00000000 480.00000000
v 460.00000000 74.60000000 480.00000000
v 458.80230000 70.00000000 498.27370000
v 458.80230000 74.60000000 498.27370000
v 455.22960000 70.00000000 516.23470000
v 455.22960000 74.60000000 516.23470000
v 449.34310000 70.00000000 533.57570000
v 449.34310000 74.60000000 533.57570000
v 441.24360000 74.60000000 550.00000000
v 441.24360000 70.00000000 550.00000000
v 431.06950000 70.00000000 565.22660000
v 431.06950000 74.60000000 565.22660000
v 418.99490000 70.00000000 578.99490000
v 418.99490000 74.60000000 578.99490000
v 405.22660000 70.00000000 591.06950000
v 405.22660000 74.60000000 591.06950000
v 390.00000000 70.00000000 601.24360000
v 390.00000000 74.60000000 601.24360000
v 373.57570000 70.00000000 609.34310000
v 373.57570000 74.60000000 609.34310000
v 356.23470000 74.60000000 615.22960000
v 356.23470000 70.00000000 615.22960000
v 338.27370000 70.00000000 618.80230000
v 338.27370000 74.60000000 618.80230000
v 320.00000000 70.00000000 620.00000000
v 320.00000000 74.60000000 620.00000000
v 302.70530000 70.00000000 611.36640000
v 320.00000000 74.60000000 612.50000000
v 302.70530000 74.60000000 611.36640000
v 320.00000000 70.00000000 612.50000000
v 285.70650000 70.00000000 607.98520000
v 285.70650000 74.60000000 607.98520000
v 269.29440000 70.00000000 602.41400000
v 269.29440000 74.60000000 602.41400000
v 253.75000000 70.00000000 594.74840000
v 253.75000000 74.60000000 594.74840000
v 239.33910000 70.00000000 585.11930000
v 239.33910000 74.60000000 585.11930000
v 226.30840000 74.60000000 573.69160000
v 226.30840000 70.00000000 573.69160000
v 214.88070000 70.00000000 560.66090000
v 214.88070000 74.60000000 560.66090000
v 205.25160000 70.00000000 546.25000000
v 205.25160000 74.60000000 546.25000000
v 197.58600000 74.60000000 530.70560000
v 197.58600000 70.00000000 530.70560000
v 192.01480000 70.00000000 514.29350000
v 192.01480000 74.60000000 514.29350000
v 188.63360000 70.00000000 497.29470000
v 188.63360000 74.60000000 497.29470000
v 187.50000000 70.00000000 480.00000000
v 187.50000000 74.60000000 480.00000000
v 188.63360000 70.00000000 462.70530000
v 188.63360000 74.60000000 462.70530000
v 192.01480000 70.00000000 445.70650000
v 192.01480000 74.60000000 445.70650000
v 197.58600000 70.00000000 429.29440000
v 197.58600000 74.60000000 429.29440000
v 205.25160000 70.00000000 413.75000000
v 205.25160000 74.60000000 413.75000000
v 214.88070000 70.00000000 399.33910000
v 214.88070000 74.60000000 399.33910000
v 226.30840000 70.00000000 386.30840000
v 226.30840000 74.60000000 386.30840000
v 239.33910000 74.60000000 374.88070000
v 239.33910000 70.00000000 374.88070000
v 253.75000000 70.00000000 365.25160000
v 253.75000000 74.60000000 365.25160000
v 269.29440000 70.00000000 357.58600000
v 269.29440000 74.60000000 357.58600000
v 285.70650000 74.60000000 352.01480000
v 285.70650000 70.00000000 352.01480000
v 302.70530000 70.00000000 348.63360000
v 302.70530000 74.60000000 348.63360000
v 320.00000000 74.60000000 347.50000000
v 320.00000000 70.00000000 347.50000000
v 320.00000000 66.80000000 590.85000000
v 320.00000000 70.00000000 590.85000000
v 304.22440000 70.00000000 589.72170000
v 304.22440000 66.80000000 589.72170000
v 288.76990000 70.00000000 586.35980000
v 288.76990000 66.80000000 586.35980000
v 273.95120000 70.00000000 580.83270000
v 273.95120000 66.80000000 580.83270000
v 260.07000000 70.00000000 573.25300000
v 260.07000000 66.80000000 573.25300000
v 247.40870000 70.00000000 563.77480000
v 247.40870000 66.80000000 563.77480000
v 236.22520000 70.00000000 552.59130000
v 236.22520000 66.80000000 552.59130000
v 226.74700000 70.00000000 539.93000000
v 226.74700000 66.80000000 539.93000000
v 219.16730000 70.00000000 526.04880000
v 219.16730000 66.80000000 526.04880000
v 213.64020000 70.00000000 511.23010000
v 213.64020000 66.80000000 511.23010000
v 210.27830000 70.00000000 495.77560000
v 210.27830000 66.80000000 495.77560000
v 209.15000000 70.00000000 480.00000000
v 209.15000000 66.80000000 480.00000000
v 210.27830000 66.80000000 464.22440000
v 210.27830000 70.00000000 464.22440000
v 213.64020000 70.00000000 448.76990000
v 213.64020000 66.80000000 448.76990000
v 219.16730000 70.00000000 433.95120000
v 219.16730000 66.80000000 433.95120000
v 226.74700000 66.80000000 420.07000000
v 226.74700000 70.00000000 420.07000000
v 236.22520000 66.80000000 407.40870000
v 236.22520000 70.00000000 407.40870000
v 247.40870000 66.80000000 396.22520000
v 247.40870000 70.00000000 396.22520000
v 260.07000000 70.00000000 386.74700000
v 260.07000000 66.80000000 386.74700000
v 273.95120000 66.80000000 379.16730000
v 273.95120000 70.00000000 379.16730000
v 288.76990000 66.80000000 373.64020000
v 288.76990000 70.00000000 373.64020000
v 304.22440000 66.80000000 370.27830000
v 304.22440000 70.00000000 370.27830000
v 320.00000000 66.80000000 369.15000000
v 320.00000000 70.00000000 369.15000000
v 320.00000000 54.50000000 587.00000000
v 320.00000000 66.80000000 587.00000000
v 304.05250000 66.80000000 585.80490000
v 304.05250000 54.50000000 585.80490000
v 288.46120000 66.80000000 582.24630000
v 288.46120000 54.50000000 582.24630000
v 273.57440000 66.80000000 576.40370000
v 273.57440000 54.50000000 576.40370000
v 259.72480000 66.80000000 568.40750000
v 259.72480000 54.50000000 568.40750000
v 247.22150000 66.80000000 558.43660000
v 247.22150000 54.50000000 558.43660000
v 236.34400000 66.80000000 546.71340000
v 236.34400000 54.50000000 546.71340000
v 227.33530000 66.80000000 533.50000000
v 227.33530000 54.50000000 533.50000000
v 220.39650000 66.80000000 519.09150000
v 220.39650000 54.50000000 519.09150000
v 215.68270000 66.80000000 503.80970000
v 215.68270000 54.50000000 503.80970000
v 213.29920000 54.50000000 487.99610000
v 213.29920000 66.80000000 487.99610000
v 213.29920000 66.80000000 472.00390000
v 213.29920000 54.50000000 472.00390000
v 215.68270000 54.50000000 456.19030000
v 215.68270000 66.80000000 456.19030000
v 220.39650000 54.50000000 440.90850000
v 220.39650000 66.80000000 440.90850000
v 227.33530000 54.50000000 426.50000000
v 227.33530000 66.80000000 426.50000000
v 236.34400000 54.50000000 413.28660000
v 236.34400000 66.80000000 413.28660000
v 247.22150000 54.50000000 401.56340000
v 247.22150000 66.80000000 401.56340000
v 259.72480000 66.80000000 391.59250000
v 259.72480000 54.50000000 391.59250000
v 273.57440000 54.50000000 383.59630000
v 273.57440000 66.80000000 383.59630000
v 288.46120000 54.50000000 377.75370000
v 288.46120000 66.80000000 377.75370000
v 304.05250000 54.50000000 374.19510000
v 304.05250000 66.80000000 374.19510000
v 320.00000000 54.50000000 373.00000000
v 320.00000000 66.80000000 373.00000000
v 439.93780000 179.50000000 455.07660000
v 435.42700000 179.50000000 438.97720000
v 428.76590000 179.50000000 423.64200000
v 336.68040000 179.50000000 358.64100000
v 368.80410000 179.50000000 367.64160000
v 353.05010000 179.50000000 362.04260000
v 383.64900000 179.50000000 375.33360000
v 397.30830000 179.50000000 384.97540000
v 409.52740000 179.50000000 396.38720000
v 442.21440000 179.50000000 488.35970000
v 420.07880000 179.50000000 409.35670000
v 442.21440000 179.50000000 471.64030000
v 435.42700000 179.50000000 521.02280000
v 439.93780000 179.50000000 504.92340000
v 420.07880000 179.50000000 550.64330000
v 428.76590000 179.50000000 536.35800000
v 397.30830000 179.50000000 575.02460000
v 409.52740000 179.50000000 563.61280000
v 368.80410000 179.50000000 592.35840000
v 383.64900000 179.50000000 584.66640000
v 336.68040000 179.50000000 601.35900000
v 353.05010000 179.50000000 597.95740000
v 336.68040000 171.50000000 358.64100000
v 353.05010000 171.50000000 362.04260000
v 368.80410000 171.50000000 367.64160000
v 383.64900000 171.50000000 375.33360000
v 397.30830000 171.50000000 384.97540000
v 409.52740000 171.50000000 396.38720000
v 420.07880000 171.50000000 409.35670000
v 428.76590000 171.50000000 423.64200000
v 435.42700000 171.50000000 438.97720000
v 439.93780000 171.50000000 455.07660000
v 442.21440000 171.50000000 471.64030000
v 442.21440000 171.50000000 488.35970000
v 439.93780000 171.50000000 504.92340000
v 435.42700000 171.50000000 521.02280000
v 428.76590000 171.50000000 536.35800000
v 420.07880000 171.50000000 550.64330000
v 409.52740000 171.50000000 563.61280000
v 397.30830000 171.50000000 575.02460000
v 383.64900000 171.50000000 584.66640000
v 368.80410000 171.50000000 592.35840000
v 353.05010000 171.50000000 597.95740000
v 336.68040000 171.50000000 601.35900000
v 429.22030000 171.50000000 389.64510000
v 417.03460000 171.50000000 376.66870000
v 403.31860000 171.50000000 365.32180000
v 439.68350000 171.50000000 404.04660000
v 388.28860000 171.50000000 355.78350000
v 448.25920000 171.50000000 419.64580000
v 372.18170000 171.50000000 348.20420000
v 454.81230000 171.50000000 436.19680000
v 355.25180000 171.50000000 342.70330000
v 459.23920000 171.50000000 453.43870000
v 337.76600000 171.50000000 339.36770000
v 461.47030000 171.50000000 471.09940000
v 461.47030000 171.50000000 488.90060000
v 459.23920000 171.50000000 506.56130000
v 454.81230000 171.50000000 523.80320000
v 448.25920000 171.50000000 540.35420000
v 439.68350000 171.50000000 555.95340000
v 429.22030000 171.50000000 570.35490000
v 417.03460000 171.50000000 583.33130000
v 403.31860000 171.50000000 594.67820000
v 388.28860000 171.50000000 604.21650000
v 372.18170000 171.50000000 611.79580000
v 355.25180000 171.50000000 617.29670000
v 337.76600000 171.50000000 620.63230000
v 337.76600000 120.00000000 339.36770000
v 355.25180000 120.00000000 342.70330000
v 372.18170000 120.00000000 348.20420000
v 388.28860000 120.00000000 355.78350000
v 403.31860000 120.00000000 365.32180000
v 417.03460000 120.00000000 376.66870000
v 429.22030000 120.00000000 389.64510000
v 439.68350000 120.00000000 404.04660000
v 448.25920000 120.00000000 419.64580000
v 454.81230000 120.00000000 436.19680000
v 459.23920000 120.00000000 453.43870000
v 461.47030000 120.00000000 471.09940000
v 461.47030000 120.00000000 488.90060000
v 459.23920000 120.00000000 506.56130000
v 454.81230000 120.00000000 523.80320000
v 448.25920000 120.00000000 540.35420000
v 439.68350000 120.00000000 555.95340000
v 429.22030000 120.00000000 570.35490000
v 417.03460000 120.00000000 583.33130000
v 403.31860000 120.00000000 594.67820000
v 388.28860000 120.00000000 604.21650000
v 372.18170000 120.00000000 611.79580000
v 355.25180000 120.00000000 617.29670000
v 337.76600000 120.00000000 620.63230000
v 429.41290000 120.00000000 389.48580000
v 417.20570000 120.00000000 376.48650000
v 403.46550000 120.00000000 365.11960000
v 439.89460000 120.00000000 403.91260000
v 388.40900000 120.00000000 355.56450000
v 448.48540000 120.00000000 419.53930000
v 372.27370000 120.00000000 347.97170000
v 455.05000000 120.00000000 436.11960000
v 355.31400000 120.00000000 342.46120000
v 459.48480000 120.00000000 453.39190000
v 337.79730000 120.00000000 339.11970000
v 461.71980000 120.00000000 471.08370000
v 461.71980000 120.00000000 488.91630000
v 459.48480000 120.00000000 506.60810000
v 455.05000000 120.00000000 523.88040000
v 448.48540000 120.00000000 540.46070000
v 439.89460000 120.00000000 556.08740000
v 429.41290000 120.00000000 570.51420000
v 417.20570000 120.00000000 583.51350000
v 403.46550000 120.00000000 594.88040000
v 388.40900000 120.00000000 604.43550000
v 372.27370000 120.00000000 612.02830000
v 355.31400000 120.00000000 617.53880000
v 337.79730000 120.00000000 620.88030000
v 337.79730000 100.00000000 339.11970000
v 355.31400000 100.00000000 342.46120000
v 372.27370000 100.00000000 347.97170000
v 388.40900000 100.00000000 355.56450000
v 403.46550000 100.00000000 365.11960000
v 417.20570000 100.00000000 376.48650000
v 429.41290000 100.00000000 389.48580000
v 439.89460000 100.00000000 403.91260000
v 448.48540000 100.00000000 419.53930000
v 455.05000000 100.00000000 436.11960000
v 459.48480000 100.00000000 453.39190000
v 461.71980000 100.00000000 471.08370000
v 461.71980000 100.00000000 488.91630000
v 459.48480000 100.00000000 506.60810000
v 455.05000000 100.00000000 523.88040000
v 448.48540000 100.00000000 540.46070000
v 439.89460000 100.00000000 556.08740000
v 429.41290000 100.00000000 570.51420000
v 417.20570000 100.00000000 583.51350000
v 403.46550000 100.00000000 594.88040000
v 388.40900000 100.00000000 604.43550000
v 372.27370000 100.00000000 612.02830000
v 355.31400000 100.00000000 617.53880000
v 337.79730000 100.00000000 620.88030000
v 441.63300000 100.00000000 372.24260000
v 427.75740000 100.00000000 358.36700000
v 453.73490000 100.00000000 387.68950000
v 412.31050000 100.00000000 346.26510000
v 463.88660000 100.00000000 404.48250000
v 395.51750000 100.00000000 336.11340000
v 471.94010000 100.00000000 422.37670000
v 377.62330000 100.00000000 328.05990000
v 477.77800000 100.00000000 441.11120000
v 358.88880000 100.00000000 322.22200000
v 481.31520000 100.00000000 460.41280000
v 339.58720000 100.00000000 318.68480000
v 482.50000000 100.00000000 480.00000000
v 481.31520000 100.00000000 499.58720000
v 477.77800000 100.00000000 518.88880000
v 471.94010000 100.00000000 537.62330000
v 463.88660000 100.00000000 555.51750000
v 453.73490000 100.00000000 572.31050000
v 441.63300000 100.00000000 587.75740000
v 427.75740000 100.00000000 601.63300000
v 412.31050000 100.00000000 613.73490000
v 395.51750000 100.00000000 623.88660000
v 377.62330000 100.00000000 631.94010000
v 358.88880000 100.00000000 637.77800000
v 339.58720000 100.00000000 641.31520000
v 339.58720000 70.00000000 318.68480000
v 358.88880000 70.00000000 322.22200000
v 377.62330000 70.00000000 328.05990000
v 395.51750000 70.00000000 336.11340000
v 412.31050000 70.00000000 346.26510000
v 427.75740000 70.00000000 358.36700000
v 441.63300000 70.00000000 372.24260000
v 453.73490000 70.00000000 387.68950000
v 463.88660000 70.00000000 404.48250000
v 471.94010000 70.00000000 422.37670000
v 477.77800000 70.00000000 441.11120000
v 481.31520000 70.00000000 460.41280000
v 482.50000000 70.00000000 480.00000000
v 481.31520000 70.00000000 499.58720000
v 477.77800000 70.00000000 518.88880000
v 471.94010000 70.00000000 537.62330000
v 463.88660000 70.00000000 555.51750000
v 453.73490000 70.00000000 572.31050000
v 441.63300000 70.00000000 587.75740000
v 427.75740000 70.00000000 601.63300000
v 412.31050000 70.00000000 613.73490000
v 395.51750000 70.00000000 623.88660000
v 377.62330000 70.00000000 631.94010000
v 358.88880000 70.00000000 637.77800000
v 339.58720000 70.00000000 641.31520000
v 301.72630000 70.00000000 618.80230000
v 283.76530000 70.00000000 615.22960000
v 266.42430000 70.00000000 609.34310000
v 250.00000000 70.00000000 601.24360000
v 234.77340000 70.00000000 591.06950000
v 221.00510000 70.00000000 578.99490000
v 208.93050000 70.00000000 565.22660000
v 198.75640000 70.00000000 550.00000000
v 190.65690000 70.00000000 533.57570000
v 184.77040000 70.00000000 516.23470000
v 181.19770000 70.00000000 498.27370000
v 180.00000000 70.00000000 480.00000000
v 301.72630000 70.00000000 341.19770000
v 181.19770000 70.00000000 461.72630000
v 184.77040000 70.00000000 443.76530000
v 283.76530000 70.00000000 344.77040000
v 266.42430000 70.00000000 350.65690000
v 190.65690000 70.00000000 426.42430000
v 250.00000000 70.00000000 358.75640000
v 198.75640000 70.00000000 410.00000000
v 208.93050000 70.00000000 394.77340000
v 234.77340000 70.00000000 368.93050000
v 221.00510000 70.00000000 381.00510000
v 301.72630000 74.60000000 618.80230000
v 283.76530000 74.60000000 615.22960000
v 266.42430000 74.60000000 609.34310000
v 250.00000000 74.60000000 601.24360000
v 234.77340000 74.60000000 591.06950000
v 221.00510000 74.60000000 578.99490000
v 208.93050000 74.60000000 565.22660000
v 198.75640000 74.60000000 550.00000000
v 190.65690000 74.60000000 533.57570000
v 184.77040000 74.60000000 516.23470000
v 181.19770000 74.60000000 498.27370000
v 180.00000000 74.60000000 480.00000000
v 181.19770000 74.60000000 461.72630000
v 184.77040000 74.60000000 443.76530000
v 190.65690000 74.60000000 426.42430000
v 198.75640000 74.60000000 410.00000000
v 208.93050000 74.60000000 394.77340000
v 221.00510000 74.60000000 381.00510000
v 234.77340000 74.60000000 368.93050000
v 250.00000000 74.60000000 358.75640000
v 266.42430000 74.60000000 350.65690000
v 283.76530000 74.60000000 344.77040000
v 301.72630000 74.60000000 341.19770000
v 413.69160000 74.60000000 386.30840000
v 400.66090000 74.60000000 374.88070000
v 425.11930000 74.60000000 399.33910000
v 386.25000000 74.60000000 365.25160000
v 434.74840000 74.60000000 413.75000000
v 442.41400000 74.60000000 429.29440000
v 370.70560000 74.60000000 357.58600000
v 354.29350000 74.60000000 352.01480000
v 447.98520000 74.60000000 445.70650000
v 337.29470000 74.60000000 348.63360000
v 451.36640000 74.60000000 462.70530000
v 452.50000000 74.60000000 480.00000000
v 451.36640000 74.60000000 497.29470000
v 447.98520000 74.60000000 514.29350000
v 442.41400000 74.60000000 530.70560000
v 434.74840000 74.60000000 546.25000000
v 425.11930000 74.60000000 560.66090000
v 413.69160000 74.60000000 573.69160000
v 400.66090000 74.60000000 585.11930000
v 386.25000000 74.60000000 594.74840000
v 370.70560000 74.60000000 602.41400000
v 354.29350000 74.60000000 607.98520000
v 337.29470000 74.60000000 611.36640000
v 337.29470000 70.00000000 348.63360000
v 354.29350000 70.00000000 352.01480000
v 370.70560000 70.00000000 357.58600000
v 386.25000000 70.00000000 365.25160000
v 400.66090000 70.00000000 374.88070000
v 413.69160000 70.00000000 386.30840000
v 425.11930000 70.00000000 399.33910000
v 434.74840000 70.00000000 413.75000000
v 442.41400000 70.00000000 429.29440000
v 447.98520000 70.00000000 445.70650000
v 451.36640000 70.00000000 462.70530000
v 452.50000000 70.00000000 480.00000000
v 451.36640000 70.00000000 497.29470000
v 447.98520000 70.00000000 514.29350000
v 442.41400000 70.00000000 530.70560000
v 434.74840000 70.00000000 546.25000000
v 425.11930000 70.00000000 560.66090000
v 413.69160000 70.00000000 573.69160000
v 400.66090000 70.00000000 585.11930000
v 386.25000000 70.00000000 594.74840000
v 370.70560000 70.00000000 602.41400000
v 354.29350000 70.00000000 607.98520000
v 337.29470000 70.00000000 611.36640000
v 392.59130000 70.00000000 563.77480000
v 403.77480000 70.00000000 552.59130000
v 379.93000000 70.00000000 573.25300000
v 413.25300000 70.00000000 539.93000000
v 366.04880000 70.00000000 580.83270000
v 420.83270000 70.00000000 526.04880000
v 351.23010000 70.00000000 586.35980000
v 426.35980000 70.00000000 511.23010000
v 335.77560000 70.00000000 589.72170000
v 429.72170000 70.00000000 495.77560000
v 430.85000000 70.00000000 480.00000000
v 429.72170000 70.00000000 464.22440000
v 426.35980000 70.00000000 448.76990000
v 420.83270000 70.00000000 433.95120000
v 413.25300000 70.00000000 420.07000000
v 403.77480000 70.00000000 407.40870000
v 392.59130000 70.00000000 396.22520000
v 379.93000000 70.00000000 386.74700000
v 366.04880000 70.00000000 379.16730000
v 351.23010000 70.00000000 373.64020000
v 335.77560000 70.00000000 370.27830000
v 335.77560000 66.80000000 370.27830000
v 351.23010000 66.80000000 373.64020000
v 366.04880000 66.80000000 379.16730000
v 379.93000000 66.80000000 386.74700000
v 392.59130000 66.80000000 396.22520000
v 403.77480000 66.80000000 407.40870000
v 413.25300000 66.80000000 420.07000000
v 420.83270000 66.80000000 433.95120000
v 426.35980000 66.80000000 448.76990000
v 429.72170000 66.80000000 464.22440000
v 430.85000000 66.80000000 480.00000000
v 429.72170000 66.80000000 495.77560000
v 426.35980000 66.80000000 511.23010000
v 420.83270000 66.80000000 526.04880000
v 413.25300000 66.80000000 539.93000000
v 403.77480000 66.80000000 552.59130000
v 392.59130000 66.80000000 563.77480000
v 379.93000000 66.80000000 573.25300000
v 366.04880000 66.80000000 580.83270000
v 351.23010000 66.80000000 586.35980000
v 335.77560000 66.80000000 589.72170000
v 392.77850000 66.80000000 558.43660000
v 403.65600000 66.80000000 546.71340000
v 380.27520000 66.80000000 568.40750000
v 412.66470000 66.80000000 533.50000000
v 366.42560000 66.80000000 576.40370000
v 419.60350000 66.80000000 519.09150000
v 351.53880000 66.80000000 582.24630000
v 424.31730000 66.80000000 503.80970000
v 335.94750000 66.80000000 585.80490000
v 426.70080000 66.80000000 487.99610000
v 426.70080000 66.80000000 472.00390000
v 424.31730000 66.80000000 456.19030000
v 419.60350000 66.80000000 440.90850000
v 412.66470000 66.80000000 426.50000000
v 403.65600000 66.80000000 413.28660000
v 392.77850000 66.80000000 401.56340000
v 380.27520000 66.80000000 391.59250000
v 366.42560000 66.80000000 383.59630000
v 351.53880000 66.80000000 377.75370000
v 335.94750000 66.80000000 374.19510000
v 335.94750000 54.50000000 374.19510000
v 351.53880000 54.50000000 377.75370000
v 366.42560000 54.50000000 383.59630000
v 380.27520000 54.50000000 391.59250000
v 392.77850000 54.50000000 401.56340000
v 403.65600000 54.50000000 413.28660000
v 412.66470000 54.50000000 426.50000000
v 419.60350000 54.50000000 440.90850000
v 424.31730000 54.50000000 456.19030000
v 426.70080000 54.50000000 472.00390000
v 426.70080000 54.50000000 487.99610000
v 424.31730000 54.50000000 503.80970000
v 419.60350000 54.50000000 519.09150000
v 412.66470000 54.50000000 533.50000000
v 403.65600000 54.50000000 546.71340000
v 392.77850000 54.50000000 558.43660000
v 380.27520000 54.50000000 568.40750000
v 366.42560000 54.50000000 576.40370000
v 351.53880000 54.50000000 582.24630000
v 335.94750000 54.50000000 585.80490000
v 393.66300000 -2.00000000 531.44640000
v 393.50000000 -17.00000000 530.00000000
v 393.50000000 -2.00000000 530.00000000
v 393.66300000 -17.00000000 531.44640000
v 394.14370000 -2.00000000 532.82020000
v 394.14370000 -17.00000000 532.82020000
v 394.91810000 -2.00000000 534.05270000
v 394.91810000 -17.00000000 534.05270000
v 395.94730000 -2.00000000 535.08190000
v 395.94730000 -17.00000000 535.08190000
v 397.17980000 -2.00000000 535.85630000
v 397.17980000 -17.00000000 535.85630000
v 398.55360000 -2.00000000 536.33700000
v 398.55360000 -17.00000000 536.33700000
v 400.00000000 -2.00000000 536.50000000
v 400.00000000 -17.00000000 536.50000000
v 271.09260000 -193.50000000 490.39560000
v 270.00000000 -198.50000000 480.00000000
v 271.09260000 -198.50000000 490.39560000
v 270.00000000 -193.50000000 480.00000000
v 274.32270000 -193.50000000 500.33680000
v 274.32270000 -198.50000000 500.33680000
v 279.54920000 -193.50000000 509.38930000
v 279.54920000 -198.50000000 509.38930000
v 286.54350000 -198.50000000 517.15720000
v 286.54350000 -193.50000000 517.15720000
v 295.00000000 -198.50000000 523.30130000
v 295.00000000 -193.50000000 523.30130000
v 304.54920000 -193.50000000 527.55280000
v 304.54920000 -198.50000000 527.55280000
v 314.77360000 -193.50000000 529.72610000
v 314.77360000 -198.50000000 529.72610000
v 325.22640000 -193.50000000 529.72610000
v 325.22640000 -198.50000000 529.72610000
v 335.45080000 -193.50000000 527.55280000
v 335.45080000 -198.50000000 527.55280000
v 345.00000000 -198.50000000 523.30130000
v 345.00000000 -193.50000000 523.30130000
v 353.45650000 -193.50000000 517.15720000
v 353.45650000 -198.50000000 517.15720000
v 360.45080000 -193.50000000 509.38930000
v 360.45080000 -198.50000000 509.38930000
v 365.67730000 -193.50000000 500.33680000
v 365.67730000 -198.50000000 500.33680000
v 368.90740000 -193.50000000 490.39560000
v 368.90740000 -198.50000000 490.39560000
v 370.00000000 -193.50000000 480.00000000
v 370.00000000 -198.50000000 480.00000000
v 281.16230000 -198.50000000 489.57260000
v 280.00000000 -226.50000000 480.00000000
v 281.16230000 -226.50000000 489.57260000
v 280.00000000 -198.50000000 480.00000000
v 284.58180000 -198.50000000 498.58890000
v 284.58180000 -226.50000000 498.58890000
v 290.05960000 -198.50000000 506.52490000
v 290.05960000 -226.50000000 506.52490000
v 297.27740000 -226.50000000 512.91940000
v 297.27740000 -198.50000000 512.91940000
v 305.81580000 -198.50000000 517.40060000
v 305.81580000 -226.50000000 517.40060000
v 315.17850000 -198.50000000 519.70840000
v 315.17850000 -226.50000000 519.70840000
v 324.82150000 -226.50000000 519.70840000
v 324.82150000 -198.50000000 519.70840000
v 334.18420000 -198.50000000 517.40060000
v 334.18420000 -226.50000000 517.40060000
v 342.72260000 -198.50000000 512.91940000
v 342.72260000 -226.50000000 512.91940000
v 349.94040000 -198.50000000 506.52490000
v 349.94040000 -226.50000000 506.52490000
v 355.41820000 -198.50000000 498.58890000
v 355.41820000 -226.50000000 498.58890000
v 358.83770000 -198.50000000 489.57260000
v 358.83770000 -226.50000000 489.57260000
v 360.00000000 -198.50000000 480.00000000
v 360.00000000 -226.50000000 480.00000000
v 194.50000000 -171.50000000 462.50000000
v 175.50000000 -171.50000000 462.50000000
v 175.50000000 -167.31200000 463.00850000
v 194.50000000 -167.31200000 463.00850000
v 175.50000000 -163.36730000 464.50450000
v 194.50000000 -163.36730000 464.50450000
v 175.50000000 -159.89540000 466.90110000
v 194.50000000 -159.89540000 466.90110000
v 175.50000000 -157.09780000 470.05890000
v 194.50000000 -157.09780000 470.05890000
v 175.50000000 -155.13720000 473.79440000
v 194.50000000 -155.13720000 473.79440000
v 175.50000000 -154.12760000 477.89060000
v 194.50000000 -154.12760000 477.89060000
v 175.50000000 -154.12760000 482.10940000
v 194.50000000 -154.12760000 482.10940000
v 175.50000000 -155.13720000 486.20560000
v 194.50000000 -155.13720000 486.20560000
v 175.50000000 -157.09780000 489.94110000
v 194.50000000 -157.09780000 489.94110000
v 175.50000000 -159.89540000 493.09890000
v 194.50000000 -159.89540000 493.09890000
v 194.50000000 -163.36730000 495.49550000
v 175.50000000 -163.36730000 495.49550000
v 194.50000000 -167.31200000 496.99150000
v 175.50000000 -167.31200000 496.99150000
v 194.50000000 -171.50000000 497.50000000
v 175.50000000 -171.50000000 497.50000000
v 376.50000000 -2.00000000 400.00000000
v 398.18480000 -2.00000000 395.66650000
v 391.58910000 -2.00000000 390.00000000
v 376.50000000 -2.00000000 390.00000000
v 376.31110000 -2.00000000 401.55560000
v 375.75550000 -2.00000000 403.02070000
v 404.33350000 -2.00000000 401.81520000
v 374.86530000 -2.00000000 404.31030000
v 410.00000000 -2.00000000 408.41090000
v 373.69240000 -2.00000000 405.34940000
v 372.30490000 -2.00000000 406.07760000
v 400.00000000 -2.00000000 523.50000000
v 410.00000000 -2.00000000 523.50000000
v 398.55360000 -2.00000000 523.66300000
v 370.78350000 -2.00000000 406.45260000
v 397.17980000 -2.00000000 524.14370000
v 369.21650000 -2.00000000 406.45260000
v 395.94730000 -2.00000000 524.91810000
v 367.69510000 -2.00000000 406.07760000
v 394.91810000 -2.00000000 525.94730000
v 366.30760000 -2.00000000 405.34940000
v 394.14370000 -2.00000000 527.17980000
v 248.41090000 -2.00000000 390.00000000
v 363.68890000 -2.00000000 401.55560000
v 363.50000000 -2.00000000 400.00000000
v 363.50000000 -2.00000000 390.00000000
v 410.00000000 -2.00000000 551.58910000
v 410.00000000 -2.00000000 536.50000000
v 404.33350000 -2.00000000 558.18480000
v 398.18480000 -2.00000000 564.33350000
v 391.58910000 -2.00000000 570.00000000
v 244.31030000 -2.00000000 425.13470000
v 241.81520000 -2.00000000 395.66650000
v 245.34940000 -2.00000000 426.30760000
v 243.02070000 -2.00000000 424.24450000
v 235.66650000 -2.00000000 401.81520000
v 246.07760000 -2.00000000 427.69510000
v 241.55560000 -2.00000000 423.68890000
v 246.45260000 -2.00000000 429.21650000
v 364.24450000 -2.00000000 403.02070000
v 240.00000000 -2.00000000 423.50000000
v 230.00000000 -2.00000000 408.41090000
v 246.45260000 -2.00000000 430.78350000
v 365.13470000 -2.00000000 404.31030000
v 246.07760000 -2.00000000 432.30490000
v 245.34940000 -2.00000000 433.69240000
v 230.00000000 -2.00000000 423.50000000
v 274.86530000 -2.00000000 555.68970000
v 393.66300000 -2.00000000 528.55360000
v 273.69240000 -2.00000000 554.65060000
v 275.75550000 -2.00000000 556.97930000
v 272.30490000 -2.00000000 553.92240000
v 244.31030000 -2.00000000 434.86530000
v 276.31110000 -2.00000000 558.44440000
v 270.78350000 -2.00000000 553.54740000
v 243.02070000 -2.00000000 435.75550000
v 276.50000000 -2.00000000 560.00000000
v 269.21650000 -2.00000000 553.54740000
v 241.55560000 -2.00000000 436.31110000
v 267.69510000 -2.00000000 553.92240000
v 276.50000000 -2.00000000 570.00000000
v 230.00000000 -2.00000000 551.58910000
v 265.13470000 -2.00000000 555.68970000
v 266.30760000 -2.00000000 554.65060000
v 240.00000000 -2.00000000 436.50000000
v 230.00000000 -2.00000000 436.50000000
v 248.41090000 -2.00000000 570.00000000
v 263.50000000 -2.00000000 570.00000000
v 263.50000000 -2.00000000 560.00000000
v 235.66650000 -2.00000000 558.18480000
v 264.24450000 -2.00000000 556.97930000
v 241.81520000 -2.00000000 564.33350000
v 263.68890000 -2.00000000 558.44440000
v 276.31110000 -17.00000000 558.44440000
v 276.50000000 -17.00000000 560.00000000
v 275.75550000 -17.00000000 556.97930000
v 274.86530000 -17.00000000 555.68970000
v 273.69240000 -17.00000000 554.65060000
v 272.30490000 -17.00000000 553.92240000
v 270.78350000 -17.00000000 553.54740000
v 269.21650000 -17.00000000 553.54740000
v 267.69510000 -17.00000000 553.92240000
v 266.30760000 -17.00000000 554.65060000
v 265.13470000 -17.00000000 555.68970000
v 264.24450000 -17.00000000 556.97930000
v 263.68890000 -17.00000000 558.44440000
v 263.50000000 -17.00000000 560.00000000
v 263.50000000 -17.00000000 570.00000000
v 370.00000000 -22.00000000 570.00000000
v 391.58910000 -22.00000000 570.00000000
v 270.00000000 -22.00000000 570.00000000
v 270.00000000 -193.50000000 570.00000000
v 370.00000000 -193.50000000 570.00000000
v 276.50000000 -17.00000000 570.00000000
v 248.41090000 -22.00000000 570.00000000
v 230.00000000 -22.00000000 551.58910000
v 235.66650000 -22.00000000 558.18480000
v 241.81520000 -22.00000000 564.33350000
v 230.00000000 -17.00000000 423.50000000
v 230.00000000 -22.00000000 408.41090000
v 230.00000000 -22.00000000 430.00000000
v 230.00000000 -17.00000000 436.50000000
v 230.00000000 -22.00000000 530.00000000
v 230.00000000 -149.80000000 436.00000000
v 230.00000000 -149.80000000 430.00000000
v 230.00000000 -151.50000000 460.00000000
v 230.00000000 -151.50000000 500.00000000
v 230.00000000 -191.50000000 460.00000000
v 230.00000000 -193.50000000 436.00000000
v 230.00000000 -193.50000000 530.00000000
v 230.00000000 -191.50000000 500.00000000
v 240.00000000 -17.00000000 436.50000000
v 241.55560000 -17.00000000 436.31110000
v 243.02070000 -17.00000000 435.75550000
v 244.31030000 -17.00000000 434.86530000
v 245.34940000 -17.00000000 433.69240000
v 246.07760000 -17.00000000 432.30490000
v 246.45260000 -17.00000000 430.78350000
v 246.45260000 -17.00000000 429.21650000
v 246.07760000 -17.00000000 427.69510000
v 245.34940000 -17.00000000 426.30760000
v 244.31030000 -17.00000000 425.13470000
v 243.02070000 -17.00000000 424.24450000
v 241.55560000 -17.00000000 423.68890000
v 240.00000000 -17.00000000 423.50000000
v 248.41090000 -22.00000000 390.00000000
v 241.81520000 -22.00000000 395.66650000
v 235.66650000 -22.00000000 401.81520000
v 376.50000000 -17.00000000 390.00000000
v 391.58910000 -22.00000000 390.00000000
v 370.00000000 -22.00000000 390.00000000
v 363.50000000 -17.00000000 390.00000000
v 270.00000000 -22.00000000 390.00000000
v 270.00000000 -193.50000000 390.00000000
v 370.00000000 -193.50000000 390.00000000
v 363.50000000 -17.00000000 400.00000000
v 363.68890000 -17.00000000 401.55560000
v 364.24450000 -17.00000000 403.02070000
v 365.13470000 -17.00000000 404.31030000
v 366.30760000 -17.00000000 405.34940000
v 367.69510000 -17.00000000 406.07760000
v 369.21650000 -17.00000000 406.45260000
v 370.78350000 -17.00000000 406.45260000
v 372.30490000 -17.00000000 406.07760000
v 373.69240000 -17.00000000 405.34940000
v 374.86530000 -17.00000000 404.31030000
v 375.75550000 -17.00000000 403.02070000
v 376.31110000 -17.00000000 401.55560000
v 376.50000000 -17.00000000 400.00000000
v 410.00000000 -22.00000000 408.41090000
v 404.33350000 -22.00000000 401.81520000
v 398.18480000 -22.00000000 395.66650000
v 410.00000000 -22.00000000 430.00000000
v 410.00000000 -22.00000000 530.00000000
v 410.00000000 -193.50000000 530.00000000
v 410.00000000 -193.50000000 430.00000000
v 410.00000000 -17.00000000 523.50000000
v 410.00000000 -17.00000000 536.50000000
v 410.00000000 -22.00000000 551.58910000
v 400.00000000 -17.00000000 523.50000000
v 398.55360000 -17.00000000 523.66300000
v 397.17980000 -17.00000000 524.14370000
v 395.94730000 -17.00000000 524.91810000
v 394.91810000 -17.00000000 525.94730000
v 394.14370000 -17.00000000 527.17980000
v 393.66300000 -17.00000000 528.55360000
v 398.18480000 -22.00000000 564.33350000
v 404.33350000 -22.00000000 558.18480000
v 404.22650000 -22.00000000 540.00000000
v 380.00000000 -22.00000000 540.00000000
v 380.00000000 -22.00000000 564.22650000
v 380.00000000 -193.50000000 564.22650000
v 260.00000000 -193.50000000 420.00000000
v 243.40580000 -193.50000000 432.60330000
v 243.84960000 -193.50000000 431.33510000
v 244.00000000 -193.50000000 430.00000000
v 244.00000000 -193.50000000 420.00000000
v 260.00000000 -193.50000000 395.77350000
v 279.54920000 -193.50000000 450.61070000
v 242.69100000 -193.50000000 433.74090000
v 286.54350000 -193.50000000 442.84280000
v 295.00000000 -193.50000000 436.69870000
v 274.32270000 -193.50000000 459.66320000
v 240.60330000 -193.50000000 435.40580000
v 241.74090000 -193.50000000 434.69100000
v 304.54920000 -193.50000000 432.44720000
v 271.09260000 -193.50000000 469.60440000
v 238.00000000 -193.50000000 436.00000000
v 239.33510000 -193.50000000 435.84960000
v 314.77360000 -193.50000000 430.27390000
v 325.22640000 -193.50000000 430.27390000
v 335.45080000 -193.50000000 432.44720000
v 345.00000000 -193.50000000 436.69870000
v 252.91800000 -193.50000000 540.00000000
v 235.77350000 -193.50000000 540.00000000
v 380.00000000 -193.50000000 420.00000000
v 380.00000000 -193.50000000 395.77350000
v 353.45650000 -193.50000000 442.84280000
v 257.55220000 -193.50000000 544.80950000
v 255.19050000 -193.50000000 542.44780000
v 260.00000000 -193.50000000 547.08200000
v 360.45080000 -193.50000000 450.61070000
v 365.67730000 -193.50000000 459.66320000
v 404.22650000 -193.50000000 420.00000000
v 368.90740000 -193.50000000 469.60440000
v 260.00000000 -193.50000000 564.22650000
v 380.00000000 -193.50000000 540.00000000
v 404.22650000 -193.50000000 540.00000000
v 260.00000000 -22.00000000 564.22650000
v 235.77350000 -22.00000000 540.00000000
v 255.19050000 -22.00000000 542.44780000
v 257.55220000 -22.00000000 544.80950000
v 252.91800000 -22.00000000 540.00000000
v 260.00000000 -22.00000000 547.08200000
v 199.00000000 -191.50000000 460.00000000
v 199.00000000 -151.50000000 460.00000000
v 199.00000000 -191.50000000 500.00000000
v 199.00000000 -151.50000000 500.00000000
v 238.00000000 -149.80000000 436.00000000
v 244.00000000 -149.80000000 430.00000000
v 235.77350000 -149.80000000 420.00000000
v 244.00000000 -149.80000000 420.00000000
v 243.40580000 -149.80000000 432.60330000
v 243.84960000 -149.80000000 431.33510000
v 242.69100000 -149.80000000 433.74090000
v 240.60330000 -149.80000000 435.40580000
v 239.33510000 -149.80000000 435.84960000
v 241.74090000 -149.80000000 434.69100000
v 235.77350000 -22.00000000 420.00000000
v 260.00000000 -22.00000000 395.77350000
v 260.00000000 -22.00000000 420.00000000
v 380.00000000 -22.00000000 395.77350000
v 404.22650000 -22.00000000 420.00000000
v 380.00000000 -22.00000000 420.00000000
v 368.90740000 -198.50000000 469.60440000
v 365.67730000 -198.50000000 459.66320000
v 360.45080000 -198.50000000 450.61070000
v 353.45650000 -198.50000000 442.84280000
v 345.00000000 -198.50000000 436.69870000
v 335.45080000 -198.50000000 432.44720000
v 325.22640000 -198.50000000 430.27390000
v 314.77360000 -198.50000000 430.27390000
v 304.54920000 -198.50000000 432.44720000
v 295.00000000 -198.50000000 436.69870000
v 286.54350000 -198.50000000 442.84280000
v 279.54920000 -198.50000000 450.61070000
v 274.32270000 -198.50000000 459.66320000
v 271.09260000 -198.50000000 469.60440000
v 199.00000000 -189.50000000 498.00000000
v 199.00000000 -189.50000000 462.00000000
v 199.00000000 -153.50000000 462.00000000
v 199.00000000 -153.50000000 498.00000000
v 290.05960000 -198.50000000 453.47510000
v 297.27740000 -198.50000000 447.08060000
v 284.58180000 -198.50000000 461.41110000
v 305.81580000 -198.50000000 442.59940000
v 281.16230000 -198.50000000 470.42740000
v 315.17850000 -198.50000000 440.29160000
v 324.82150000 -198.50000000 440.29160000
v 334.18420000 -198.50000000 442.59940000
v 342.72260000 -198.50000000 447.08060000
v 349.94040000 -198.50000000 453.47510000
v 355.41820000 -198.50000000 461.41110000
v 358.83770000 -198.50000000 470.42740000
v 194.50000000 -153.50000000 498.00000000
v 194.50000000 -189.50000000 498.00000000
v 194.50000000 -189.50000000 462.00000000
v 194.50000000 -153.50000000 462.00000000
v 358.83770000 -226.50000000 470.42740000
v 355.41820000 -226.50000000 461.41110000
v 349.94040000 -226.50000000 453.47510000
v 342.72260000 -226.50000000 447.08060000
v 334.18420000 -226.50000000 442.59940000
v 324.82150000 -226.50000000 440.29160000
v 315.17850000 -226.50000000 440.29160000
v 305.81580000 -226.50000000 442.59940000
v 297.27740000 -226.50000000 447.08060000
v 290.05960000 -226.50000000 453.47510000
v 284.58180000 -226.50000000 461.41110000
v 281.16230000 -226.50000000 470.42740000
v 194.50000000 -185.90220000 470.05890000
v 194.50000000 -183.10460000 466.90110000
v 194.50000000 -179.63270000 464.50450000
v 194.50000000 -187.86280000 473.79440000
v 194.50000000 -175.68800000 463.00850000
v 194.50000000 -188.87240000 477.89060000
v 194.50000000 -187.86280000 486.20560000
v 194.50000000 -188.87240000 482.10940000
v 194.50000000 -185.90220000 489.94110000
v 194.50000000 -183.10460000 493.09890000
v 194.50000000 -179.63270000 495.49550000
v 194.50000000 -175.68800000 496.99150000
v 175.50000000 -175.68800000 496.99150000
v 175.50000000 -179.63270000 495.49550000
v 175.50000000 -183.10460000 493.09890000
v 175.50000000 -185.90220000 489.94110000
v 175.50000000 -187.86280000 486.20560000
v 175.50000000 -188.87240000 482.10940000
v 175.50000000 -188.87240000 477.89060000
v 175.50000000 -187.86280000 473.79440000
v 175.50000000 -185.90220000 470.05890000
v 175.50000000 -183.10460000 466.90110000
v 175.50000000 -179.63270000 464.50450000
v 175.50000000 -175.68800000 463.00850000
v 453.84510000 148.00000000 1367.62100000
v 455.00000000 248.00000000 1350.00000000
v 453.84510000 248.00000000 1367.62100000
v 455.00000000 148.00000000 1350.00000000
v 450.40000000 148.00000000 1384.94100000
v 450.40000000 248.00000000 1384.94100000
v 444.72370000 148.00000000 1401.66200000
v 444.72370000 248.00000000 1401.66200000
v 436.91340000 248.00000000 1417.50000000
v 436.91340000 148.00000000 1417.50000000
v 427.10270000 248.00000000 1432.18300000
v 427.10270000 148.00000000 1432.18300000
v 415.45940000 148.00000000 1445.45900000
v 415.45940000 248.00000000 1445.45900000
v 402.18280000 148.00000000 1457.10300000
v 402.18280000 248.00000000 1457.10300000
v 387.50000000 148.00000000 1466.91300000
v 387.50000000 248.00000000 1466.91300000
v 371.66230000 148.00000000 1474.72400000
v 371.66230000 248.00000000 1474.72400000
v 355.00000000 208.00000000 1480.38400000
v 354.94060000 248.00000000 1480.40000000
v 355.00000000 158.00000000 1480.38400000
v 354.94060000 148.00000000 1480.40000000
v 337.65150000 208.00000000 1483.84100000
v 337.62100000 248.00000000 1483.84500000
v 337.65150000 158.00000000 1483.84100000
v 337.62100000 148.00000000 1483.84500000
v 320.00000000 208.00000000 1485.00000000
v 320.00000000 248.00000000 1485.00000000
v 302.37900000 248.00000000 1483.84500000
v 320.00000000 158.00000000 1485.00000000
v 320.00000000 148.00000000 1485.00000000
v 302.34850000 208.00000000 1483.84100000
v 285.05940000 248.00000000 1480.40000000
v 302.37900000 148.00000000 1483.84500000
v 302.34850000 158.00000000 1483.84100000
v 285.00000000 208.00000000 1480.38400000
v 268.33770000 248.00000000 1474.72400000
v 285.05940000 148.00000000 1480.40000000
v 285.00000000 158.00000000 1480.38400000
v 268.33770000 148.00000000 1474.72400000
v 252.50000000 248.00000000 1466.91300000
v 252.50000000 148.00000000 1466.91300000
v 237.81720000 148.00000000 1457.10300000
v 237.81720000 248.00000000 1457.10300000
v 224.54060000 148.00000000 1445.45900000
v 224.54060000 248.00000000 1445.45900000
v 212.89730000 148.00000000 1432.18300000
v 212.89730000 248.00000000 1432.18300000
v 203.08660000 148.00000000 1417.50000000
v 203.08660000 248.00000000 1417.50000000
v 195.27630000 148.00000000 1401.66200000
v 195.27630000 248.00000000 1401.66200000
v 189.60000000 148.00000000 1384.94100000
v 189.60000000 248.00000000 1384.94100000
v 186.15490000 148.00000000 1367.62100000
v 186.15490000 248.00000000 1367.62100000
v 185.00000000 148.00000000 1350.00000000
v 185.00000000 248.00000000 1350.00000000
v 454.08720000 148.00000000 1334.32700000
v 454.08720000 248.00000000 1334.32700000
v 454.77160000 248.00000000 1342.15000000
v 452.94900000 248.00000000 1326.55700000
v 452.94900000 148.00000000 1326.55700000
v 454.77160000 148.00000000 1342.15000000
v 165.38520000 118.00000000 507.26280000
v 168.34960000 248.00000000 520.63460000
v 165.38520000 248.00000000 507.26280000
v 168.34960000 118.00000000 520.63460000
v 163.59740000 118.00000000 493.68350000
v 163.59740000 248.00000000 493.68350000
v 163.00000000 248.00000000 480.00000000
v 163.00000000 118.00000000 480.00000000
v 164.14470000 118.00000000 461.07570000
v 164.14470000 248.00000000 461.07570000
v 167.56210000 248.00000000 442.42740000
v 167.56210000 118.00000000 442.42740000
v 173.20240000 248.00000000 424.32700000
v 173.20240000 118.00000000 424.32700000
v 180.98340000 118.00000000 407.03850000
v 180.98340000 248.00000000 407.03850000
v 190.79150000 248.00000000 390.81380000
v 190.79150000 118.00000000 390.81380000
v 202.48380000 118.00000000 375.88970000
v 202.48380000 248.00000000 375.88970000
v 215.88970000 248.00000000 362.48380000
v 215.88970000 118.00000000 362.48380000
v 230.81380000 118.00000000 350.79150000
v 230.81380000 248.00000000 350.79150000
v 247.03850000 118.00000000 340.98340000
v 247.03850000 248.00000000 340.98340000
v 264.32700000 248.00000000 333.20240000
v 264.32700000 118.00000000 333.20240000
v 290.38740000 164.92970000 325.81800000
v 290.09860000 163.98780000 325.87370000
v 282.42740000 248.00000000 327.56210000
v 290.00000000 163.00000000 325.89290000
v 290.96820000 165.95710000 325.70760000
v 291.76730000 166.81430000 325.55930000
v 282.42740000 118.00000000 327.56210000
v 292.74220000 167.46120000 325.38430000
v 301.07570000 248.00000000 324.14470000
v 293.84130000 167.86390000 325.19460000
v 295.00000000 168.00000000 325.00320000
v 290.00000000 133.00000000 325.89290000
v 290.13980000 131.82630000 325.86580000
v 290.55120000 130.71770000 325.78660000
v 291.20820000 129.74100000 325.66260000
v 292.07020000 128.94830000 325.50430000
v 293.09260000 128.37810000 325.32290000
v 301.07570000 118.00000000 324.14470000
v 294.02660000 128.09570000 325.16340000
v 295.00000000 128.00000000 325.00320000
v 311.63500000 168.00000000 323.22300000
v 320.00000000 248.00000000 323.00000000
v 328.36500000 168.00000000 323.22300000
v 338.92430000 248.00000000 324.14470000
v 320.00000000 118.00000000 323.00000000
v 311.63500000 128.00000000 323.22300000
v 345.00000000 168.00000000 325.00320000
v 345.97340000 167.90430000 325.16340000
v 346.90740000 167.62190000 325.32290000
v 357.57260000 248.00000000 327.56210000
v 347.92980000 167.05170000 325.50430000
v 348.79180000 166.25900000 325.66260000
v 338.92430000 118.00000000 324.14470000
v 328.36500000 128.00000000 323.22300000
v 349.44880000 165.28230000 325.78660000
v 349.86020000 164.17370000 325.86580000
v 350.00000000 163.00000000 325.89290000
v 346.15870000 128.13610000 325.19460000
v 345.00000000 128.00000000 325.00320000
v 347.25780000 128.53880000 325.38430000
v 357.57260000 118.00000000 327.56210000
v 375.67300000 248.00000000 333.20240000
v 348.23270000 129.18570000 325.55930000
v 349.03180000 130.04290000 325.70760000
v 349.61260000 131.07030000 325.81800000
v 349.90140000 132.01220000 325.87370000
v 350.00000000 133.00000000 325.89290000
v 375.67300000 118.00000000 333.20240000
v 392.96150000 248.00000000 340.98340000
v 392.96150000 118.00000000 340.98340000
v 409.18620000 118.00000000 350.79150000
v 409.18620000 248.00000000 350.79150000
v 424.11030000 118.00000000 362.48380000
v 424.11030000 248.00000000 362.48380000
v 437.51620000 118.00000000 375.88970000
v 437.51620000 248.00000000 375.88970000
v 449.20850000 118.00000000 390.81380000
v 449.20850000 248.00000000 390.81380000
v 459.01660000 118.00000000 407.03850000
v 459.01660000 248.00000000 407.03850000
v 466.79760000 118.00000000 424.32700000
v 466.79760000 248.00000000 424.32700000
v 472.43790000 118.00000000 442.42740000
v 472.43790000 248.00000000 442.42740000
v 475.85530000 248.00000000 461.07570000
v 475.85530000 118.00000000 461.07570000
v 477.00000000 118.00000000 480.00000000
v 477.00000000 248.00000000 480.00000000
v 464.38900000 209.50000000 476.89560000
v 464.76880000 248.00000000 472.55440000
v 464.76880000 209.50000000 472.55440000
v 464.38900000 248.00000000 476.89560000
v 463.26110000 209.50000000 481.10490000
v 463.26110000 248.00000000 481.10490000
v 461.41940000 209.50000000 485.05440000
v 461.41940000 248.00000000 485.05440000
v 197.81490000 224.00000000 1335.86500000
v 197.00000000 248.00000000 1350.00000000
v 197.00000000 224.00000000 1350.00000000
v 198.14560000 248.00000000 1333.25200000
v 200.24890000 224.00000000 1321.91700000
v 201.56120000 248.00000000 1316.81500000
v 204.26960000 224.00000000 1308.34100000
v 207.18300000 248.00000000 1300.99700000
v 209.82380000 224.00000000 1295.31700000
v 216.83800000 234.00000000 1283.01800000
v 214.90640000 248.00000000 1286.09100000
v 224.58750000 248.00000000 1272.37600000
v 222.63370000 234.00000000 1274.84100000
v 216.83800000 224.00000000 1283.01800000
v 229.07580000 234.00000000 1267.16400000
v 236.04600000 248.00000000 1260.10700000
v 236.12160000 234.00000000 1260.03700000
v 249.06830000 248.00000000 1249.51300000
v 249.13750000 224.00000000 1249.46400000
v 236.12160000 224.00000000 1260.03700000
v 263.41200000 248.00000000 1240.79000000
v 263.47050000 224.00000000 1240.76000000
v 278.80980000 248.00000000 1234.10200000
v 278.85410000 224.00000000 1234.08600000
v 294.97490000 248.00000000 1229.57300000
v 295.00250000 224.00000000 1229.56700000
v 311.60620000 248.00000000 1227.28700000
v 311.61560000 224.00000000 1227.28600000
v 328.38440000 224.00000000 1227.28600000
v 328.39380000 248.00000000 1227.28700000
v 344.99750000 224.00000000 1229.56700000
v 345.02510000 248.00000000 1229.57300000
v 361.14590000 224.00000000 1234.08600000
v 361.19020000 248.00000000 1234.10200000
v 376.52950000 224.00000000 1240.76000000
v 376.58800000 248.00000000 1240.79000000
v 390.86250000 224.00000000 1249.46400000
v 390.93170000 248.00000000 1249.51300000
v 403.87840000 234.00000000 1260.03700000
v 403.95400000 248.00000000 1260.10700000
v 410.92420000 234.00000000 1267.16400000
v 415.41250000 248.00000000 1272.37600000
v 403.87840000 224.00000000 1260.03700000
v 417.36630000 234.00000000 1274.84100000
v 423.16200000 234.00000000 1283.01800000
v 425.09360000 248.00000000 1286.09100000
v 432.81700000 248.00000000 1300.99700000
v 430.17620000 224.00000000 1295.31700000
v 423.16200000 224.00000000 1283.01800000
v 435.73040000 224.00000000 1308.34100000
v 438.43880000 248.00000000 1316.81500000
v 439.75110000 224.00000000 1321.91700000
v 441.85440000 248.00000000 1333.25200000
v 442.18510000 224.00000000 1335.86500000
v 443.00000000 248.00000000 1350.00000000
v 443.00000000 224.00000000 1350.00000000
v 402.09790000 209.50000000 584.78700000
v 402.47770000 238.60250000 580.44580000
v 402.47770000 209.50000000 580.44580000
v 402.09980000 239.09500000 584.77600000
v 400.97000000 209.50000000 588.99630000
v 400.96620000 239.39870000 589.00670000
v 399.12830000 209.50000000 592.94580000
v 399.12830000 239.50000000 592.94580000
v 467.00000000 169.00000000 480.00000000
v 465.84090000 118.00000000 461.57600000
v 467.00000000 118.00000000 480.00000000
v 465.84090000 169.00000000 461.57600000
v 462.38170000 169.00000000 443.44260000
v 462.38170000 118.00000000 443.44260000
v 456.67710000 169.00000000 425.88570000
v 448.81710000 118.00000000 409.18220000
v 456.67710000 118.00000000 425.88570000
v 448.81710000 169.00000000 409.18220000
v 438.92550000 169.00000000 393.59560000
v 438.92550000 118.00000000 393.59560000
v 427.15840000 169.00000000 379.37160000
v 427.15840000 118.00000000 379.37160000
v 413.70130000 169.00000000 366.73460000
v 413.70130000 118.00000000 366.73460000
v 398.76650000 169.00000000 355.88380000
v 398.76650000 118.00000000 355.88380000
v 382.58960000 169.00000000 346.99040000
v 382.58960000 118.00000000 346.99040000
v 365.42550000 169.00000000 340.19470000
v 347.54510000 118.00000000 335.60380000
v 365.42550000 118.00000000 340.19470000
v 347.54510000 169.00000000 335.60380000
v 329.23020000 169.00000000 333.29010000
v 329.23020000 118.00000000 333.29010000
v 310.76980000 169.00000000 333.29010000
v 292.45490000 118.00000000 335.60380000
v 310.76980000 118.00000000 333.29010000
v 292.45490000 169.00000000 335.60380000
v 274.57450000 169.00000000 340.19470000
v 274.57450000 118.00000000 340.19470000
v 257.41040000 169.00000000 346.99040000
v 257.41040000 118.00000000 346.99040000
v 241.23350000 169.00000000 355.88380000
v 226.29870000 118.00000000 366.73460000
v 241.23350000 118.00000000 355.88380000
v 226.29870000 169.00000000 366.73460000
v 212.84160000 118.00000000 379.37160000
v 212.84160000 169.00000000 379.37160000
v 201.07450000 169.00000000 393.59560000
v 201.07450000 118.00000000 393.59560000
v 191.18290000 169.00000000 409.18220000
v 183.32290000 118.00000000 425.88570000
v 191.18290000 118.00000000 409.18220000
v 183.32290000 169.00000000 425.88570000
v 177.61830000 169.00000000 443.44260000
v 177.61830000 118.00000000 443.44260000
v 174.15910000 169.00000000 461.57600000
v 174.15910000 118.00000000 461.57600000
v 173.00000000 169.00000000 480.00000000
v 173.00000000 118.00000000 480.00000000
v 195.00000000 148.00000000 1350.00000000
v 196.16430000 188.00000000 1332.97900000
v 195.00000000 188.00000000 1350.00000000
v 196.16430000 148.00000000 1332.97900000
v 199.63530000 188.00000000 1316.27500000
v 199.63530000 148.00000000 1316.27500000
v 205.34860000 188.00000000 1300.20000000
v 205.34860000 148.00000000 1300.20000000
v 213.19760000 188.00000000 1285.05200000
v 213.19760000 148.00000000 1285.05200000
v 223.03610000 188.00000000 1271.11400000
v 223.03610000 148.00000000 1271.11400000
v 234.68090000 188.00000000 1258.64600000
v 234.68090000 148.00000000 1258.64600000
v 247.91500000 188.00000000 1247.87900000
v 247.91500000 148.00000000 1247.87900000
v 262.49190000 188.00000000 1239.01400000
v 262.49190000 148.00000000 1239.01400000
v 278.14000000 188.00000000 1232.21700000
v 278.14000000 148.00000000 1232.21700000
v 294.56800000 148.00000000 1227.61400000
v 294.56800000 188.00000000 1227.61400000
v 311.46970000 148.00000000 1225.29100000
v 311.46970000 188.00000000 1225.29100000
v 328.53030000 148.00000000 1225.29100000
v 328.53030000 188.00000000 1225.29100000
v 345.43200000 148.00000000 1227.61400000
v 345.43200000 188.00000000 1227.61400000
v 361.86000000 148.00000000 1232.21700000
v 361.86000000 188.00000000 1232.21700000
v 377.50810000 148.00000000 1239.01400000
v 377.50810000 188.00000000 1239.01400000
v 392.08500000 148.00000000 1247.87900000
v 392.08500000 188.00000000 1247.87900000
v 405.31910000 148.00000000 1258.64600000
v 405.31910000 188.00000000 1258.64600000
v 416.96390000 148.00000000 1271.11400000
v 416.96390000 188.00000000 1271.11400000
v 426.80240000 148.00000000 1285.05200000
v 426.80240000 188.00000000 1285.05200000
v 434.65140000 148.00000000 1300.20000000
v 434.65140000 188.00000000 1300.20000000
v 440.36470000 148.00000000 1316.27500000
v 440.36470000 188.00000000 1316.27500000
v 443.83570000 148.00000000 1332.97900000
v 443.83570000 188.00000000 1332.97900000
v 445.00000000 148.00000000 1350.00000000
v 445.00000000 188.00000000 1350.00000000
v 344.61540000 209.50000000 448.47090000
v 344.61540000 224.50000000 448.47090000
v 351.07920000 224.50000000 454.81900000
v 351.07920000 209.50000000 454.81900000
v 355.94870000 224.50000000 462.45880000
v 355.94870000 209.50000000 462.45880000
v 358.97400000 224.50000000 470.99850000
v 358.97400000 209.50000000 470.99850000
v 360.00000000 224.50000000 480.00000000
v 360.00000000 209.50000000 480.00000000
v 280.04040000 209.50000000 482.29130000
v 279.44780000 224.50000000 487.70230000
v 280.04040000 224.50000000 482.29130000
v 279.44780000 209.50000000 487.70230000
v 277.69810000 209.50000000 492.85670000
v 277.69810000 224.50000000 492.85670000
v 274.87420000 209.50000000 497.51030000
v 271.11010000 224.50000000 501.44240000
v 274.87420000 224.50000000 497.51030000
v 271.11010000 209.50000000 501.44240000
v 303.62630000 234.00000000 1423.82300000
v 305.00000000 224.00000000 1420.98600000
v 303.62630000 224.00000000 1423.82300000
v 305.00000000 234.00000000 1420.98600000
v 302.78390000 234.00000000 1426.86100000
v 302.78390000 224.00000000 1426.86100000
v 302.50000000 234.00000000 1430.00000000
v 302.50000000 224.00000000 1430.00000000
v 234.76170000 234.00000000 1302.81300000
v 236.62680000 224.00000000 1299.62300000
v 234.76170000 224.00000000 1302.81300000
v 236.62680000 234.00000000 1299.62300000
v 233.60820000 234.00000000 1306.32500000
v 233.60820000 224.00000000 1306.32500000
v 233.21800000 224.00000000 1310.00000000
v 233.21800000 234.00000000 1310.00000000
v 353.86630000 224.00000000 1341.16400000
v 353.86630000 234.00000000 1341.16400000
v 354.49460000 234.00000000 1344.07400000
v 354.49460000 224.00000000 1344.07400000
v 354.87340000 234.00000000 1347.02600000
v 354.87340000 224.00000000 1347.02600000
v 355.00000000 234.00000000 1350.00000000
v 355.00000000 224.00000000 1350.00000000
v 461.87240000 174.50000000 462.07730000
v 463.00000000 169.00000000 480.00000000
v 463.00000000 174.50000000 480.00000000
v 458.50740000 169.00000000 444.43730000
v 461.87240000 169.00000000 462.07730000
v 458.50740000 174.50000000 444.43730000
v 452.95800000 174.50000000 427.35820000
v 445.31190000 169.00000000 411.10920000
v 452.95800000 169.00000000 427.35820000
v 445.31190000 174.50000000 411.10920000
v 435.68940000 174.50000000 395.94670000
v 424.24250000 169.00000000 382.10980000
v 435.68940000 169.00000000 395.94670000
v 424.24250000 174.50000000 382.10980000
v 411.15160000 174.50000000 369.81660000
v 411.15160000 169.00000000 369.81660000
v 396.62320000 174.50000000 359.26110000
v 396.62320000 169.00000000 359.26110000
v 380.88640000 174.50000000 350.60970000
v 364.18940000 169.00000000 343.99890000
v 380.88640000 169.00000000 350.60970000
v 364.18940000 174.50000000 343.99890000
v 346.79550000 174.50000000 339.53290000
v 346.79550000 169.00000000 339.53290000
v 328.97900000 174.50000000 337.28220000
v 328.97900000 169.00000000 337.28220000
v 311.02100000 174.50000000 337.28220000
v 311.02100000 169.00000000 337.28220000
v 293.20450000 174.50000000 339.53290000
v 293.20450000 169.00000000 339.53290000
v 275.81060000 174.50000000 343.99890000
v 259.11360000 169.00000000 350.60970000
v 275.81060000 169.00000000 343.99890000
v 259.11360000 174.50000000 350.60970000
v 243.37680000 169.00000000 359.26110000
v 243.37680000 174.50000000 359.26110000
v 228.84840000 174.50000000 369.81660000
v 215.75750000 169.00000000 382.10980000
v 228.84840000 169.00000000 369.81660000
v 215.75750000 174.50000000 382.10980000
v 204.31060000 174.50000000 395.94670000
v 204.31060000 169.00000000 395.94670000
v 194.68810000 174.50000000 411.10920000
v 187.04200000 169.00000000 427.35820000
v 194.68810000 169.00000000 411.10920000
v 187.04200000 174.50000000 427.35820000
v 181.49260000 174.50000000 444.43730000
v 178.12760000 169.00000000 462.07730000
v 181.49260000 169.00000000 444.43730000
v 178.12760000 174.50000000 462.07730000
v 177.00000000 174.50000000 480.00000000
v 177.00000000 169.00000000 480.00000000
v 441.35900000 193.00000000 1333.32000000
v 442.50000000 188.00000000 1350.00000000
v 442.50000000 193.00000000 1350.00000000
v 437.95740000 188.00000000 1316.95000000
v 441.35900000 188.00000000 1333.32000000
v 437.95740000 193.00000000 1316.95000000
v 432.35840000 193.00000000 1301.19600000
v 432.35840000 188.00000000 1301.19600000
v 424.66640000 193.00000000 1286.35100000
v 424.66640000 188.00000000 1286.35100000
v 415.02460000 193.00000000 1272.69200000
v 415.02460000 188.00000000 1272.69200000
v 403.61280000 193.00000000 1260.47300000
v 403.61280000 188.00000000 1260.47300000
v 390.64330000 193.00000000 1249.92100000
v 390.64330000 188.00000000 1249.92100000
v 376.35800000 193.00000000 1241.23400000
v 376.35800000 188.00000000 1241.23400000
v 361.02280000 193.00000000 1234.57300000
v 361.02280000 188.00000000 1234.57300000
v 344.92340000 193.00000000 1230.06200000
v 344.92340000 188.00000000 1230.06200000
v 328.35970000 193.00000000 1227.78600000
v 328.35970000 188.00000000 1227.78600000
v 311.64030000 193.00000000 1227.78600000
v 311.64030000 188.00000000 1227.78600000
v 295.07660000 193.00000000 1230.06200000
v 295.07660000 188.00000000 1230.06200000
v 278.97720000 193.00000000 1234.57300000
v 263.64200000 188.00000000 1241.23400000
v 278.97720000 188.00000000 1234.57300000
v 263.64200000 193.00000000 1241.23400000
v 249.35670000 193.00000000 1249.92100000
v 249.35670000 188.00000000 1249.92100000
v 236.38720000 193.00000000 1260.47300000
v 236.38720000 188.00000000 1260.47300000
v 224.97540000 193.00000000 1272.69200000
v 215.33360000 188.00000000 1286.35100000
v 224.97540000 188.00000000 1272.69200000
v 215.33360000 193.00000000 1286.35100000
v 207.64160000 193.00000000 1301.19600000
v 207.64160000 188.00000000 1301.19600000
v 202.04260000 193.00000000 1316.95000000
v 202.04260000 188.00000000 1316.95000000
v 198.64100000 193.00000000 1333.32000000
v 198.64100000 188.00000000 1333.32000000
v 197.50000000 193.00000000 1350.00000000
v 197.50000000 188.00000000 1350.00000000
v 197.50000000 174.50000000 480.00000000
v 198.64100000 179.50000000 463.31960000
v 197.50000000 179.50000000 480.00000000
v 198.64100000 174.50000000 463.31960000
v 202.04260000 179.50000000 446.94990000
v 202.04260000 174.50000000 446.94990000
v 207.64160000 179.50000000 431.19590000
v 207.64160000 174.50000000 431.19590000
v 215.33360000 179.50000000 416.35100000
v 215.33360000 174.50000000 416.35100000
v 224.97540000 179.50000000 402.69170000
v 224.97540000 174.50000000 402.69170000
v 236.38720000 179.50000000 390.47260000
v 236.38720000 174.50000000 390.47260000
v 249.35670000 179.50000000 379.92120000
v 249.35670000 174.50000000 379.92120000
v 263.64200000 179.50000000 371.23410000
v 263.64200000 174.50000000 371.23410000
v 278.97720000 179.50000000 364.57300000
v 278.97720000 174.50000000 364.57300000
v 295.07660000 174.50000000 360.06220000
v 295.07660000 179.50000000 360.06220000
v 311.64030000 174.50000000 357.78560000
v 311.64030000 179.50000000 357.78560000
v 328.35970000 174.50000000 357.78560000
v 328.35970000 179.50000000 357.78560000
v 344.92340000 174.50000000 360.06220000
v 344.92340000 179.50000000 360.06220000
v 361.02280000 174.50000000 364.57300000
v 361.02280000 179.50000000 364.57300000
v 376.35800000 174.50000000 371.23410000
v 376.35800000 179.50000000 371.23410000
v 390.64330000 174.50000000 379.92120000
v 390.64330000 179.50000000 379.92120000
v 403.61280000 174.50000000 390.47260000
v 403.61280000 179.50000000 390.47260000
v 415.02460000 174.50000000 402.69170000
v 415.02460000 179.50000000 402.69170000
v 424.66640000 174.50000000 416.35100000
v 424.66640000 179.50000000 416.35100000
v 432.35840000 174.50000000 431.19590000
v 432.35840000 179.50000000 431.19590000
v 437.95740000 174.50000000 446.94990000
v 437.95740000 179.50000000 446.94990000
v 441.35900000 174.50000000 463.31960000
v 441.35900000 179.50000000 463.31960000
v 442.50000000 174.50000000 480.00000000
v 442.50000000 179.50000000 480.00000000
v 219.13930000 193.00000000 1334.79800000
v 218.00000000 198.00000000 1350.00000000
v 218.00000000 193.00000000 1350.00000000
v 219.13930000 198.00000000 1334.79800000
v 222.53160000 193.00000000 1319.93500000
v 222.53160000 198.00000000 1319.93500000
v 228.10120000 193.00000000 1305.74400000
v 228.10120000 198.00000000 1305.74400000
v 235.72360000 193.00000000 1292.54100000
v 235.72360000 198.00000000 1292.54100000
v 245.22870000 193.00000000 1280.62200000
v 245.22870000 198.00000000 1280.62200000
v 256.40400000 193.00000000 1270.25300000
v 256.40400000 198.00000000 1270.25300000
v 269.00000000 193.00000000 1261.66500000
v 269.00000000 198.00000000 1261.66500000
v 282.73520000 198.00000000 1255.05100000
v 282.73520000 193.00000000 1255.05100000
v 297.30290000 193.00000000 1250.55700000
v 297.30290000 198.00000000 1250.55700000
v 312.37750000 198.00000000 1248.28500000
v 312.37750000 193.00000000 1248.28500000
v 327.62250000 193.00000000 1248.28500000
v 327.62250000 198.00000000 1248.28500000
v 342.69710000 198.00000000 1250.55700000
v 342.69710000 193.00000000 1250.55700000
v 357.26480000 198.00000000 1255.05100000
v 357.26480000 193.00000000 1255.05100000
v 371.00000000 193.00000000 1261.66500000
v 371.00000000 198.00000000 1261.66500000
v 383.59600000 193.00000000 1270.25300000
v 383.59600000 198.00000000 1270.25300000
v 394.77130000 193.00000000 1280.62200000
v 394.77130000 198.00000000 1280.62200000
v 404.27640000 193.00000000 1292.54100000
v 404.27640000 198.00000000 1292.54100000
v 411.89880000 198.00000000 1305.74400000
v 411.89880000 193.00000000 1305.74400000
v 417.46840000 193.00000000 1319.93500000
v 417.46840000 198.00000000 1319.93500000
v 420.86070000 193.00000000 1334.79800000
v 420.86070000 198.00000000 1334.79800000
v 422.00000000 193.00000000 1350.00000000
v 422.00000000 198.00000000 1350.00000000
v 320.00000000 179.50000000 545.00000000
v 311.69570000 194.00000000 544.46740000
v 320.00000000 194.00000000 545.00000000
v 311.69570000 179.50000000 544.46740000
v 303.52760000 194.00000000 542.87810000
v 303.52760000 179.50000000 542.87810000
v 295.62940000 194.00000000 540.25840000
v 295.62940000 179.50000000 540.25840000
v 251.89900000 179.50000000 560.86510000
v 244.99200000 194.00000000 560.05920000
v 251.89900000 194.00000000 560.86510000
v 244.99200000 179.50000000 560.05920000
v 238.45600000 194.00000000 557.68460000
v 238.45600000 179.50000000 557.68460000
v 232.64240000 194.00000000 553.86910000
v 232.64240000 179.50000000 553.86910000
v 227.86340000 194.00000000 548.81750000
v 227.86340000 179.50000000 548.81750000
v 382.89150000 179.50000000 560.40930000
v 388.10100000 194.00000000 560.86510000
v 388.10100000 179.50000000 560.86510000
v 382.89150000 194.00000000 560.40930000
v 377.84040000 179.50000000 559.05590000
v 377.84040000 194.00000000 559.05590000
v 373.10100000 179.50000000 556.84590000
v 373.10100000 194.00000000 556.84590000
v 405.00000000 198.00000000 1324.01900000
v 404.56300000 209.00000000 1328.17700000
v 405.00000000 209.00000000 1324.01900000
v 404.56300000 198.00000000 1328.17700000
v 403.27090000 209.00000000 1332.15400000
v 403.27090000 198.00000000 1332.15400000
v 401.18030000 209.00000000 1335.77500000
v 401.18030000 198.00000000 1335.77500000
v 398.38260000 209.00000000 1338.88200000
v 398.38260000 198.00000000 1338.88200000
v 395.00000000 209.00000000 1341.34000000
v 395.00000000 198.00000000 1341.34000000
v 419.29870000 248.00000000 374.33650000
v 431.76460000 248.00000000 387.62210000
v 405.26530000 248.00000000 362.71900000
v 442.46610000 248.00000000 402.36590000
v 389.88580000 248.00000000 352.95290000
v 451.23440000 248.00000000 418.33530000
v 373.40320000 248.00000000 345.19240000
v 457.93100000 248.00000000 435.27820000
v 356.07750000 248.00000000 339.55990000
v 462.45020000 248.00000000 452.92700000
v 338.18230000 248.00000000 336.14450000
v 464.72060000 248.00000000 471.00320000
v 464.74740000 248.00000000 471.51990000
v 464.76340000 248.00000000 472.03700000
v 320.00000000 248.00000000 335.00000000
v 476.55120000 248.00000000 491.86270000
v 475.20730000 248.00000000 503.65770000
v 301.81770000 248.00000000 336.14450000
v 472.97610000 248.00000000 515.31730000
v 283.92250000 248.00000000 339.55990000
v 266.59680000 248.00000000 345.19240000
v 250.11420000 248.00000000 352.95290000
v 234.73470000 248.00000000 362.71900000
v 220.70130000 248.00000000 374.33650000
v 208.23540000 248.00000000 387.62210000
v 197.53390000 248.00000000 402.36590000
v 395.08690000 248.00000000 599.94560000
v 188.76560000 248.00000000 418.33530000
v 437.68900000 248.00000000 668.16260000
v 392.25080000 248.00000000 603.90820000
v 388.69980000 248.00000000 607.24530000
v 384.56890000 248.00000000 609.83010000
v 369.19320000 248.00000000 616.40020000
v 182.06900000 248.00000000 435.27820000
v 433.42550000 248.00000000 690.44220000
v 353.16350000 248.00000000 621.15660000
v 177.54980000 248.00000000 452.92700000
v 430.85760000 248.00000000 712.98030000
v 336.69270000 248.00000000 624.03590000
v 175.27940000 248.00000000 471.00320000
v 430.00000000 248.00000000 735.64790000
v 320.00000000 248.00000000 625.00000000
v 178.58060000 248.00000000 485.05440000
v 176.56700000 248.00000000 480.61690000
v 175.45250000 248.00000000 475.87310000
v 244.91310000 248.00000000 599.94560000
v 209.77770000 248.00000000 675.24640000
v 286.83650000 248.00000000 621.15660000
v 270.80680000 248.00000000 616.40020000
v 255.43110000 248.00000000 609.83010000
v 251.30020000 248.00000000 607.24530000
v 247.74920000 248.00000000 603.90820000
v 215.44230000 248.00000000 700.79760000
v 303.30730000 248.00000000 624.03590000
v 218.85840000 248.00000000 726.74540000
v 220.00000000 248.00000000 752.89210000
v 434.55770000 248.00000000 1222.25500000
v 432.02850000 248.00000000 1204.98800000
v 430.50760000 248.00000000 1187.60400000
v 430.00000000 248.00000000 1170.16000000
v 220.00000000 248.00000000 1139.61800000
v 441.85440000 248.00000000 1366.74800000
v 219.26920000 248.00000000 1160.54500000
v 438.43880000 248.00000000 1383.18500000
v 217.08040000 248.00000000 1181.37000000
v 432.81700000 248.00000000 1399.00300000
v 213.44430000 248.00000000 1201.99100000
v 425.09360000 248.00000000 1413.90900000
v 415.41250000 248.00000000 1427.62400000
v 403.95400000 248.00000000 1439.89300000
v 390.93170000 248.00000000 1450.48700000
v 376.58800000 248.00000000 1459.21000000
v 361.19020000 248.00000000 1465.89800000
v 345.02510000 248.00000000 1470.42700000
v 187.95010000 248.00000000 1321.93200000
v 186.31380000 248.00000000 1331.21200000
v 328.39380000 248.00000000 1472.71300000
v 185.32890000 248.00000000 1340.58300000
v 311.60620000 248.00000000 1472.71300000
v 198.14560000 248.00000000 1366.74800000
v 294.97490000 248.00000000 1470.42700000
v 201.56120000 248.00000000 1383.18500000
v 278.80980000 248.00000000 1465.89800000
v 207.18300000 248.00000000 1399.00300000
v 263.41200000 248.00000000 1459.21000000
v 214.90640000 248.00000000 1413.90900000
v 249.06830000 248.00000000 1450.48700000
v 224.58750000 248.00000000 1427.62400000
v 236.04600000 248.00000000 1439.89300000
v 437.68900000 118.00000000 668.16260000
v 472.97610000 118.00000000 515.31730000
v 430.00000000 118.00000000 735.64790000
v 430.85760000 118.00000000 712.98030000
v 433.42550000 118.00000000 690.44220000
v 430.00000000 118.00000000 850.00000000
v 430.00000000 148.00000000 1030.00000000
v 430.00000000 178.00000000 1150.00000000
v 430.00000000 178.00000000 1170.16000000
v 430.00000000 148.00000000 1150.00000000
v 433.34920000 148.00000000 1214.86300000
v 434.55770000 148.00000000 1222.25500000
v 431.48770000 178.00000000 1200.00000000
v 432.32570000 148.00000000 1207.44300000
v 430.66150000 178.00000000 1190.07200000
v 431.48770000 148.00000000 1200.00000000
v 430.16540000 178.00000000 1180.12200000
v 185.32890000 148.00000000 1340.58300000
v 186.31380000 148.00000000 1331.21200000
v 187.95010000 148.00000000 1321.93200000
v 213.44430000 148.00000000 1201.99100000
v 219.82030000 178.00000000 1150.00000000
v 220.00000000 148.00000000 1139.61800000
v 219.98000000 148.00000000 1143.07900000
v 219.92010000 148.00000000 1146.54000000
v 219.82030000 148.00000000 1150.00000000
v 218.76880000 178.00000000 1166.76900000
v 216.78010000 178.00000000 1183.45300000
v 213.86050000 178.00000000 1200.00000000
v 213.72320000 148.00000000 1200.66400000
v 213.86050000 148.00000000 1200.00000000
v 213.58450000 148.00000000 1201.32800000
v 220.00000000 178.00000000 1120.00000000
v 220.00000000 148.00000000 1120.00000000
v 220.00000000 178.00000000 1040.00000000
v 220.00000000 148.00000000 1030.00000000
v 220.00000000 148.00000000 1040.00000000
v 220.00000000 118.00000000 850.00000000
v 220.00000000 118.00000000 752.89210000
v 215.44230000 118.00000000 700.79760000
v 209.77770000 118.00000000 675.24640000
v 218.85840000 118.00000000 726.74540000
v 476.55120000 118.00000000 491.86270000
v 475.20730000 118.00000000 503.65770000
v 369.19320000 209.50000000 616.40020000
v 384.56890000 209.50000000 609.83010000
v 353.16350000 209.50000000 621.15660000
v 336.69270000 209.50000000 624.03590000
v 320.00000000 209.50000000 625.00000000
v 303.30730000 209.50000000 624.03590000
v 286.83650000 209.50000000 621.15660000
v 270.80680000 209.50000000 616.40020000
v 255.43110000 209.50000000 609.83010000
v 392.25080000 209.50000000 603.90820000
v 395.08690000 209.50000000 599.94560000
v 388.69980000 209.50000000 607.24530000
v 439.74540000 239.50000000 522.59500000
v 439.74540000 209.50000000 522.59500000
v 464.72060000 209.50000000 471.00320000
v 464.74740000 209.50000000 471.51990000
v 464.76340000 209.50000000 472.03700000
v 175.27940000 209.50000000 471.00320000
v 177.59560000 209.50000000 452.68720000
v 182.22040000 209.50000000 434.81390000
v 189.07880000 209.50000000 417.67320000
v 198.05950000 209.50000000 401.54280000
v 209.01710000 209.50000000 386.68440000
v 221.77390000 209.50000000 373.33870000
v 236.12300000 209.50000000 361.72220000
v 251.83190000 209.50000000 352.02300000
v 268.64580000 224.50000000 344.39860000
v 268.64580000 209.50000000 344.39860000
v 285.34320000 224.50000000 339.20260000
v 302.54470000 224.50000000 336.05450000
v 320.00000000 224.50000000 335.00000000
v 337.45530000 224.50000000 336.05450000
v 354.65680000 224.50000000 339.20260000
v 371.35420000 224.50000000 344.39860000
v 388.16810000 209.50000000 352.02300000
v 371.35420000 209.50000000 344.39860000
v 403.87700000 209.50000000 361.72220000
v 418.22610000 209.50000000 373.33870000
v 430.98290000 209.50000000 386.68440000
v 441.94050000 209.50000000 401.54280000
v 450.92120000 209.50000000 417.67320000
v 457.77960000 209.50000000 434.81390000
v 462.40440000 209.50000000 452.68720000
v 178.58060000 209.50000000 485.05440000
v 176.56700000 209.50000000 480.61690000
v 175.45250000 209.50000000 475.87310000
v 240.87170000 239.50000000 592.94580000
v 244.91310000 209.50000000 599.94560000
v 240.87170000 209.50000000 592.94580000
v 200.25460000 239.50000000 522.59500000
v 200.25460000 209.50000000 522.59500000
v 251.30020000 209.50000000 607.24530000
v 247.74920000 209.50000000 603.90820000
v 441.93510000 224.00000000 1366.15100000
v 438.75870000 224.00000000 1382.02100000
v 433.52590000 224.00000000 1397.33800000
v 426.32730000 224.00000000 1411.83500000
v 417.28750000 224.00000000 1425.26000000
v 406.56310000 224.00000000 1437.38300000
v 394.33970000 224.00000000 1447.99300000
v 380.82910000 224.00000000 1456.90600000
v 366.26520000 224.00000000 1463.96700000
v 350.90010000 224.00000000 1469.05500000
v 335.00000000 234.00000000 1472.08200000
v 325.01110000 234.00000000 1472.89800000
v 335.00000000 224.00000000 1472.08200000
v 314.98890000 234.00000000 1472.89800000
v 305.00000000 234.00000000 1472.08200000
v 289.09990000 224.00000000 1469.05500000
v 305.00000000 224.00000000 1472.08200000
v 273.73480000 224.00000000 1463.96700000
v 259.17090000 224.00000000 1456.90600000
v 245.66030000 224.00000000 1447.99300000
v 233.43690000 224.00000000 1437.38300000
v 222.71250000 224.00000000 1425.26000000
v 213.67270000 224.00000000 1411.83500000
v 206.47410000 224.00000000 1397.33800000
v 201.24130000 224.00000000 1382.02100000
v 198.06490000 224.00000000 1366.15100000
v 465.84090000 118.00000000 498.42400000
v 462.38170000 118.00000000 516.55740000
v 456.67710000 118.00000000 534.11430000
v 448.81710000 118.00000000 550.81780000
v 438.92550000 118.00000000 566.40440000
v 427.15840000 118.00000000 580.62840000
v 413.70130000 118.00000000 593.26540000
v 398.76650000 118.00000000 604.11620000
v 382.58960000 118.00000000 613.00960000
v 345.00000000 118.00000000 670.00000000
v 365.42550000 118.00000000 619.80530000
v 347.54510000 118.00000000 624.39620000
v 329.23020000 118.00000000 626.70990000
v 310.76980000 118.00000000 626.70990000
v 174.15910000 118.00000000 498.42400000
v 177.61830000 118.00000000 516.55740000
v 183.32290000 118.00000000 534.11430000
v 191.18290000 118.00000000 550.81780000
v 345.00000000 118.00000000 715.00000000
v 285.00000000 118.00000000 670.00000000
v 292.45490000 118.00000000 624.39620000
v 274.57450000 118.00000000 619.80530000
v 257.41040000 118.00000000 613.00960000
v 241.23350000 118.00000000 604.11620000
v 226.29870000 118.00000000 593.26540000
v 212.84160000 118.00000000 580.62840000
v 201.07450000 118.00000000 566.40440000
v 285.00000000 118.00000000 715.00000000
v 435.00000000 178.00000000 1150.00000000
v 435.00000000 178.00000000 1200.00000000
v 435.00000000 148.00000000 1150.00000000
v 205.00000000 148.00000000 1120.00000000
v 205.00000000 148.00000000 1040.00000000
v 205.00000000 148.00000000 1200.00000000
v 205.00000000 148.00000000 1150.00000000
v 196.16430000 148.00000000 1367.02100000
v 199.63530000 148.00000000 1383.72500000
v 205.34860000 148.00000000 1399.80000000
v 213.19760000 148.00000000 1414.94800000
v 435.00000000 148.00000000 1200.00000000
v 223.03610000 148.00000000 1428.88600000
v 234.68090000 148.00000000 1441.35400000
v 247.91500000 148.00000000 1452.12100000
v 262.49190000 148.00000000 1460.98600000
v 278.14000000 148.00000000 1467.78300000
v 294.56800000 148.00000000 1472.38600000
v 311.46970000 148.00000000 1474.70900000
v 328.53030000 148.00000000 1474.70900000
v 345.43200000 148.00000000 1472.38600000
v 443.83570000 148.00000000 1367.02100000
v 361.86000000 148.00000000 1467.78300000
v 440.36470000 148.00000000 1383.72500000
v 377.50810000 148.00000000 1460.98600000
v 434.65140000 148.00000000 1399.80000000
v 392.08500000 148.00000000 1452.12100000
v 426.80240000 148.00000000 1414.94800000
v 405.31910000 148.00000000 1441.35400000
v 416.96390000 148.00000000 1428.88600000
v 350.98840000 131.00140000 928.00870000
v 352.61380000 130.74720000 926.48310000
v 353.85170000 130.44210000 924.65280000
v 349.09750000 131.18700000 929.12200000
v 354.69760000 130.07340000 922.44050000
v 347.09240000 131.29640000 929.77860000
v 346.03250000 131.32440000 929.94660000
v 345.00000000 131.33330000 930.00000000
v 355.00000000 129.66670000 920.00000000
v 355.00000000 126.33330000 900.00000000
v 354.94660000 126.16130000 898.96750000
v 354.77860000 125.98460000 897.90760000
v 354.12200000 125.65040000 895.90250000
v 353.00870000 125.33530000 894.01160000
v 351.48310000 125.06440000 892.38620000
v 349.65280000 124.85810000 891.14830000
v 347.44050000 124.71710000 890.30240000
v 345.00000000 124.66670000 890.00000000
v 295.00000000 131.33330000 930.00000000
v 292.55950000 131.28290000 929.69760000
v 290.34720000 131.14190000 928.85170000
v 288.51690000 130.93560000 927.61380000
v 286.99130000 130.66470000 925.98840000
v 285.87800000 130.34960000 924.09750000
v 285.22140000 130.01540000 922.09240000
v 285.00000000 126.33330000 900.00000000
v 285.00000000 129.66670000 920.00000000
v 285.30240000 125.92660000 897.55950000
v 286.14830000 125.55790000 895.34720000
v 287.38620000 125.25280000 893.51690000
v 289.01160000 124.99860000 891.99130000
v 290.90250000 124.81300000 890.87800000
v 292.90760000 124.70360000 890.22140000
v 293.96750000 124.67560000 890.05340000
v 295.00000000 124.66670000 890.00000000
v 285.05340000 129.83870000 921.03250000
v 285.00000000 158.00000000 1495.00000000
v 285.00000000 208.00000000 1495.00000000
v 355.00000000 158.00000000 1495.00000000
v 355.00000000 208.00000000 1495.00000000
v 205.00000000 178.00000000 1150.00000000
v 205.00000000 178.00000000 1200.00000000
v 205.00000000 178.00000000 1120.00000000
v 205.00000000 178.00000000 1040.00000000
v 295.00000000 168.00000000 312.00000000
v 345.00000000 168.00000000 312.00000000
v 346.11260000 167.87460000 312.00000000
v 347.16940000 167.50480000 312.00000000
v 348.11740000 166.90920000 312.00000000
v 348.90920000 166.11740000 312.00000000
v 349.50480000 165.16940000 312.00000000
v 349.87460000 164.11260000 312.00000000
v 350.00000000 163.00000000 312.00000000
v 350.00000000 133.00000000 312.00000000
v 349.87460000 131.88740000 312.00000000
v 349.50480000 130.83060000 312.00000000
v 348.90920000 129.88260000 312.00000000
v 348.11740000 129.09080000 312.00000000
v 347.16940000 128.49520000 312.00000000
v 346.11260000 128.12540000 312.00000000
v 345.00000000 128.00000000 312.00000000
v 295.00000000 128.00000000 312.00000000
v 293.88740000 128.12540000 312.00000000
v 292.83060000 128.49520000 312.00000000
v 291.88260000 129.09080000 312.00000000
v 291.09080000 129.88260000 312.00000000
v 290.49520000 130.83060000 312.00000000
v 290.12540000 131.88740000 312.00000000
v 290.00000000 133.00000000 312.00000000
v 290.00000000 163.00000000 312.00000000
v 290.12540000 164.11260000 312.00000000
v 290.49520000 165.16940000 312.00000000
v 291.09080000 166.11740000 312.00000000
v 291.88260000 166.90920000 312.00000000
v 292.83060000 167.50480000 312.00000000
v 293.88740000 167.87460000 312.00000000
v 306.03370000 209.50000000 518.57850000
v 295.11560000 209.50000000 521.29870000
v 290.39370000 209.50000000 524.42370000
v 300.41960000 209.50000000 519.31640000
v 311.66980000 209.50000000 519.12300000
v 237.56460000 209.50000000 581.89940000
v 238.57260000 209.50000000 587.61590000
v 237.90210000 209.50000000 576.10460000
v 239.56690000 209.50000000 570.54380000
v 242.46930000 209.50000000 565.51680000
v 246.45270000 209.50000000 561.29470000
v 317.20510000 209.50000000 519.90220000
v 339.58040000 209.50000000 519.31640000
v 333.96630000 209.50000000 518.57850000
v 328.33020000 209.50000000 519.12300000
v 349.60630000 209.50000000 524.42370000
v 322.79490000 209.50000000 519.90220000
v 344.88440000 209.50000000 521.29870000
v 400.13540000 209.50000000 569.88030000
v 397.31150000 209.50000000 565.22670000
v 393.54730000 209.50000000 561.29470000
v 401.88510000 209.50000000 575.03480000
v 343.78430000 209.50000000 351.20330000
v 365.50320000 209.50000000 342.95920000
v 359.47790000 209.50000000 342.96150000
v 353.62800000 209.50000000 344.40530000
v 348.29360000 209.50000000 347.20690000
v 340.36220000 209.50000000 356.16260000
v 338.22610000 209.50000000 361.79660000
v 337.50000000 209.50000000 367.77810000
v 337.50000000 209.50000000 375.00000000
v 337.21610000 209.50000000 378.13930000
v 336.37370000 209.50000000 381.17680000
v 335.00000000 209.50000000 384.01390000
v 335.00000000 209.50000000 428.76520000
v 340.57550000 209.50000000 444.50340000
v 335.64120000 209.50000000 434.39120000
v 337.53210000 209.50000000 439.72850000
v 419.34090000 209.50000000 535.06390000
v 425.46360000 209.50000000 533.98430000
v 431.13060000 209.50000000 531.42720000
v 435.99140000 209.50000000 527.55090000
v 402.02500000 209.50000000 529.24610000
v 407.24760000 209.50000000 532.61920000
v 413.14110000 209.50000000 534.59930000
v 368.88990000 209.50000000 501.44240000
v 359.99720000 209.50000000 480.47010000
v 359.98900000 209.50000000 480.94010000
v 359.97510000 209.50000000 481.41000000
v 360.41770000 209.50000000 487.05500000
v 362.11920000 209.50000000 492.45570000
v 364.99240000 209.50000000 497.33490000
v 393.54730000 233.96450000 561.29470000
v 397.53620000 235.45670000 565.52410000
v 400.49580000 236.83570000 570.69040000
v 401.98900000 237.83020000 575.52720000
v 402.02500000 231.63800000 529.24610000
v 381.30310000 224.50000000 511.85830000
v 366.07170000 224.50000000 538.23990000
v 406.97480000 233.22070000 532.48570000
v 413.03470000 234.90710000 534.57750000
v 419.07410000 236.37530000 535.07580000
v 424.55910000 237.53680000 534.24470000
v 429.67890000 238.45750000 532.24910000
v 434.10040000 239.08830000 529.29960000
v 437.30990000 239.40280000 526.08800000
v 365.50320000 224.50000000 342.95920000
v 359.47790000 224.50000000 342.96150000
v 353.62800000 224.50000000 344.40530000
v 348.29360000 224.50000000 347.20690000
v 343.78430000 224.50000000 351.20330000
v 340.36220000 224.50000000 356.16260000
v 338.22610000 224.50000000 361.79660000
v 337.50000000 224.50000000 367.77810000
v 302.50000000 209.50000000 375.00000000
v 302.50000000 209.50000000 367.77810000
v 301.77390000 209.50000000 361.79660000
v 299.63780000 209.50000000 356.16260000
v 296.21570000 209.50000000 351.20330000
v 291.70640000 209.50000000 347.20690000
v 286.37200000 209.50000000 344.40530000
v 280.52210000 209.50000000 342.96150000
v 274.49680000 209.50000000 342.95920000
v 302.78390000 209.50000000 378.13930000
v 305.00000000 209.50000000 384.01390000
v 303.62630000 209.50000000 381.17680000
v 299.42450000 209.50000000 444.50340000
v 302.46790000 209.50000000 439.72850000
v 304.35880000 209.50000000 434.39120000
v 305.00000000 209.50000000 428.76520000
v 295.38460000 209.50000000 448.47090000
v 288.70000000 209.50000000 455.09390000
v 283.74770000 209.50000000 463.09530000
v 280.03870000 209.50000000 481.99750000
v 280.03350000 209.50000000 481.70370000
v 280.02490000 209.50000000 481.41000000
v 280.80160000 209.50000000 472.03220000
v 214.53640000 209.50000000 533.98430000
v 220.65910000 209.50000000 535.06390000
v 226.85890000 209.50000000 534.59930000
v 232.75240000 209.50000000 532.61920000
v 237.97500000 209.50000000 529.24610000
v 208.86940000 209.50000000 531.42720000
v 204.00860000 209.50000000 527.55090000
v 301.77390000 224.50000000 361.79660000
v 302.50000000 224.50000000 367.77810000
v 299.63780000 224.50000000 356.16260000
v 296.21570000 224.50000000 351.20330000
v 291.70640000 224.50000000 347.20690000
v 286.37200000 224.50000000 344.40530000
v 280.52210000 224.50000000 342.96150000
v 274.49680000 224.50000000 342.95920000
v 303.62630000 224.50000000 381.17680000
v 302.50000000 224.50000000 375.00000000
v 302.78390000 224.50000000 378.13930000
v 305.00000000 224.50000000 384.01390000
v 337.50000000 224.50000000 375.00000000
v 336.37370000 224.50000000 381.17680000
v 337.21610000 224.50000000 378.13930000
v 335.00000000 224.50000000 384.01390000
v 280.80160000 224.50000000 472.03220000
v 288.70000000 224.50000000 455.09390000
v 283.74770000 224.50000000 463.09530000
v 295.38460000 224.50000000 448.47090000
v 335.00000000 224.50000000 428.76520000
v 305.00000000 224.50000000 428.76520000
v 335.64120000 224.50000000 434.39120000
v 304.35880000 224.50000000 434.39120000
v 302.46790000 224.50000000 439.72850000
v 337.53210000 224.50000000 439.72850000
v 299.42450000 224.50000000 444.50340000
v 340.57550000 224.50000000 444.50340000
v 280.02490000 224.50000000 481.41000000
v 290.39370000 224.50000000 524.42370000
v 258.69690000 224.50000000 511.85830000
v 273.92830000 224.50000000 538.23990000
v 295.11560000 224.50000000 521.29870000
v 300.41960000 224.50000000 519.31640000
v 306.03370000 224.50000000 518.57850000
v 311.66980000 224.50000000 519.12300000
v 280.03870000 224.50000000 481.99750000
v 280.03350000 224.50000000 481.70370000
v 359.98900000 224.50000000 480.94010000
v 359.99720000 224.50000000 480.47010000
v 359.97510000 224.50000000 481.41000000
v 322.79490000 224.50000000 519.90220000
v 317.20510000 224.50000000 519.90220000
v 328.33020000 224.50000000 519.12300000
v 360.41770000 224.50000000 487.05500000
v 333.96630000 224.50000000 518.57850000
v 339.58040000 224.50000000 519.31640000
v 362.11920000 224.50000000 492.45570000
v 364.99240000 224.50000000 497.33490000
v 344.88440000 224.50000000 521.29870000
v 368.88990000 224.50000000 501.44240000
v 349.60630000 224.50000000 524.42370000
v 237.97500000 231.63800000 529.24610000
v 233.02520000 233.22070000 532.48570000
v 226.96530000 234.90710000 534.57750000
v 220.92590000 236.37530000 535.07580000
v 215.44090000 237.53680000 534.24470000
v 210.32110000 238.45750000 532.24910000
v 205.89960000 239.08830000 529.29960000
v 202.69010000 239.40280000 526.08800000
v 246.45270000 233.96450000 561.29470000
v 242.44480000 235.46460000 565.54980000
v 239.40250000 236.89190000 570.93410000
v 237.84580000 237.99040000 576.43710000
v 237.54780000 238.74780000 581.57430000
v 238.27980000 239.24500000 586.55310000
v 239.38020000 239.43850000 589.90320000
v 260.18050000 224.00000000 1324.72100000
v 285.01070000 224.00000000 1349.13500000
v 286.13370000 224.00000000 1341.16400000
v 263.38450000 224.00000000 1322.07500000
v 256.44300000 224.00000000 1326.53700000
v 252.38270000 224.00000000 1327.42100000
v 285.73870000 224.00000000 1357.15300000
v 248.22850000 224.00000000 1327.32200000
v 233.71130000 224.00000000 1314.12600000
v 305.00000000 224.00000000 1381.62300000
v 298.17160000 224.00000000 1377.35900000
v 292.49790000 224.00000000 1371.64800000
v 237.49270000 224.00000000 1321.46000000
v 235.16350000 224.00000000 1318.01900000
v 240.56760000 224.00000000 1324.25500000
v 244.21470000 224.00000000 1326.24700000
v 305.00000000 224.00000000 1439.01400000
v 288.27920000 224.00000000 1364.79200000
v 303.62630000 224.00000000 1436.17700000
v 302.78390000 224.00000000 1433.13900000
v 403.37320000 234.00000000 1299.62300000
v 406.74950000 234.00000000 1311.06600000
v 406.52700000 234.00000000 1307.02300000
v 405.38110000 234.00000000 1303.13900000
v 406.03680000 234.00000000 1315.05200000
v 398.90430000 234.00000000 1324.61700000
v 402.00630000 234.00000000 1322.01400000
v 404.42700000 234.00000000 1318.76800000
v 395.28710000 234.00000000 1326.43700000
v 383.35580000 234.00000000 1326.46600000
v 387.29900000 234.00000000 1327.38700000
v 391.34830000 234.00000000 1327.37800000
v 379.72990000 234.00000000 1324.66300000
v 376.61550000 234.00000000 1322.07500000
v 334.58260000 234.00000000 1318.18300000
v 320.00000000 234.00000000 1315.00000000
v 327.46290000 234.00000000 1315.80500000
v 354.11330000 234.00000000 1357.82800000
v 312.53710000 234.00000000 1315.80500000
v 351.49810000 234.00000000 1365.26000000
v 335.00000000 234.00000000 1381.62300000
v 341.69300000 234.00000000 1377.46700000
v 347.28680000 234.00000000 1371.91900000
v 286.13370000 234.00000000 1341.16400000
v 305.41740000 234.00000000 1318.18300000
v 263.38450000 234.00000000 1322.07500000
v 256.44300000 234.00000000 1326.53700000
v 260.18050000 234.00000000 1324.72100000
v 252.38270000 234.00000000 1327.42100000
v 288.27920000 234.00000000 1364.79200000
v 285.01070000 234.00000000 1349.13500000
v 285.73870000 234.00000000 1357.15300000
v 305.00000000 234.00000000 1381.62300000
v 298.17160000 234.00000000 1377.35900000
v 292.49790000 234.00000000 1371.64800000
v 244.21470000 234.00000000 1326.24700000
v 248.22850000 234.00000000 1327.32200000
v 240.56760000 234.00000000 1324.25500000
v 237.49270000 234.00000000 1321.46000000
v 233.71130000 234.00000000 1314.12600000
v 235.16350000 234.00000000 1318.01900000
v 337.39760000 234.00000000 1428.11000000
v 336.58580000 234.00000000 1424.41800000
v 335.00000000 234.00000000 1420.98600000
v 335.00000000 234.00000000 1439.01400000
v 336.58580000 234.00000000 1435.58200000
v 337.39760000 234.00000000 1431.89000000
v 303.62630000 234.00000000 1436.17700000
v 302.78390000 234.00000000 1433.13900000
v 305.00000000 234.00000000 1439.01400000
v 305.41740000 224.00000000 1318.18300000
v 334.58260000 224.00000000 1318.18300000
v 327.46290000 224.00000000 1315.80500000
v 320.00000000 224.00000000 1315.00000000
v 312.53710000 224.00000000 1315.80500000
v 403.37320000 224.00000000 1299.62300000
v 405.38110000 224.00000000 1303.13900000
v 406.52700000 224.00000000 1307.02300000
v 406.74950000 224.00000000 1311.06600000
v 406.03680000 224.00000000 1315.05200000
v 404.42700000 224.00000000 1318.76800000
v 402.00630000 224.00000000 1322.01400000
v 398.90430000 224.00000000 1324.61700000
v 395.28710000 224.00000000 1326.43700000
v 391.34830000 224.00000000 1327.37800000
v 379.72990000 224.00000000 1324.66300000
v 376.61550000 224.00000000 1322.07500000
v 383.35580000 224.00000000 1326.46600000
v 387.29900000 224.00000000 1327.38700000
v 354.11330000 224.00000000 1357.82800000
v 351.49810000 224.00000000 1365.26000000
v 347.28680000 224.00000000 1371.91900000
v 335.00000000 224.00000000 1420.98600000
v 341.69300000 224.00000000 1377.46700000
v 335.00000000 224.00000000 1381.62300000
v 336.58580000 224.00000000 1424.41800000
v 337.39760000 224.00000000 1428.11000000
v 337.39760000 224.00000000 1431.89000000
v 336.58580000 224.00000000 1435.58200000
v 335.00000000 224.00000000 1439.01400000
v 285.00000000 63.00000000 670.00000000
v 285.00000000 63.00000000 715.00000000
v 345.00000000 63.00000000 715.00000000
v 345.00000000 63.00000000 670.00000000
v 174.15910000 169.00000000 498.42400000
v 177.61830000 169.00000000 516.55740000
v 183.32290000 169.00000000 534.11430000
v 191.18290000 169.00000000 550.81780000
v 201.07450000 169.00000000 566.40440000
v 212.84160000 169.00000000 580.62840000
v 226.29870000 169.00000000 593.26540000
v 241.23350000 169.00000000 604.11620000
v 257.41040000 169.00000000 613.00960000
v 274.57450000 169.00000000 619.80530000
v 292.45490000 169.00000000 624.39620000
v 310.76980000 169.00000000 626.70990000
v 329.23020000 169.00000000 626.70990000
v 347.54510000 169.00000000 624.39620000
v 365.42550000 169.00000000 619.80530000
v 382.58960000 169.00000000 613.00960000
v 398.76650000 169.00000000 604.11620000
v 413.70130000 169.00000000 593.26540000
v 427.15840000 169.00000000 580.62840000
v 438.92550000 169.00000000 566.40440000
v 448.81710000 169.00000000 550.81780000
v 456.67710000 169.00000000 534.11430000
v 462.38170000 169.00000000 516.55740000
v 465.84090000 169.00000000 498.42400000
v 443.83570000 188.00000000 1367.02100000
v 440.36470000 188.00000000 1383.72500000
v 434.65140000 188.00000000 1399.80000000
v 426.80240000 188.00000000 1414.94800000
v 416.96390000 188.00000000 1428.88600000
v 405.31910000 188.00000000 1441.35400000
v 392.08500000 188.00000000 1452.12100000
v 377.50810000 188.00000000 1460.98600000
v 361.86000000 188.00000000 1467.78300000
v 345.43200000 188.00000000 1472.38600000
v 328.53030000 188.00000000 1474.70900000
v 311.46970000 188.00000000 1474.70900000
v 294.56800000 188.00000000 1472.38600000
v 278.14000000 188.00000000 1467.78300000
v 262.49190000 188.00000000 1460.98600000
v 247.91500000 188.00000000 1452.12100000
v 234.68090000 188.00000000 1441.35400000
v 223.03610000 188.00000000 1428.88600000
v 213.19760000 188.00000000 1414.94800000
v 205.34860000 188.00000000 1399.80000000
v 199.63530000 188.00000000 1383.72500000
v 196.16430000 188.00000000 1367.02100000
v 285.00000000 113.00000000 920.00000000
v 285.00000000 113.00000000 900.00000000
v 292.77480000 113.00000000 929.74930000
v 295.00000000 113.00000000 930.00000000
v 290.66120000 113.00000000 929.00970000
v 288.76510000 113.00000000 927.81830000
v 287.18170000 113.00000000 926.23490000
v 285.99030000 113.00000000 924.33880000
v 285.25070000 113.00000000 922.22520000
v 345.00000000 113.00000000 930.00000000
v 354.74930000 113.00000000 922.22520000
v 355.00000000 113.00000000 920.00000000
v 354.00970000 113.00000000 924.33880000
v 352.81830000 113.00000000 926.23490000
v 351.23490000 113.00000000 927.81830000
v 349.33880000 113.00000000 929.00970000
v 347.22520000 113.00000000 929.74930000
v 355.00000000 113.00000000 900.00000000
v 347.22520000 113.00000000 890.25070000
v 345.00000000 113.00000000 890.00000000
v 349.33880000 113.00000000 890.99030000
v 351.23490000 113.00000000 892.18170000
v 352.81830000 113.00000000 893.76510000
v 354.00970000 113.00000000 895.66120000
v 354.74930000 113.00000000 897.77480000
v 295.00000000 113.00000000 890.00000000
v 285.25070000 113.00000000 897.77480000
v 285.99030000 113.00000000 895.66120000
v 287.18170000 113.00000000 893.76510000
v 288.76510000 113.00000000 892.18170000
v 290.66120000 113.00000000 890.99030000
v 292.77480000 113.00000000 890.25070000
v 461.87240000 169.00000000 497.92270000
v 458.50740000 169.00000000 515.56270000
v 452.95800000 169.00000000 532.64180000
v 445.31190000 169.00000000 548.89080000
v 435.68940000 169.00000000 564.05330000
v 424.24250000 169.00000000 577.89020000
v 411.15160000 169.00000000 590.18340000
v 396.62320000 169.00000000 600.73890000
v 380.88640000 169.00000000 609.39030000
v 364.18940000 169.00000000 616.00110000
v 346.79550000 169.00000000 620.46710000
v 328.97900000 169.00000000 622.71780000
v 311.02100000 169.00000000 622.71780000
v 178.12760000 169.00000000 497.92270000
v 293.20450000 169.00000000 620.46710000
v 181.49260000 169.00000000 515.56270000
v 275.81060000 169.00000000 616.00110000
v 187.04200000 169.00000000 532.64180000
v 259.11360000 169.00000000 609.39030000
v 243.37680000 169.00000000 600.73890000
v 194.68810000 169.00000000 548.89080000
v 228.84840000 169.00000000 590.18340000
v 204.31060000 169.00000000 564.05330000
v 215.75750000 169.00000000 577.89020000
v 441.35900000 188.00000000 1366.68000000
v 437.95740000 188.00000000 1383.05000000
v 432.35840000 188.00000000 1398.80400000
v 424.66640000 188.00000000 1413.64900000
v 415.02460000 188.00000000 1427.30800000
v 403.61280000 188.00000000 1439.52700000
v 390.64330000 188.00000000 1450.07900000
v 376.35800000 188.00000000 1458.76600000
v 361.02280000 188.00000000 1465.42700000
v 344.92340000 188.00000000 1469.93800000
v 328.35970000 188.00000000 1472.21400000
v 311.64030000 188.00000000 1472.21400000
v 198.64100000 188.00000000 1366.68000000
v 295.07660000 188.00000000 1469.93800000
v 202.04260000 188.00000000 1383.05000000
v 278.97720000 188.00000000 1465.42700000
v 207.64160000 188.00000000 1398.80400000
v 215.33360000 188.00000000 1413.64900000
v 263.64200000 188.00000000 1458.76600000
v 224.97540000 188.00000000 1427.30800000
v 249.35670000 188.00000000 1450.07900000
v 236.38720000 188.00000000 1439.52700000
v 178.12760000 174.50000000 497.92270000
v 181.49260000 174.50000000 515.56270000
v 187.04200000 174.50000000 532.64180000
v 194.68810000 174.50000000 548.89080000
v 204.31060000 174.50000000 564.05330000
v 215.75750000 174.50000000 577.89020000
v 228.84840000 174.50000000 590.18340000
v 243.37680000 174.50000000 600.73890000
v 259.11360000 174.50000000 609.39030000
v 275.81060000 174.50000000 616.00110000
v 293.20450000 174.50000000 620.46710000
v 311.02100000 174.50000000 622.71780000
v 328.97900000 174.50000000 622.71780000
v 346.79550000 174.50000000 620.46710000
v 364.18940000 174.50000000 616.00110000
v 380.88640000 174.50000000 609.39030000
v 396.62320000 174.50000000 600.73890000
v 411.15160000 174.50000000 590.18340000
v 424.24250000 174.50000000 577.89020000
v 435.68940000 174.50000000 564.05330000
v 445.31190000 174.50000000 548.89080000
v 452.95800000 174.50000000 532.64180000
v 458.50740000 174.50000000 515.56270000
v 461.87240000 174.50000000 497.92270000
v 198.64100000 193.00000000 1366.68000000
v 202.04260000 193.00000000 1383.05000000
v 207.64160000 193.00000000 1398.80400000
v 215.33360000 193.00000000 1413.64900000
v 224.97540000 193.00000000 1427.30800000
v 236.38720000 193.00000000 1439.52700000
v 249.35670000 193.00000000 1450.07900000
v 263.64200000 193.00000000 1458.76600000
v 278.97720000 193.00000000 1465.42700000
v 295.07660000 193.00000000 1469.93800000
v 311.64030000 193.00000000 1472.21400000
v 328.35970000 193.00000000 1472.21400000
v 344.92340000 193.00000000 1469.93800000
v 361.02280000 193.00000000 1465.42700000
v 376.35800000 193.00000000 1458.76600000
v 390.64330000 193.00000000 1450.07900000
v 403.61280000 193.00000000 1439.52700000
v 415.02460000 193.00000000 1427.30800000
v 424.66640000 193.00000000 1413.64900000
v 432.35840000 193.00000000 1398.80400000
v 437.95740000 193.00000000 1383.05000000
v 441.35900000 193.00000000 1366.68000000
v 198.64100000 174.50000000 496.68040000
v 202.04260000 174.50000000 513.05010000
v 207.64160000 174.50000000 528.80410000
v 215.33360000 174.50000000 543.64900000
v 224.97540000 174.50000000 557.30830000
v 236.38720000 174.50000000 569.52740000
v 249.35670000 174.50000000 580.07880000
v 263.64200000 174.50000000 588.76590000
v 278.97720000 174.50000000 595.42700000
v 295.07660000 174.50000000 599.93780000
v 311.64030000 174.50000000 602.21440000
v 328.35970000 174.50000000 602.21440000
v 441.35900000 174.50000000 496.68040000
v 344.92340000 174.50000000 599.93780000
v 437.95740000 174.50000000 513.05010000
v 361.02280000 174.50000000 595.42700000
v 432.35840000 174.50000000 528.80410000
v 376.35800000 174.50000000 588.76590000
v 424.66640000 174.50000000 543.64900000
v 390.64330000 174.50000000 580.07880000
v 415.02460000 174.50000000 557.30830000
v 403.61280000 174.50000000 569.52740000
v 219.13930000 193.00000000 1365.20200000
v 222.53160000 193.00000000 1380.06500000
v 228.10120000 193.00000000 1394.25600000
v 235.72360000 193.00000000 1407.45900000
v 245.22870000 193.00000000 1419.37800000
v 256.40400000 193.00000000 1429.74700000
v 269.00000000 193.00000000 1438.33500000
v 282.73520000 193.00000000 1444.94900000
v 297.30290000 193.00000000 1449.44300000
v 312.37750000 193.00000000 1451.71500000
v 327.62250000 193.00000000 1451.71500000
v 420.86070000 193.00000000 1365.20200000
v 342.69710000 193.00000000 1449.44300000
v 417.46840000 193.00000000 1380.06500000
v 357.26480000 193.00000000 1444.94900000
v 411.89880000 193.00000000 1394.25600000
v 371.00000000 193.00000000 1438.33500000
v 404.27640000 193.00000000 1407.45900000
v 383.59600000 193.00000000 1429.74700000
v 394.77130000 193.00000000 1419.37800000
v 441.35900000 179.50000000 496.68040000
v 437.95740000 179.50000000 513.05010000
v 432.35840000 179.50000000 528.80410000
v 424.66640000 179.50000000 543.64900000
v 415.02460000 179.50000000 557.30830000
v 403.61280000 179.50000000 569.52740000
v 390.64330000 179.50000000 580.07880000
v 376.35800000 179.50000000 588.76590000
v 361.02280000 179.50000000 595.42700000
v 344.92340000 179.50000000 599.93780000
v 328.35970000 179.50000000 602.21440000
v 311.64030000 179.50000000 602.21440000
v 295.07660000 179.50000000 599.93780000
v 278.97720000 179.50000000 595.42700000
v 263.64200000 179.50000000 588.76590000
v 249.35670000 179.50000000 580.07880000
v 236.38720000 179.50000000 569.52740000
v 224.97540000 179.50000000 557.30830000
v 215.33360000 179.50000000 543.64900000
v 207.64160000 179.50000000 528.80410000
v 202.04260000 179.50000000 513.05010000
v 198.64100000 179.50000000 496.68040000
v 420.86070000 198.00000000 1365.20200000
v 417.46840000 198.00000000 1380.06500000
v 411.89880000 198.00000000 1394.25600000
v 404.27640000 198.00000000 1407.45900000
v 394.77130000 198.00000000 1419.37800000
v 383.59600000 198.00000000 1429.74700000
v 371.00000000 198.00000000 1438.33500000
v 357.26480000 198.00000000 1444.94900000
v 342.69710000 198.00000000 1449.44300000
v 327.62250000 198.00000000 1451.71500000
v 312.37750000 198.00000000 1451.71500000
v 297.30290000 198.00000000 1449.44300000
v 282.73520000 198.00000000 1444.94900000
v 269.00000000 198.00000000 1438.33500000
v 256.40400000 198.00000000 1429.74700000
v 245.22870000 198.00000000 1419.37800000
v 235.72360000 198.00000000 1407.45900000
v 228.10120000 198.00000000 1394.25600000
v 222.53160000 198.00000000 1380.06500000
v 219.13930000 198.00000000 1365.20200000
v 293.00600000 179.50000000 370.86780000
v 287.57360000 179.50000000 375.66390000
v 283.44990000 179.50000000 381.62280000
v 299.42990000 179.50000000 367.51410000
v 280.87520000 179.50000000 388.39670000
v 306.47060000 179.50000000 365.79860000
v 280.00000000 179.50000000 395.59030000
v 315.48090000 179.50000000 365.08880000
v 324.51910000 179.50000000 365.08880000
v 333.52940000 179.50000000 365.79860000
v 340.57010000 179.50000000 367.51410000
v 270.95140000 179.50000000 437.34750000
v 280.00000000 179.50000000 428.76520000
v 263.70830000 179.50000000 447.50000000
v 216.52780000 179.50000000 497.53520000
v 221.10680000 179.50000000 491.91860000
v 226.89900000 179.50000000 487.56380000
v 258.53760000 179.50000000 458.84890000
v 213.42920000 179.50000000 504.08600000
v 346.99400000 179.50000000 370.86780000
v 211.99170000 179.50000000 511.18860000
v 255.62940000 179.50000000 470.97640000
v 352.42640000 179.50000000 375.66390000
v 212.29930000 179.50000000 518.42870000
v 356.55010000 179.50000000 381.62280000
v 214.33400000 179.50000000 525.38390000
v 359.12480000 179.50000000 388.39670000
v 218.22450000 179.50000000 533.54190000
v 222.74360000 179.50000000 541.36920000
v 360.00000000 179.50000000 395.59030000
v 360.00000000 179.50000000 428.76520000
v 369.04860000 179.50000000 437.34750000
v 376.29170000 179.50000000 447.50000000
v 257.10850000 179.50000000 560.40930000
v 266.89900000 179.50000000 556.84590000
v 262.15960000 179.50000000 559.05590000
v 381.46240000 179.50000000 458.84890000
v 384.37060000 179.50000000 470.97640000
v 413.10100000 179.50000000 487.56380000
v 423.47220000 179.50000000 497.53520000
v 418.89320000 179.50000000 491.91860000
v 336.47240000 179.50000000 542.87810000
v 344.37060000 179.50000000 540.25840000
v 328.30430000 179.50000000 544.46740000
v 426.57080000 179.50000000 504.08600000
v 427.70070000 179.50000000 518.42870000
v 428.00830000 179.50000000 511.18860000
v 421.77550000 179.50000000 533.54190000
v 425.66600000 179.50000000 525.38390000
v 412.13660000 179.50000000 548.81750000
v 417.25640000 179.50000000 541.36920000
v 395.00800000 179.50000000 560.05920000
v 401.54400000 179.50000000 557.68460000
v 407.35760000 179.50000000 553.86910000
v 249.28570000 198.00000000 1294.32700000
v 252.64400000 198.00000000 1290.97200000
v 256.69830000 198.00000000 1288.50300000
v 244.29610000 198.00000000 1301.32800000
v 261.22040000 198.00000000 1287.05900000
v 239.99730000 198.00000000 1308.77400000
v 265.95530000 198.00000000 1286.72200000
v 236.42860000 198.00000000 1316.59600000
v 235.20230000 198.00000000 1321.18200000
v 270.63640000 198.00000000 1287.50900000
v 235.09130000 198.00000000 1325.92800000
v 275.00000000 198.00000000 1289.37800000
v 236.10180000 198.00000000 1330.56600000
v 238.17690000 198.00000000 1334.83500000
v 241.19970000 198.00000000 1338.49500000
v 245.00000000 198.00000000 1341.34000000
v 309.97600000 198.00000000 1301.01500000
v 300.35900000 198.00000000 1304.01900000
v 320.00000000 198.00000000 1300.00000000
v 330.02400000 198.00000000 1301.01500000
v 272.56580000 198.00000000 1365.81100000
v 270.35900000 198.00000000 1355.98100000
v 276.69870000 198.00000000 1375.00000000
v 365.00000000 198.00000000 1289.37800000
v 339.64100000 198.00000000 1304.01900000
v 369.36360000 198.00000000 1287.50900000
v 374.04470000 198.00000000 1286.72200000
v 282.58990000 198.00000000 1383.17300000
v 378.77960000 198.00000000 1287.05900000
v 383.30170000 198.00000000 1288.50300000
v 387.35600000 198.00000000 1290.97200000
v 390.71430000 198.00000000 1294.32700000
v 395.70390000 198.00000000 1301.32800000
v 290.00000000 198.00000000 1419.28200000
v 290.00000000 198.00000000 1390.00000000
v 290.56330000 198.00000000 1423.99500000
v 400.00270000 198.00000000 1308.77400000
v 403.57140000 198.00000000 1316.59600000
v 292.22160000 198.00000000 1428.44300000
v 294.88140000 198.00000000 1432.37500000
v 298.39290000 198.00000000 1435.56900000
v 367.43420000 198.00000000 1365.81100000
v 369.64100000 198.00000000 1355.98100000
v 404.83960000 198.00000000 1321.49100000
v 404.36080000 198.00000000 1319.00300000
v 302.55830000 198.00000000 1437.84600000
v 307.14290000 198.00000000 1439.07700000
v 315.70120000 198.00000000 1439.89700000
v 350.00000000 198.00000000 1419.28200000
v 350.00000000 198.00000000 1390.00000000
v 357.41010000 198.00000000 1383.17300000
v 324.29880000 198.00000000 1439.89700000
v 332.85710000 198.00000000 1439.07700000
v 337.44170000 198.00000000 1437.84600000
v 341.60710000 198.00000000 1435.56900000
v 345.11860000 198.00000000 1432.37500000
v 347.77840000 198.00000000 1428.44300000
v 363.30130000 198.00000000 1375.00000000
v 349.43670000 198.00000000 1423.99500000
v 344.37060000 194.00000000 540.25840000
v 336.47240000 194.00000000 542.87810000
v 328.30430000 194.00000000 544.46740000
v 266.89900000 194.00000000 556.84590000
v 262.15960000 194.00000000 559.05590000
v 257.10850000 194.00000000 560.40930000
v 222.74360000 194.00000000 541.36920000
v 218.22450000 194.00000000 533.54190000
v 214.33400000 194.00000000 525.38390000
v 212.29930000 194.00000000 518.42870000
v 211.99170000 194.00000000 511.18860000
v 213.42920000 194.00000000 504.08600000
v 216.52780000 194.00000000 497.53520000
v 221.10680000 194.00000000 491.91860000
v 226.89900000 194.00000000 487.56380000
v 255.62940000 194.00000000 470.97640000
v 258.53760000 194.00000000 458.84890000
v 263.70830000 194.00000000 447.50000000
v 270.95140000 194.00000000 437.34750000
v 280.00000000 194.00000000 428.76520000
v 280.00000000 194.00000000 395.59030000
v 280.87520000 194.00000000 388.39670000
v 283.44990000 194.00000000 381.62280000
v 287.57360000 194.00000000 375.66390000
v 293.00600000 194.00000000 370.86780000
v 299.42990000 194.00000000 367.51410000
v 306.47060000 194.00000000 365.79860000
v 315.48090000 194.00000000 365.08880000
v 324.51910000 194.00000000 365.08880000
v 333.52940000 194.00000000 365.79860000
v 340.57010000 194.00000000 367.51410000
v 346.99400000 194.00000000 370.86780000
v 352.42640000 194.00000000 375.66390000
v 356.55010000 194.00000000 381.62280000
v 359.12480000 194.00000000 388.39670000
v 360.00000000 194.00000000 395.59030000
v 360.00000000 194.00000000 428.76520000
v 369.04860000 194.00000000 437.34750000
v 376.29170000 194.00000000 447.50000000
v 381.46240000 194.00000000 458.84890000
v 384.37060000 194.00000000 470.97640000
v 413.10100000 194.00000000 487.56380000
v 418.89320000 194.00000000 491.91860000
v 423.47220000 194.00000000 497.53520000
v 426.57080000 194.00000000 504.08600000
v 428.00830000 194.00000000 511.18860000
v 427.70070000 194.00000000 518.42870000
v 425.66600000 194.00000000 525.38390000
v 421.77550000 194.00000000 533.54190000
v 417.25640000 194.00000000 541.36920000
v 412.13660000 194.00000000 548.81750000
v 407.35760000 194.00000000 553.86910000
v 401.54400000 194.00000000 557.68460000
v 395.00800000 194.00000000 560.05920000
v 369.64100000 209.00000000 1355.98100000
v 367.43420000 209.00000000 1365.81100000
v 363.30130000 209.00000000 1375.00000000
v 357.41010000 209.00000000 1383.17300000
v 350.00000000 209.00000000 1390.00000000
v 350.00000000 209.00000000 1419.28200000
v 349.43670000 209.00000000 1423.99500000
v 347.77840000 209.00000000 1428.44300000
v 345.11860000 209.00000000 1432.37500000
v 341.60710000 209.00000000 1435.56900000
v 337.44170000 209.00000000 1437.84600000
v 332.85710000 209.00000000 1439.07700000
v 324.29880000 209.00000000 1439.89700000
v 315.70120000 209.00000000 1439.89700000
v 307.14290000 209.00000000 1439.07700000
v 302.55830000 209.00000000 1437.84600000
v 298.39290000 209.00000000 1435.56900000
v 294.88140000 209.00000000 1432.37500000
v 292.22160000 209.00000000 1428.44300000
v 290.56330000 209.00000000 1423.99500000
v 290.00000000 209.00000000 1419.28200000
v 290.00000000 209.00000000 1390.00000000
v 282.58990000 209.00000000 1383.17300000
v 276.69870000 209.00000000 1375.00000000
v 272.56580000 209.00000000 1365.81100000
v 270.35900000 209.00000000 1355.98100000
v 245.00000000 209.00000000 1341.34000000
v 241.19970000 209.00000000 1338.49500000
v 238.17690000 209.00000000 1334.83500000
v 236.10180000 209.00000000 1330.56600000
v 235.09130000 209.00000000 1325.92800000
v 235.20230000 209.00000000 1321.18200000
v 236.42860000 209.00000000 1316.59600000
v 239.99730000 209.00000000 1308.77400000
v 244.29610000 209.00000000 1301.32800000
v 249.28570000 209.00000000 1294.32700000
v 252.64400000 209.00000000 1290.97200000
v 256.69830000 209.00000000 1288.50300000
v 261.22040000 209.00000000 1287.05900000
v 265.95530000 209.00000000 1286.72200000
v 270.63640000 209.00000000 1287.50900000
v 275.00000000 209.00000000 1289.37800000
v 300.35900000 209.00000000 1304.01900000
v 309.97600000 209.00000000 1301.01500000
v 320.00000000 209.00000000 1300.00000000
v 330.02400000 209.00000000 1301.01500000
v 339.64100000 209.00000000 1304.01900000
v 365.00000000 209.00000000 1289.37800000
v 369.36360000 209.00000000 1287.50900000
v 374.04470000 209.00000000 1286.72200000
v 378.77960000 209.00000000 1287.05900000
v 383.30170000 209.00000000 1288.50300000
v 387.35600000 209.00000000 1290.97200000
v 390.71430000 209.00000000 1294.32700000
v 395.70390000 209.00000000 1301.32800000
v 400.00270000 209.00000000 1308.77400000
v 403.57140000 209.00000000 1316.59600000
v 404.36080000 209.00000000 1319.00300000
v 404.83960000 209.00000000 1321.49100000
f 1 2 3
f 1 4 2
f 5 3 6
f 5 1 3
f 7 6 8
f 7 5 6
f 9 8 10
f 9 7 8
f 11 10 12
f 11 9 10
f 13 12 14
f 13 11 12
f 15 14 16
f 15 13 14
f 17 16 18
f 17 15 16
f 19 18 20
f 19 17 18
f 21 20 22
f 21 19 20
f 23 22 24
f 23 21 22
f 25 24 26
f 25 23 24
f 27 25 26
f 27 26 28
f 29 27 28
f 29 28 30
f 31 29 30
f 31 30 32
f 33 32 34
f 33 34 35
f 33 31 32
f 36 33 35
f 37 35 38
f 37 38 39
f 37 36 35
f 40 37 39
f 41 39 42
f 41 40 39
f 43 42 44
f 43 44 45
f 43 41 42
f 46 43 45
f 47 45 48
f 47 46 45
f 49 50 51
f 49 52 50
f 53 51 54
f 53 49 51
f 55 54 56
f 55 53 54
f 57 56 58
f 57 55 56
f 59 58 60
f 59 57 58
f 61 60 62
f 61 59 60
f 63 62 64
f 63 61 62
f 65 64 66
f 65 63 64
f 67 66 68
f 67 65 66
f 69 68 70
f 69 67 68
f 71 70 72
f 71 69 70
f 73 71 72
f 73 72 74
f 75 73 74
f 75 74 76
f 77 75 76
f 77 76 78
f 79 77 78
f 79 78 80
f 81 80 82
f 81 79 80
f 83 82 84
f 83 81 82
f 85 84 86
f 85 83 84
f 87 86 88
f 87 88 89
f 87 85 86
f 90 87 89
f 91 89 92
f 91 90 89
f 93 92 94
f 93 91 92
f 95 94 96
f 95 93 94
f 97 96 98
f 97 95 96
f 99 98 100
f 99 97 98
f 101 102 103
f 101 104 102
f 105 103 106
f 105 101 103
f 107 106 108
f 107 105 106
f 109 108 110
f 109 107 108
f 111 110 112
f 111 109 110
f 113 112 114
f 113 111 112
f 115 114 116
f 115 113 114
f 117 116 118
f 117 115 116
f 119 118 120
f 119 117 118
f 121 120 122
f 121 119 120
f 123 122 124
f 123 121 122
f 125 123 124
f 125 124 126
f 127 125 126
f 127 126 128
f 129 127 128
f 129 128 130
f 131 129 130
f 131 130 132
f 133 132 134
f 133 131 132
f 135 134 136
f 135 133 134
f 137 136 138
f 137 135 136
f 139 138 140
f 139 137 138
f 141 140 142
f 141 139 140
f 143 142 144
f 143 141 142
f 145 144 146
f 145 143 144
f 147 146 148
f 147 145 146
f 149 148 150
f 149 147 148
f 151 150 152
f 151 149 150
f 153 154 155
f 153 156 154
f 157 155 158
f 157 153 155
f 159 158 160
f 159 157 158
f 161 160 162
f 161 159 160
f 163 162 164
f 163 161 162
f 165 164 166
f 165 163 164
f 167 166 168
f 167 165 166
f 169 168 170
f 169 167 168
f 171 170 172
f 171 169 170
f 173 172 174
f 173 171 172
f 175 173 174
f 175 174 176
f 177 175 176
f 177 176 178
f 179 177 178
f 179 178 180
f 181 180 182
f 181 179 180
f 181 182 183
f 184 181 183
f 185 183 186
f 185 186 187
f 185 184 183
f 188 187 189
f 188 185 187
f 190 189 191
f 190 188 189
f 192 191 193
f 192 190 191
f 194 193 195
f 194 192 193
f 196 194 195
f 197 195 198
f 197 196 195
f 199 198 200
f 199 200 201
f 199 197 198
f 202 201 203
f 202 199 201
f 204 202 203
f 205 203 206
f 205 204 203
f 207 208 209
f 207 210 208
f 211 212 210
f 211 210 207
f 213 214 212
f 213 212 211
f 215 216 214
f 215 217 216
f 215 214 213
f 218 217 215
f 219 220 217
f 219 217 218
f 221 222 220
f 221 220 219
f 223 224 222
f 223 222 221
f 225 226 224
f 225 224 223
f 227 228 226
f 227 226 225
f 229 230 228
f 229 228 227
f 231 230 229
f 231 232 230
f 233 232 231
f 233 234 232
f 235 234 233
f 235 236 234
f 237 236 235
f 237 238 236
f 237 239 238
f 240 239 237
f 241 239 240
f 241 242 239
f 243 242 241
f 243 244 242
f 245 244 243
f 245 246 244
f 247 246 245
f 247 248 246
f 249 248 247
f 249 250 248
f 249 251 250
f 252 251 249
f 253 251 252
f 253 254 251
f 255 256 254
f 255 254 253
f 257 258 259
f 257 260 258
f 261 259 262
f 261 257 259
f 263 262 264
f 263 261 262
f 265 264 266
f 265 263 264
f 267 268 269
f 267 266 268
f 267 265 266
f 270 267 269
f 271 269 272
f 271 270 269
f 273 274 275
f 273 272 274
f 273 271 272
f 276 273 275
f 277 275 278
f 277 276 275
f 279 278 280
f 279 277 278
f 281 279 280
f 281 280 282
f 283 281 282
f 283 282 284
f 285 284 286
f 285 283 284
f 287 286 288
f 287 285 286
f 289 288 290
f 289 287 288
f 291 290 292
f 291 289 290
f 293 294 295
f 293 292 294
f 293 291 292
f 296 293 295
f 297 295 298
f 297 296 295
f 299 300 301
f 299 298 300
f 299 297 298
f 302 299 301
f 303 304 305
f 303 301 304
f 303 302 301
f 306 303 305
f 307 308 309
f 310 309 311
f 310 307 309
f 312 311 313
f 312 310 311
f 314 313 315
f 314 312 313
f 316 315 317
f 316 314 315
f 318 317 319
f 318 316 317
f 320 319 321
f 320 318 319
f 322 321 323
f 322 320 321
f 324 323 325
f 324 322 323
f 326 325 327
f 326 324 325
f 328 327 329
f 328 326 327
f 330 328 329
f 331 329 332
f 331 332 333
f 331 330 329
f 334 333 335
f 334 331 333
f 336 334 335
f 337 336 335
f 337 335 338
f 339 337 338
f 339 338 340
f 341 339 340
f 341 340 342
f 341 342 343
f 344 341 343
f 345 343 346
f 345 344 343
f 347 346 348
f 347 345 346
f 349 348 350
f 349 347 348
f 351 350 352
f 351 349 350
f 353 354 355
f 356 355 357
f 356 353 355
f 358 357 359
f 358 356 357
f 360 359 361
f 360 358 359
f 362 361 363
f 362 360 361
f 364 363 365
f 364 362 363
f 366 365 367
f 366 364 365
f 368 367 369
f 368 366 367
f 370 369 371
f 370 368 369
f 372 370 371
f 373 371 374
f 373 374 375
f 373 372 371
f 376 373 375
f 377 375 378
f 377 376 375
f 379 378 380
f 379 377 378
f 381 379 380
f 381 380 382
f 383 381 382
f 383 382 384
f 385 383 384
f 385 384 386
f 385 386 387
f 388 385 387
f 389 387 390
f 389 388 387
f 391 390 392
f 391 389 390
f 393 392 394
f 393 391 392
f 395 394 396
f 395 393 394
f 397 398 399
f 400 401 402
f 400 403 401
f 400 404 403
f 400 405 404
f 406 407 405
f 406 399 407
f 406 408 397
f 406 397 399
f 44 48 45
f 409 410 406
f 411 412 409
f 35 39 38
f 35 42 39
f 413 414 411
f 413 411 409
f 32 35 34
f 32 42 35
f 415 416 413
f 415 413 409
f 417 415 409
f 417 418 415
f 417 409 406
f 26 30 28
f 2 417 406
f 2 406 405
f 24 30 26
f 3 2 405
f 3 405 400
f 6 3 400
f 8 400 48
f 8 6 400
f 8 44 42
f 8 48 44
f 12 10 8
f 14 42 32
f 14 30 24
f 14 18 16
f 14 20 18
f 14 22 20
f 14 24 22
f 14 32 30
f 14 12 8
f 14 8 42
f 47 48 400
f 419 400 402
f 419 47 400
f 420 402 401
f 420 419 402
f 421 401 403
f 421 420 401
f 422 403 404
f 422 421 403
f 423 404 405
f 423 422 404
f 424 405 407
f 424 423 405
f 425 424 407
f 426 407 399
f 426 425 407
f 427 399 398
f 427 426 399
f 428 398 397
f 428 427 398
f 429 397 408
f 429 428 397
f 430 408 406
f 430 429 408
f 431 430 406
f 431 406 410
f 432 431 410
f 432 410 409
f 433 432 409
f 433 409 412
f 434 412 411
f 434 433 412
f 435 411 414
f 435 434 411
f 436 414 413
f 436 435 414
f 437 413 416
f 437 436 413
f 438 416 415
f 438 437 416
f 439 415 418
f 439 438 415
f 440 418 417
f 440 439 418
f 4 417 2
f 4 440 417
f 424 441 442
f 423 424 442
f 423 442 443
f 425 441 424
f 425 444 441
f 422 443 445
f 422 423 443
f 426 446 444
f 426 444 425
f 421 445 447
f 421 422 445
f 427 448 446
f 427 446 426
f 420 447 449
f 420 421 447
f 428 450 448
f 428 448 427
f 419 449 451
f 419 420 449
f 429 452 450
f 429 450 428
f 47 451 100
f 47 419 451
f 47 100 98
f 430 453 452
f 430 452 429
f 454 453 430
f 46 47 98
f 96 46 98
f 431 454 430
f 455 454 431
f 43 46 96
f 94 43 96
f 432 455 431
f 456 455 432
f 41 43 94
f 92 41 94
f 433 456 432
f 457 456 433
f 40 41 92
f 89 40 92
f 434 457 433
f 458 457 434
f 37 40 89
f 88 37 89
f 435 458 434
f 36 37 88
f 459 458 435
f 436 459 435
f 86 36 88
f 33 36 86
f 460 459 436
f 437 460 436
f 84 33 86
f 31 33 84
f 461 460 437
f 438 461 437
f 82 31 84
f 29 31 82
f 462 461 438
f 439 462 438
f 80 29 82
f 27 29 80
f 463 462 439
f 440 463 439
f 78 27 80
f 25 27 78
f 464 463 440
f 464 440 4
f 76 25 78
f 50 464 4
f 74 25 76
f 74 23 25
f 51 50 4
f 51 4 1
f 72 23 74
f 72 21 23
f 54 51 1
f 54 1 5
f 70 19 21
f 70 21 72
f 56 5 7
f 56 54 5
f 68 19 70
f 68 17 19
f 58 7 9
f 58 56 7
f 66 17 68
f 66 15 17
f 60 9 11
f 60 58 9
f 64 13 15
f 64 15 66
f 62 11 13
f 62 60 11
f 62 13 64
f 465 99 100
f 465 100 451
f 466 451 449
f 466 465 451
f 467 449 447
f 467 466 449
f 468 447 445
f 468 467 447
f 469 445 443
f 469 468 445
f 470 443 442
f 470 469 443
f 471 442 441
f 471 470 442
f 472 441 444
f 472 471 441
f 473 444 446
f 473 472 444
f 474 446 448
f 474 473 446
f 475 448 450
f 475 474 448
f 476 475 450
f 476 450 452
f 477 476 452
f 477 452 453
f 478 477 453
f 478 453 454
f 479 454 455
f 479 478 454
f 480 479 455
f 480 455 456
f 481 456 457
f 481 480 456
f 482 457 458
f 482 481 457
f 483 458 459
f 483 482 458
f 484 459 460
f 484 483 459
f 485 460 461
f 485 484 460
f 486 461 462
f 486 485 461
f 487 462 463
f 487 486 462
f 488 463 464
f 488 487 463
f 52 464 50
f 52 488 464
f 471 489 490
f 471 490 470
f 491 470 490
f 469 470 491
f 472 492 489
f 472 489 471
f 493 469 491
f 468 469 493
f 473 494 492
f 473 492 472
f 495 468 493
f 467 468 495
f 474 496 494
f 474 494 473
f 497 467 495
f 466 467 497
f 475 498 496
f 475 496 474
f 499 466 497
f 465 466 499
f 476 500 498
f 476 498 475
f 99 499 152
f 99 465 499
f 477 501 500
f 477 500 476
f 150 99 152
f 97 99 150
f 478 502 501
f 478 501 477
f 148 97 150
f 95 97 148
f 479 503 502
f 479 502 478
f 146 95 148
f 93 95 146
f 480 504 503
f 480 503 479
f 91 146 144
f 91 93 146
f 481 505 504
f 481 504 480
f 90 144 142
f 90 91 144
f 482 506 505
f 482 505 481
f 140 90 142
f 87 90 140
f 507 482 483
f 507 506 482
f 138 85 87
f 138 87 140
f 508 507 483
f 508 483 484
f 136 85 138
f 136 83 85
f 485 508 484
f 509 508 485
f 81 83 136
f 134 81 136
f 486 509 485
f 510 509 486
f 79 81 134
f 132 79 134
f 511 510 486
f 511 486 487
f 130 79 132
f 130 77 79
f 488 511 487
f 512 511 488
f 128 77 130
f 128 75 77
f 52 512 488
f 102 512 52
f 126 75 128
f 126 73 75
f 49 102 52
f 103 102 49
f 124 73 126
f 124 71 73
f 53 103 49
f 106 103 53
f 122 69 71
f 122 71 124
f 108 106 53
f 108 53 55
f 120 67 69
f 120 69 122
f 57 108 55
f 110 108 57
f 118 65 67
f 118 67 120
f 59 110 57
f 112 110 59
f 116 63 65
f 116 65 118
f 61 63 116
f 61 112 59
f 114 112 61
f 114 61 116
f 513 151 152
f 513 152 499
f 514 499 497
f 514 513 499
f 515 497 495
f 515 514 497
f 516 495 493
f 516 515 495
f 517 493 491
f 517 516 493
f 518 491 490
f 518 517 491
f 519 490 489
f 519 518 490
f 520 489 492
f 520 519 489
f 521 492 494
f 521 520 492
f 522 494 496
f 522 521 494
f 523 496 498
f 523 522 496
f 524 523 498
f 524 498 500
f 525 524 500
f 525 500 501
f 526 525 501
f 526 501 502
f 527 502 503
f 527 526 502
f 528 527 503
f 528 503 504
f 529 504 505
f 529 528 504
f 530 505 506
f 530 529 505
f 531 506 507
f 531 530 506
f 532 507 508
f 532 531 507
f 533 508 509
f 533 532 508
f 534 509 510
f 534 533 509
f 535 510 511
f 535 534 510
f 536 511 512
f 536 535 511
f 104 512 102
f 104 536 512
f 518 537 538
f 519 539 537
f 519 537 518
f 517 538 540
f 517 518 538
f 520 541 539
f 520 539 519
f 516 540 542
f 516 517 540
f 521 543 541
f 521 541 520
f 515 542 544
f 515 516 542
f 522 545 543
f 522 543 521
f 514 544 546
f 514 515 544
f 523 547 545
f 523 545 522
f 513 546 548
f 513 514 546
f 524 549 547
f 524 547 523
f 151 548 206
f 151 513 548
f 203 151 206
f 525 550 549
f 525 549 524
f 149 151 203
f 201 149 203
f 526 551 550
f 526 550 525
f 147 149 201
f 200 147 201
f 527 552 551
f 527 551 526
f 145 147 200
f 198 145 200
f 528 553 552
f 528 552 527
f 143 145 198
f 529 553 528
f 195 143 198
f 554 553 529
f 141 143 195
f 530 554 529
f 193 141 195
f 555 554 530
f 139 141 193
f 531 555 530
f 191 139 193
f 556 555 531
f 137 139 191
f 532 556 531
f 189 137 191
f 557 556 532
f 135 137 189
f 533 557 532
f 187 135 189
f 187 133 135
f 558 557 533
f 534 558 533
f 186 133 187
f 186 131 133
f 559 558 534
f 535 559 534
f 183 131 186
f 183 129 131
f 560 559 535
f 536 560 535
f 182 129 183
f 182 127 129
f 561 560 536
f 104 561 536
f 154 561 104
f 180 127 182
f 180 125 127
f 155 154 104
f 155 104 101
f 178 125 180
f 178 123 125
f 158 155 101
f 158 101 105
f 176 121 123
f 176 123 178
f 174 121 176
f 174 119 121
f 160 105 107
f 160 158 105
f 162 107 109
f 162 160 107
f 172 117 119
f 172 119 174
f 164 109 111
f 164 162 109
f 170 115 117
f 170 117 172
f 166 111 113
f 166 164 111
f 168 115 170
f 168 166 113
f 168 113 115
f 205 206 548
f 562 548 546
f 562 205 548
f 563 546 544
f 563 562 546
f 564 544 542
f 564 563 544
f 565 542 540
f 565 564 542
f 566 540 538
f 566 565 540
f 567 538 537
f 567 566 538
f 568 537 539
f 568 567 537
f 569 539 541
f 569 568 539
f 570 541 543
f 570 569 541
f 571 543 545
f 571 570 543
f 572 571 545
f 573 572 545
f 573 545 547
f 574 573 547
f 574 547 549
f 575 549 550
f 575 574 549
f 576 575 550
f 576 550 551
f 577 551 552
f 577 576 551
f 578 552 553
f 578 577 552
f 579 553 554
f 579 578 553
f 580 554 555
f 580 579 554
f 581 555 556
f 581 580 555
f 582 556 557
f 582 581 556
f 583 557 558
f 583 582 557
f 584 558 559
f 584 583 558
f 585 559 560
f 585 584 559
f 586 560 561
f 586 585 560
f 156 561 154
f 156 586 561
f 243 580 581
f 245 243 581
f 245 581 582
f 241 580 243
f 241 579 580
f 247 245 582
f 247 582 583
f 240 579 241
f 240 578 579
f 249 583 584
f 249 247 583
f 237 578 240
f 237 577 578
f 252 249 584
f 252 584 585
f 235 576 577
f 235 577 237
f 253 585 586
f 253 252 585
f 233 575 576
f 233 576 235
f 255 156 153
f 255 586 156
f 255 253 586
f 231 575 233
f 231 574 575
f 231 573 574
f 587 255 153
f 229 573 231
f 157 587 153
f 572 573 229
f 588 587 157
f 227 572 229
f 159 588 157
f 571 572 227
f 589 588 159
f 225 571 227
f 161 589 159
f 570 571 225
f 590 589 161
f 223 570 225
f 163 590 161
f 569 570 223
f 591 590 163
f 221 569 223
f 165 591 163
f 568 569 221
f 592 591 165
f 219 568 221
f 167 592 165
f 567 568 219
f 593 592 167
f 218 567 219
f 169 593 167
f 566 567 218
f 594 593 169
f 215 566 218
f 171 594 169
f 565 566 215
f 595 594 171
f 213 565 215
f 173 595 171
f 564 565 213
f 596 595 173
f 211 564 213
f 563 564 211
f 175 596 173
f 207 563 211
f 597 596 175
f 562 563 207
f 562 207 209
f 177 597 175
f 177 598 597
f 179 598 177
f 205 562 209
f 204 205 209
f 204 209 599
f 181 598 179
f 181 600 598
f 184 600 181
f 184 601 600
f 202 204 599
f 202 599 602
f 199 202 602
f 199 602 603
f 185 601 184
f 185 604 601
f 197 199 603
f 197 603 605
f 188 604 185
f 188 606 604
f 190 607 606
f 190 606 188
f 196 197 605
f 196 605 608
f 194 608 609
f 194 196 608
f 192 609 607
f 192 607 190
f 192 194 609
f 587 256 255
f 587 610 256
f 588 611 610
f 588 610 587
f 589 612 611
f 589 611 588
f 590 613 612
f 590 614 613
f 590 612 589
f 591 614 590
f 592 615 614
f 592 614 591
f 593 616 615
f 593 615 592
f 594 617 616
f 594 616 593
f 595 618 617
f 595 619 618
f 595 617 594
f 596 619 595
f 597 620 619
f 597 619 596
f 598 620 597
f 598 621 620
f 600 621 598
f 600 622 621
f 601 622 600
f 601 623 622
f 601 624 623
f 604 624 601
f 606 624 604
f 606 625 624
f 607 625 606
f 607 626 625
f 609 626 607
f 609 627 626
f 608 627 609
f 608 628 627
f 608 629 628
f 605 629 608
f 603 629 605
f 603 630 629
f 602 630 603
f 602 631 630
f 599 631 602
f 599 632 631
f 599 208 632
f 209 208 599
f 633 220 222
f 634 220 633
f 634 217 220
f 635 633 222
f 635 222 224
f 636 217 634
f 636 216 217
f 637 635 224
f 637 224 226
f 638 637 226
f 639 216 636
f 639 214 216
f 228 638 226
f 640 214 639
f 640 212 214
f 641 638 228
f 230 641 228
f 642 210 212
f 642 212 640
f 643 641 230
f 232 643 230
f 305 208 210
f 305 210 642
f 644 643 232
f 234 644 232
f 304 632 208
f 304 208 305
f 645 644 234
f 236 645 234
f 301 631 632
f 301 632 304
f 646 645 236
f 238 646 236
f 300 630 631
f 300 631 301
f 647 646 238
f 239 647 238
f 298 629 630
f 298 630 300
f 648 647 239
f 242 648 239
f 295 628 629
f 295 629 298
f 649 648 242
f 244 649 242
f 627 295 294
f 627 628 295
f 650 649 244
f 292 627 294
f 246 651 650
f 246 650 244
f 626 627 292
f 248 651 246
f 248 652 651
f 625 626 292
f 625 292 290
f 250 652 248
f 250 653 652
f 624 625 290
f 624 290 288
f 286 624 288
f 251 653 250
f 251 654 653
f 623 624 286
f 254 654 251
f 254 655 654
f 622 286 284
f 622 623 286
f 256 655 254
f 256 258 655
f 621 284 282
f 621 622 284
f 610 258 256
f 610 259 258
f 620 621 282
f 620 282 280
f 619 620 280
f 619 280 278
f 611 259 610
f 611 262 259
f 275 619 278
f 264 262 611
f 612 264 611
f 618 619 275
f 613 264 612
f 613 266 264
f 617 618 275
f 617 275 274
f 617 274 272
f 616 617 272
f 616 272 269
f 614 266 613
f 614 268 266
f 615 616 269
f 615 268 614
f 615 269 268
f 656 306 305
f 656 305 642
f 657 640 639
f 657 642 640
f 657 656 642
f 658 657 639
f 659 636 634
f 659 639 636
f 659 658 639
f 660 659 634
f 661 634 633
f 661 660 634
f 662 633 635
f 662 661 633
f 663 635 637
f 663 662 635
f 664 637 638
f 664 663 637
f 665 638 641
f 665 664 638
f 666 641 643
f 666 665 641
f 667 666 643
f 667 643 644
f 668 667 644
f 668 644 645
f 669 668 645
f 669 645 646
f 670 669 646
f 670 647 648
f 670 646 647
f 671 670 648
f 672 648 649
f 672 671 648
f 673 650 651
f 673 649 650
f 673 672 649
f 674 673 651
f 675 651 652
f 675 674 651
f 676 652 653
f 676 675 652
f 677 653 654
f 677 676 653
f 678 655 258
f 678 654 655
f 678 677 654
f 260 678 258
f 679 673 674
f 680 672 673
f 680 673 679
f 681 679 674
f 681 674 675
f 682 672 680
f 682 671 672
f 683 681 675
f 683 675 676
f 684 671 682
f 684 670 671
f 685 676 677
f 685 683 676
f 686 670 684
f 686 669 670
f 687 677 678
f 687 685 677
f 688 669 686
f 688 668 669
f 308 260 257
f 308 678 260
f 308 687 678
f 689 667 668
f 689 666 667
f 689 668 688
f 309 308 257
f 690 666 689
f 665 666 690
f 261 309 257
f 311 309 261
f 691 665 690
f 664 665 691
f 263 311 261
f 313 311 263
f 692 664 691
f 663 664 692
f 265 313 263
f 315 313 265
f 693 663 692
f 662 663 693
f 267 315 265
f 317 315 267
f 694 662 693
f 661 662 694
f 270 317 267
f 319 317 270
f 695 661 694
f 660 661 695
f 271 319 270
f 321 319 271
f 696 660 695
f 659 660 696
f 273 321 271
f 323 321 273
f 697 659 696
f 658 659 697
f 276 323 273
f 698 658 697
f 325 323 276
f 657 658 698
f 277 325 276
f 327 325 277
f 699 657 698
f 656 657 699
f 656 699 352
f 279 327 277
f 279 329 327
f 306 656 352
f 281 329 279
f 303 306 352
f 303 352 350
f 283 329 281
f 283 332 329
f 302 303 350
f 302 350 348
f 285 332 283
f 285 333 332
f 299 302 348
f 299 348 346
f 287 333 285
f 287 335 333
f 289 335 287
f 289 338 335
f 297 299 346
f 297 346 343
f 296 297 343
f 296 343 342
f 291 338 289
f 291 340 338
f 293 296 342
f 293 340 291
f 293 342 340
f 351 352 699
f 700 699 698
f 700 351 699
f 701 698 697
f 701 700 698
f 702 697 696
f 702 701 697
f 703 696 695
f 703 702 696
f 704 695 694
f 704 703 695
f 705 694 693
f 705 704 694
f 706 693 692
f 706 705 693
f 707 692 691
f 707 706 692
f 708 691 690
f 708 707 691
f 709 690 689
f 709 708 690
f 710 689 688
f 710 709 689
f 711 710 688
f 712 711 688
f 712 688 686
f 713 712 686
f 713 686 684
f 713 684 682
f 714 713 682
f 714 682 680
f 715 714 680
f 716 715 680
f 716 680 679
f 716 679 681
f 717 681 683
f 717 716 681
f 718 717 683
f 719 683 685
f 719 718 683
f 720 685 687
f 720 719 685
f 307 687 308
f 307 720 687
f 721 715 716
f 722 714 715
f 722 715 721
f 723 716 717
f 723 721 716
f 724 714 722
f 724 713 714
f 725 723 717
f 725 717 718
f 726 713 724
f 712 713 726
f 727 725 718
f 727 718 719
f 728 712 726
f 711 712 728
f 729 727 719
f 729 719 720
f 730 711 728
f 710 711 730
f 354 720 307
f 354 729 720
f 731 710 730
f 709 710 731
f 310 354 307
f 355 354 310
f 732 709 731
f 708 709 732
f 312 355 310
f 357 355 312
f 733 708 732
f 707 708 733
f 314 357 312
f 359 357 314
f 734 707 733
f 706 707 734
f 316 359 314
f 361 359 316
f 735 706 734
f 705 706 735
f 318 361 316
f 363 361 318
f 736 705 735
f 704 705 736
f 320 363 318
f 365 363 320
f 737 704 736
f 703 704 737
f 322 365 320
f 367 365 322
f 738 703 737
f 702 703 738
f 324 367 322
f 369 367 324
f 739 702 738
f 701 702 739
f 326 369 324
f 371 369 326
f 740 701 739
f 700 701 740
f 328 371 326
f 374 371 328
f 396 700 740
f 351 700 396
f 330 374 328
f 375 374 330
f 349 351 396
f 349 396 394
f 331 375 330
f 378 375 331
f 347 349 394
f 347 394 392
f 334 378 331
f 380 378 334
f 345 347 392
f 345 392 390
f 336 380 334
f 336 382 380
f 344 345 390
f 344 390 387
f 337 382 336
f 337 384 382
f 341 344 387
f 341 387 386
f 339 384 337
f 339 341 386
f 339 386 384
f 741 395 396
f 741 396 740
f 742 740 739
f 742 741 740
f 743 739 738
f 743 742 739
f 744 738 737
f 744 743 738
f 745 737 736
f 745 744 737
f 746 736 735
f 746 745 736
f 747 735 734
f 747 746 735
f 748 734 733
f 748 747 734
f 749 733 732
f 749 732 731
f 749 748 733
f 750 749 731
f 751 731 730
f 751 750 731
f 752 730 728
f 752 728 726
f 752 751 730
f 753 726 724
f 753 752 726
f 754 753 724
f 755 754 724
f 755 724 722
f 755 722 721
f 756 755 721
f 756 721 723
f 757 756 723
f 757 723 725
f 758 757 725
f 759 725 727
f 759 727 729
f 759 758 725
f 760 759 729
f 353 729 354
f 353 760 729
f 758 756 757
f 753 754 755
f 760 758 759
f 751 755 756
f 751 752 753
f 751 753 755
f 750 751 756
f 358 353 356
f 748 749 750
f 362 358 360
f 362 760 353
f 362 353 358
f 746 747 748
f 745 758 760
f 745 756 758
f 745 750 756
f 745 748 750
f 745 746 748
f 370 366 368
f 370 364 366
f 742 744 745
f 742 743 744
f 373 370 372
f 395 741 742
f 376 370 373
f 376 362 364
f 376 364 370
f 393 395 742
f 393 745 760
f 393 742 745
f 377 362 376
f 377 393 760
f 377 760 362
f 381 377 379
f 388 391 393
f 388 389 391
f 383 393 377
f 383 377 381
f 385 388 393
f 385 393 383
f 761 762 763
f 761 764 762
f 765 766 764
f 765 764 761
f 767 768 766
f 767 766 765
f 769 770 768
f 769 768 767
f 771 772 770
f 771 770 769
f 773 774 772
f 773 772 771
f 775 776 774
f 775 774 773
f 777 778 779
f 777 780 778
f 781 779 782
f 781 777 779
f 783 782 784
f 783 784 785
f 783 781 782
f 786 785 787
f 786 783 785
f 788 786 787
f 789 787 790
f 789 788 787
f 791 790 792
f 791 789 790
f 793 792 794
f 793 791 792
f 795 794 796
f 795 796 797
f 795 793 794
f 798 795 797
f 799 797 800
f 799 798 797
f 801 800 802
f 801 799 800
f 803 802 804
f 803 801 802
f 805 804 806
f 805 803 804
f 807 806 808
f 807 805 806
f 809 810 811
f 809 812 810
f 813 811 814
f 813 809 811
f 815 814 816
f 815 816 817
f 815 813 814
f 818 815 817
f 819 817 820
f 819 818 817
f 821 820 822
f 821 822 823
f 821 819 820
f 824 821 823
f 825 823 826
f 825 824 823
f 827 826 828
f 827 825 826
f 829 828 830
f 829 827 828
f 831 830 832
f 831 829 830
f 833 832 834
f 833 831 832
f 835 834 836
f 835 833 834
f 837 838 839
f 840 839 841
f 840 837 839
f 842 841 843
f 842 840 841
f 844 843 845
f 844 842 843
f 846 845 847
f 846 844 845
f 848 847 849
f 848 846 847
f 850 849 851
f 850 848 849
f 852 851 853
f 852 850 851
f 854 853 855
f 854 852 853
f 856 855 857
f 856 854 855
f 858 856 857
f 859 857 860
f 859 858 857
f 861 860 862
f 861 859 860
f 863 862 864
f 863 861 862
f 865 866 867
f 865 867 868
f 869 866 865
f 870 871 866
f 870 866 869
f 872 873 871
f 872 871 870
f 874 873 872
f 875 873 874
f 876 877 873
f 878 873 875
f 878 875 879
f 878 876 873
f 880 878 879
f 880 879 881
f 882 880 881
f 882 881 883
f 884 882 883
f 884 883 885
f 886 884 885
f 887 888 889
f 887 889 890
f 891 892 775
f 893 775 773
f 893 773 771
f 893 891 775
f 894 771 769
f 894 893 771
f 895 769 767
f 895 767 765
f 895 765 761
f 895 894 769
f 896 887 897
f 898 887 896
f 899 897 900
f 899 896 897
f 901 887 898
f 901 888 887
f 902 899 900
f 903 904 888
f 903 888 901
f 905 900 906
f 905 902 900
f 907 908 904
f 907 904 903
f 909 908 907
f 909 885 908
f 910 885 909
f 911 905 906
f 912 913 886
f 914 886 885
f 914 885 910
f 914 912 886
f 915 763 913
f 915 913 912
f 916 914 910
f 916 910 917
f 918 761 763
f 918 895 761
f 918 763 915
f 919 917 920
f 919 916 917
f 921 895 918
f 922 920 923
f 922 919 920
f 924 922 923
f 925 895 921
f 926 927 928
f 926 928 924
f 926 924 923
f 926 923 929
f 926 929 930
f 931 932 933
f 934 935 927
f 934 927 926
f 936 933 937
f 936 937 935
f 936 935 934
f 936 931 933
f 921 938 939
f 918 940 938
f 918 938 921
f 915 941 940
f 915 940 918
f 912 942 941
f 912 941 915
f 914 943 942
f 914 942 912
f 916 944 943
f 916 943 914
f 919 945 944
f 919 944 916
f 922 946 945
f 922 945 919
f 924 947 946
f 924 946 922
f 928 948 947
f 928 947 924
f 927 949 948
f 927 948 928
f 935 950 949
f 935 949 927
f 937 951 950
f 937 950 935
f 933 951 937
f 932 951 933
f 932 952 951
f 953 954 895
f 955 956 957
f 955 957 953
f 955 953 958
f 952 955 958
f 925 953 895
f 925 958 953
f 959 955 952
f 931 952 932
f 931 959 952
f 934 960 961
f 934 926 960
f 936 961 962
f 936 962 959
f 936 934 961
f 931 936 959
f 963 911 906
f 963 906 964
f 965 963 964
f 966 963 965
f 967 930 966
f 926 930 967
f 960 926 967
f 968 965 969
f 970 966 965
f 970 965 968
f 971 967 966
f 971 966 970
f 972 968 973
f 972 970 968
f 974 971 975
f 973 974 975
f 973 975 972
f 974 967 971
f 930 976 966
f 930 929 976
f 923 976 929
f 923 977 976
f 920 978 977
f 920 977 923
f 917 979 978
f 917 978 920
f 910 980 979
f 910 979 917
f 909 981 980
f 909 980 910
f 907 982 981
f 907 981 909
f 903 983 982
f 903 982 907
f 901 984 983
f 901 983 903
f 898 985 984
f 898 984 901
f 896 986 985
f 896 985 898
f 899 987 986
f 899 986 896
f 902 988 987
f 902 987 899
f 905 989 988
f 905 988 902
f 963 905 911
f 963 989 905
f 897 990 991
f 897 887 990
f 900 991 992
f 900 897 991
f 906 992 964
f 906 900 992
f 993 868 867
f 993 867 994
f 995 993 994
f 996 993 995
f 997 890 996
f 997 996 995
f 887 890 997
f 990 887 997
f 998 995 999
f 998 997 995
f 889 996 890
f 889 1000 996
f 888 1000 889
f 888 1001 1000
f 904 1002 1001
f 904 1001 888
f 908 1003 1002
f 908 1002 904
f 885 1004 1003
f 885 1003 908
f 883 1005 1004
f 883 1004 885
f 881 1006 1005
f 881 1005 883
f 879 1007 1006
f 879 1006 881
f 875 1008 1007
f 875 1007 879
f 874 1009 1008
f 874 1008 875
f 872 1010 1009
f 872 1009 874
f 870 1011 1010
f 870 1010 872
f 869 1012 1011
f 869 1011 870
f 865 1013 1012
f 865 1012 869
f 868 1013 865
f 868 993 1013
f 871 1014 1015
f 871 873 1014
f 866 1015 1016
f 866 871 1015
f 867 1016 994
f 867 866 1016
f 1017 1014 873
f 1018 1019 1020
f 1018 1020 1017
f 1018 1017 1021
f 1022 1018 1021
f 877 1017 873
f 877 1021 1017
f 1023 1018 1022
f 891 1022 892
f 891 1023 1022
f 1024 1021 877
f 1024 877 876
f 878 1024 876
f 878 1025 1024
f 880 1026 1025
f 880 1025 878
f 882 1027 1026
f 882 1026 880
f 884 1028 1027
f 884 1027 882
f 886 1029 1028
f 886 1028 884
f 913 1030 1029
f 913 1029 886
f 763 762 1030
f 763 1030 913
f 892 1022 776
f 775 892 776
f 894 954 1031
f 894 895 954
f 893 1031 1032
f 893 894 1031
f 891 1032 1023
f 891 893 1032
f 921 958 925
f 921 939 958
f 943 940 941
f 943 941 942
f 939 938 940
f 939 940 943
f 946 944 945
f 947 944 946
f 950 947 948
f 950 948 949
f 950 944 947
f 951 943 944
f 951 939 943
f 951 944 950
f 952 958 939
f 952 939 951
f 1023 1033 1018
f 1032 1033 1023
f 1034 1033 1032
f 1031 1034 1032
f 1035 1031 954
f 1035 1034 1031
f 953 1035 954
f 953 1036 1035
f 953 957 1036
f 1037 1038 1039
f 1037 1039 1040
f 1037 1040 1041
f 1037 1042 998
f 1043 1044 1038
f 1043 1038 1037
f 1043 1037 1045
f 1046 1037 998
f 1046 1045 1037
f 1047 1048 1049
f 1047 1049 1044
f 1047 1044 1043
f 1050 1046 998
f 1051 1052 1053
f 1051 1053 1048
f 1051 1048 1047
f 1054 1050 998
f 780 1052 1051
f 780 973 1052
f 1055 1054 998
f 974 973 780
f 999 1055 998
f 777 974 780
f 1056 1055 999
f 781 974 777
f 1057 1056 999
f 1058 974 781
f 1058 1059 974
f 1058 781 783
f 1060 1057 999
f 1060 999 1061
f 1060 1062 1057
f 786 1063 1064
f 786 1064 1058
f 786 1058 783
f 1065 1063 786
f 1066 1062 1060
f 788 1065 786
f 1067 1066 1060
f 1020 1060 1068
f 1020 1067 1060
f 1020 1069 1067
f 956 1070 1065
f 956 788 789
f 956 1065 788
f 791 956 789
f 807 1069 1020
f 1071 798 799
f 1071 799 801
f 1071 801 803
f 957 791 793
f 957 793 795
f 957 795 798
f 957 956 791
f 957 798 1071
f 1019 803 805
f 1019 805 807
f 1019 807 1020
f 1019 1071 803
f 1072 1071 1019
f 1036 957 1071
f 1073 956 955
f 1073 1070 956
f 960 967 1074
f 959 1073 955
f 961 1075 1076
f 961 1077 1075
f 961 1074 1077
f 961 960 1074
f 962 1078 1073
f 962 1076 1078
f 962 1073 959
f 962 961 1076
f 1079 1080 970
f 1079 970 972
f 1081 1079 972
f 975 1081 972
f 1082 1081 975
f 1082 975 971
f 1082 971 970
f 1082 970 1080
f 967 1059 1074
f 967 974 1059
f 1083 1052 973
f 968 1083 973
f 1084 1085 1086
f 1087 1084 1088
f 1089 1084 1087
f 1083 1090 1091
f 1083 1092 1090
f 1083 1089 1092
f 1083 1084 1089
f 969 1085 1084
f 969 1084 1083
f 968 969 1083
f 965 1085 969
f 1093 1085 965
f 990 997 1094
f 991 990 1094
f 1095 991 1094
f 992 991 1095
f 1093 964 992
f 1093 992 1095
f 965 964 1093
f 988 986 987
f 983 984 985
f 983 985 986
f 983 986 988
f 981 982 983
f 981 988 989
f 981 983 988
f 977 978 979
f 977 979 980
f 977 980 981
f 977 981 989
f 976 977 989
f 966 989 963
f 966 976 989
f 997 1042 1094
f 997 998 1042
f 995 1061 999
f 1096 1061 995
f 1097 1015 1014
f 1096 994 1016
f 1017 1097 1014
f 995 994 1096
f 1098 1016 1015
f 1098 1015 1097
f 1098 1096 1016
f 1010 1011 1012
f 1010 1012 1013
f 1000 1013 993
f 1000 993 996
f 1001 1013 1000
f 1005 1006 1007
f 1005 1007 1008
f 1002 1010 1013
f 1002 1013 1001
f 1004 1008 1009
f 1004 1009 1010
f 1004 1005 1008
f 1003 1010 1002
f 1003 1004 1010
f 1017 1068 1097
f 1017 1020 1068
f 1018 1072 1019
f 1033 1072 1018
f 1027 1025 1026
f 1028 1024 1025
f 1028 1025 1027
f 1029 1024 1028
f 776 1022 1021
f 776 1021 1024
f 768 1030 762
f 768 762 764
f 768 764 766
f 770 1029 1030
f 770 772 774
f 770 774 776
f 770 1024 1029
f 770 776 1024
f 770 1030 768
f 1036 1034 1035
f 1036 1071 1034
f 1072 1033 1034
f 1071 1072 1034
f 1069 807 808
f 1069 808 1099
f 1067 1099 1100
f 1067 1069 1099
f 1066 1100 1101
f 1066 1067 1100
f 1062 1101 1102
f 1062 1066 1101
f 1057 1102 1103
f 1057 1062 1102
f 1056 1103 1104
f 1056 1104 1105
f 1056 1057 1103
f 1055 1105 1106
f 1055 1056 1105
f 1054 1055 1106
f 1050 1106 1107
f 1050 1054 1106
f 1046 1107 1108
f 1046 1050 1107
f 1045 1108 1109
f 1045 1109 1110
f 1045 1046 1108
f 1043 1045 1110
f 1047 1110 1111
f 1047 1111 1112
f 1047 1043 1110
f 1051 1047 1112
f 780 1112 778
f 780 1051 1112
f 1098 1068 1060
f 1098 1097 1068
f 1061 1096 1098
f 1060 1061 1098
f 1095 1042 1037
f 1095 1094 1042
f 1086 1037 1041
f 1095 1037 1086
f 1093 1086 1085
f 1093 1095 1086
f 1041 1084 1086
f 1040 1084 1041
f 1091 1053 1052
f 1091 1048 1053
f 1091 1052 1083
f 1090 1048 1091
f 1092 1049 1048
f 1092 1044 1049
f 1092 1048 1090
f 1089 1038 1044
f 1089 1044 1092
f 1087 1038 1089
f 1088 1039 1038
f 1088 1038 1087
f 1084 1040 1039
f 1084 1039 1088
f 1059 1058 1077
f 1059 1077 1074
f 1063 1065 1078
f 1063 1078 1076
f 1064 1076 1075
f 1064 1063 1076
f 1058 1075 1077
f 1058 1064 1075
f 1078 1065 1070
f 1073 1078 1070
f 1113 1114 1079
f 1081 1113 1079
f 1115 1079 1114
f 1080 1079 1115
f 1116 1080 1115
f 1082 1080 1116
f 1082 1113 1081
f 1082 1116 1113
f 1117 1110 1109
f 1118 1109 1108
f 1118 1117 1109
f 1119 1111 1110
f 1119 1110 1117
f 1120 1108 1107
f 1120 1118 1108
f 1121 1112 1111
f 1121 1111 1119
f 1122 1107 1106
f 1122 1120 1107
f 1105 1122 1106
f 812 778 1112
f 812 1112 1121
f 779 778 812
f 1123 1122 1105
f 1104 1123 1105
f 809 779 812
f 782 779 809
f 1124 1123 1104
f 1103 1124 1104
f 813 782 809
f 784 782 813
f 1125 1124 1103
f 1102 1125 1103
f 815 784 813
f 1126 1125 1102
f 785 784 815
f 818 785 815
f 1101 1126 1102
f 1127 1126 1101
f 787 785 818
f 819 787 818
f 1100 1127 1101
f 1128 1127 1100
f 790 787 819
f 821 790 819
f 1099 1128 1100
f 835 1128 1099
f 792 790 821
f 824 792 821
f 808 835 1099
f 794 792 824
f 806 835 808
f 806 833 835
f 796 824 825
f 796 794 824
f 804 831 833
f 804 833 806
f 797 825 827
f 797 796 825
f 802 829 831
f 802 831 804
f 800 827 829
f 800 797 827
f 800 829 802
f 1129 1130 1113
f 1116 1129 1113
f 1113 1130 1131
f 1113 1131 1114
f 1115 1114 1131
f 1132 1115 1131
f 1129 1116 1115
f 1129 1115 1132
f 1128 835 836
f 1128 836 1133
f 1127 1133 1134
f 1127 1128 1133
f 1126 1134 1135
f 1126 1127 1134
f 1125 1135 1136
f 1125 1126 1135
f 1124 1136 1137
f 1124 1125 1136
f 1123 1137 1138
f 1123 1124 1137
f 1122 1138 1139
f 1122 1139 1140
f 1122 1123 1138
f 1120 1122 1140
f 1118 1140 1141
f 1118 1120 1140
f 1117 1141 1142
f 1117 1118 1141
f 1119 1142 1143
f 1119 1117 1142
f 1121 1143 1144
f 1121 1119 1143
f 812 1144 810
f 812 1121 1144
f 1145 1146 1131
f 1147 1131 1146
f 1148 1145 1131
f 1149 1131 1147
f 1150 1148 1131
f 837 1131 1149
f 1130 1151 1152
f 1130 1153 1151
f 1132 842 844
f 1132 840 842
f 1132 837 840
f 1154 1153 1130
f 846 1132 844
f 1155 1154 1130
f 848 1132 846
f 1156 1155 1130
f 850 1132 848
f 1129 859 861
f 1129 858 859
f 1129 856 858
f 1129 854 856
f 1129 852 854
f 1130 1150 1131
f 1130 1152 1150
f 1131 837 1132
f 1132 850 1129
f 850 852 1129
f 1129 863 1130
f 863 1156 1130
f 1129 861 863
f 1138 1140 1139
f 1138 1141 1140
f 1138 1142 1141
f 1138 1143 1142
f 1138 1144 1143
f 1137 1144 1138
f 1136 1144 1137
f 816 811 810
f 816 814 811
f 816 810 1144
f 816 1144 1136
f 1133 1135 1134
f 822 820 817
f 823 817 816
f 823 816 1136
f 823 822 817
f 830 826 823
f 830 828 826
f 830 834 832
f 830 836 834
f 830 1133 836
f 830 1136 1135
f 830 1135 1133
f 830 823 1136
f 863 864 1157
f 1156 1157 1158
f 1156 863 1157
f 1155 1158 1159
f 1155 1156 1158
f 1154 1159 1160
f 1154 1155 1159
f 1153 1160 1161
f 1153 1154 1160
f 1151 1161 1162
f 1151 1153 1161
f 1152 1162 1163
f 1152 1151 1162
f 1150 1163 1164
f 1150 1152 1163
f 1148 1164 1165
f 1148 1150 1164
f 1145 1165 1166
f 1145 1148 1165
f 1146 1145 1166
f 1147 1166 1167
f 1147 1146 1166
f 1149 1167 1168
f 1149 1147 1167
f 837 1168 838
f 837 1149 1168
f 1164 1166 1165
f 838 1167 1166
f 838 1168 1167
f 1162 1164 1163
f 1160 1162 1161
f 1160 1166 1164
f 1160 1164 1162
f 845 843 841
f 1157 1159 1158
f 1157 1160 1159
f 864 1160 1157
f 862 839 838
f 862 841 839
f 862 845 841
f 862 838 1166
f 862 1166 1160
f 862 1160 864
f 853 847 845
f 853 849 847
f 853 851 849
f 855 853 845
f 857 862 860
f 857 845 862
f 857 855 845
f 1169 1170 1171
f 1169 1172 1170
f 1173 1171 1174
f 1173 1169 1171
f 1175 1176 1177
f 1175 1174 1176
f 1175 1173 1174
f 1178 1177 1179
f 1178 1175 1177
f 1180 1178 1179
f 1181 1179 1182
f 1181 1180 1179
f 1183 1182 1184
f 1183 1181 1182
f 1185 1184 1186
f 1185 1183 1184
f 1187 1186 1188
f 1187 1185 1186
f 1189 1188 1190
f 1189 1187 1188
f 1191 1187 1189
f 1192 1187 1191
f 1193 1189 1190
f 1193 1190 1194
f 1195 1192 1191
f 1196 1192 1195
f 1197 1193 1194
f 1197 1194 1198
f 1199 1197 1198
f 1200 1196 1195
f 1201 1196 1200
f 1202 1197 1199
f 1203 1202 1199
f 1204 1201 1200
f 1204 1200 1205
f 1206 1202 1203
f 1207 1206 1203
f 1208 1204 1205
f 1208 1205 1209
f 1210 1207 1211
f 1210 1206 1207
f 1210 1208 1209
f 1210 1209 1206
f 1212 1210 1211
f 1213 1211 1214
f 1213 1212 1211
f 1215 1214 1216
f 1215 1213 1214
f 1217 1216 1218
f 1217 1215 1216
f 1219 1218 1220
f 1219 1217 1218
f 1221 1220 1222
f 1221 1219 1220
f 1223 1222 1224
f 1223 1221 1222
f 1225 1224 1226
f 1225 1223 1224
f 1227 1226 1228
f 1227 1225 1226
f 1229 1230 1231
f 1229 1232 1230
f 1229 1233 1232
f 1234 1229 1231
f 1172 1231 1170
f 1172 1234 1231
f 1235 1236 1237
f 1235 1238 1236
f 1239 1240 1241
f 1239 1237 1240
f 1239 1235 1237
f 1242 1239 1241
f 1243 1242 1241
f 1243 1244 1245
f 1243 1241 1244
f 1246 1243 1245
f 1246 1245 1247
f 1248 1246 1247
f 1249 1248 1247
f 1249 1250 1251
f 1249 1247 1250
f 1252 1249 1251
f 1253 1252 1251
f 1253 1254 1255
f 1253 1251 1254
f 1256 1253 1255
f 1257 1256 1255
f 1257 1255 1258
f 1259 1260 1261
f 1259 1258 1260
f 1259 1257 1258
f 1262 1259 1261
f 1263 1264 1265
f 1266 1265 1264
f 1267 1263 1265
f 1268 1267 1265
f 1269 1261 1265
f 1269 1262 1261
f 1269 1265 1266
f 1270 1265 1271
f 1270 1268 1265
f 1272 1270 1271
f 1273 1272 1271
f 1274 1269 1266
f 1275 1269 1274
f 1276 1269 1275
f 1277 1269 1276
f 1278 1269 1277
f 1279 1269 1278
f 1280 1269 1279
f 1280 1279 1281
f 1280 1281 1282
f 1283 1271 1284
f 1283 1273 1271
f 1285 1284 1286
f 1285 1283 1284
f 1287 1280 1288
f 1289 1285 1286
f 1290 1289 1286
f 1291 1286 1292
f 1291 1290 1286
f 1293 1291 1292
f 1294 1293 1292
f 1295 1287 1296
f 1297 1294 1292
f 1298 1297 1292
f 1299 1298 1292
f 1300 1295 1301
f 1302 1295 1300
f 1303 1299 1292
f 1303 1292 1304
f 1303 1295 1302
f 1303 1302 1305
f 1303 1305 1306
f 1303 1306 1307
f 1303 1307 1308
f 1303 1308 1309
f 1303 1309 1299
f 1310 1304 1311
f 1310 1303 1304
f 1312 1310 1311
f 1313 1311 1314
f 1313 1312 1311
f 1315 1314 1316
f 1315 1313 1314
f 1317 1316 1318
f 1317 1315 1316
f 1319 1318 1320
f 1319 1317 1318
f 1321 1320 1322
f 1321 1319 1320
f 1323 1322 1324
f 1323 1321 1322
f 1325 1326 1327
f 1325 1324 1326
f 1325 1323 1324
f 1328 1325 1327
f 1329 1327 1330
f 1329 1328 1327
f 1282 1288 1280
f 1288 1296 1287
f 1296 1301 1295
f 1331 1332 1333
f 1331 1334 1332
f 1335 1336 1334
f 1335 1334 1331
f 1337 1338 1336
f 1337 1336 1335
f 1339 1340 1341
f 1339 1342 1340
f 1343 1344 1342
f 1343 1342 1339
f 1345 1346 1344
f 1345 1344 1343
f 1347 1346 1345
f 1348 1349 1346
f 1348 1350 1349
f 1348 1346 1347
f 1351 1350 1348
f 1352 1348 1347
f 1353 1354 1350
f 1353 1350 1351
f 1355 1354 1353
f 1356 1354 1355
f 1357 1355 1358
f 1357 1359 1356
f 1357 1356 1355
f 1360 1359 1357
f 1360 1361 1359
f 1362 1361 1360
f 1362 1363 1361
f 1364 1363 1362
f 1364 1365 1363
f 1366 1365 1364
f 1367 1365 1366
f 1367 1368 1365
f 1369 1368 1367
f 1369 1370 1368
f 1371 1370 1369
f 1371 1372 1370
f 1373 1372 1371
f 1373 1374 1372
f 1375 1374 1373
f 1375 1376 1374
f 1377 1376 1375
f 1377 1378 1376
f 1379 1378 1377
f 1379 1380 1378
f 1381 1377 1375
f 1382 1380 1379
f 1383 1380 1382
f 1383 1384 1380
f 1385 1384 1383
f 1386 1383 1387
f 1386 1385 1383
f 1388 1389 1385
f 1388 1385 1386
f 1390 1391 1389
f 1390 1389 1388
f 1392 1393 1391
f 1392 1391 1390
f 1394 1393 1392
f 1395 1396 1397
f 1395 1398 1396
f 1399 1400 1398
f 1399 1398 1395
f 1401 1402 1400
f 1401 1400 1399
f 1403 1404 1405
f 1406 1404 1403
f 1407 1408 1404
f 1407 1404 1406
f 1409 1410 1411
f 1409 1411 1408
f 1409 1408 1407
f 1412 1410 1409
f 1413 1414 1410
f 1413 1410 1412
f 1415 1416 1414
f 1415 1414 1413
f 1417 1418 1416
f 1417 1416 1415
f 1419 1420 1418
f 1419 1418 1417
f 1421 1422 1420
f 1421 1420 1419
f 1423 1424 1425
f 1423 1425 1422
f 1423 1422 1421
f 1426 1424 1423
f 1427 1424 1426
f 1427 1428 1424
f 1429 1428 1427
f 1429 1430 1431
f 1429 1431 1428
f 1432 1430 1429
f 1433 1430 1432
f 1433 1434 1430
f 1435 1434 1433
f 1435 1436 1434
f 1437 1436 1435
f 1437 1438 1439
f 1437 1439 1436
f 1440 1438 1437
f 1440 1441 1438
f 1442 1441 1440
f 1443 1444 1441
f 1443 1441 1442
f 1445 1446 1447
f 1445 1447 1444
f 1445 1444 1443
f 1448 1446 1445
f 1449 1450 1446
f 1449 1446 1448
f 1451 1452 1450
f 1451 1450 1449
f 1453 1454 1452
f 1453 1452 1451
f 1455 1456 1457
f 1458 1459 1456
f 1458 1456 1455
f 1460 1461 1459
f 1460 1459 1458
f 1462 1463 1461
f 1462 1461 1460
f 1464 1465 1463
f 1464 1463 1462
f 1466 1467 1465
f 1466 1465 1464
f 1468 1469 1467
f 1468 1467 1466
f 1470 1471 1469
f 1470 1469 1468
f 1472 1473 1471
f 1472 1471 1470
f 1474 1473 1472
f 1475 1476 1473
f 1475 1473 1474
f 1477 1478 1476
f 1477 1476 1475
f 1479 1480 1478
f 1479 1478 1477
f 1481 1480 1479
f 1481 1482 1480
f 1483 1482 1481
f 1483 1484 1482
f 1485 1484 1483
f 1485 1486 1484
f 1487 1486 1485
f 1487 1488 1486
f 1489 1488 1487
f 1489 1490 1488
f 1491 1490 1489
f 1491 1492 1490
f 1493 1492 1491
f 1493 1494 1492
f 1495 1494 1493
f 1495 1496 1494
f 1497 1496 1495
f 1497 1498 1496
f 1499 1498 1497
f 1499 1500 1498
f 1501 1500 1499
f 1501 1502 1500
f 1503 1504 1505
f 1506 1505 1507
f 1506 1503 1505
f 1508 1507 1509
f 1508 1506 1507
f 1510 1509 1511
f 1510 1508 1509
f 1512 1510 1511
f 1513 1514 1515
f 1516 1514 1513
f 1517 1518 1514
f 1517 1514 1516
f 1519 1520 1521
f 1519 1521 1518
f 1519 1518 1517
f 1522 1520 1519
f 1523 1524 1525
f 1523 1526 1524
f 1527 1525 1528
f 1527 1523 1525
f 1529 1528 1530
f 1529 1527 1528
f 1531 1532 1533
f 1531 1534 1532
f 1535 1536 1537
f 1535 1533 1536
f 1535 1531 1533
f 1538 1535 1537
f 1539 1540 1541
f 1542 1541 1543
f 1542 1539 1541
f 1544 1543 1545
f 1544 1542 1543
f 1546 1544 1545
f 1547 1548 1549
f 1547 1550 1551
f 1547 1551 1548
f 1552 1550 1547
f 1553 1554 1555
f 1553 1555 1550
f 1553 1550 1552
f 1556 1554 1553
f 1557 1558 1559
f 1557 1559 1554
f 1557 1554 1556
f 1560 1558 1557
f 1561 1562 1558
f 1561 1558 1560
f 1563 1564 1562
f 1563 1562 1561
f 1565 1566 1567
f 1565 1567 1564
f 1565 1564 1563
f 1568 1566 1565
f 1569 1570 1566
f 1569 1566 1568
f 1571 1570 1569
f 1571 1572 1570
f 1573 1572 1571
f 1573 1574 1572
f 1575 1574 1573
f 1575 1576 1574
f 1577 1576 1575
f 1577 1578 1579
f 1577 1579 1576
f 1580 1578 1577
f 1580 1581 1578
f 1582 1581 1580
f 1583 1581 1582
f 1583 1584 1585
f 1583 1585 1581
f 1586 1584 1583
f 1587 1588 1584
f 1587 1584 1586
f 1589 1590 1591
f 1589 1591 1588
f 1589 1588 1587
f 1592 1590 1589
f 1593 1594 1595
f 1593 1595 1590
f 1593 1590 1592
f 1596 1594 1593
f 1597 1598 1594
f 1597 1594 1596
f 1599 1600 1601
f 1599 1602 1603
f 1599 1603 1600
f 1604 1602 1599
f 1605 1606 1602
f 1605 1602 1604
f 1607 1608 1606
f 1607 1606 1605
f 1609 1610 1608
f 1609 1608 1607
f 1611 1612 1610
f 1611 1610 1609
f 1613 1614 1612
f 1613 1612 1611
f 1615 1616 1614
f 1615 1614 1613
f 1617 1618 1616
f 1617 1616 1615
f 1619 1620 1618
f 1619 1618 1617
f 1621 1622 1620
f 1621 1620 1619
f 1623 1624 1622
f 1623 1622 1621
f 1625 1624 1623
f 1625 1626 1624
f 1627 1626 1625
f 1627 1628 1629
f 1627 1629 1626
f 1630 1628 1627
f 1631 1628 1630
f 1631 1632 1628
f 1633 1632 1631
f 1633 1634 1632
f 1635 1634 1633
f 1635 1636 1637
f 1635 1637 1634
f 1638 1636 1635
f 1639 1640 1636
f 1639 1636 1638
f 1641 1642 1640
f 1641 1640 1639
f 1643 1644 1642
f 1643 1642 1641
f 1645 1646 1644
f 1645 1644 1643
f 1647 1648 1649
f 1650 1651 1648
f 1650 1648 1647
f 1652 1653 1651
f 1652 1651 1650
f 1654 1655 1653
f 1654 1653 1652
f 1656 1657 1655
f 1656 1655 1654
f 1658 1659 1657
f 1658 1657 1656
f 1660 1661 1659
f 1660 1659 1658
f 1662 1663 1661
f 1662 1661 1660
f 1664 1665 1663
f 1664 1663 1662
f 1666 1665 1664
f 1667 1668 1665
f 1667 1665 1666
f 1669 1670 1668
f 1669 1668 1667
f 1671 1672 1670
f 1671 1670 1669
f 1673 1672 1671
f 1673 1674 1672
f 1675 1674 1673
f 1675 1676 1674
f 1677 1676 1675
f 1677 1678 1676
f 1679 1678 1677
f 1679 1680 1678
f 1681 1680 1679
f 1681 1682 1680
f 1683 1682 1681
f 1683 1684 1682
f 1685 1684 1683
f 1685 1686 1684
f 1687 1686 1685
f 1687 1688 1686
f 1689 1688 1687
f 1689 1690 1688
f 1691 1690 1689
f 1691 1692 1690
f 1693 1692 1691
f 1693 1694 1692
f 1695 1696 1697
f 1695 1698 1696
f 1699 1700 1698
f 1699 1698 1695
f 1701 1702 1700
f 1701 1700 1699
f 1703 1704 1702
f 1703 1702 1701
f 1705 1706 1704
f 1705 1704 1703
f 1707 1708 1706
f 1707 1706 1705
f 1709 1710 1708
f 1709 1711 1710
f 1709 1708 1707
f 1712 1711 1709
f 1713 1714 1711
f 1713 1715 1714
f 1713 1711 1712
f 1716 1715 1713
f 1717 1718 1715
f 1717 1719 1718
f 1717 1715 1716
f 1720 1721 1719
f 1720 1719 1717
f 1722 1721 1720
f 1723 1721 1722
f 1723 1724 1721
f 1725 1724 1723
f 1725 1726 1724
f 1727 1726 1725
f 1727 1728 1726
f 1729 1728 1727
f 1729 1730 1728
f 1729 1731 1730
f 1732 1731 1729
f 1733 1731 1732
f 1733 1734 1731
f 1735 1734 1733
f 1735 1736 1734
f 1737 1736 1735
f 1737 1738 1736
f 1739 1740 1741
f 1742 1743 1740
f 1742 1740 1739
f 1744 1745 1743
f 1744 1743 1742
f 1746 1745 1744
f 1747 1748 1749
f 1750 1751 1748
f 1750 1748 1747
f 1752 1753 1751
f 1752 1751 1750
f 1754 1755 1753
f 1754 1753 1752
f 1756 1755 1754
f 1757 1758 1759
f 1757 1760 1758
f 1761 1762 1760
f 1761 1760 1757
f 1763 1764 1762
f 1763 1762 1761
f 1765 1766 1767
f 1768 1769 1766
f 1768 1766 1765
f 1770 1771 1769
f 1770 1769 1768
f 1772 1773 1771
f 1772 1771 1770
f 1774 1775 1773
f 1774 1773 1772
f 1776 1775 1774
f 1777 1318 1316
f 1778 1320 1318
f 1778 1318 1777
f 1779 1316 1314
f 1779 1777 1316
f 1780 1322 1320
f 1780 1320 1778
f 1781 1314 1311
f 1781 1779 1314
f 1782 1324 1322
f 1782 1322 1780
f 1783 1311 1304
f 1783 1781 1311
f 1784 1326 1324
f 1784 1324 1782
f 1785 1783 1304
f 1785 1304 1292
f 1786 1327 1326
f 1786 1326 1784
f 1787 1785 1292
f 1787 1292 1286
f 1788 1330 1327
f 1788 1327 1786
f 1789 1330 1788
f 1790 1330 1789
f 1332 1330 1790
f 1334 1330 1332
f 1791 1787 1286
f 1791 1286 1284
f 1336 1792 1330
f 1336 1330 1334
f 1271 1791 1284
f 1338 1792 1336
f 1793 1792 1338
f 1794 1791 1271
f 1795 1793 1338
f 1265 1794 1271
f 1796 1794 1265
f 1261 1796 1265
f 1797 1796 1261
f 1260 1797 1261
f 1798 1797 1260
f 1258 1798 1260
f 1799 1798 1258
f 1255 1799 1258
f 1800 1799 1255
f 1254 1800 1255
f 1801 1800 1254
f 1251 1801 1254
f 1802 1801 1251
f 1803 1795 1338
f 1250 1802 1251
f 1804 1802 1250
f 1805 1795 1803
f 1805 1803 1806
f 1805 1806 1807
f 1805 1807 1808
f 1809 1805 1808
f 1247 1804 1250
f 1810 1804 1247
f 1811 1805 1809
f 1812 1811 1809
f 1245 1810 1247
f 1813 1810 1245
f 1814 1811 1812
f 1815 1814 1812
f 1244 1813 1245
f 1244 1816 1813
f 1817 1814 1815
f 1817 1815 1818
f 1241 1816 1244
f 1241 1819 1820
f 1241 1820 1821
f 1241 1821 1816
f 1240 1819 1241
f 1237 1819 1240
f 1236 1819 1237
f 1822 1819 1236
f 1823 1822 1236
f 1823 1824 1825
f 1823 1825 1826
f 1823 1826 1827
f 1823 1827 1828
f 1823 1828 1822
f 1829 1824 1823
f 1829 1830 1824
f 1831 1830 1829
f 1831 1817 1818
f 1831 1818 1830
f 1832 1817 1831
f 1380 1833 1378
f 1376 1378 1833
f 1376 1833 1834
f 1384 1833 1380
f 1374 1376 1834
f 1374 1834 1835
f 1385 1833 1384
f 1372 1374 1835
f 1372 1835 1836
f 1232 1833 1385
f 1389 1232 1385
f 1370 1372 1836
f 1391 1231 1230
f 1391 1230 1232
f 1391 1232 1389
f 1368 1370 1836
f 1393 1231 1391
f 1393 1170 1231
f 1171 1170 1393
f 1837 1817 1832
f 1837 1365 1368
f 1837 1836 1817
f 1837 1368 1836
f 1838 1171 1393
f 1174 1171 1838
f 1839 1363 1365
f 1839 1365 1837
f 1840 1174 1838
f 1176 1174 1840
f 1841 1363 1839
f 1841 1361 1363
f 1842 1176 1840
f 1177 1176 1842
f 1843 1361 1841
f 1843 1359 1361
f 1844 1177 1842
f 1356 1359 1843
f 1179 1177 1844
f 1845 1179 1844
f 1354 1356 1843
f 1182 1179 1845
f 1846 1182 1845
f 1350 1354 1843
f 1184 1182 1846
f 1847 1184 1846
f 1349 1350 1843
f 1186 1184 1847
f 1848 1186 1847
f 1188 1186 1848
f 1849 1188 1848
f 1190 1849 1850
f 1190 1188 1849
f 1851 1349 1843
f 1851 1344 1346
f 1851 1346 1349
f 1342 1344 1851
f 1852 1342 1851
f 1194 1850 1853
f 1194 1190 1850
f 1854 1340 1342
f 1854 1342 1852
f 1228 1340 1854
f 1198 1853 1855
f 1198 1194 1853
f 1226 1856 1340
f 1226 1340 1228
f 1199 1855 1857
f 1199 1198 1855
f 1224 1858 1856
f 1224 1856 1226
f 1203 1857 1859
f 1203 1199 1857
f 1222 1860 1858
f 1222 1858 1224
f 1207 1859 1861
f 1207 1203 1859
f 1220 1862 1860
f 1220 1860 1222
f 1211 1207 1861
f 1211 1861 1863
f 1218 1862 1220
f 1218 1864 1862
f 1214 1211 1863
f 1214 1863 1865
f 1216 1864 1218
f 1216 1214 1865
f 1216 1865 1864
f 1805 1866 1867
f 1805 1867 1795
f 1868 1814 1817
f 1869 1811 1814
f 1869 1814 1868
f 1870 1805 1811
f 1870 1811 1869
f 1866 1805 1870
f 1871 1868 1817
f 1872 1871 1817
f 1836 1872 1817
f 1873 1872 1836
f 1874 1873 1836
f 1875 1872 1873
f 1876 1833 1877
f 1878 1834 1833
f 1878 1835 1834
f 1878 1833 1876
f 1879 1878 1876
f 1880 1835 1878
f 1881 1878 1879
f 1882 1836 1835
f 1882 1835 1880
f 1874 1836 1882
f 1232 1233 1877
f 1232 1877 1833
f 1883 1227 1228
f 1883 1228 1854
f 1884 1854 1852
f 1884 1883 1854
f 1885 1852 1851
f 1885 1884 1852
f 1843 1886 1885
f 1843 1885 1851
f 1887 1839 1837
f 1888 1887 1837
f 1889 1887 1888
f 1890 1887 1889
f 1891 1887 1890
f 1892 1841 1839
f 1892 1839 1887
f 1893 1843 1841
f 1893 1841 1892
f 1894 1843 1893
f 1895 1894 1896
f 1897 1894 1895
f 1886 1894 1897
f 1843 1894 1886
f 1898 1899 1888
f 1837 1898 1888
f 1900 1901 1902
f 1900 1898 1837
f 1903 1901 1900
f 1832 1904 1903
f 1832 1903 1900
f 1832 1900 1837
f 1905 1823 1906
f 1905 1829 1823
f 1907 1831 1829
f 1907 1829 1905
f 1904 1832 1831
f 1904 1831 1907
f 1236 1238 1906
f 1236 1906 1823
f 1908 1329 1330
f 1908 1330 1792
f 1909 1792 1793
f 1909 1908 1792
f 1867 1793 1795
f 1867 1909 1793
f 1910 1808 1911
f 1910 1809 1808
f 1912 1812 1809
f 1912 1809 1910
f 1913 1815 1812
f 1913 1812 1912
f 1914 1818 1815
f 1914 1830 1818
f 1914 1815 1913
f 1915 1824 1830
f 1915 1830 1914
f 1916 1825 1824
f 1916 1824 1915
f 1917 1826 1825
f 1917 1825 1916
f 1918 1826 1917
f 1919 1803 1920
f 1919 1806 1803
f 1921 1807 1806
f 1921 1808 1807
f 1921 1806 1919
f 1911 1808 1921
f 1922 1338 1337
f 1922 1337 1923
f 1402 1401 1920
f 1803 1922 1402
f 1803 1402 1920
f 1803 1338 1922
f 1924 1789 1788
f 1925 1790 1789
f 1925 1789 1924
f 1926 1332 1790
f 1926 1790 1925
f 1333 1332 1926
f 1927 1813 1816
f 1928 1810 1813
f 1928 1813 1927
f 1929 1804 1810
f 1929 1810 1928
f 1930 1802 1804
f 1930 1804 1929
f 1931 1801 1802
f 1931 1802 1930
f 1932 1800 1801
f 1932 1801 1931
f 1933 1799 1800
f 1933 1800 1932
f 1934 1798 1799
f 1934 1799 1933
f 1935 1798 1934
f 1936 1797 1798
f 1936 1796 1797
f 1936 1798 1935
f 1937 1936 1935
f 1938 1796 1936
f 1794 1796 1938
f 1939 1794 1938
f 1791 1794 1939
f 1940 1791 1939
f 1941 1791 1940
f 1941 1787 1791
f 1942 1787 1941
f 1942 1785 1787
f 1943 1785 1942
f 1943 1783 1785
f 1781 1783 1943
f 1944 1943 1945
f 1944 1781 1943
f 1946 1781 1944
f 1946 1779 1781
f 1947 1779 1946
f 1947 1777 1779
f 1948 1778 1777
f 1948 1777 1947
f 1949 1778 1948
f 1949 1780 1778
f 1950 1782 1780
f 1950 1780 1949
f 1951 1784 1782
f 1951 1782 1950
f 1952 1786 1784
f 1952 1784 1951
f 1924 1788 1786
f 1924 1786 1952
f 1953 1820 1819
f 1954 1821 1820
f 1954 1820 1953
f 1955 1816 1821
f 1955 1821 1954
f 1927 1816 1955
f 1956 1957 1958
f 1822 1957 1956
f 1959 1822 1956
f 1953 1959 1960
f 1819 1959 1953
f 1819 1822 1959
f 1918 1827 1826
f 1961 1828 1827
f 1961 1827 1918
f 1962 1822 1828
f 1962 1828 1961
f 1957 1822 1962
f 1963 1393 1394
f 1963 1838 1393
f 1964 1840 1838
f 1964 1838 1963
f 1965 1842 1840
f 1965 1840 1964
f 1966 1844 1842
f 1966 1842 1965
f 1967 1845 1844
f 1967 1844 1966
f 1968 1846 1845
f 1968 1845 1967
f 1969 1847 1846
f 1969 1846 1968
f 1970 1848 1847
f 1970 1847 1969
f 1971 1849 1848
f 1971 1848 1970
f 1972 1850 1849
f 1972 1849 1971
f 1973 1853 1850
f 1973 1850 1972
f 1974 1853 1973
f 1975 1973 1972
f 1976 1853 1974
f 1976 1855 1853
f 1977 1855 1976
f 1977 1857 1855
f 1978 1977 1979
f 1978 1857 1977
f 1978 1859 1857
f 1980 1859 1978
f 1980 1861 1859
f 1981 1861 1980
f 1981 1863 1861
f 1982 1863 1981
f 1982 1865 1863
f 1983 1865 1982
f 1983 1864 1865
f 1984 1864 1983
f 1984 1862 1864
f 1985 1862 1984
f 1985 1860 1862
f 1986 1860 1985
f 1986 1858 1860
f 1987 1858 1986
f 1987 1856 1858
f 1988 1340 1856
f 1988 1856 1987
f 1341 1340 1988
f 1416 1315 1317
f 1418 1315 1416
f 1418 1313 1315
f 1414 1416 1317
f 1414 1317 1319
f 1420 1312 1313
f 1420 1313 1418
f 1410 1319 1321
f 1410 1414 1319
f 1422 1312 1420
f 1422 1310 1312
f 1411 1321 1323
f 1411 1410 1321
f 1425 1310 1422
f 1425 1303 1310
f 1408 1323 1325
f 1408 1411 1323
f 1424 1303 1425
f 1424 1295 1303
f 1404 1408 1325
f 1404 1325 1328
f 1428 1287 1295
f 1428 1295 1424
f 1405 1328 1329
f 1405 1404 1328
f 1908 1405 1329
f 1431 1287 1428
f 1280 1287 1431
f 1989 1908 1909
f 1989 1405 1908
f 1430 1280 1431
f 1269 1280 1430
f 1990 1909 1867
f 1990 1989 1909
f 1434 1269 1430
f 1262 1269 1434
f 1991 1990 1867
f 1436 1262 1434
f 1259 1262 1436
f 1992 1991 1867
f 1439 1259 1436
f 1257 1259 1439
f 1438 1257 1439
f 1256 1257 1438
f 1441 1256 1438
f 1253 1256 1441
f 1444 1253 1441
f 1252 1253 1444
f 1447 1252 1444
f 1249 1252 1447
f 1866 1992 1867
f 1866 1993 1992
f 1866 1994 1993
f 1866 1995 1994
f 1866 1996 1995
f 1866 1997 1996
f 1446 1249 1447
f 1248 1249 1446
f 1450 1248 1446
f 1246 1248 1450
f 1452 1246 1450
f 1243 1246 1452
f 1454 1243 1452
f 1242 1243 1454
f 1998 1866 1870
f 1998 1999 1997
f 1998 2000 1999
f 1998 2001 2000
f 1998 2002 2001
f 1998 1997 1866
f 1239 1242 1454
f 1239 1454 2003
f 1235 1239 2003
f 1235 2003 2004
f 1238 1235 2004
f 1238 2004 2005
f 2006 1238 2005
f 2007 1870 1869
f 2007 1869 1868
f 2007 1998 1870
f 2008 2002 1998
f 2008 2009 2002
f 2008 2010 2009
f 2008 2011 2010
f 1871 2007 1868
f 1906 2012 2011
f 1906 2013 2012
f 1906 2014 2013
f 1906 2015 2014
f 1906 2006 2015
f 1906 1238 2006
f 1906 2011 2008
f 1905 2008 2016
f 1905 1906 2008
f 1907 1905 2016
f 1904 1907 2016
f 1903 2016 2007
f 1903 2007 1871
f 1903 1904 2016
f 1874 2017 1873
f 2018 1882 1880
f 2018 1880 1878
f 2017 1882 2018
f 2017 1874 1882
f 1873 2019 1875
f 1873 2017 2019
f 2020 2021 1902
f 1899 2020 1902
f 1896 2022 2023
f 1896 2023 1891
f 1872 1899 1902
f 1872 1902 1901
f 1466 1886 1468
f 1470 1468 1886
f 1472 1470 1886
f 1472 1886 1897
f 1472 1897 1895
f 1472 1895 1896
f 1474 1896 1891
f 1474 1472 1896
f 1460 1885 1462
f 1475 1474 1891
f 1458 1884 1885
f 1458 1883 1884
f 1458 1885 1460
f 1477 1475 1891
f 1477 1891 1890
f 1477 1890 1889
f 1477 1889 1888
f 1477 1888 1899
f 1455 1227 1883
f 1455 1883 1458
f 1225 1227 1455
f 1479 1477 1899
f 2024 1225 1455
f 1223 1225 2024
f 1875 1899 1872
f 1875 1479 1899
f 1875 1481 1479
f 2025 1223 2024
f 1483 1481 1875
f 1221 1223 2025
f 2026 1221 2025
f 1219 1221 2026
f 2027 1219 2026
f 1881 1875 2019
f 1881 1485 1483
f 1881 1483 1875
f 2028 1881 2019
f 1879 1485 1881
f 1217 1219 2027
f 1876 1485 1879
f 1876 1487 1485
f 2029 1217 2027
f 1877 1487 1876
f 1489 1487 1877
f 1215 1217 2029
f 2030 1215 2029
f 1491 1489 1877
f 1213 1215 2030
f 2031 1213 2030
f 1493 1491 1877
f 1212 1213 2031
f 2032 1212 2031
f 1495 1493 1877
f 1210 1212 2032
f 2033 1210 2032
f 1208 1210 2033
f 2034 1208 2033
f 1233 1495 1877
f 1233 1499 1497
f 1233 1497 1495
f 1204 1208 2034
f 1204 2034 2035
f 1229 1499 1233
f 1234 1499 1229
f 1234 1501 1499
f 1201 1204 2035
f 1201 2035 2036
f 1172 1501 1234
f 1196 1201 2036
f 1196 2036 2037
f 1169 1501 1172
f 1169 2038 1501
f 1192 1196 2037
f 1192 2037 2039
f 1173 2038 1169
f 1173 2040 2038
f 1187 1192 2039
f 1187 2039 2041
f 1175 2040 1173
f 1175 2042 2040
f 1185 1187 2041
f 1185 2041 2043
f 1178 2042 1175
f 1178 2044 2042
f 1183 2043 2045
f 1183 1185 2043
f 1180 2046 2044
f 1180 2044 1178
f 1181 2045 2046
f 1181 1183 2045
f 1181 2046 1180
f 1885 1886 1462
f 1462 1886 1464
f 1464 1886 1466
f 2047 2048 1872
f 2049 1872 2048
f 2050 2047 1872
f 2051 1871 1872
f 2051 1872 2049
f 2052 2050 1872
f 2053 2052 1872
f 2054 2053 1872
f 2055 1871 2051
f 2056 1871 2055
f 2057 1871 2056
f 2058 1871 2057
f 1901 2054 1872
f 2059 1871 2058
f 2060 1871 2059
f 2061 1871 2060
f 2062 1871 2061
f 2063 1871 2062
f 2064 1871 2063
f 2065 2054 1901
f 2066 2065 1901
f 2067 2066 1901
f 2068 2067 1901
f 2069 2068 1901
f 2070 2069 1901
f 2071 2070 1901
f 1903 2072 2073
f 1903 2074 2072
f 1903 2075 2074
f 1903 2076 2075
f 1903 2077 2076
f 1903 2078 2077
f 1903 2079 2078
f 1903 2080 2079
f 1903 2081 2080
f 1903 2064 2081
f 1903 2082 2071
f 1903 2073 2082
f 1903 1871 2064
f 1903 2071 1901
f 2018 1878 1881
f 2018 1881 2028
f 1206 1209 2083
f 2084 1206 2083
f 1205 2083 1209
f 1200 2083 1205
f 2085 1195 1191
f 2085 1200 1195
f 2085 2083 1200
f 1189 2086 2085
f 1189 2085 1191
f 1202 1206 2084
f 1197 1202 2084
f 2086 1193 1197
f 2086 1189 1193
f 2086 1197 2084
f 1892 1887 2087
f 1893 1892 2087
f 2088 1893 2087
f 1894 1893 2088
f 1894 2022 1896
f 2088 2022 1894
f 2023 2087 1887
f 2023 1887 1891
f 2089 1898 1900
f 2089 1900 2090
f 1898 2020 1899
f 2089 2020 1898
f 1902 2090 1900
f 2021 2090 1902
f 1283 2091 1273
f 2092 1283 1285
f 2092 2091 1283
f 1289 2092 1285
f 2092 1289 1290
f 2093 1290 1291
f 2093 2092 1290
f 2094 1291 1293
f 2094 2093 1291
f 2095 1293 1294
f 2095 2094 1293
f 2096 1294 1297
f 2096 2095 1294
f 2097 1297 1298
f 2097 2096 1297
f 2098 1298 1299
f 2098 2097 1298
f 2099 2098 1299
f 2100 2099 1299
f 1309 2100 1299
f 2100 1309 1308
f 2101 1308 1307
f 2101 2100 1308
f 2102 1307 1306
f 2102 2101 1307
f 2103 1306 1305
f 2103 2102 1306
f 2104 1305 1302
f 2104 2103 1305
f 2105 1302 1300
f 2105 2104 1302
f 2106 1300 1301
f 2106 2105 1300
f 2107 2106 1301
f 1296 2107 1301
f 2108 1296 1288
f 2108 2107 1296
f 1282 2108 1288
f 2108 1282 1281
f 2109 1281 1279
f 2109 2108 1281
f 2110 1279 1278
f 2110 2109 1279
f 2111 1278 1277
f 2111 2110 1278
f 2112 1277 1276
f 2112 2111 1277
f 2113 1276 1275
f 2113 2112 1276
f 2114 1275 1274
f 2114 2113 1275
f 2115 2114 1274
f 1266 2115 1274
f 1266 2116 2115
f 2116 1266 1264
f 2117 1264 1263
f 2117 2116 1264
f 2118 1263 1267
f 2118 2117 1263
f 2119 1267 1268
f 2119 2118 1267
f 2120 1268 1270
f 2120 2119 1268
f 2121 1270 1272
f 2121 2120 1270
f 2122 1272 1273
f 2122 2121 1272
f 2091 2122 1273
f 2123 2124 2125
f 2123 2126 2124
f 2127 2123 2125
f 1958 2128 2129
f 1958 2130 2128
f 1958 2131 2130
f 1958 2132 2131
f 1958 2133 2132
f 2134 2127 2125
f 1957 2133 1958
f 1961 1957 1962
f 2135 2136 2137
f 1918 2133 1957
f 1918 1957 1961
f 2138 2137 2139
f 2138 2140 2135
f 2138 2135 2137
f 1917 2133 1918
f 1916 2125 2133
f 1916 2133 1917
f 1915 2125 1916
f 1915 2134 2125
f 1914 2139 2134
f 1914 2134 1915
f 1913 2139 1914
f 1913 2138 2139
f 2141 2142 2143
f 1912 2138 1913
f 1912 2143 2138
f 1910 2143 1912
f 1395 1397 2144
f 1401 2141 2143
f 1401 1395 2144
f 1401 2144 2141
f 1401 1399 1395
f 1911 2143 1910
f 1920 2143 1911
f 1920 1401 2143
f 1919 1920 1911
f 1919 1911 1921
f 2145 1945 2146
f 2145 2146 2147
f 2145 2147 2148
f 2145 2148 2149
f 1333 1926 1925
f 1331 1333 1925
f 2150 1945 2145
f 2151 1945 2150
f 1337 1335 1331
f 1337 1925 1924
f 1337 1924 1952
f 1337 1331 1925
f 2152 1945 2151
f 2153 1944 1945
f 2153 1945 2152
f 2154 1946 1944
f 2154 1944 2153
f 2155 1946 2154
f 2156 1947 1946
f 2156 1946 2155
f 2157 1947 2156
f 1506 1947 2157
f 1506 1949 1948
f 1506 1948 1947
f 1503 1506 2157
f 2158 2157 2159
f 2158 2159 2160
f 2158 1503 2157
f 1508 1949 1506
f 1508 1951 1950
f 1508 1950 1949
f 1510 1951 1508
f 1510 1952 1951
f 1510 1337 1952
f 2161 2162 2163
f 2161 2163 2164
f 2161 2164 1923
f 1512 1337 1510
f 2165 2161 1923
f 2165 2166 2167
f 2165 2167 2161
f 2168 1512 2169
f 2168 2169 2170
f 2168 2170 2171
f 2168 2171 2172
f 2168 2172 2173
f 2168 2173 2174
f 2168 1923 1337
f 2168 2165 1923
f 2168 1337 1512
f 2142 2175 2143
f 2142 2176 2175
f 2141 2177 2176
f 2141 2176 2142
f 2144 2178 2177
f 2144 2177 2141
f 1397 1396 2178
f 1397 2178 2144
f 2179 2180 2181
f 2175 2182 2179
f 2175 2183 2182
f 2175 2179 2181
f 2176 2184 2183
f 2176 2183 2175
f 2177 2185 2184
f 2177 2184 2176
f 2178 2186 2185
f 2178 2185 2177
f 1396 2187 2186
f 1396 2186 2178
f 1398 2187 1396
f 1400 2188 2187
f 1400 2187 1398
f 1922 2188 1402
f 2188 1400 1402
f 1923 2188 1922
f 2164 2187 2188
f 2164 2188 1923
f 2163 2186 2187
f 2163 2187 2164
f 2162 2185 2186
f 2162 2186 2163
f 2161 2183 2184
f 2161 2184 2185
f 2161 2185 2162
f 2167 2182 2183
f 2167 2183 2161
f 2166 2179 2182
f 2166 2182 2167
f 2165 2179 2166
f 1943 2146 1945
f 2189 2147 2146
f 2189 2146 1943
f 2190 2147 2189
f 2191 2148 2147
f 2191 2147 2190
f 2192 2149 2148
f 2192 2148 2191
f 2193 2145 2149
f 2193 2149 2192
f 2194 2150 2145
f 2194 2145 2193
f 2195 2151 2150
f 2195 2150 2194
f 2196 2152 2151
f 2196 2151 2195
f 1937 2197 2198
f 1937 2198 2199
f 1937 2199 2200
f 1937 2200 2201
f 1937 2201 2202
f 1937 2202 2203
f 1937 2203 2204
f 1937 2204 2205
f 1935 2206 2197
f 1935 2197 1937
f 1934 2207 2208
f 1934 2208 2206
f 1934 2206 1935
f 2209 2210 2211
f 1933 2212 2207
f 1933 2207 1934
f 2213 2211 2212
f 2213 2209 2211
f 2214 2212 1933
f 2214 2213 2212
f 1932 2214 1933
f 1931 2215 2214
f 1931 2214 1932
f 1516 1513 2216
f 1930 2215 1931
f 1522 1519 1517
f 1522 1517 1516
f 1522 2216 2217
f 1522 2217 2218
f 1522 2218 2219
f 1522 1516 2216
f 1929 2215 1930
f 1929 2219 2215
f 1928 2219 1929
f 1954 1927 1955
f 1953 2219 1928
f 1953 1928 1927
f 1953 1522 2219
f 1953 1927 1954
f 2220 2221 2222
f 2220 2222 2223
f 1960 2223 2224
f 1960 2224 1522
f 1960 1522 1953
f 2225 2220 2223
f 2226 2223 1960
f 2226 2225 2223
f 2227 2198 2228
f 2227 2199 2198
f 2229 2200 2199
f 2229 2199 2227
f 2230 2201 2200
f 2230 2200 2229
f 2231 2202 2201
f 2231 2201 2230
f 2232 2203 2202
f 2232 2202 2231
f 2233 2204 2203
f 2233 2203 2232
f 2234 2205 2204
f 2234 2204 2233
f 1936 1937 2205
f 1936 2205 2234
f 1938 1936 2234
f 1938 2234 2233
f 2232 1938 2233
f 2231 1939 1938
f 2231 1938 2232
f 2230 1939 2231
f 2229 1940 1939
f 2229 1939 2230
f 2227 1940 2229
f 2235 2236 2237
f 2238 2236 2235
f 2192 1941 2193
f 2192 1942 1941
f 2194 2193 1941
f 2194 1941 1940
f 2191 1942 2192
f 2195 1940 2227
f 2195 2194 1940
f 2195 2227 2228
f 2190 1942 2191
f 2196 2195 2228
f 2196 2228 2236
f 2189 1942 2190
f 2239 2236 2238
f 2239 2196 2236
f 1943 1942 2189
f 2240 2241 2239
f 2242 2239 2238
f 2242 2240 2239
f 2243 2244 2245
f 2243 2246 2244
f 2247 2242 2238
f 2247 2238 2248
f 2249 2247 2248
f 2249 2250 2251
f 2249 2248 2250
f 2252 2251 2253
f 2252 2249 2251
f 2254 2253 2246
f 2254 2252 2253
f 1504 2243 2255
f 1504 2246 2243
f 1504 2254 2246
f 2256 2257 2258
f 2256 1520 2257
f 2256 1521 1520
f 2259 1518 1521
f 2259 1521 2256
f 1507 1505 1504
f 2260 1514 1518
f 2260 1518 2259
f 2261 1515 1514
f 2261 1514 2260
f 2262 2263 1515
f 2262 2264 2263
f 2262 2255 2264
f 2262 1515 2261
f 2265 2266 1511
f 2267 1509 1507
f 2267 1511 1509
f 2267 2265 1511
f 2268 2262 2269
f 2268 1504 2255
f 2268 2267 1507
f 2268 1507 1504
f 2268 2255 2262
f 2270 2267 2268
f 2271 2267 2270
f 2272 2271 2270
f 2273 2274 2271
f 2273 2271 2272
f 2275 2274 2273
f 2276 2275 2273
f 2277 2275 2276
f 2278 2277 2276
f 2180 2277 2278
f 2181 2180 2278
f 2223 2279 2224
f 2223 2280 2279
f 2222 2281 2280
f 2222 2280 2223
f 2221 2282 2281
f 2221 2283 2282
f 2221 2281 2222
f 2220 2284 2283
f 2220 2283 2221
f 2225 2285 2284
f 2225 2284 2220
f 2226 2286 2285
f 2226 2285 2225
f 1960 1959 2286
f 1960 2286 2226
f 2287 2279 2280
f 2287 2280 2281
f 2288 2281 2282
f 2288 2287 2281
f 2289 2282 2283
f 2289 2288 2282
f 2258 2257 2279
f 2258 2279 2287
f 2290 2283 2284
f 2290 2289 2283
f 2291 2284 2285
f 2291 2290 2284
f 2292 2285 2286
f 2292 2291 2285
f 1956 2293 1959
f 2293 2286 1959
f 2293 2292 2286
f 1958 2293 1956
f 2129 2292 2293
f 2129 2293 1958
f 2128 2290 2291
f 2128 2291 2292
f 2128 2292 2129
f 2130 2289 2290
f 2130 2290 2128
f 2131 2288 2289
f 2131 2289 2130
f 2132 2287 2288
f 2132 2288 2131
f 2133 2287 2132
f 2294 2295 2296
f 2294 2296 2297
f 1533 1532 1352
f 2298 2295 2294
f 2299 2300 2295
f 2299 2295 2298
f 2301 2300 2299
f 1347 1537 1536
f 1347 1536 1533
f 1347 1533 1352
f 1345 2302 1537
f 1345 1537 1347
f 1524 2303 2304
f 1525 2304 2305
f 1525 1524 2304
f 1343 2306 2307
f 1343 2307 2302
f 1343 2302 1345
f 1339 2308 2306
f 1339 2306 1343
f 1341 2308 1339
f 1341 2309 2308
f 1988 2309 1341
f 1988 2301 2309
f 1978 1979 2310
f 1987 2301 1988
f 1987 2311 2300
f 1987 2300 2301
f 1980 1978 2310
f 1980 2310 2312
f 1980 2312 2313
f 1986 2311 1987
f 1981 1980 2313
f 1981 2313 1530
f 1985 2305 2311
f 1985 2311 1986
f 1982 1981 1530
f 1982 1530 1528
f 1982 1528 1525
f 1984 2305 1985
f 1983 1982 1525
f 1983 2305 1984
f 1983 1525 2305
f 1534 1348 1352
f 1534 1352 1532
f 2314 1383 1382
f 2314 1382 1379
f 2314 1379 1377
f 2315 2316 2317
f 2318 2315 2317
f 2319 2320 2321
f 2322 2321 2318
f 2322 2319 2321
f 2323 2324 2325
f 2323 2325 2322
f 2323 2318 2317
f 2323 2322 2318
f 2326 2323 2317
f 2327 2317 2314
f 2327 2314 1377
f 2327 2326 2317
f 2328 2327 1377
f 1540 2327 2328
f 1543 1541 1540
f 1545 1543 1540
f 2329 1540 2328
f 2329 2328 2330
f 2331 1540 2329
f 2331 1545 1540
f 2331 2329 2332
f 2333 2331 2332
f 2334 2335 2336
f 2337 2332 2338
f 2339 2338 1355
f 2339 2337 2338
f 1534 1355 1353
f 1534 1353 1351
f 1534 2339 1355
f 1348 1534 1351
f 2340 2341 2339
f 2342 2339 1534
f 2342 2340 2339
f 2343 2337 2344
f 2343 2344 2345
f 2346 2336 2333
f 2346 2333 2332
f 2346 2334 2336
f 2347 2332 2337
f 2347 2343 2348
f 2347 2337 2343
f 2347 2346 2332
f 2349 2350 2342
f 2351 2349 2342
f 2352 1534 1531
f 2352 1531 1535
f 2352 1535 1538
f 2352 1538 2353
f 2352 2353 2354
f 2352 2342 1534
f 2352 2351 2342
f 2355 2356 2357
f 2358 2359 2360
f 1526 2360 2355
f 1526 2357 2334
f 1526 2334 2346
f 1526 2355 2357
f 1527 1526 1523
f 1529 1526 1527
f 1529 2360 1526
f 1529 2358 2360
f 2361 1529 2362
f 2363 2358 1529
f 2363 1529 2361
f 1974 1973 2358
f 1976 1974 2358
f 1976 2358 2363
f 1977 1976 2363
f 1355 2338 2364
f 1355 2364 1358
f 2365 1381 1375
f 2365 1375 1373
f 2365 1373 1371
f 2366 1371 1369
f 2366 1369 1367
f 2366 2365 1371
f 2367 1367 1366
f 2367 2366 1367
f 2368 1366 1364
f 2368 1364 1362
f 2368 2367 1366
f 2364 1362 1360
f 2364 1360 1357
f 2364 2368 1362
f 1358 2364 1357
f 2328 1377 1381
f 2328 1381 2365
f 1387 2314 2369
f 1383 2314 1387
f 2370 1386 1387
f 2370 1387 2369
f 2371 1388 1386
f 2371 1386 2370
f 2372 1388 2371
f 2373 1390 1388
f 2373 1388 2372
f 2374 1392 1390
f 2374 1390 2373
f 2375 1392 2374
f 2376 1394 1392
f 2376 1392 2375
f 2377 1963 1394
f 2377 1394 2376
f 2378 1963 2377
f 1964 1963 2378
f 1539 2379 2380
f 1542 2381 2379
f 1542 2379 1539
f 1544 2381 1542
f 1546 2382 2381
f 1546 2381 1544
f 2383 1965 1964
f 2383 2378 2382
f 2383 1964 2378
f 2383 2382 1546
f 2384 1965 2383
f 2384 1966 1965
f 2385 1966 2384
f 2385 1967 1966
f 1968 1967 2385
f 2386 2385 2387
f 2386 2387 2388
f 2389 1969 1968
f 2389 1968 2385
f 2389 2385 2386
f 2390 1969 2389
f 2390 1970 1969
f 2391 1970 2390
f 1971 1970 2391
f 2392 1971 2391
f 2393 1971 2392
f 1972 1971 2393
f 1975 1972 2393
f 2358 1973 1975
f 2358 1975 2393
f 1977 2310 1979
f 1977 2363 2310
f 2016 2394 2395
f 2008 2394 2016
f 2395 2007 2016
f 2395 2396 2007
f 2007 2397 1998
f 2007 2396 2397
f 2008 2397 2394
f 2008 1998 2397
f 2398 1454 1453
f 2398 2003 1454
f 2399 2004 2003
f 2399 2003 2398
f 2400 2005 2004
f 2400 2004 2399
f 2401 2006 2005
f 2401 2005 2400
f 2402 2014 2015
f 2402 2015 2006
f 2402 2006 2401
f 2403 2014 2402
f 2404 2013 2014
f 2404 2014 2403
f 2405 2012 2013
f 2405 2013 2404
f 2406 2010 2011
f 2406 2011 2012
f 2406 2012 2405
f 2407 2010 2406
f 2408 2002 2009
f 2408 2009 2010
f 2408 2010 2407
f 2409 2002 2408
f 2409 2001 2002
f 2410 2001 2409
f 2411 2001 2410
f 2411 1999 2000
f 2411 2000 2001
f 2412 1999 2411
f 2412 1997 1999
f 2413 1997 2412
f 2414 1997 2413
f 2414 1996 1997
f 2415 1996 2414
f 2415 1995 1996
f 2416 1994 1995
f 2416 1995 2415
f 2417 1993 1994
f 2417 1994 2416
f 2418 1992 1993
f 2418 1993 2417
f 2419 1991 1992
f 2419 1992 2418
f 2420 1990 1991
f 2420 1991 2419
f 2421 1989 1990
f 2421 1990 2420
f 1403 1405 1989
f 1403 1989 2421
f 2018 2028 2019
f 2018 2019 2017
f 2020 2090 2021
f 2089 2090 2020
f 2022 2088 2087
f 2022 2087 2023
f 2038 1502 1501
f 2038 2422 1502
f 2040 2423 2422
f 2040 2422 2038
f 2042 2424 2423
f 2042 2423 2040
f 2044 2425 2424
f 2044 2424 2042
f 2046 2426 2425
f 2046 2425 2044
f 2045 2427 2426
f 2045 2426 2046
f 2043 2428 2427
f 2043 2427 2045
f 2041 2429 2428
f 2041 2428 2043
f 2039 2430 2429
f 2039 2429 2041
f 2037 2431 2430
f 2037 2430 2039
f 2036 2432 2431
f 2036 2433 2432
f 2036 2431 2037
f 2035 2433 2036
f 2034 2434 2433
f 2034 2433 2035
f 2033 2434 2034
f 2033 2435 2434
f 2032 2435 2033
f 2032 2436 2435
f 2031 2436 2032
f 2031 2437 2436
f 2030 2437 2031
f 2030 2438 2437
f 2029 2438 2030
f 2029 2439 2438
f 2027 2439 2029
f 2027 2440 2439
f 2027 2441 2440
f 2026 2441 2027
f 2025 2441 2026
f 2025 2442 2441
f 2025 2443 2442
f 2024 2443 2025
f 2024 1457 2443
f 1455 1457 2024
f 2444 2072 2445
f 2073 2072 2444
f 2446 2447 2065
f 2446 2065 2066
f 2448 2066 2067
f 2448 2446 2066
f 2449 2067 2068
f 2449 2448 2067
f 2450 2068 2069
f 2450 2449 2068
f 2451 2069 2070
f 2451 2450 2069
f 2452 2070 2071
f 2452 2071 2082
f 2452 2451 2070
f 2444 2082 2073
f 2444 2452 2082
f 2447 2453 2054
f 2065 2447 2054
f 2454 2455 2055
f 2454 2055 2051
f 2456 2051 2049
f 2456 2454 2051
f 2457 2049 2048
f 2457 2456 2049
f 2458 2048 2047
f 2458 2457 2048
f 2459 2047 2050
f 2459 2458 2047
f 2460 2050 2052
f 2460 2052 2053
f 2460 2459 2050
f 2453 2053 2054
f 2453 2460 2053
f 2056 2455 2461
f 2056 2055 2455
f 2462 2463 2064
f 2462 2064 2063
f 2464 2063 2062
f 2464 2462 2063
f 2465 2062 2061
f 2465 2464 2062
f 2466 2061 2060
f 2466 2465 2061
f 2467 2060 2059
f 2467 2466 2060
f 2468 2059 2058
f 2468 2058 2057
f 2468 2467 2059
f 2461 2057 2056
f 2461 2468 2057
f 2469 2081 2064
f 2469 2064 2463
f 2445 2072 2074
f 2470 2445 2074
f 2471 2074 2075
f 2471 2470 2074
f 2472 2075 2076
f 2472 2471 2075
f 2473 2076 2077
f 2473 2472 2076
f 2474 2077 2078
f 2474 2473 2077
f 2475 2078 2079
f 2475 2079 2080
f 2475 2474 2078
f 2469 2080 2081
f 2469 2475 2080
f 2084 2083 2085
f 2084 2085 2086
f 2098 2096 2097
f 2098 2095 2096
f 2092 2094 2095
f 2092 2093 2094
f 2092 2095 2098
f 2099 2092 2098
f 2102 2100 2101
f 2103 2100 2102
f 2106 2104 2105
f 2107 2099 2100
f 2107 2103 2104
f 2107 2092 2099
f 2107 2100 2103
f 2107 2104 2106
f 2118 2120 2121
f 2118 2119 2120
f 2116 2122 2091
f 2116 2121 2122
f 2116 2117 2118
f 2116 2118 2121
f 2108 2115 2116
f 2108 2091 2092
f 2108 2092 2107
f 2108 2116 2091
f 2110 2108 2109
f 2112 2114 2115
f 2112 2113 2114
f 2111 2115 2108
f 2111 2108 2110
f 2111 2112 2115
f 2181 2278 2138
f 2143 2181 2138
f 2175 2181 2143
f 2136 2272 2270
f 2136 2270 2137
f 2135 2276 2273
f 2135 2273 2272
f 2135 2272 2136
f 2140 2276 2135
f 2138 2278 2276
f 2138 2276 2140
f 2137 2270 2268
f 2139 2268 2269
f 2139 2137 2268
f 2134 2139 2269
f 2127 2269 2262
f 2127 2134 2269
f 2124 2259 2256
f 2124 2256 2125
f 2126 2260 2259
f 2126 2259 2124
f 2123 2262 2261
f 2123 2261 2260
f 2123 2260 2126
f 2127 2262 2123
f 2258 2287 2133
f 2125 2258 2133
f 2256 2258 2125
f 2180 2179 2165
f 2168 2180 2165
f 2277 2180 2168
f 2168 2275 2277
f 2174 2275 2168
f 2173 2274 2275
f 2173 2275 2174
f 2172 2267 2271
f 2172 2271 2274
f 2172 2274 2173
f 2171 2267 2172
f 2169 1512 1511
f 2169 1511 2266
f 2170 2266 2265
f 2170 2169 2266
f 2171 2265 2267
f 2171 2170 2265
f 1503 2254 1504
f 2158 2252 2254
f 2158 2254 1503
f 2160 2249 2252
f 2160 2252 2158
f 2159 2247 2249
f 2159 2249 2160
f 2157 2247 2159
f 2247 2157 2156
f 2247 2156 2242
f 2240 2242 2156
f 2240 2156 2155
f 2241 2155 2154
f 2241 2240 2155
f 2239 2154 2153
f 2239 2241 2154
f 2196 2239 2153
f 2196 2153 2152
f 2212 2248 2238
f 2212 2238 2207
f 2212 2250 2248
f 2211 2251 2250
f 2211 2250 2212
f 2210 2253 2251
f 2210 2251 2211
f 2209 2253 2210
f 2213 2246 2253
f 2213 2253 2209
f 2218 2255 2243
f 2219 2218 2243
f 2215 2243 2245
f 2215 2219 2243
f 2214 2245 2244
f 2214 2215 2245
f 2213 2244 2246
f 2213 2214 2244
f 2217 2255 2218
f 2217 2264 2255
f 2216 2263 2264
f 2216 2264 2217
f 1513 1515 2263
f 1513 2263 2216
f 2257 1520 1522
f 2224 2257 1522
f 2279 2257 2224
f 2228 2198 2197
f 2236 2228 2197
f 2237 2197 2206
f 2237 2236 2197
f 2235 2208 2207
f 2235 2206 2208
f 2235 2237 2206
f 2238 2235 2207
f 2296 2339 2297
f 2337 2339 2296
f 2303 2346 2347
f 2304 2347 2348
f 2304 2303 2347
f 2305 2348 2343
f 2305 2304 2348
f 2311 2343 2345
f 2311 2305 2343
f 2300 2345 2344
f 2300 2311 2345
f 2295 2344 2337
f 2295 2300 2344
f 2296 2295 2337
f 1526 2346 2303
f 1526 2303 1524
f 2362 1529 1530
f 2362 1530 2313
f 2361 2313 2312
f 2361 2362 2313
f 2363 2312 2310
f 2363 2361 2312
f 1538 1537 2302
f 2353 2302 2307
f 2353 1538 2302
f 2354 2307 2306
f 2354 2353 2307
f 2352 2306 2308
f 2352 2354 2306
f 2351 2308 2309
f 2351 2352 2308
f 2349 2309 2301
f 2349 2351 2309
f 2350 2301 2299
f 2350 2349 2301
f 2342 2299 2298
f 2342 2350 2299
f 2340 2342 2298
f 2341 2294 2297
f 2341 2298 2294
f 2341 2340 2298
f 2339 2341 2297
f 2368 2364 2338
f 2368 2338 2332
f 2367 2332 2329
f 2367 2368 2332
f 2366 2329 2330
f 2366 2367 2329
f 2365 2330 2328
f 2365 2366 2330
f 2326 2327 2380
f 2326 2380 2379
f 2323 2379 2381
f 2323 2326 2379
f 2324 2381 2382
f 2324 2323 2381
f 2325 2382 2378
f 2325 2324 2382
f 2322 2378 2377
f 2322 2325 2378
f 2319 2377 2376
f 2319 2322 2377
f 2320 2376 2375
f 2320 2319 2376
f 2321 2375 2374
f 2321 2320 2375
f 2318 2374 2373
f 2318 2321 2374
f 2315 2373 2372
f 2315 2318 2373
f 2316 2372 2371
f 2316 2315 2372
f 2317 2371 2370
f 2317 2316 2371
f 2314 2370 2369
f 2314 2317 2370
f 2327 1540 1539
f 2327 1539 2380
f 1546 1545 2331
f 2383 2331 2333
f 2383 1546 2331
f 2384 2333 2336
f 2384 2383 2333
f 2385 2336 2335
f 2385 2384 2336
f 2387 2335 2334
f 2387 2385 2335
f 2388 2387 2334
f 2334 2386 2388
f 2334 2357 2386
f 2358 2393 2392
f 2359 2392 2391
f 2359 2358 2392
f 2360 2359 2391
f 2355 2390 2389
f 2355 2391 2390
f 2355 2360 2391
f 2356 2389 2386
f 2356 2355 2389
f 2357 2356 2386
f 2396 2395 2394
f 2396 2394 2397
f 1558 1415 1413
f 1562 1415 1558
f 1562 1417 1415
f 1559 1558 1413
f 1564 1417 1562
f 1564 1419 1417
f 1554 1559 1413
f 1554 1413 1412
f 1567 1419 1564
f 1567 1421 1419
f 1555 1554 1412
f 1555 1412 1409
f 1566 1421 1567
f 1566 1423 1421
f 1550 1555 1409
f 1550 1409 1407
f 1426 1423 1566
f 1570 1426 1566
f 1551 1550 1407
f 1551 1407 1406
f 1427 1426 1570
f 1572 1427 1570
f 1548 1551 1406
f 1548 1406 1403
f 1574 1429 1427
f 1574 1427 1572
f 2476 1403 2421
f 2476 1548 1403
f 1576 1432 1429
f 1576 1429 1574
f 2420 2476 2421
f 2477 2476 2420
f 1579 1433 1432
f 1579 1432 1576
f 2478 2420 2419
f 2478 2477 2420
f 1578 1435 1433
f 1578 1433 1579
f 2418 2478 2419
f 2479 2478 2418
f 1581 1437 1435
f 1581 1435 1578
f 2480 2418 2417
f 2480 2479 2418
f 1585 1440 1437
f 1585 1437 1581
f 2416 2480 2417
f 2481 2480 2416
f 1442 1440 1585
f 1442 1585 1584
f 2482 2481 2416
f 2415 2482 2416
f 1588 1442 1584
f 1443 1442 1588
f 2414 2482 2415
f 2414 2483 2482
f 1445 1443 1588
f 1445 1588 1591
f 2484 2483 2414
f 2413 2484 2414
f 1448 1445 1591
f 1448 1591 1590
f 2412 2484 2413
f 2412 2485 2484
f 1595 1448 1590
f 1449 1448 1595
f 2411 2485 2412
f 2411 2486 2485
f 1451 1449 1595
f 1451 1595 1594
f 2410 2486 2411
f 2410 2487 2486
f 1598 1451 1594
f 1453 1451 1598
f 2409 2487 2410
f 2409 2488 2487
f 2489 1453 1598
f 2398 1453 2489
f 2408 2488 2409
f 2408 2490 2488
f 2491 2398 2489
f 2399 2398 2491
f 2492 2490 2408
f 2407 2492 2408
f 2400 2399 2491
f 2400 2491 2493
f 2406 2494 2492
f 2406 2492 2407
f 2495 2494 2406
f 2401 2493 2496
f 2401 2400 2493
f 2405 2497 2495
f 2405 2495 2406
f 2402 2496 2498
f 2402 2401 2496
f 2404 2497 2405
f 2403 2499 2497
f 2403 2498 2499
f 2403 2402 2498
f 2403 2497 2404
f 1612 1488 1490
f 1610 1612 1490
f 1610 1490 1492
f 1614 1488 1612
f 1486 1488 1614
f 1608 1610 1492
f 1608 1492 1494
f 1616 1486 1614
f 1606 1608 1494
f 1606 1494 1496
f 1484 1486 1616
f 1618 1484 1616
f 1602 1606 1496
f 1602 1496 1498
f 1482 1484 1618
f 1620 1482 1618
f 1603 1602 1498
f 1603 1498 1500
f 1480 1482 1620
f 1622 1480 1620
f 1600 1603 1500
f 1600 1500 1502
f 1478 1480 1622
f 1624 1478 1622
f 2422 1600 1502
f 2500 1600 2422
f 1476 1478 1624
f 1626 1476 1624
f 2501 2422 2423
f 2501 2500 2422
f 1473 1476 1626
f 1629 1473 1626
f 2502 2423 2424
f 2502 2501 2423
f 1628 1471 1473
f 1628 1473 1629
f 2503 2424 2425
f 2503 2502 2424
f 1469 1471 1628
f 1632 1469 1628
f 2504 2425 2426
f 2504 2503 2425
f 1634 1467 1469
f 1634 1469 1632
f 2505 2504 2426
f 2427 2505 2426
f 1465 1634 1637
f 1465 1467 1634
f 2428 2506 2505
f 2428 2505 2427
f 1636 1465 1637
f 1463 1465 1636
f 2429 2507 2506
f 2429 2506 2428
f 1461 1463 1636
f 1461 1636 1640
f 2508 2507 2429
f 2430 2508 2429
f 1459 1461 1640
f 1459 1640 1642
f 2431 2508 2430
f 2431 2509 2508
f 1644 1459 1642
f 1456 1459 1644
f 2510 2509 2431
f 2432 2510 2431
f 1457 1456 1644
f 1457 1644 1646
f 2433 2510 2432
f 2433 2511 2510
f 2512 1457 1646
f 2443 1457 2512
f 2434 2511 2433
f 2434 2513 2511
f 2514 2443 2512
f 2442 2443 2514
f 2435 2513 2434
f 2435 2515 2513
f 2441 2442 2514
f 2441 2514 2516
f 2517 2441 2516
f 2436 2515 2435
f 2436 2518 2515
f 2440 2441 2517
f 2519 2440 2517
f 2437 2520 2518
f 2437 2518 2436
f 2439 2440 2519
f 2438 2439 2519
f 2438 2521 2520
f 2438 2519 2521
f 2438 2520 2437
f 2469 2474 2475
f 2469 2473 2474
f 2469 2472 2473
f 2469 2471 2472
f 2469 2470 2471
f 2469 2445 2470
f 2444 2445 2469
f 2451 2452 2444
f 2449 2450 2451
f 2446 2448 2449
f 2447 2451 2444
f 2447 2444 2469
f 2447 2449 2451
f 2447 2446 2449
f 2465 2462 2464
f 2465 2463 2462
f 2467 2465 2466
f 2467 2463 2465
f 2461 2467 2468
f 2461 2463 2467
f 2453 2469 2463
f 2453 2461 2455
f 2453 2447 2469
f 2453 2463 2461
f 2459 2460 2453
f 2456 2455 2454
f 2456 2453 2455
f 2458 2459 2453
f 2457 2453 2456
f 2457 2458 2453
f 2522 1598 1597
f 2522 2491 2489
f 2522 2489 1598
f 2523 2491 2522
f 2524 2493 2491
f 2524 2491 2523
f 2525 2496 2493
f 2525 2493 2524
f 2526 2498 2496
f 2526 2496 2525
f 2527 2499 2498
f 2527 2498 2526
f 2528 2497 2499
f 2528 2499 2527
f 2529 2495 2497
f 2529 2497 2528
f 2530 2494 2495
f 2530 2495 2529
f 2531 2490 2492
f 2531 2492 2494
f 2531 2494 2530
f 2532 2490 2531
f 2533 2490 2532
f 2533 2488 2490
f 2534 2488 2533
f 2534 2487 2488
f 2535 2487 2534
f 2535 2486 2487
f 2536 2486 2535
f 2536 2485 2486
f 2537 2485 2536
f 2537 2484 2485
f 2538 2484 2537
f 2538 2483 2484
f 2539 2483 2538
f 2539 2482 2483
f 2540 2480 2481
f 2540 2481 2482
f 2540 2482 2539
f 2541 2480 2540
f 2542 2479 2480
f 2542 2480 2541
f 2543 2477 2478
f 2543 2478 2479
f 2543 2479 2542
f 2544 2476 2477
f 2544 2477 2543
f 2545 2476 2544
f 1549 1548 2476
f 1549 2476 2545
f 2546 1646 1645
f 2546 2514 2512
f 2546 2512 1646
f 2547 2516 2514
f 2547 2514 2546
f 2548 2516 2547
f 2549 2517 2516
f 2549 2516 2548
f 2550 2521 2519
f 2550 2519 2517
f 2550 2517 2549
f 2551 2521 2550
f 2552 2520 2521
f 2552 2521 2551
f 2553 2515 2518
f 2553 2518 2520
f 2553 2520 2552
f 2554 2515 2553
f 2555 2513 2515
f 2555 2515 2554
f 2556 2511 2513
f 2556 2513 2555
f 2557 2510 2511
f 2557 2511 2556
f 2558 2510 2557
f 2558 2509 2510
f 2559 2509 2558
f 2559 2507 2508
f 2559 2508 2509
f 2560 2506 2507
f 2560 2507 2559
f 2561 2506 2560
f 2562 2506 2561
f 2562 2504 2505
f 2562 2505 2506
f 2563 2504 2562
f 2563 2503 2504
f 2564 2503 2563
f 2565 2501 2502
f 2565 2502 2503
f 2565 2503 2564
f 2566 2501 2565
f 2567 1600 2500
f 2567 2500 2501
f 2567 2501 2566
f 1601 1600 2567
f 1660 1586 1583
f 1658 1586 1660
f 1658 1587 1586
f 1662 1583 1582
f 1662 1660 1583
f 1656 1589 1587
f 1656 1587 1658
f 1664 1582 1580
f 1664 1662 1582
f 1654 1592 1589
f 1654 1589 1656
f 1666 1580 1577
f 1666 1664 1580
f 1652 1593 1592
f 1652 1592 1654
f 1667 1577 1575
f 1667 1666 1577
f 1650 1596 1593
f 1650 1593 1652
f 1669 1575 1573
f 1669 1573 1571
f 1669 1667 1575
f 1647 1597 1596
f 1647 1596 1650
f 1647 2522 1597
f 1671 1669 1571
f 1569 1671 1571
f 2568 2522 1647
f 2523 2522 2568
f 1673 1671 1569
f 1568 1673 1569
f 2569 2523 2568
f 2524 2523 2569
f 1675 1673 1568
f 1565 1675 1568
f 2570 2524 2569
f 2525 2524 2570
f 1677 1675 1565
f 1563 1677 1565
f 2571 2525 2570
f 2526 2525 2571
f 1679 1677 1563
f 1561 1679 1563
f 2572 2526 2571
f 2527 2526 2572
f 1681 1679 1561
f 2573 2527 2572
f 1560 1681 1561
f 1683 1681 1560
f 2528 2527 2573
f 2574 2528 2573
f 1557 1683 1560
f 1685 1683 1557
f 2529 2528 2574
f 2575 2529 2574
f 1556 1685 1557
f 1687 1685 1556
f 2530 2529 2575
f 2576 2530 2575
f 1553 1687 1556
f 1689 1687 1553
f 2531 2530 2576
f 2577 2531 2576
f 1552 1689 1553
f 1691 1689 1552
f 2532 2531 2577
f 2578 2532 2577
f 1547 1691 1552
f 1547 1693 1691
f 2533 2532 2578
f 2533 2578 2579
f 1549 1693 1547
f 2534 2533 2579
f 2545 1693 1549
f 2545 2580 1693
f 2535 2534 2579
f 2535 2579 2581
f 2544 2580 2545
f 2544 2582 2580
f 2536 2535 2581
f 2536 2581 2583
f 2543 2582 2544
f 2543 2584 2582
f 2537 2536 2583
f 2537 2583 2585
f 2542 2584 2543
f 2542 2586 2584
f 2538 2537 2585
f 2538 2585 2587
f 2541 2586 2542
f 2541 2588 2586
f 2539 2538 2587
f 2539 2587 2589
f 2540 2588 2541
f 2540 2539 2589
f 2540 2589 2588
f 1705 1635 1633
f 1707 1705 1633
f 1707 1633 1631
f 1703 1638 1635
f 1703 1635 1705
f 1709 1631 1630
f 1709 1707 1631
f 1701 1639 1638
f 1701 1638 1703
f 1712 1630 1627
f 1712 1709 1630
f 1699 1641 1639
f 1699 1639 1701
f 1713 1627 1625
f 1713 1712 1627
f 1695 1643 1641
f 1695 1641 1699
f 1716 1625 1623
f 1716 1623 1621
f 1716 1713 1625
f 1697 1645 1643
f 1697 1643 1695
f 1697 2546 1645
f 1717 1716 1621
f 1717 1621 1619
f 2590 2546 1697
f 2547 2546 2590
f 1720 1717 1619
f 1617 1720 1619
f 2591 2547 2590
f 2548 2547 2591
f 1722 1720 1617
f 1615 1722 1617
f 2592 2548 2591
f 2549 2548 2592
f 1723 1722 1615
f 1613 1723 1615
f 2593 2549 2592
f 2550 2549 2593
f 1725 1723 1613
f 1611 1725 1613
f 2594 2550 2593
f 1727 1725 1611
f 2551 2550 2594
f 2595 2551 2594
f 1609 1727 1611
f 1729 1727 1609
f 2552 2551 2595
f 2596 2552 2595
f 1607 1729 1609
f 1732 1729 1607
f 2553 2552 2596
f 2597 2553 2596
f 1605 1732 1607
f 1733 1732 1605
f 2554 2553 2597
f 2598 2554 2597
f 1604 1733 1605
f 1735 1733 1604
f 2555 2554 2598
f 2555 2598 2599
f 1599 1735 1604
f 1599 1737 1735
f 2556 2555 2599
f 1601 1737 1599
f 2557 2556 2599
f 2557 2599 2600
f 2567 1737 1601
f 2567 2601 1737
f 2558 2557 2600
f 2558 2600 2602
f 2566 2601 2567
f 2566 2603 2601
f 2559 2558 2602
f 2559 2602 2604
f 2565 2603 2566
f 2565 2605 2603
f 2560 2559 2604
f 2560 2604 2606
f 2564 2605 2565
f 2564 2607 2605
f 2561 2560 2606
f 2561 2606 2608
f 2563 2607 2564
f 2563 2609 2607
f 2562 2561 2608
f 2562 2609 2563
f 2562 2608 2609
f 2580 1694 1693
f 2580 2610 1694
f 2582 2611 2610
f 2582 2610 2580
f 2584 2612 2611
f 2584 2611 2582
f 2586 2613 2612
f 2586 2612 2584
f 2588 2614 2613
f 2588 2613 2586
f 2589 2615 2614
f 2589 2614 2588
f 2587 2616 2615
f 2587 2615 2589
f 2585 2617 2616
f 2585 2616 2587
f 2583 2618 2617
f 2583 2617 2585
f 2581 2619 2618
f 2581 2618 2583
f 2579 2620 2619
f 2579 2619 2581
f 2578 2621 2620
f 2578 2620 2579
f 2577 2621 2578
f 2577 2622 2621
f 2577 2623 2622
f 2576 2624 2623
f 2576 2623 2577
f 2575 2624 2576
f 2574 2624 2575
f 2574 2625 2624
f 2573 2625 2574
f 2573 2626 2625
f 2573 2627 2626
f 2572 2627 2573
f 2572 2628 2627
f 2571 2628 2572
f 2570 2628 2571
f 2570 2629 2628
f 2570 2630 2629
f 2569 2630 2570
f 2569 2631 2630
f 2568 2631 2569
f 1647 2631 2568
f 1647 1649 2631
f 1737 2632 1738
f 2601 2633 2632
f 2601 2632 1737
f 2603 2634 2633
f 2603 2633 2601
f 2605 2635 2634
f 2605 2634 2603
f 2607 2636 2635
f 2607 2635 2605
f 2609 2637 2636
f 2609 2636 2607
f 2608 2638 2637
f 2608 2637 2609
f 2606 2639 2638
f 2606 2638 2608
f 2604 2640 2639
f 2604 2639 2606
f 2602 2641 2640
f 2602 2640 2604
f 2600 2642 2641
f 2600 2641 2602
f 2599 2642 2600
f 2598 2643 2642
f 2598 2642 2599
f 2597 2644 2643
f 2597 2643 2598
f 2596 2644 2597
f 2596 2645 2644
f 2595 2645 2596
f 2595 2646 2645
f 2594 2646 2595
f 2594 2647 2646
f 2594 2648 2647
f 2593 2648 2594
f 2592 2648 2593
f 2592 2649 2648
f 2591 2649 2592
f 2591 2650 2649
f 2590 2650 2591
f 2590 2651 2650
f 1697 2651 2590
f 1697 1696 2651
f 2652 1665 1668
f 2652 2653 1665
f 2654 1663 1665
f 2654 1665 2653
f 2655 2652 1668
f 2656 1661 1663
f 2656 1663 2654
f 2657 1668 1670
f 2657 2655 1668
f 2658 1661 2656
f 2658 1659 1661
f 2659 2657 1670
f 2660 1670 1672
f 2660 2659 1670
f 2661 2660 1672
f 1674 2661 1672
f 2662 2661 1674
f 2663 1657 1659
f 2664 1659 2658
f 2664 2663 1659
f 2665 1653 1655
f 2665 1655 1657
f 2665 1657 2663
f 2666 2631 1649
f 2666 1649 2667
f 2668 1649 1648
f 2668 1648 1651
f 2668 2667 1649
f 2669 1651 1653
f 2669 1653 2665
f 2670 2630 2631
f 2670 2631 2666
f 2671 2662 1674
f 2672 2630 2670
f 1676 2671 1674
f 2673 1651 2669
f 2673 2668 1651
f 2674 2671 1676
f 2675 2630 2672
f 2629 2630 2675
f 2676 2674 1676
f 2677 2629 2675
f 1678 2678 2676
f 1678 2676 1676
f 2679 2629 2677
f 2628 2629 2679
f 2680 2628 2679
f 1680 2678 1678
f 1680 2681 2678
f 1756 2628 2680
f 2627 2628 1756
f 1754 2627 1756
f 1682 2682 2681
f 1682 2681 1680
f 1752 2627 1754
f 2626 1752 1750
f 2626 2627 1752
f 2683 2682 1682
f 1684 2683 1682
f 2684 2683 1684
f 2625 1750 1747
f 2625 1747 2685
f 2625 2626 1750
f 1686 2684 1684
f 1744 2686 1746
f 2624 2685 2687
f 2624 2687 2686
f 2624 2625 2685
f 1688 2684 1686
f 1688 2688 2684
f 2623 2624 2686
f 2623 2686 1744
f 1690 2688 1688
f 1690 2689 2688
f 2622 1744 1742
f 2622 2623 1744
f 2690 2689 1690
f 1692 2690 1690
f 2621 1742 1739
f 2621 2622 1742
f 1694 2691 2692
f 1694 2692 2690
f 1694 2690 1692
f 1763 2693 2694
f 2620 1739 2695
f 2620 2621 1739
f 2610 2696 2691
f 2610 2691 1694
f 2619 2695 2693
f 2619 2620 2695
f 2611 2697 2698
f 2611 2698 2696
f 2611 2696 2610
f 2618 2693 1763
f 2618 2619 2693
f 2612 2697 2611
f 2612 2699 2700
f 2612 2700 2697
f 2617 2618 1763
f 2617 1763 1761
f 2617 1761 1757
f 2613 2699 2612
f 2613 2701 2702
f 2613 2702 2699
f 2616 1757 1759
f 2616 1759 2703
f 2616 2617 1757
f 2614 2701 2613
f 2614 2704 2705
f 2614 2705 2701
f 2615 2616 2703
f 2615 2704 2614
f 2615 2703 2704
f 2706 1704 1706
f 2707 2706 1706
f 2708 2707 1706
f 2708 1706 1708
f 2709 1704 2706
f 2710 2708 1708
f 2711 1704 2709
f 2711 1702 1704
f 2712 1708 1710
f 2712 2710 1708
f 2713 1700 1702
f 2713 1702 2711
f 2714 1700 2713
f 2715 2712 1710
f 2716 1698 1700
f 2716 1700 2714
f 2717 1710 1711
f 2717 1711 1714
f 2717 2715 1710
f 2718 1698 2716
f 2719 1696 1698
f 2719 1698 2718
f 2720 1696 2719
f 2721 2651 1696
f 2721 1696 2720
f 2650 2651 2721
f 2722 1714 1715
f 2722 2717 1714
f 2722 2723 2717
f 2724 1715 1718
f 2724 2722 1715
f 2725 1718 1719
f 2725 2724 1718
f 2726 2649 2650
f 2726 2650 2721
f 2726 2721 2727
f 2728 2648 2649
f 2728 2649 2726
f 2729 1719 1721
f 2729 1721 1724
f 2729 2730 2725
f 2729 2725 1719
f 2731 2729 1724
f 2732 2731 1724
f 2732 1724 1726
f 2733 2647 2648
f 2733 2648 2728
f 2734 2732 1726
f 2735 2734 1726
f 1728 2735 1726
f 2736 2735 1728
f 2737 2736 1728
f 1730 2737 1728
f 2738 2737 1730
f 2739 2645 2646
f 2739 2646 2647
f 2739 2733 2740
f 2739 2647 2733
f 2741 2645 2739
f 1731 2738 1730
f 1731 2742 2738
f 2743 2742 1731
f 2744 2645 2741
f 2644 2645 2744
f 2644 2744 2745
f 2746 2644 2745
f 1776 2747 2748
f 1734 2743 1731
f 1734 1768 1765
f 1734 1765 2749
f 1734 2749 2750
f 1734 2750 2743
f 2643 2644 2746
f 2643 2746 2751
f 2643 2751 2752
f 1736 1768 1734
f 1736 1772 1770
f 1736 1770 1768
f 2642 2643 2752
f 2642 2752 2753
f 2754 2755 2756
f 1738 1776 1774
f 1738 1774 1772
f 1738 1772 1736
f 2641 2642 2753
f 2641 2753 2757
f 2641 2757 2758
f 2632 1776 1738
f 2640 2758 2759
f 2640 2759 2760
f 2640 2641 2758
f 2633 1776 2632
f 2633 2747 1776
f 2639 2760 2761
f 2639 2761 2762
f 2639 2640 2760
f 2634 2747 2633
f 2634 2763 2747
f 2638 2762 2764
f 2638 2764 2754
f 2638 2639 2762
f 2635 2763 2634
f 2635 2756 2763
f 2637 2638 2754
f 2636 2756 2635
f 2636 2637 2754
f 2636 2754 2756
f 1764 1763 2694
f 1764 2694 2765
f 2693 2765 2694
f 2693 2766 2765
f 2695 2767 2766
f 2695 2766 2693
f 1739 1741 2767
f 1739 2767 2695
f 1745 1746 2686
f 1745 2686 2768
f 2686 2769 2768
f 2687 2770 2769
f 2687 2769 2686
f 2685 1749 2770
f 2685 2770 2687
f 1747 1749 2685
f 1756 2771 1755
f 2680 2771 1756
f 2679 2772 2771
f 2679 2773 2772
f 2679 2771 2680
f 2677 2773 2679
f 2677 2774 2773
f 2675 2775 2774
f 2675 2774 2677
f 2672 2776 2775
f 2672 2775 2675
f 2670 2777 2776
f 2670 2776 2672
f 2666 2778 2777
f 2666 2777 2670
f 2667 2779 2778
f 2667 2778 2666
f 2668 2779 2667
f 2668 2673 2780
f 2779 2668 2780
f 2673 2781 2780
f 2669 2781 2673
f 2665 2782 2781
f 2665 2781 2669
f 2663 2783 2782
f 2663 2784 2783
f 2663 2782 2665
f 2664 2784 2663
f 2784 2658 2785
f 2664 2658 2784
f 2656 2785 2658
f 2656 2786 2785
f 2654 2787 2786
f 2654 2786 2656
f 2653 2788 2787
f 2653 2789 2788
f 2653 2787 2654
f 2652 2790 2789
f 2652 2789 2653
f 2655 2791 2790
f 2655 2790 2652
f 2657 2791 2655
f 2659 2791 2657
f 2659 2792 2791
f 2660 2793 2792
f 2660 2792 2659
f 2661 2794 2793
f 2661 2793 2660
f 2662 2794 2661
f 2662 2795 2794
f 2662 2796 2795
f 2671 2797 2796
f 2671 2796 2662
f 2674 2798 2797
f 2674 2797 2671
f 2676 2799 2798
f 2676 2798 2674
f 2678 2799 2676
f 2681 2800 2799
f 2681 2799 2678
f 2800 2681 2682
f 2800 2682 2801
f 2682 2802 2801
f 2683 2803 2802
f 2683 2802 2682
f 2684 2803 2683
f 2688 2804 2803
f 2688 2803 2684
f 2689 2805 2804
f 2689 2804 2688
f 2805 2689 2690
f 2805 2690 2806
f 2690 2807 2806
f 2692 2808 2807
f 2692 2807 2690
f 2691 2809 2808
f 2691 2808 2692
f 2696 2810 2809
f 2696 2809 2691
f 2698 2811 2810
f 2698 2810 2696
f 2697 2812 2811
f 2697 2811 2698
f 2700 2812 2697
f 2699 2812 2700
f 2699 2813 2812
f 2702 2814 2813
f 2702 2813 2699
f 2701 2815 2814
f 2701 2814 2702
f 2705 2815 2701
f 2705 2816 2815
f 2704 2817 2816
f 2704 2818 2817
f 2704 2816 2705
f 2703 1758 2818
f 2703 2818 2704
f 1759 1758 2703
f 1775 1776 2748
f 1775 2748 2819
f 2747 2819 2748
f 2747 2820 2819
f 2763 2821 2820
f 2763 2820 2747
f 2756 2822 2821
f 2756 2821 2763
f 2755 2823 2822
f 2755 2822 2756
f 2823 2755 2754
f 2823 2754 2824
f 2764 2824 2754
f 2764 2825 2824
f 2762 2826 2825
f 2762 2825 2764
f 2761 2827 2826
f 2761 2826 2762
f 2760 2828 2827
f 2760 2829 2828
f 2760 2827 2761
f 2759 2829 2760
f 2758 2830 2829
f 2758 2829 2759
f 2757 2830 2758
f 2757 2831 2830
f 2753 2832 2831
f 2753 2833 2832
f 2753 2831 2757
f 2752 2833 2753
f 2751 2833 2752
f 2751 2834 2833
f 2746 2835 2834
f 2746 2834 2751
f 2745 2836 2835
f 2745 2835 2746
f 2744 2837 2836
f 2744 2836 2745
f 2741 2838 2837
f 2741 2837 2744
f 2739 2839 2838
f 2739 2838 2741
f 2839 2739 2740
f 2839 2740 2840
f 2740 2841 2840
f 2733 2841 2740
f 2728 2842 2841
f 2728 2841 2733
f 2726 2843 2842
f 2726 2842 2728
f 2727 2844 2843
f 2727 2843 2726
f 2844 2727 2721
f 2844 2721 2845
f 2721 2846 2845
f 2720 2847 2846
f 2720 2846 2721
f 2719 2848 2847
f 2719 2847 2720
f 2718 2849 2848
f 2718 2848 2719
f 2716 2850 2849
f 2716 2849 2718
f 2714 2851 2850
f 2714 2850 2716
f 2713 2851 2714
f 2711 2851 2713
f 2711 2852 2851
f 2709 2853 2852
f 2709 2852 2711
f 2706 2854 2853
f 2706 2853 2709
f 2707 2854 2706
f 2707 2855 2854
f 2708 2856 2855
f 2708 2855 2707
f 2710 2857 2856
f 2710 2856 2708
f 2712 2858 2857
f 2712 2857 2710
f 2715 2859 2858
f 2715 2858 2712
f 2717 2860 2859
f 2717 2859 2715
f 2717 2723 2861
f 2860 2717 2861
f 2722 2861 2723
f 2722 2862 2861
f 2722 2863 2862
f 2724 2863 2722
f 2725 2864 2863
f 2725 2865 2864
f 2725 2863 2724
f 2730 2865 2725
f 2865 2730 2729
f 2865 2729 2866
f 2731 2866 2729
f 2731 2867 2866
f 2732 2868 2867
f 2732 2867 2731
f 2734 2869 2868
f 2734 2868 2732
f 2735 2870 2869
f 2735 2869 2734
f 2736 2871 2870
f 2736 2870 2735
f 2737 2872 2871
f 2737 2871 2736
f 2738 2872 2737
f 2738 2873 2872
f 2742 2874 2873
f 2742 2873 2738
f 2743 2875 2874
f 2743 2874 2742
f 2750 2875 2743
f 2750 2876 2875
f 2749 2877 2876
f 2749 2876 2750
f 1765 1767 2877
f 1765 2877 2749
f 2799 2795 2796
f 2799 2796 2797
f 2799 2797 2798
f 2794 2795 2799
f 2800 2794 2799
f 2793 2794 2800
f 2809 2806 2807
f 2809 2807 2808
f 2787 2788 2789
f 2787 2789 2790
f 2812 2806 2809
f 2812 2809 2810
f 2812 2810 2811
f 2813 2806 2812
f 2785 2786 2787
f 2785 2790 2791
f 2785 2791 2792
f 2785 2792 2793
f 2785 2800 2801
f 2785 2793 2800
f 2785 2787 2790
f 2814 2806 2813
f 2784 2785 2801
f 2784 2801 2802
f 2784 2802 2803
f 2818 2816 2817
f 1760 2816 2818
f 1760 2818 1758
f 1764 2814 2815
f 1764 2815 2816
f 1764 1760 1762
f 1764 2806 2814
f 1764 2816 1760
f 2765 2805 2806
f 2765 2806 1764
f 2781 2784 2803
f 2781 2782 2783
f 2781 2783 2784
f 2781 2803 2804
f 2781 2804 2805
f 2780 2781 2805
f 1741 2766 2767
f 1740 2765 2766
f 1740 2766 1741
f 1743 2805 2765
f 1743 2765 1740
f 1745 2780 2805
f 1745 2805 1743
f 2768 2779 2780
f 2768 2780 1745
f 2776 2777 2778
f 2770 2768 2769
f 2774 2775 2776
f 2774 2778 2779
f 2774 2776 2778
f 2773 2774 2779
f 2772 2773 2779
f 2771 2779 2768
f 2771 2772 2779
f 1755 2771 2768
f 1753 2770 1749
f 1753 1749 1748
f 1753 1748 1751
f 1753 2768 2770
f 1753 1755 2768
f 2868 2869 2870
f 2868 2870 2871
f 2868 2871 2872
f 2877 2875 2876
f 2867 2868 2872
f 1766 2877 1767
f 1766 2875 2877
f 2866 2872 2873
f 2866 2873 2874
f 2866 2867 2872
f 1769 2875 1766
f 1771 2875 1769
f 1775 1771 1773
f 1775 2874 2875
f 1775 2866 2874
f 1775 2875 1771
f 2865 2866 1775
f 2819 2865 1775
f 2862 2863 2864
f 2820 2865 2819
f 2858 2859 2860
f 2855 2858 2860
f 2855 2856 2857
f 2855 2857 2858
f 2854 2855 2860
f 2853 2854 2860
f 2844 2865 2820
f 2844 2862 2864
f 2844 2820 2821
f 2844 2821 2822
f 2844 2822 2823
f 2844 2861 2862
f 2844 2864 2865
f 2844 2860 2861
f 2827 2824 2825
f 2827 2825 2826
f 2845 2860 2844
f 2845 2853 2860
f 2845 2851 2852
f 2845 2852 2853
f 2845 2848 2849
f 2845 2849 2850
f 2845 2850 2851
f 2847 2848 2845
f 2846 2847 2845
f 2842 2843 2844
f 2840 2823 2824
f 2840 2844 2823
f 2829 2827 2828
f 2829 2824 2827
f 2841 2842 2844
f 2841 2844 2840
f 2830 2824 2829
f 2831 2824 2830
f 2839 2831 2832
f 2839 2840 2824
f 2839 2824 2831
f 2833 2839 2832
f 2834 2839 2833
f 2835 2838 2839
f 2835 2839 2834
f 2836 2837 2838
f 2836 2838 2835
