# https://github.com/mikedh/trimesh

o geometry_1
v 470.98290000 39.12650000 1675.00000000
v 472.00000000 39.25000000 1652.50000000
v 472.00000000 39.25000000 1675.00000000
v 470.98290000 39.12650000 1652.50000000
v 470.02490000 38.76319000 1675.00000000
v 470.02490000 38.76319000 1652.50000000
v 469.18170000 38.18117000 1675.00000000
v 469.18170000 38.18117000 1652.50000000
v 468.50230000 37.41428000 1675.00000000
v 468.50230000 37.41428000 1652.50000000
v 468.02620000 36.50707000 1652.50000000
v 468.02620000 36.50707000 1675.00000000
v 467.78100000 35.51228000 1675.00000000
v 467.78100000 35.51228000 1652.50000000
v 467.78100000 34.48772000 1675.00000000
v 467.78100000 34.48772000 1652.50000000
v 468.02620000 33.49293000 1675.00000000
v 468.02620000 33.49293000 1652.50000000
v 468.50230000 32.58572000 1675.00000000
v 468.50230000 32.58572000 1652.50000000
v 469.18170000 31.81883000 1652.50000000
v 469.18170000 31.81883000 1675.00000000
v 470.02490000 31.23681000 1675.00000000
v 470.02490000 31.23681000 1652.50000000
v 470.98290000 30.87350000 1675.00000000
v 470.98290000 30.87350000 1652.50000000
v 472.00000000 30.75000000 1652.50000000
v 472.00000000 30.75000000 1675.00000000
v 470.89240000 35.88328000 1650.79800000
v 472.00000000 35.00000000 1649.94600000
v 471.38530000 36.27637000 1650.79800000
v 470.77070000 37.55275000 1651.64900000
v 470.61890000 35.31524000 1650.79800000
v 469.78480000 36.76655000 1651.64900000
v 470.61890000 34.68476000 1650.79800000
v 469.23770000 35.63048000 1651.64900000
v 470.89240000 34.11672000 1650.79800000
v 469.23770000 34.36952000 1651.64900000
v 471.38530000 33.72363000 1650.79800000
v 469.78480000 33.23345000 1651.64900000
v 470.77070000 32.44725000 1651.64900000
v 470.98290000 -30.87350000 1675.00000000
v 472.00000000 -30.75000000 1652.50000000
v 472.00000000 -30.75000000 1675.00000000
v 470.98290000 -30.87350000 1652.50000000
v 470.02490000 -31.23681000 1675.00000000
v 470.02490000 -31.23681000 1652.50000000
v 469.18170000 -31.81883000 1675.00000000
v 469.18170000 -31.81883000 1652.50000000
v 468.50230000 -32.58572000 1675.00000000
v 468.50230000 -32.58572000 1652.50000000
v 468.02620000 -33.49293000 1652.50000000
v 468.02620000 -33.49293000 1675.00000000
v 467.78100000 -34.48772000 1675.00000000
v 467.78100000 -34.48772000 1652.50000000
v 467.78100000 -35.51228000 1675.00000000
v 467.78100000 -35.51228000 1652.50000000
v 468.02620000 -36.50707000 1675.00000000
v 468.02620000 -36.50707000 1652.50000000
v 468.50230000 -37.41428000 1675.00000000
v 468.50230000 -37.41428000 1652.50000000
v 469.18170000 -38.18117000 1652.50000000
v 469.18170000 -38.18117000 1675.00000000
v 470.02490000 -38.76319000 1675.00000000
v 470.02490000 -38.76319000 1652.50000000
v 470.98290000 -39.12650000 1675.00000000
v 470.98290000 -39.12650000 1652.50000000
v 472.00000000 -39.25000000 1652.50000000
v 472.00000000 -39.25000000 1675.00000000
v 471.38530000 -33.72363000 1650.79800000
v 472.00000000 -35.00000000 1649.94600000
v 470.89240000 -34.11672000 1650.79800000
v 470.77070000 -32.44725000 1651.64900000
v 470.61890000 -34.68476000 1650.79800000
v 469.78480000 -33.23345000 1651.64900000
v 470.61890000 -35.31524000 1650.79800000
v 469.23770000 -34.36952000 1651.64900000
v 470.89240000 -35.88328000 1650.79800000
v 469.23770000 -35.63048000 1651.64900000
v 471.38530000 -36.27637000 1650.79800000
v 469.78480000 -36.76655000 1651.64900000
v 470.77070000 -37.55275000 1651.64900000
v 550.98290000 -30.87350000 1675.00000000
v 552.00000000 -30.75000000 1652.50000000
v 552.00000000 -30.75000000 1675.00000000
v 550.98290000 -30.87350000 1652.50000000
v 550.02490000 -31.23681000 1675.00000000
v 550.02490000 -31.23681000 1652.50000000
v 549.18170000 -31.81883000 1675.00000000
v 549.18170000 -31.81883000 1652.50000000
v 548.50230000 -32.58572000 1675.00000000
v 548.50230000 -32.58572000 1652.50000000
v 548.02620000 -33.49293000 1652.50000000
v 548.02620000 -33.49293000 1675.00000000
v 547.78100000 -34.48772000 1675.00000000
v 547.78100000 -34.48772000 1652.50000000
v 547.78100000 -35.51228000 1675.00000000
v 547.78100000 -35.51228000 1652.50000000
v 548.02620000 -36.50707000 1675.00000000
v 548.02620000 -36.50707000 1652.50000000
v 548.50230000 -37.41428000 1675.00000000
v 548.50230000 -37.41428000 1652.50000000
v 549.18170000 -38.18117000 1652.50000000
v 549.18170000 -38.18117000 1675.00000000
v 550.02490000 -38.76319000 1675.00000000
v 550.02490000 -38.76319000 1652.50000000
v 550.98290000 -39.12650000 1675.00000000
v 550.98290000 -39.12650000 1652.50000000
v 552.00000000 -39.25000000 1652.50000000
v 552.00000000 -39.25000000 1675.00000000
v 551.38530000 -33.72363000 1650.79800000
v 552.00000000 -35.00000000 1649.94600000
v 550.89240000 -34.11672000 1650.79800000
v 550.77070000 -32.44725000 1651.64900000
v 550.61890000 -34.68476000 1650.79800000
v 549.78480000 -33.23345000 1651.64900000
v 550.61890000 -35.31524000 1650.79800000
v 549.23770000 -34.36952000 1651.64900000
v 550.89240000 -35.88328000 1650.79800000
v 549.23770000 -35.63048000 1651.64900000
v 551.38530000 -36.27637000 1650.79800000
v 549.78480000 -36.76655000 1651.64900000
v 550.77070000 -37.55275000 1651.64900000
v 550.98290000 39.12650000 1675.00000000
v 552.00000000 39.25000000 1652.50000000
v 552.00000000 39.25000000 1675.00000000
v 550.98290000 39.12650000 1652.50000000
v 550.02490000 38.76319000 1675.00000000
v 550.02490000 38.76319000 1652.50000000
v 549.18170000 38.18117000 1675.00000000
v 549.18170000 38.18117000 1652.50000000
v 548.50230000 37.41428000 1675.00000000
v 548.50230000 37.41428000 1652.50000000
v 548.02620000 36.50707000 1652.50000000
v 548.02620000 36.50707000 1675.00000000
v 547.78100000 35.51228000 1675.00000000
v 547.78100000 35.51228000 1652.50000000
v 547.78100000 34.48772000 1675.00000000
v 547.78100000 34.48772000 1652.50000000
v 548.02620000 33.49293000 1675.00000000
v 548.02620000 33.49293000 1652.50000000
v 548.50230000 32.58572000 1675.00000000
v 548.50230000 32.58572000 1652.50000000
v 549.18170000 31.81883000 1652.50000000
v 549.18170000 31.81883000 1675.00000000
v 550.02490000 31.23681000 1675.00000000
v 550.02490000 31.23681000 1652.50000000
v 550.98290000 30.87350000 1675.00000000
v 550.98290000 30.87350000 1652.50000000
v 552.00000000 30.75000000 1652.50000000
v 552.00000000 30.75000000 1675.00000000
v 550.89240000 35.88328000 1650.79800000
v 552.00000000 35.00000000 1649.94600000
v 551.38530000 36.27637000 1650.79800000
v 550.77070000 37.55275000 1651.64900000
v 550.61890000 35.31524000 1650.79800000
v 549.78480000 36.76655000 1651.64900000
v 550.61890000 34.68476000 1650.79800000
v 549.23770000 35.63048000 1651.64900000
v 550.89240000 34.11672000 1650.79800000
v 549.23770000 34.36952000 1651.64900000
v 551.38530000 33.72363000 1650.79800000
v 549.78480000 33.23345000 1651.64900000
v 550.77070000 32.44725000 1651.64900000
v 470.98290000 54.12650000 1675.00000000
v 472.00000000 54.25000000 1652.50000000
v 472.00000000 54.25000000 1675.00000000
v 470.98290000 54.12650000 1652.50000000
v 470.02490000 53.76319000 1675.00000000
v 470.02490000 53.76319000 1652.50000000
v 469.18170000 53.18117000 1675.00000000
v 469.18170000 53.18117000 1652.50000000
v 468.50230000 52.41428000 1675.00000000
v 468.50230000 52.41428000 1652.50000000
v 468.02620000 51.50707000 1652.50000000
v 468.02620000 51.50707000 1675.00000000
v 467.78100000 50.51228000 1675.00000000
v 467.78100000 50.51228000 1652.50000000
v 467.78100000 49.48772000 1675.00000000
v 467.78100000 49.48772000 1652.50000000
v 468.02620000 48.49293000 1675.00000000
v 468.02620000 48.49293000 1652.50000000
v 468.50230000 47.58572000 1675.00000000
v 468.50230000 47.58572000 1652.50000000
v 469.18170000 46.81883000 1652.50000000
v 469.18170000 46.81883000 1675.00000000
v 470.02490000 46.23681000 1675.00000000
v 470.02490000 46.23681000 1652.50000000
v 470.98290000 45.87350000 1675.00000000
v 470.98290000 45.87350000 1652.50000000
v 472.00000000 45.75000000 1652.50000000
v 472.00000000 45.75000000 1675.00000000
v 470.89240000 50.88328000 1650.79800000
v 472.00000000 50.00000000 1649.94600000
v 471.38530000 51.27637000 1650.79800000
v 470.77070000 52.55275000 1651.64900000
v 470.61890000 50.31524000 1650.79800000
v 469.78480000 51.76655000 1651.64900000
v 470.61890000 49.68476000 1650.79800000
v 469.23770000 50.63048000 1651.64900000
v 470.89240000 49.11672000 1650.79800000
v 469.23770000 49.36952000 1651.64900000
v 471.38530000 48.72363000 1650.79800000
v 469.78480000 48.23345000 1651.64900000
v 470.77070000 47.44725000 1651.64900000
v 563.00000000 -15.36577000 1663.96900000
v 565.00000000 0.00000000 1665.00000000
v 563.00000000 0.00000000 1665.00000000
v 565.00000000 -16.36621000 1663.82900000
v 563.00000000 -30.45597000 1660.89400000
v 565.00000000 -32.39924000 1660.34200000
v 556.00000000 -51.14685000 1653.00000000
v 541.00000000 -45.00000000 1655.83000000
v 541.00000000 -47.06733000 1654.92700000
v 541.00000000 -49.11654000 1653.98300000
v 541.00000000 -51.14685000 1653.00000000
v 563.00000000 -45.00000000 1655.83000000
v 565.00000000 -47.77273000 1654.60800000
v 565.00000000 -62.17369000 1646.74400000
v 556.00000000 -63.68147000 1645.75800000
v 565.00000000 -75.30898000 1636.91100000
v 556.00000000 -75.20703000 1636.99900000
v 556.00000000 -85.54089000 1626.86200000
v 565.00000000 -86.91120000 1625.30900000
v 556.00000000 -94.51930000 1615.50700000
v 565.00000000 -96.74416000 1612.17400000
v 556.00000000 -102.00000000 1603.11300000
v 541.00000000 -102.00000000 1603.11300000
v 541.00000000 -103.34690000 1600.44200000
v 541.00000000 -104.62390000 1597.73700000
v 541.00000000 -105.83010000 1595.00000000
v 565.00000000 -104.60770000 1597.77300000
v 563.00000000 -105.83010000 1595.00000000
v 565.00000000 -110.34170000 1582.39900000
v 563.00000000 -110.89380000 1580.45600000
v 565.00000000 -113.82950000 1566.36600000
v 563.00000000 -113.96880000 1565.36600000
v 565.00000000 -115.00000000 1550.00000000
v 563.00000000 -115.00000000 1550.00000000
v 563.00000000 -113.96880000 1534.63400000
v 565.00000000 -113.82950000 1533.63400000
v 563.00000000 -110.89380000 1519.54400000
v 565.00000000 -110.34170000 1517.60100000
v 563.00000000 -105.83010000 1505.00000000
v 556.00000000 -102.00000000 1496.88700000
v 541.00000000 -105.83010000 1505.00000000
v 541.00000000 -104.62390000 1502.26300000
v 541.00000000 -103.34690000 1499.55800000
v 541.00000000 -102.00000000 1496.88700000
v 565.00000000 -104.60770000 1502.22700000
v 565.00000000 -96.74416000 1487.82600000
v 556.00000000 -93.83448000 1483.51600000
v 565.00000000 -86.91120000 1474.69100000
v 556.00000000 -83.92743000 1471.37900000
v 565.00000000 -75.30898000 1463.08900000
v 556.00000000 -72.46273000 1460.70200000
v 565.00000000 -62.17369000 1453.25600000
v 556.00000000 -59.65314000 1451.68200000
v 565.00000000 -47.77273000 1445.39200000
v 556.00000000 -45.73642000 1444.48600000
v 565.00000000 -32.39924000 1439.65800000
v 556.00000000 -30.97085000 1439.24900000
v 565.00000000 -16.36621000 1436.17100000
v 556.00000000 -15.63047000 1436.06700000
v 565.00000000 0.00000000 1435.00000000
v 556.00000000 0.00000000 1435.00000000
v 462.50000000 122.00000000 1350.00000000
v 461.37630000 112.00000000 1332.14000000
v 462.50000000 112.00000000 1350.00000000
v 461.37630000 122.00000000 1332.14000000
v 458.02310000 112.00000000 1314.56200000
v 458.02310000 122.00000000 1314.56200000
v 452.49310000 122.00000000 1297.54200000
v 452.49310000 112.00000000 1297.54200000
v 444.87370000 112.00000000 1281.35000000
v 444.87370000 122.00000000 1281.35000000
v 435.28490000 122.00000000 1266.24100000
v 435.28490000 112.00000000 1266.24100000
v 423.87800000 122.00000000 1252.45200000
v 423.87800000 112.00000000 1252.45200000
v 410.83290000 112.00000000 1240.20200000
v 410.83290000 122.00000000 1240.20200000
v 396.35530000 122.00000000 1229.68300000
v 396.35530000 112.00000000 1229.68300000
v 380.67350000 122.00000000 1221.06200000
v 380.67350000 112.00000000 1221.06200000
v 364.03490000 122.00000000 1214.47400000
v 364.03490000 112.00000000 1214.47400000
v 346.70180000 122.00000000 1210.02400000
v 346.70180000 112.00000000 1210.02400000
v 328.94760000 122.00000000 1207.78100000
v 328.94760000 112.00000000 1207.78100000
v 311.05240000 122.00000000 1207.78100000
v 311.05240000 112.00000000 1207.78100000
v 293.29820000 122.00000000 1210.02400000
v 293.29820000 112.00000000 1210.02400000
v 275.96510000 122.00000000 1214.47400000
v 275.96510000 112.00000000 1214.47400000
v 259.32650000 122.00000000 1221.06200000
v 259.32650000 112.00000000 1221.06200000
v 243.64470000 112.00000000 1229.68300000
v 243.64470000 122.00000000 1229.68300000
v 229.16710000 122.00000000 1240.20200000
v 229.16710000 112.00000000 1240.20200000
v 216.12200000 112.00000000 1252.45200000
v 216.12200000 122.00000000 1252.45200000
v 204.71510000 112.00000000 1266.24100000
v 204.71510000 122.00000000 1266.24100000
v 195.12630000 122.00000000 1281.35000000
v 195.12630000 112.00000000 1281.35000000
v 187.50690000 122.00000000 1297.54200000
v 187.50690000 112.00000000 1297.54200000
v 181.97690000 122.00000000 1314.56200000
v 181.97690000 112.00000000 1314.56200000
v 178.62370000 122.00000000 1332.14000000
v 178.62370000 112.00000000 1332.14000000
v 177.50000000 122.00000000 1350.00000000
v 177.50000000 112.00000000 1350.00000000
v 529.56410000 -112.00000000 1478.59000000
v 530.00000000 -102.00000000 1475.00000000
v 529.56410000 -102.00000000 1478.59000000
v 530.00000000 -112.00000000 1475.00000000
v 528.28180000 -112.00000000 1481.97100000
v 528.28180000 -102.00000000 1481.97100000
v 526.22770000 -102.00000000 1484.94700000
v 526.22770000 -112.00000000 1484.94700000
v 523.52100000 -112.00000000 1487.34500000
v 523.52100000 -102.00000000 1487.34500000
v 520.31910000 -112.00000000 1489.02500000
v 520.31910000 -102.00000000 1489.02500000
v 516.80810000 -112.00000000 1489.89100000
v 516.80810000 -102.00000000 1489.89100000
v 513.19190000 -102.00000000 1489.89100000
v 513.19190000 -112.00000000 1489.89100000
v 509.68090000 -112.00000000 1489.02500000
v 509.68090000 -102.00000000 1489.02500000
v 506.47900000 -112.00000000 1487.34500000
v 506.47900000 -102.00000000 1487.34500000
v 503.77230000 -112.00000000 1484.94700000
v 503.77230000 -102.00000000 1484.94700000
v 501.71820000 -112.00000000 1481.97100000
v 501.71820000 -102.00000000 1481.97100000
v 500.43590000 -112.00000000 1478.59000000
v 500.43590000 -102.00000000 1478.59000000
v 500.00000000 -112.00000000 1475.00000000
v 500.00000000 -102.00000000 1475.00000000
v 263.94810000 16.00000000 1338.85100000
v 262.85000000 22.00000000 1350.00000000
v 262.85000000 16.00000000 1350.00000000
v 263.94810000 22.00000000 1338.85100000
v 267.20030000 16.00000000 1328.13000000
v 267.20030000 22.00000000 1328.13000000
v 272.48150000 16.00000000 1318.24900000
v 272.48150000 22.00000000 1318.24900000
v 279.58880000 16.00000000 1309.58900000
v 279.58880000 22.00000000 1309.58900000
v 288.24920000 16.00000000 1302.48200000
v 288.24920000 22.00000000 1302.48200000
v 298.12960000 16.00000000 1297.20000000
v 298.12960000 22.00000000 1297.20000000
v 308.85060000 16.00000000 1293.94800000
v 308.85060000 22.00000000 1293.94800000
v 320.00000000 16.00000000 1292.85000000
v 320.00000000 22.00000000 1292.85000000
v 331.14940000 16.00000000 1293.94800000
v 331.14940000 22.00000000 1293.94800000
v 341.87040000 16.00000000 1297.20000000
v 341.87040000 22.00000000 1297.20000000
v 351.75080000 16.00000000 1302.48200000
v 351.75080000 22.00000000 1302.48200000
v 360.41120000 16.00000000 1309.58900000
v 360.41120000 22.00000000 1309.58900000
v 367.51850000 16.00000000 1318.24900000
v 367.51850000 22.00000000 1318.24900000
v 372.79970000 16.00000000 1328.13000000
v 372.79970000 22.00000000 1328.13000000
v 376.05190000 16.00000000 1338.85100000
v 376.05190000 22.00000000 1338.85100000
v 377.15000000 22.00000000 1350.00000000
v 377.15000000 16.00000000 1350.00000000
v 565.00000000 13.24986000 1470.59800000
v 556.00000000 0.00000000 1469.50000000
v 565.00000000 0.00000000 1469.50000000
v 556.00000000 13.24986000 1470.59800000
v 565.00000000 26.13831000 1473.86200000
v 556.00000000 26.13831000 1473.86200000
v 565.00000000 38.31377000 1479.20200000
v 556.00000000 38.31377000 1479.20200000
v 565.00000000 49.44412000 1486.47400000
v 556.00000000 49.44412000 1486.47400000
v 556.00000000 59.22577000 1495.47900000
v 565.00000000 59.22577000 1495.47900000
v 556.00000000 67.39190000 1505.97100000
v 565.00000000 67.39190000 1505.97100000
v 565.00000000 73.71975000 1517.66400000
v 556.00000000 73.71975000 1517.66400000
v 565.00000000 78.03672000 1530.23800000
v 556.00000000 78.03672000 1530.23800000
v 556.00000000 80.22505000 1543.35200000
v 565.00000000 80.22505000 1543.35200000
v 565.00000000 80.22505000 1556.64800000
v 556.00000000 80.22505000 1556.64800000
v 556.00000000 78.03672000 1569.76200000
v 565.00000000 78.03672000 1569.76200000
v 556.00000000 73.71975000 1582.33600000
v 565.00000000 73.71975000 1582.33600000
v 565.00000000 67.39190000 1594.02900000
v 556.00000000 67.39190000 1594.02900000
v 556.00000000 59.22577000 1604.52100000
v 565.00000000 59.22577000 1604.52100000
v 556.00000000 49.44412000 1613.52600000
v 565.00000000 49.44412000 1613.52600000
v 556.00000000 38.31377000 1620.79800000
v 565.00000000 38.31377000 1620.79800000
v 565.00000000 26.13831000 1626.13800000
v 556.00000000 26.13831000 1626.13800000
v 556.00000000 13.24986000 1629.40200000
v 565.00000000 13.24986000 1629.40200000
v 556.00000000 0.00000000 1630.50000000
v 565.00000000 0.00000000 1630.50000000
v 455.00000000 -6.72393300 1592.46300000
v 464.40000000 -5.53300900 1603.03300000
v 455.00000000 -5.53300900 1603.03300000
v 464.40000000 -6.72393300 1592.46300000
v 455.00000000 -10.23699000 1582.42400000
v 464.40000000 -10.23699000 1582.42400000
v 455.00000000 -15.89601000 1573.41700000
v 464.40000000 -15.89601000 1573.41700000
v 455.00000000 -23.41724000 1565.89600000
v 464.40000000 -23.41724000 1565.89600000
v 455.00000000 -32.42353000 1560.23700000
v 464.40000000 -32.42353000 1560.23700000
v 455.00000000 -42.46326000 1556.72400000
v 464.40000000 -42.46326000 1556.72400000
v 455.00000000 -53.03301000 1555.53300000
v 464.40000000 -53.03301000 1555.53300000
v 455.00000000 -63.60275000 1556.72400000
v 464.40000000 -63.60275000 1556.72400000
v 455.00000000 -73.64249000 1560.23700000
v 464.40000000 -73.64249000 1560.23700000
v 455.00000000 -82.64877000 1565.89600000
v 464.40000000 -82.64877000 1565.89600000
v 455.00000000 -90.17000000 1573.41700000
v 464.40000000 -90.17000000 1573.41700000
v 464.40000000 -95.82903000 1582.42400000
v 455.00000000 -95.82903000 1582.42400000
v 464.40000000 -99.34208000 1592.46300000
v 455.00000000 -99.34208000 1592.46300000
v 455.00000000 -100.53300000 1603.03300000
v 464.40000000 -100.53300000 1603.03300000
v 455.00000000 126.17640000 1595.35400000
v 464.40000000 127.36730000 1605.92400000
v 455.00000000 127.36730000 1605.92400000
v 464.40000000 126.17640000 1595.35400000
v 455.00000000 122.66330000 1585.31400000
v 464.40000000 122.66330000 1585.31400000
v 455.00000000 117.00430000 1576.30800000
v 464.40000000 117.00430000 1576.30800000
v 455.00000000 109.48310000 1568.78700000
v 464.40000000 109.48310000 1568.78700000
v 455.00000000 100.47680000 1563.12800000
v 464.40000000 100.47680000 1563.12800000
v 455.00000000 90.43707000 1559.61500000
v 464.40000000 90.43707000 1559.61500000
v 455.00000000 79.86732000 1558.42400000
v 464.40000000 79.86732000 1558.42400000
v 455.00000000 69.29758000 1559.61500000
v 464.40000000 69.29758000 1559.61500000
v 455.00000000 59.25785000 1563.12800000
v 464.40000000 59.25785000 1563.12800000
v 455.00000000 50.25156000 1568.78700000
v 464.40000000 50.25156000 1568.78700000
v 455.00000000 42.73033000 1576.30800000
v 464.40000000 42.73033000 1576.30800000
v 464.40000000 37.07130000 1585.31400000
v 455.00000000 37.07130000 1585.31400000
v 464.40000000 33.55825000 1595.35400000
v 455.00000000 33.55825000 1595.35400000
v 455.00000000 32.36732000 1605.92400000
v 464.40000000 32.36732000 1605.92400000
v 455.00000000 -6.72393300 1486.39700000
v 464.40000000 -5.53300900 1496.96700000
v 455.00000000 -5.53300900 1496.96700000
v 464.40000000 -6.72393300 1486.39700000
v 455.00000000 -10.23699000 1476.35800000
v 464.40000000 -10.23699000 1476.35800000
v 455.00000000 -15.89601000 1467.35100000
v 464.40000000 -15.89601000 1467.35100000
v 455.00000000 -23.41724000 1459.83000000
v 464.40000000 -23.41724000 1459.83000000
v 455.00000000 -32.42353000 1454.17100000
v 464.40000000 -32.42353000 1454.17100000
v 455.00000000 -42.46326000 1450.65800000
v 464.40000000 -42.46326000 1450.65800000
v 455.00000000 -53.03301000 1449.46700000
v 464.40000000 -53.03301000 1449.46700000
v 455.00000000 -63.60275000 1450.65800000
v 464.40000000 -63.60275000 1450.65800000
v 455.00000000 -73.64249000 1454.17100000
v 464.40000000 -73.64249000 1454.17100000
v 455.00000000 -82.64877000 1459.83000000
v 464.40000000 -82.64877000 1459.83000000
v 455.00000000 -90.17000000 1467.35100000
v 464.40000000 -90.17000000 1467.35100000
v 464.40000000 -95.82903000 1476.35800000
v 455.00000000 -95.82903000 1476.35800000
v 464.40000000 -99.34208000 1486.39700000
v 455.00000000 -99.34208000 1486.39700000
v 455.00000000 -100.53300000 1496.96700000
v 464.40000000 -100.53300000 1496.96700000
v 180.00000000 104.50000000 1350.00000000
v 181.19770000 112.00000000 1331.72600000
v 180.00000000 112.00000000 1350.00000000
v 181.19770000 104.50000000 1331.72600000
v 184.77040000 112.00000000 1313.76500000
v 184.77040000 104.50000000 1313.76500000
v 190.65690000 112.00000000 1296.42400000
v 190.65690000 104.50000000 1296.42400000
v 198.75640000 112.00000000 1280.00000000
v 198.75640000 104.50000000 1280.00000000
v 208.93050000 112.00000000 1264.77300000
v 208.93050000 104.50000000 1264.77300000
v 221.00510000 112.00000000 1251.00500000
v 221.00510000 104.50000000 1251.00500000
v 234.77340000 112.00000000 1238.93100000
v 234.77340000 104.50000000 1238.93100000
v 250.00000000 112.00000000 1228.75600000
v 250.00000000 104.50000000 1228.75600000
v 266.42430000 112.00000000 1220.65700000
v 266.42430000 104.50000000 1220.65700000
v 283.76530000 104.50000000 1214.77000000
v 283.76530000 112.00000000 1214.77000000
v 301.72630000 112.00000000 1211.19800000
v 301.72630000 104.50000000 1211.19800000
v 320.00000000 112.00000000 1210.00000000
v 320.00000000 104.50000000 1210.00000000
v 338.27370000 112.00000000 1211.19800000
v 338.27370000 104.50000000 1211.19800000
v 356.23470000 104.50000000 1214.77000000
v 356.23470000 112.00000000 1214.77000000
v 373.57570000 112.00000000 1220.65700000
v 373.57570000 104.50000000 1220.65700000
v 390.00000000 104.50000000 1228.75600000
v 390.00000000 112.00000000 1228.75600000
v 405.22660000 112.00000000 1238.93100000
v 405.22660000 104.50000000 1238.93100000
v 418.99490000 104.50000000 1251.00500000
v 418.99490000 112.00000000 1251.00500000
v 431.06950000 112.00000000 1264.77300000
v 431.06950000 104.50000000 1264.77300000
v 441.24360000 104.50000000 1280.00000000
v 441.24360000 112.00000000 1280.00000000
v 449.34310000 112.00000000 1296.42400000
v 449.34310000 104.50000000 1296.42400000
v 455.22960000 112.00000000 1313.76500000
v 455.22960000 104.50000000 1313.76500000
v 458.80230000 112.00000000 1331.72600000
v 458.80230000 104.50000000 1331.72600000
v 460.00000000 104.50000000 1350.00000000
v 460.00000000 112.00000000 1350.00000000
v 423.82720000 104.50000000 1334.35100000
v 425.00000000 92.50000000 1350.00000000
v 425.00000000 104.50000000 1350.00000000
v 423.82720000 92.50000000 1334.35100000
v 420.33510000 104.50000000 1319.05100000
v 420.33510000 92.50000000 1319.05100000
v 414.60170000 92.50000000 1304.44200000
v 414.60170000 104.50000000 1304.44200000
v 406.75510000 104.50000000 1290.85100000
v 406.75510000 92.50000000 1290.85100000
v 396.97040000 104.50000000 1278.58200000
v 396.97040000 92.50000000 1278.58200000
v 385.46640000 92.50000000 1267.90800000
v 385.46640000 104.50000000 1267.90800000
v 372.50000000 104.50000000 1259.06700000
v 372.50000000 92.50000000 1259.06700000
v 358.36080000 104.50000000 1252.25800000
v 358.36080000 92.50000000 1252.25800000
v 343.36470000 104.50000000 1247.63300000
v 343.36470000 92.50000000 1247.63300000
v 327.84670000 92.50000000 1245.29400000
v 327.84670000 104.50000000 1245.29400000
v 312.15330000 92.50000000 1245.29400000
v 312.15330000 104.50000000 1245.29400000
v 296.63530000 104.50000000 1247.63300000
v 296.63530000 92.50000000 1247.63300000
v 281.63920000 92.50000000 1252.25800000
v 281.63920000 104.50000000 1252.25800000
v 267.50000000 92.50000000 1259.06700000
v 267.50000000 104.50000000 1259.06700000
v 254.53360000 104.50000000 1267.90800000
v 254.53360000 92.50000000 1267.90800000
v 243.02960000 92.50000000 1278.58200000
v 243.02960000 104.50000000 1278.58200000
v 233.24490000 104.50000000 1290.85100000
v 233.24490000 92.50000000 1290.85100000
v 225.39830000 104.50000000 1304.44200000
v 225.39830000 92.50000000 1304.44200000
v 219.66490000 104.50000000 1319.05100000
v 219.66490000 92.50000000 1319.05100000
v 216.17280000 104.50000000 1334.35100000
v 216.17280000 92.50000000 1334.35100000
v 215.00000000 104.50000000 1350.00000000
v 215.00000000 92.50000000 1350.00000000
v 305.09580000 92.50000000 1251.11700000
v 320.00000000 86.00000000 1250.00000000
v 320.00000000 92.50000000 1250.00000000
v 305.09580000 86.00000000 1251.11700000
v 290.52450000 92.50000000 1254.44300000
v 290.52450000 86.00000000 1254.44300000
v 276.61160000 92.50000000 1259.90300000
v 276.61160000 86.00000000 1259.90300000
v 263.66800000 92.50000000 1267.37600000
v 263.66800000 86.00000000 1267.37600000
v 251.98270000 92.50000000 1276.69500000
v 251.98270000 86.00000000 1276.69500000
v 241.81690000 92.50000000 1287.65100000
v 241.81690000 86.00000000 1287.65100000
v 233.39750000 92.50000000 1300.00000000
v 233.39750000 86.00000000 1300.00000000
v 226.91260000 92.50000000 1313.46600000
v 226.91260000 86.00000000 1313.46600000
v 222.50720000 92.50000000 1327.74800000
v 222.50720000 86.00000000 1327.74800000
v 220.27960000 92.50000000 1342.52700000
v 220.27960000 86.00000000 1342.52700000
v 220.27960000 86.00000000 1357.47300000
v 220.27960000 92.50000000 1357.47300000
v 222.50720000 92.50000000 1372.25200000
v 222.50720000 86.00000000 1372.25200000
v 226.91260000 92.50000000 1386.53400000
v 226.91260000 86.00000000 1386.53400000
v 233.39750000 86.00000000 1400.00000000
v 233.39750000 92.50000000 1400.00000000
v 241.81690000 86.00000000 1412.34900000
v 241.81690000 92.50000000 1412.34900000
v 251.98270000 92.50000000 1423.30500000
v 251.98270000 86.00000000 1423.30500000
v 263.66800000 86.00000000 1432.62400000
v 263.66800000 92.50000000 1432.62400000
v 276.61160000 86.00000000 1440.09700000
v 276.61160000 92.50000000 1440.09700000
v 290.52450000 86.00000000 1445.55700000
v 290.52450000 92.50000000 1445.55700000
v 305.09580000 86.00000000 1448.88300000
v 305.09580000 92.50000000 1448.88300000
v 320.00000000 92.50000000 1450.00000000
v 320.00000000 86.00000000 1450.00000000
v 376.33200000 86.00000000 1267.37600000
v 363.38840000 86.00000000 1259.90300000
v 349.47550000 86.00000000 1254.44300000
v 406.60250000 86.00000000 1300.00000000
v 398.18310000 86.00000000 1287.65100000
v 388.01730000 86.00000000 1276.69500000
v 334.90420000 86.00000000 1251.11700000
v 417.49280000 86.00000000 1327.74800000
v 413.08740000 86.00000000 1313.46600000
v 334.90420000 86.00000000 1448.88300000
v 417.49280000 86.00000000 1372.25200000
v 419.72040000 86.00000000 1357.47300000
v 419.72040000 86.00000000 1342.52700000
v 376.33200000 86.00000000 1432.62400000
v 349.47550000 86.00000000 1445.55700000
v 363.38840000 86.00000000 1440.09700000
v 398.18310000 86.00000000 1412.34900000
v 406.60250000 86.00000000 1400.00000000
v 413.08740000 86.00000000 1386.53400000
v 388.01730000 86.00000000 1423.30500000
v 334.90420000 92.50000000 1448.88300000
v 349.47550000 92.50000000 1445.55700000
v 363.38840000 92.50000000 1440.09700000
v 376.33200000 92.50000000 1432.62400000
v 388.01730000 92.50000000 1423.30500000
v 398.18310000 92.50000000 1412.34900000
v 406.60250000 92.50000000 1400.00000000
v 413.08740000 92.50000000 1386.53400000
v 417.49280000 92.50000000 1372.25200000
v 419.72040000 92.50000000 1357.47300000
v 419.72040000 92.50000000 1342.52700000
v 417.49280000 92.50000000 1327.74800000
v 413.08740000 92.50000000 1313.46600000
v 406.60250000 92.50000000 1300.00000000
v 398.18310000 92.50000000 1287.65100000
v 388.01730000 92.50000000 1276.69500000
v 376.33200000 92.50000000 1267.37600000
v 363.38840000 92.50000000 1259.90300000
v 349.47550000 92.50000000 1254.44300000
v 334.90420000 92.50000000 1251.11700000
v 423.82720000 92.50000000 1365.64900000
v 420.33510000 92.50000000 1380.94900000
v 414.60170000 92.50000000 1395.55800000
v 406.75510000 92.50000000 1409.14900000
v 396.97040000 92.50000000 1421.41800000
v 385.46640000 92.50000000 1432.09200000
v 372.50000000 92.50000000 1440.93300000
v 358.36080000 92.50000000 1447.74200000
v 343.36470000 92.50000000 1452.36700000
v 327.84670000 92.50000000 1454.70600000
v 312.15330000 92.50000000 1454.70600000
v 216.17280000 92.50000000 1365.64900000
v 296.63530000 92.50000000 1452.36700000
v 219.66490000 92.50000000 1380.94900000
v 281.63920000 92.50000000 1447.74200000
v 225.39830000 92.50000000 1395.55800000
v 267.50000000 92.50000000 1440.93300000
v 233.24490000 92.50000000 1409.14900000
v 254.53360000 92.50000000 1432.09200000
v 243.02960000 92.50000000 1421.41800000
v 216.17280000 104.50000000 1365.64900000
v 219.66490000 104.50000000 1380.94900000
v 225.39830000 104.50000000 1395.55800000
v 233.24490000 104.50000000 1409.14900000
v 243.02960000 104.50000000 1421.41800000
v 254.53360000 104.50000000 1432.09200000
v 267.50000000 104.50000000 1440.93300000
v 281.63920000 104.50000000 1447.74200000
v 296.63530000 104.50000000 1452.36700000
v 312.15330000 104.50000000 1454.70600000
v 327.84670000 104.50000000 1454.70600000
v 343.36470000 104.50000000 1452.36700000
v 358.36080000 104.50000000 1447.74200000
v 372.50000000 104.50000000 1440.93300000
v 385.46640000 104.50000000 1432.09200000
v 396.97040000 104.50000000 1421.41800000
v 406.75510000 104.50000000 1409.14900000
v 414.60170000 104.50000000 1395.55800000
v 420.33510000 104.50000000 1380.94900000
v 423.82720000 104.50000000 1365.64900000
v 181.19770000 104.50000000 1368.27400000
v 184.77040000 104.50000000 1386.23500000
v 190.65690000 104.50000000 1403.57600000
v 198.75640000 104.50000000 1420.00000000
v 208.93050000 104.50000000 1435.22700000
v 221.00510000 104.50000000 1448.99500000
v 234.77340000 104.50000000 1461.06900000
v 250.00000000 104.50000000 1471.24400000
v 266.42430000 104.50000000 1479.34300000
v 283.76530000 104.50000000 1485.23000000
v 301.72630000 104.50000000 1488.80200000
v 320.00000000 104.50000000 1490.00000000
v 338.27370000 104.50000000 1488.80200000
v 458.80230000 104.50000000 1368.27400000
v 356.23470000 104.50000000 1485.23000000
v 455.22960000 104.50000000 1386.23500000
v 373.57570000 104.50000000 1479.34300000
v 449.34310000 104.50000000 1403.57600000
v 390.00000000 104.50000000 1471.24400000
v 441.24360000 104.50000000 1420.00000000
v 405.22660000 104.50000000 1461.06900000
v 431.06950000 104.50000000 1435.22700000
v 418.99490000 104.50000000 1448.99500000
v 464.40000000 -10.23699000 1517.57600000
v 464.40000000 -6.72393300 1507.53700000
v 464.40000000 -23.41724000 1534.10400000
v 464.40000000 -15.89601000 1526.58300000
v 464.40000000 -32.42353000 1539.76300000
v 464.40000000 -53.03301000 1544.46700000
v 464.40000000 -42.46326000 1543.27600000
v 464.40000000 -73.64249000 1539.76300000
v 464.40000000 -63.60275000 1543.27600000
v 464.40000000 -90.17000000 1526.58300000
v 464.40000000 -99.34208000 1507.53700000
v 464.40000000 -95.82903000 1517.57600000
v 464.40000000 -82.64877000 1534.10400000
v 464.40000000 122.66330000 1626.53300000
v 464.40000000 126.17640000 1616.49300000
v 464.40000000 117.00430000 1635.53900000
v 464.40000000 100.47680000 1648.72000000
v 464.40000000 109.48310000 1643.06100000
v 464.40000000 90.43707000 1652.23300000
v 464.40000000 59.25785000 1648.72000000
v 464.40000000 69.29758000 1652.23300000
v 464.40000000 79.86732000 1653.42400000
v 464.40000000 37.07130000 1626.53300000
v 464.40000000 33.55825000 1616.49300000
v 464.40000000 42.73033000 1635.53900000
v 464.40000000 50.25156000 1643.06100000
v 464.40000000 -10.23699000 1623.64200000
v 464.40000000 -6.72393300 1613.60300000
v 464.40000000 -23.41724000 1640.17000000
v 464.40000000 -15.89601000 1632.64900000
v 464.40000000 -90.17000000 1632.64900000
v 464.40000000 -99.34208000 1613.60300000
v 464.40000000 -95.82903000 1623.64200000
v 464.40000000 -42.46326000 1649.34200000
v 464.40000000 -32.42353000 1645.82900000
v 464.40000000 -82.64877000 1640.17000000
v 464.40000000 -73.64249000 1645.82900000
v 464.40000000 -63.60275000 1649.34200000
v 464.40000000 -53.03301000 1650.53300000
v 556.00000000 -26.13831000 1473.86200000
v 556.00000000 -13.24986000 1470.59800000
v 556.00000000 -38.31377000 1479.20200000
v 556.00000000 -67.39190000 1505.97100000
v 556.00000000 -59.22577000 1495.47900000
v 556.00000000 -49.44412000 1486.47400000
v 556.00000000 -73.71975000 1517.66400000
v 556.00000000 -80.22505000 1543.35200000
v 556.00000000 -78.03672000 1530.23800000
v 556.00000000 -13.24986000 1629.40200000
v 556.00000000 -26.13831000 1626.13800000
v 556.00000000 -73.71975000 1582.33600000
v 556.00000000 -78.03672000 1569.76200000
v 556.00000000 -80.22505000 1556.64800000
v 556.00000000 -59.22577000 1604.52100000
v 556.00000000 -38.31377000 1620.79800000
v 556.00000000 -49.44412000 1613.52600000
v 556.00000000 -67.39190000 1594.02900000
v 279.58880000 22.00000000 1390.41100000
v 272.48150000 22.00000000 1381.75100000
v 267.20030000 22.00000000 1371.87000000
v 288.24920000 22.00000000 1397.51800000
v 263.94810000 22.00000000 1361.14900000
v 308.85060000 22.00000000 1406.05200000
v 298.12960000 22.00000000 1402.80000000
v 376.05190000 22.00000000 1361.14900000
v 331.14940000 22.00000000 1406.05200000
v 320.00000000 22.00000000 1407.15000000
v 372.79970000 22.00000000 1371.87000000
v 360.41120000 22.00000000 1390.41100000
v 367.51850000 22.00000000 1381.75100000
v 351.75080000 22.00000000 1397.51800000
v 341.87040000 22.00000000 1402.80000000
v 228.00000000 45.00000000 1397.50000000
v 218.00000000 45.00000000 1397.50000000
v 218.00000000 40.81198000 1396.99100000
v 228.00000000 40.81198000 1396.99100000
v 218.00000000 36.86734000 1395.49500000
v 228.00000000 36.86734000 1395.49500000
v 218.00000000 33.39535000 1393.09900000
v 228.00000000 33.39535000 1393.09900000
v 218.00000000 30.59778000 1389.94100000
v 228.00000000 30.59778000 1389.94100000
v 218.00000000 28.63722000 1386.20600000
v 228.00000000 28.63722000 1386.20600000
v 218.00000000 27.62759000 1382.10900000
v 228.00000000 27.62759000 1382.10900000
v 218.00000000 27.62759000 1377.89100000
v 228.00000000 27.62759000 1377.89100000
v 218.00000000 28.63722000 1373.79400000
v 228.00000000 28.63722000 1373.79400000
v 218.00000000 30.59778000 1370.05900000
v 228.00000000 30.59778000 1370.05900000
v 228.00000000 33.39535000 1366.90100000
v 218.00000000 33.39535000 1366.90100000
v 218.00000000 36.86734000 1364.50500000
v 228.00000000 36.86734000 1364.50500000
v 228.00000000 40.81198000 1363.00900000
v 218.00000000 40.81198000 1363.00900000
v 218.00000000 45.00000000 1362.50000000
v 228.00000000 45.00000000 1362.50000000
v 458.80230000 112.00000000 1368.27400000
v 455.22960000 112.00000000 1386.23500000
v 449.34310000 112.00000000 1403.57600000
v 441.24360000 112.00000000 1420.00000000
v 431.06950000 112.00000000 1435.22700000
v 418.99490000 112.00000000 1448.99500000
v 405.22660000 112.00000000 1461.06900000
v 390.00000000 112.00000000 1471.24400000
v 373.57570000 112.00000000 1479.34300000
v 356.23470000 112.00000000 1485.23000000
v 338.27370000 112.00000000 1488.80200000
v 320.00000000 112.00000000 1490.00000000
v 301.72630000 112.00000000 1488.80200000
v 283.76530000 112.00000000 1485.23000000
v 266.42430000 112.00000000 1479.34300000
v 250.00000000 112.00000000 1471.24400000
v 234.77340000 112.00000000 1461.06900000
v 221.00510000 112.00000000 1448.99500000
v 208.93050000 112.00000000 1435.22700000
v 198.75640000 112.00000000 1420.00000000
v 190.65690000 112.00000000 1403.57600000
v 184.77040000 112.00000000 1386.23500000
v 181.19770000 112.00000000 1368.27400000
v 455.00000000 -99.34208000 1507.53700000
v 455.00000000 -95.82903000 1517.57600000
v 455.00000000 -90.17000000 1526.58300000
v 455.00000000 -82.64877000 1534.10400000
v 455.00000000 -73.64249000 1539.76300000
v 455.00000000 -63.60275000 1543.27600000
v 455.00000000 -53.03301000 1544.46700000
v 455.00000000 -42.46326000 1543.27600000
v 455.00000000 -32.42353000 1539.76300000
v 455.00000000 -23.41724000 1534.10400000
v 455.00000000 -15.89601000 1526.58300000
v 455.00000000 -10.23699000 1517.57600000
v 455.00000000 -6.72393300 1507.53700000
v 455.00000000 33.55825000 1616.49300000
v 455.00000000 37.07130000 1626.53300000
v 455.00000000 42.73033000 1635.53900000
v 455.00000000 50.25156000 1643.06100000
v 455.00000000 59.25785000 1648.72000000
v 455.00000000 69.29758000 1652.23300000
v 455.00000000 79.86732000 1653.42400000
v 455.00000000 90.43707000 1652.23300000
v 455.00000000 100.47680000 1648.72000000
v 455.00000000 109.48310000 1643.06100000
v 455.00000000 117.00430000 1635.53900000
v 455.00000000 122.66330000 1626.53300000
v 455.00000000 126.17640000 1616.49300000
v 455.00000000 -99.34208000 1613.60300000
v 455.00000000 -95.82903000 1623.64200000
v 455.00000000 -90.17000000 1632.64900000
v 455.00000000 -82.64877000 1640.17000000
v 455.00000000 -73.64249000 1645.82900000
v 455.00000000 -63.60275000 1649.34200000
v 455.00000000 -53.03301000 1650.53300000
v 455.00000000 -42.46326000 1649.34200000
v 455.00000000 -32.42353000 1645.82900000
v 455.00000000 -23.41724000 1640.17000000
v 455.00000000 -15.89601000 1632.64900000
v 455.00000000 -10.23699000 1623.64200000
v 455.00000000 -6.72393300 1613.60300000
v 461.00000000 65.00000000 1675.00000000
v 483.00000000 65.00000000 1675.00000000
v 473.01710000 54.12650000 1675.00000000
v 473.97510000 53.76319000 1675.00000000
v 474.81830000 53.18117000 1675.00000000
v 475.49770000 52.41428000 1675.00000000
v 475.97380000 51.50707000 1675.00000000
v 476.21900000 50.51228000 1675.00000000
v 476.21900000 49.48772000 1675.00000000
v 473.01710000 39.12650000 1675.00000000
v 473.01710000 45.87350000 1675.00000000
v 473.97510000 46.23681000 1675.00000000
v 473.97510000 38.76319000 1675.00000000
v 474.81830000 38.18117000 1675.00000000
v 474.81830000 46.81883000 1675.00000000
v 475.49770000 37.41428000 1675.00000000
v 475.49770000 47.58572000 1675.00000000
v 475.97380000 48.49293000 1675.00000000
v 475.97380000 36.50707000 1675.00000000
v 476.21900000 35.51228000 1675.00000000
v 473.01710000 -30.87350000 1675.00000000
v 473.01710000 30.87350000 1675.00000000
v 473.97510000 -31.23681000 1675.00000000
v 473.97510000 31.23681000 1675.00000000
v 461.00000000 -45.00000000 1675.00000000
v 474.81830000 -31.81883000 1675.00000000
v 474.81830000 31.81883000 1675.00000000
v 475.49770000 -32.58572000 1675.00000000
v 475.49770000 32.58572000 1675.00000000
v 483.00000000 -45.00000000 1675.00000000
v 473.01710000 -39.12650000 1675.00000000
v 473.97510000 -38.76319000 1675.00000000
v 474.81830000 -38.18117000 1675.00000000
v 475.49770000 -37.41428000 1675.00000000
v 475.97380000 -36.50707000 1675.00000000
v 476.21900000 -35.51228000 1675.00000000
v 476.21900000 -34.48772000 1675.00000000
v 475.97380000 -33.49293000 1675.00000000
v 476.21900000 34.48772000 1675.00000000
v 475.97380000 33.49293000 1675.00000000
v 461.00000000 65.00000000 1665.00000000
v 461.00000000 -45.00000000 1665.00000000
v 565.00000000 -13.24986000 1629.40200000
v 565.00000000 -26.13831000 1626.13800000
v 565.00000000 -38.31377000 1620.79800000
v 565.00000000 -49.44412000 1613.52600000
v 565.00000000 -59.22577000 1604.52100000
v 565.00000000 -67.39190000 1594.02900000
v 565.00000000 -73.71975000 1582.33600000
v 565.00000000 -78.03672000 1569.76200000
v 565.00000000 -80.22505000 1556.64800000
v 565.00000000 -80.22505000 1543.35200000
v 565.00000000 -78.03672000 1530.23800000
v 565.00000000 -73.71975000 1517.66400000
v 565.00000000 -67.39190000 1505.97100000
v 565.00000000 -59.22577000 1495.47900000
v 565.00000000 -49.44412000 1486.47400000
v 565.00000000 -38.31377000 1479.20200000
v 565.00000000 -26.13831000 1473.86200000
v 565.00000000 -13.24986000 1470.59800000
v 541.00000000 45.00000000 1675.00000000
v 563.00000000 45.00000000 1675.00000000
v 553.97510000 38.76319000 1675.00000000
v 554.81830000 38.18117000 1675.00000000
v 553.01710000 39.12650000 1675.00000000
v 555.49770000 37.41428000 1675.00000000
v 555.97380000 36.50707000 1675.00000000
v 556.21900000 35.51228000 1675.00000000
v 556.21900000 34.48772000 1675.00000000
v 555.97380000 33.49293000 1675.00000000
v 553.01710000 -30.87350000 1675.00000000
v 553.01710000 30.87350000 1675.00000000
v 553.97510000 31.23681000 1675.00000000
v 553.97510000 -31.23681000 1675.00000000
v 541.00000000 -45.00000000 1675.00000000
v 554.81830000 -31.81883000 1675.00000000
v 554.81830000 31.81883000 1675.00000000
v 555.49770000 -32.58572000 1675.00000000
v 555.49770000 32.58572000 1675.00000000
v 563.00000000 -45.00000000 1675.00000000
v 553.01710000 -39.12650000 1675.00000000
v 553.97510000 -38.76319000 1675.00000000
v 554.81830000 -38.18117000 1675.00000000
v 555.49770000 -37.41428000 1675.00000000
v 555.97380000 -36.50707000 1675.00000000
v 556.21900000 -35.51228000 1675.00000000
v 556.21900000 -34.48772000 1675.00000000
v 555.97380000 -33.49293000 1675.00000000
v 463.00000000 -107.00000000 1425.00000000
v 553.00000000 -107.00000000 1265.00000000
v 553.00000000 -107.00000000 1425.00000000
v 463.00000000 -107.00000000 1265.00000000
v 563.00000000 -120.00000000 1595.00000000
v 541.00000000 -120.00000000 1595.00000000
v 541.00000000 -120.00000000 1505.00000000
v 563.00000000 -120.00000000 1505.00000000
v 471.00000000 -70.00000000 1661.00000000
v 455.00000000 -100.00000000 1661.00000000
v 471.00000000 -100.00000000 1661.00000000
v 455.00000000 -70.00000000 1661.00000000
v 471.00000000 -106.00000000 1655.00000000
v 455.00000000 -106.00000000 1655.00000000
v 455.00000000 -63.59253000 1663.32200000
v 471.00000000 -62.00000000 1665.00000000
v 455.00000000 -62.00000000 1665.00000000
v 471.00000000 -63.59253000 1663.32200000
v 455.00000000 -65.52786000 1662.05600000
v 471.00000000 -65.52786000 1662.05600000
v 455.00000000 -67.70247000 1661.26800000
v 471.00000000 -67.70247000 1661.26800000
v 461.00000000 -120.00000000 1595.00000000
v 461.00000000 -120.00000000 1505.00000000
v 483.00000000 -120.00000000 1505.00000000
v 483.00000000 -120.00000000 1595.00000000
v 461.00000000 -106.00000000 1595.00000000
v 461.00000000 -106.00000000 1505.00000000
v 471.00000000 -106.00000000 1595.00000000
v 455.00000000 -106.00000000 1444.00000000
v 471.00000000 -106.00000000 1444.00000000
v 471.00000000 -106.00000000 1505.00000000
v 520.31910000 -112.00000000 1460.97500000
v 523.52100000 -112.00000000 1462.65500000
v 526.22770000 -112.00000000 1465.05300000
v 513.19190000 -112.00000000 1460.10900000
v 516.80810000 -112.00000000 1460.10900000
v 503.77230000 -112.00000000 1465.05300000
v 528.28180000 -112.00000000 1468.02900000
v 529.56410000 -112.00000000 1471.41000000
v 509.68090000 -112.00000000 1460.97500000
v 506.47900000 -112.00000000 1462.65500000
v 500.43590000 -112.00000000 1471.41000000
v 501.71820000 -112.00000000 1468.02900000
v 376.05190000 16.00000000 1361.14900000
v 372.79970000 16.00000000 1371.87000000
v 367.51850000 16.00000000 1381.75100000
v 360.41120000 16.00000000 1390.41100000
v 351.75080000 16.00000000 1397.51800000
v 341.87040000 16.00000000 1402.80000000
v 331.14940000 16.00000000 1406.05200000
v 320.00000000 16.00000000 1407.15000000
v 308.85060000 16.00000000 1406.05200000
v 298.12960000 16.00000000 1402.80000000
v 288.24920000 16.00000000 1397.51800000
v 279.58880000 16.00000000 1390.41100000
v 272.48150000 16.00000000 1381.75100000
v 267.20030000 16.00000000 1371.87000000
v 263.94810000 16.00000000 1361.14900000
v 393.09070000 23.00000000 1442.00000000
v 393.09070000 16.00000000 1442.00000000
v 399.86740000 16.00000000 1436.18300000
v 399.86740000 23.00000000 1436.18300000
v 406.18270000 16.00000000 1429.86700000
v 406.18270000 23.00000000 1429.86700000
v 412.00000000 16.00000000 1423.09100000
v 412.00000000 23.00000000 1423.09100000
v 412.00000000 16.00000000 1276.90900000
v 412.00000000 23.00000000 1276.90900000
v 412.00000000 23.00000000 1278.00000000
v 412.00000000 48.00000000 1370.00000000
v 412.00000000 78.00000000 1278.00000000
v 412.00000000 78.00000000 1370.00000000
v 412.00000000 78.00000000 1440.00000000
v 412.00000000 48.00000000 1390.00000000
v 412.00000000 78.00000000 1390.00000000
v 412.00000000 23.00000000 1440.00000000
v 280.05890000 30.59778000 1248.00000000
v 274.50450000 36.86734000 1248.00000000
v 273.00850000 40.81198000 1248.00000000
v 276.90110000 33.39535000 1248.00000000
v 307.50000000 45.00000000 1248.00000000
v 272.50000000 78.00000000 1248.00000000
v 307.50000000 78.00000000 1248.00000000
v 272.50000000 45.00000000 1248.00000000
v 292.10940000 27.62759000 1248.00000000
v 283.79440000 28.63722000 1248.00000000
v 287.89060000 27.62759000 1248.00000000
v 306.99150000 40.81198000 1248.00000000
v 305.49550000 36.86734000 1248.00000000
v 303.09890000 33.39535000 1248.00000000
v 296.20560000 28.63722000 1248.00000000
v 299.94110000 30.59778000 1248.00000000
v 218.00000000 78.00000000 1362.50000000
v 228.00000000 78.00000000 1362.50000000
v 218.00000000 78.00000000 1397.50000000
v 228.00000000 78.00000000 1397.50000000
v 228.00000000 16.00000000 1276.90900000
v 228.00000000 78.00000000 1276.90900000
v 228.00000000 16.00000000 1423.09100000
v 228.00000000 78.00000000 1423.09100000
v 233.81730000 78.00000000 1429.86700000
v 233.81730000 16.00000000 1429.86700000
v 240.13260000 78.00000000 1436.18300000
v 240.13260000 16.00000000 1436.18300000
v 246.90930000 78.00000000 1442.00000000
v 246.90930000 16.00000000 1442.00000000
v 360.00000000 23.00000000 1442.00000000
v 360.00000000 78.00000000 1442.00000000
v 360.00000000 78.00000000 1455.00000000
v 360.00000000 23.00000000 1455.00000000
v 400.00000000 78.00000000 1470.00000000
v 400.00000000 23.00000000 1470.00000000
v 430.00000000 23.00000000 1470.00000000
v 430.00000000 78.00000000 1470.00000000
v 280.49520000 95.83058000 1195.00000000
v 281.88260000 94.09084000 1195.00000000
v 281.09080000 94.88255000 1195.00000000
v 283.88740000 93.12536000 1195.00000000
v 282.83060000 93.49516000 1195.00000000
v 280.00000000 98.00000000 1195.00000000
v 280.12540000 96.88740000 1195.00000000
v 285.00000000 93.00000000 1195.00000000
v 280.00000000 113.00000000 1195.00000000
v 281.09080000 116.11740000 1195.00000000
v 280.12540000 114.11260000 1195.00000000
v 280.49520000 115.16940000 1195.00000000
v 281.88260000 116.90920000 1195.00000000
v 283.88740000 117.87460000 1195.00000000
v 282.83060000 117.50480000 1195.00000000
v 285.00000000 118.00000000 1195.00000000
v 359.50480000 95.83058000 1195.00000000
v 356.11260000 93.12536000 1195.00000000
v 355.00000000 93.00000000 1195.00000000
v 357.16940000 93.49516000 1195.00000000
v 358.11740000 94.09084000 1195.00000000
v 358.90920000 94.88255000 1195.00000000
v 360.00000000 98.00000000 1195.00000000
v 359.87460000 96.88740000 1195.00000000
v 355.00000000 118.00000000 1195.00000000
v 360.00000000 113.00000000 1195.00000000
v 359.50480000 115.16940000 1195.00000000
v 359.87460000 114.11260000 1195.00000000
v 357.16940000 117.50480000 1195.00000000
v 356.11260000 117.87460000 1195.00000000
v 358.11740000 116.90920000 1195.00000000
v 358.90920000 116.11740000 1195.00000000
v 458.00000000 78.00000000 1390.00000000
v 458.00000000 78.00000000 1440.00000000
v 458.00000000 48.00000000 1390.00000000
v 458.00000000 48.00000000 1370.00000000
v 458.00000000 78.00000000 1370.00000000
v 458.00000000 78.00000000 1278.00000000
v 420.47220000 23.00000000 1278.00000000
v 458.00000000 -42.00000000 1278.00000000
v 455.00000000 5.00000000 1525.00000000
v 450.00000000 5.00000000 1440.00000000
v 455.00000000 5.00000000 1440.00000000
v 450.00000000 5.00000000 1525.00000000
v 450.00000000 5.50144200 1529.45000000
v 455.00000000 5.50144200 1529.45000000
v 450.00000000 6.98062300 1533.67800000
v 455.00000000 6.98062300 1533.67800000
v 450.00000000 9.36337000 1537.47000000
v 455.00000000 9.36337000 1537.47000000
v 450.00000000 12.53020000 1540.63700000
v 455.00000000 12.53020000 1540.63700000
v 450.00000000 16.32233000 1543.01900000
v 455.00000000 16.32233000 1543.01900000
v 450.00000000 20.54958000 1544.49900000
v 455.00000000 20.54958000 1544.49900000
v 450.00000000 25.00000000 1545.00000000
v 455.00000000 25.00000000 1545.00000000
v 458.00000000 -102.00000000 1440.00000000
v 455.00000000 -102.00000000 1440.00000000
v 450.00000000 23.00000000 1440.00000000
v 430.00000000 78.00000000 1527.22200000
v 430.00000000 23.00000000 1527.22200000
v 450.00000000 23.00000000 1535.00000000
v 339.42860000 93.00000000 1492.00000000
v 320.00000000 78.00000000 1492.00000000
v 339.42860000 78.00000000 1492.00000000
v 320.00000000 93.00000000 1492.00000000
v 360.00000000 98.00000000 1205.43200000
v 359.89960000 97.00306000 1205.40400000
v 359.60700000 96.05690000 1205.32400000
v 359.02040000 95.02733000 1205.16400000
v 358.21790000 94.17330000 1204.95000000
v 357.24470000 93.53211000 1204.69700000
v 356.15130000 93.13438000 1204.42200000
v 355.00000000 93.00000000 1204.14000000
v 360.00000000 113.00000000 1205.43200000
v 355.00000000 118.00000000 1204.14000000
v 355.96590000 117.90580000 1204.37600000
v 356.89530000 117.62690000 1204.60800000
v 357.91420000 117.06300000 1204.87100000
v 358.77830000 116.27480000 1205.09900000
v 359.44120000 115.29700000 1205.27800000
v 359.85800000 114.18300000 1205.39200000
v 302.37800000 118.00000000 1201.03900000
v 285.00000000 118.00000000 1204.14000000
v 320.00000000 118.00000000 1200.00000000
v 337.62200000 118.00000000 1201.03900000
v 280.00000000 113.00000000 1205.43200000
v 280.10040000 113.99690000 1205.40400000
v 280.39300000 114.94310000 1205.32400000
v 280.97960000 115.97270000 1205.16400000
v 281.78210000 116.82670000 1204.95000000
v 282.75530000 117.46790000 1204.69700000
v 283.84870000 117.86560000 1204.42200000
v 280.00000000 98.00000000 1205.43200000
v 285.00000000 93.00000000 1204.14000000
v 284.03410000 93.09419000 1204.37600000
v 283.10470000 93.37313000 1204.60800000
v 282.08580000 93.93705000 1204.87100000
v 281.22170000 94.72516000 1205.09900000
v 280.55880000 95.70297000 1205.27800000
v 280.14200000 96.81700000 1205.39200000
v 415.00570000 102.00000000 1466.07700000
v 450.00000000 102.00000000 1460.00000000
v 421.98040000 102.00000000 1460.00000000
v 450.00000000 102.00000000 1513.54100000
v 400.00000000 102.00000000 1494.09600000
v 407.66960000 102.00000000 1471.71300000
v 400.00000000 102.00000000 1476.88600000
v 461.37630000 112.00000000 1367.86000000
v 458.02310000 112.00000000 1385.43800000
v 452.49310000 112.00000000 1402.45800000
v 444.87370000 112.00000000 1418.65000000
v 435.28490000 112.00000000 1433.75900000
v 423.87800000 112.00000000 1447.54800000
v 410.83290000 112.00000000 1459.79800000
v 396.35530000 112.00000000 1470.31700000
v 380.67350000 112.00000000 1478.93800000
v 364.03490000 112.00000000 1485.52600000
v 346.70180000 112.00000000 1489.97600000
v 328.94760000 112.00000000 1492.21900000
v 311.05240000 112.00000000 1492.21900000
v 178.62370000 112.00000000 1367.86000000
v 293.29820000 112.00000000 1489.97600000
v 181.97690000 112.00000000 1385.43800000
v 275.96510000 112.00000000 1485.52600000
v 187.50690000 112.00000000 1402.45800000
v 259.32650000 112.00000000 1478.93800000
v 195.12630000 112.00000000 1418.65000000
v 243.64470000 112.00000000 1470.31700000
v 204.71510000 112.00000000 1433.75900000
v 229.16710000 112.00000000 1459.79800000
v 216.12200000 112.00000000 1447.54800000
v 546.00970000 184.00000000 1498.16100000
v 544.81830000 184.00000000 1496.26500000
v 543.23490000 184.00000000 1494.68200000
v 539.22520000 184.00000000 1492.75100000
v 541.33880000 184.00000000 1493.49000000
v 547.00000000 184.00000000 1502.50000000
v 546.74930000 184.00000000 1500.27500000
v 537.00000000 184.00000000 1492.50000000
v 473.18170000 184.00000000 1496.26500000
v 476.66120000 184.00000000 1493.49000000
v 474.76510000 184.00000000 1494.68200000
v 478.77480000 184.00000000 1492.75100000
v 481.00000000 184.00000000 1492.50000000
v 471.00000000 184.00000000 1502.50000000
v 471.99030000 184.00000000 1498.16100000
v 471.25070000 184.00000000 1500.27500000
v 547.00000000 184.00000000 1597.50000000
v 546.00970000 184.00000000 1601.83900000
v 546.74930000 184.00000000 1599.72500000
v 543.23490000 184.00000000 1605.31800000
v 544.81830000 184.00000000 1603.73500000
v 537.00000000 184.00000000 1607.50000000
v 541.33880000 184.00000000 1606.51000000
v 539.22520000 184.00000000 1607.24900000
v 481.00000000 184.00000000 1607.50000000
v 471.00000000 184.00000000 1597.50000000
v 471.99030000 184.00000000 1601.83900000
v 471.25070000 184.00000000 1599.72500000
v 474.76510000 184.00000000 1605.31800000
v 476.66120000 184.00000000 1606.51000000
v 478.77480000 184.00000000 1607.24900000
v 473.18170000 184.00000000 1603.73500000
v 455.00000000 133.00000000 1556.00000000
v 455.00000000 122.00000000 1545.00000000
v 455.00000000 133.00000000 1615.00000000
v 455.00000000 131.00000000 1621.00000000
v 455.00000000 131.22920000 1618.87100000
v 455.00000000 131.90620000 1616.84000000
v 455.00000000 131.00000000 1657.00000000
v 455.00000000 127.00000000 1661.00000000
v 455.00000000 80.00000000 1661.00000000
v 455.00000000 77.70247000 1661.26800000
v 455.00000000 75.52786000 1662.05600000
v 455.00000000 73.59253000 1663.32200000
v 455.00000000 72.00000000 1665.00000000
v 471.00000000 131.00000000 1621.00000000
v 471.00000000 131.00000000 1657.00000000
v 471.00000000 127.00000000 1661.00000000
v 471.00000000 80.00000000 1661.00000000
v 471.00000000 77.70247000 1661.26800000
v 471.00000000 75.52786000 1662.05600000
v 471.00000000 73.59253000 1663.32200000
v 471.00000000 72.00000000 1665.00000000
v 471.00000000 65.00000000 1665.00000000
v 471.00000000 -45.00000000 1665.00000000
v 471.00000000 131.90620000 1616.84000000
v 471.00000000 133.00000000 1615.00000000
v 471.00000000 131.22920000 1618.87100000
v 483.00000000 65.00000000 1653.00000000
v 471.00000000 65.00000000 1653.00000000
v 483.00000000 -45.00000000 1653.00000000
v 471.00000000 -45.00000000 1653.00000000
v 541.00000000 45.00000000 1655.83000000
v 563.00000000 45.00000000 1655.83000000
v 565.00000000 75.30898000 1463.08900000
v 565.00000000 86.91120000 1474.69100000
v 565.00000000 62.17369000 1453.25600000
v 565.00000000 96.74416000 1487.82600000
v 565.00000000 104.60770000 1502.22700000
v 565.00000000 47.77273000 1445.39200000
v 565.00000000 110.34170000 1517.60100000
v 565.00000000 32.39924000 1439.65800000
v 565.00000000 113.82950000 1533.63400000
v 565.00000000 16.36621000 1436.17100000
v 565.00000000 115.00000000 1550.00000000
v 565.00000000 113.82950000 1566.36600000
v 565.00000000 110.34170000 1582.39900000
v 565.00000000 104.60770000 1597.77300000
v 565.00000000 96.74416000 1612.17400000
v 565.00000000 86.91120000 1625.30900000
v 565.00000000 75.30898000 1636.91100000
v 565.00000000 62.17369000 1646.74400000
v 565.00000000 47.77273000 1654.60800000
v 565.00000000 32.39924000 1660.34200000
v 565.00000000 16.36621000 1663.82900000
v 563.00000000 30.45597000 1660.89400000
v 563.00000000 15.36577000 1663.96900000
v 541.00000000 49.11654000 1653.98300000
v 541.00000000 51.14685000 1653.00000000
v 541.00000000 47.06733000 1654.92700000
v 553.00000000 -102.00000000 1265.00000000
v 463.00000000 -102.00000000 1265.00000000
v 463.00000000 -102.00000000 1425.00000000
v 553.00000000 -102.00000000 1425.00000000
v 471.00000000 -102.00000000 1440.00000000
v 556.00000000 -102.00000000 1653.00000000
v 471.00000000 -102.00000000 1653.00000000
v 471.00000000 -102.00000000 1595.00000000
v 483.00000000 -102.00000000 1595.00000000
v 483.00000000 -102.00000000 1505.00000000
v 471.00000000 -102.00000000 1505.00000000
v 471.00000000 -102.00000000 1448.42500000
v 471.00000000 -103.50840000 1450.40600000
v 471.00000000 -104.55510000 1452.66500000
v 471.00000000 -105.09110000 1455.09600000
v 471.00000000 -103.50840000 1462.27700000
v 471.00000000 -102.00000000 1464.25800000
v 471.00000000 -104.55510000 1460.01800000
v 471.00000000 -105.09110000 1457.58600000
v 480.00000000 -103.50840000 1462.27700000
v 480.00000000 -102.00000000 1464.25800000
v 480.00000000 -104.55510000 1460.01800000
v 480.00000000 -105.09110000 1457.58600000
v 480.00000000 -105.09110000 1455.09600000
v 480.00000000 -104.55510000 1452.66500000
v 480.00000000 -103.50840000 1450.40600000
v 480.00000000 -102.00000000 1448.42500000
v 500.43590000 -102.00000000 1471.41000000
v 501.71820000 -102.00000000 1468.02900000
v 503.77230000 -102.00000000 1465.05300000
v 506.47900000 -102.00000000 1462.65500000
v 509.68090000 -102.00000000 1460.97500000
v 513.19190000 -102.00000000 1460.10900000
v 516.80810000 -102.00000000 1460.10900000
v 520.31910000 -102.00000000 1460.97500000
v 523.52100000 -102.00000000 1462.65500000
v 526.22770000 -102.00000000 1465.05300000
v 528.28180000 -102.00000000 1468.02900000
v 529.56410000 -102.00000000 1471.41000000
v 406.18270000 23.00000000 1270.13300000
v 406.18270000 16.00000000 1270.13300000
v 399.86740000 23.00000000 1263.81700000
v 399.86740000 16.00000000 1263.81700000
v 393.09070000 23.00000000 1258.00000000
v 393.09070000 16.00000000 1258.00000000
v 240.13260000 16.00000000 1263.81700000
v 246.90930000 16.00000000 1258.00000000
v 233.81730000 16.00000000 1270.13300000
v 240.13260000 78.00000000 1263.81700000
v 246.90930000 78.00000000 1258.00000000
v 233.81730000 78.00000000 1270.13300000
v 272.50000000 78.00000000 1258.00000000
v 272.50000000 45.00000000 1258.00000000
v 273.00850000 40.81198000 1258.00000000
v 274.50450000 36.86734000 1258.00000000
v 276.90110000 33.39535000 1258.00000000
v 280.05890000 30.59778000 1258.00000000
v 283.79440000 28.63722000 1258.00000000
v 287.89060000 27.62759000 1258.00000000
v 292.10940000 27.62759000 1258.00000000
v 296.20560000 28.63722000 1258.00000000
v 299.94110000 30.59778000 1258.00000000
v 303.09890000 33.39535000 1258.00000000
v 305.49550000 36.86734000 1258.00000000
v 306.99150000 40.81198000 1258.00000000
v 307.50000000 45.00000000 1258.00000000
v 307.50000000 78.00000000 1258.00000000
v 216.70100000 78.00000000 1252.56600000
v 230.12380000 78.00000000 1240.06200000
v 205.00210000 78.00000000 1266.69600000
v 195.22250000 78.00000000 1282.21700000
v 187.52530000 78.00000000 1298.86800000
v 245.04660000 78.00000000 1229.39300000
v 261.22030000 78.00000000 1220.73700000
v 278.37500000 78.00000000 1214.23800000
v 314.47060000 78.00000000 1208.10800000
v 332.80910000 78.00000000 1208.57900000
v 296.22440000 78.00000000 1210.00500000
v 350.93380000 78.00000000 1211.41000000
v 178.85520000 78.00000000 1334.43900000
v 182.03900000 78.00000000 1316.37300000
v 178.02690000 78.00000000 1352.76500000
v 179.56810000 78.00000000 1371.04500000
v 183.45300000 78.00000000 1388.97300000
v 368.54220000 78.00000000 1216.55500000
v 385.34060000 78.00000000 1223.92600000
v 189.61680000 78.00000000 1406.25100000
v 197.95650000 78.00000000 1422.59100000
v 401.04840000 78.00000000 1233.40200000
v 208.33310000 78.00000000 1437.71800000
v 415.40360000 78.00000000 1244.82300000
v 220.57330000 78.00000000 1451.38200000
v 428.16650000 78.00000000 1258.00000000
v 234.47280000 78.00000000 1463.35400000
v 249.79980000 78.00000000 1473.43400000
v 266.29830000 78.00000000 1481.45400000
v 283.69310000 78.00000000 1487.28000000
v 301.69380000 78.00000000 1490.81500000
v 301.69380000 93.00000000 1490.81500000
v 283.69310000 93.00000000 1487.28000000
v 266.29830000 93.00000000 1481.45400000
v 249.79980000 93.00000000 1473.43400000
v 234.47280000 93.00000000 1463.35400000
v 220.57330000 93.00000000 1451.38200000
v 208.33310000 93.00000000 1437.71800000
v 197.95650000 93.00000000 1422.59100000
v 189.61680000 93.00000000 1406.25100000
v 183.45300000 93.00000000 1388.97300000
v 179.56810000 93.00000000 1371.04500000
v 178.02690000 93.00000000 1352.76500000
v 178.85520000 93.00000000 1334.43900000
v 182.03900000 93.00000000 1316.37300000
v 187.52530000 93.00000000 1298.86800000
v 195.22250000 93.00000000 1282.21700000
v 205.00210000 93.00000000 1266.69600000
v 216.70100000 93.00000000 1252.56600000
v 230.12380000 93.00000000 1240.06200000
v 245.04660000 93.00000000 1229.39300000
v 261.22030000 93.00000000 1220.73700000
v 278.37500000 93.00000000 1214.23800000
v 296.22440000 93.00000000 1210.00500000
v 314.47060000 93.00000000 1208.10800000
v 332.80910000 93.00000000 1208.57900000
v 350.93380000 93.00000000 1211.41000000
v 368.54220000 93.00000000 1216.55500000
v 385.34060000 93.00000000 1223.92600000
v 401.04840000 93.00000000 1233.40200000
v 415.40360000 93.00000000 1244.82300000
v 428.16650000 93.00000000 1258.00000000
v 414.96090000 93.00000000 1233.88600000
v 427.39620000 93.00000000 1245.28100000
v 438.47360000 93.00000000 1258.00000000
v 401.32500000 93.00000000 1223.95900000
v 386.66080000 93.00000000 1215.62600000
v 371.15380000 93.00000000 1208.99200000
v 267.76860000 93.00000000 1209.38700000
v 251.29040000 93.00000000 1216.66200000
v 235.80290000 93.00000000 1225.86000000
v 221.52960000 93.00000000 1236.84700000
v 208.67630000 93.00000000 1249.46600000
v 197.42830000 93.00000000 1263.53500000
v 187.94770000 93.00000000 1278.85100000
v 180.37140000 93.00000000 1295.19300000
v 174.80850000 93.00000000 1312.32500000
v 171.33930000 93.00000000 1330.00000000
v 320.00000000 93.00000000 1500.00000000
v 360.00000000 93.00000000 1500.00000000
v 147.00000000 93.00000000 1330.00000000
v 302.07960000 93.00000000 1498.92600000
v 171.33930000 93.00000000 1370.00000000
v 284.41590000 93.00000000 1495.71800000
v 174.79340000 93.00000000 1387.61700000
v 147.00000000 93.00000000 1370.00000000
v 267.26190000 93.00000000 1490.42300000
v 180.32750000 93.00000000 1404.69500000
v 250.86330000 93.00000000 1483.11700000
v 187.86230000 93.00000000 1420.99000000
v 235.45510000 93.00000000 1473.90400000
v 197.28980000 93.00000000 1436.26800000
v 221.25790000 93.00000000 1462.91600000
v 208.47510000 93.00000000 1450.31100000
v 458.00000000 -102.00000000 1258.00000000
v 458.00000000 -42.00000000 1258.00000000
v 420.47220000 23.00000000 1258.00000000
v 462.00000000 122.00000000 1545.00000000
v 462.00000000 133.00000000 1556.00000000
v 450.00000000 122.00000000 1545.00000000
v 450.00000000 122.00000000 1535.00000000
v 360.00000000 122.00000000 1500.00000000
v 320.00000000 122.00000000 1500.00000000
v 302.07960000 122.00000000 1498.92600000
v 284.41590000 122.00000000 1495.71800000
v 267.26190000 122.00000000 1490.42300000
v 250.86330000 122.00000000 1483.11700000
v 235.45510000 122.00000000 1473.90400000
v 221.25790000 122.00000000 1462.91600000
v 208.47510000 122.00000000 1450.31100000
v 197.28980000 122.00000000 1436.26800000
v 187.86230000 122.00000000 1420.99000000
v 180.32750000 122.00000000 1404.69500000
v 174.79340000 122.00000000 1387.61700000
v 171.33930000 122.00000000 1370.00000000
v 147.00000000 122.00000000 1370.00000000
v 147.00000000 122.00000000 1330.00000000
v 171.33930000 122.00000000 1330.00000000
v 174.93750000 122.00000000 1311.83100000
v 180.74740000 122.00000000 1294.24400000
v 188.68050000 122.00000000 1277.50700000
v 198.61590000 122.00000000 1261.87600000
v 210.40200000 122.00000000 1247.58800000
v 223.85910000 122.00000000 1234.86100000
v 238.78210000 122.00000000 1223.89000000
v 254.94340000 122.00000000 1214.84200000
v 272.09660000 122.00000000 1207.85500000
v 289.98020000 122.00000000 1203.03500000
v 308.32150000 122.00000000 1200.45500000
v 326.84090000 122.00000000 1200.15600000
v 345.25600000 122.00000000 1202.14200000
v 363.28600000 122.00000000 1206.38100000
v 380.65600000 122.00000000 1212.81100000
v 397.10120000 122.00000000 1221.33200000
v 412.37080000 122.00000000 1231.81500000
v 426.23210000 122.00000000 1244.10000000
v 438.47360000 122.00000000 1258.00000000
v 400.00000000 122.00000000 1476.88600000
v 407.66960000 122.00000000 1471.71300000
v 415.00570000 122.00000000 1466.07700000
v 421.98040000 122.00000000 1460.00000000
v 400.00000000 122.00000000 1494.09600000
v 450.00000000 122.00000000 1513.54100000
v 450.00000000 122.00000000 1460.00000000
v 178.62370000 122.00000000 1367.86000000
v 181.97690000 122.00000000 1385.43800000
v 187.50690000 122.00000000 1402.45800000
v 195.12630000 122.00000000 1418.65000000
v 204.71510000 122.00000000 1433.75900000
v 216.12200000 122.00000000 1447.54800000
v 229.16710000 122.00000000 1459.79800000
v 243.64470000 122.00000000 1470.31700000
v 259.32650000 122.00000000 1478.93800000
v 275.96510000 122.00000000 1485.52600000
v 293.29820000 122.00000000 1489.97600000
v 311.05240000 122.00000000 1492.21900000
v 328.94760000 122.00000000 1492.21900000
v 346.70180000 122.00000000 1489.97600000
v 364.03490000 122.00000000 1485.52600000
v 380.67350000 122.00000000 1478.93800000
v 396.35530000 122.00000000 1470.31700000
v 410.83290000 122.00000000 1459.79800000
v 423.87800000 122.00000000 1447.54800000
v 435.28490000 122.00000000 1433.75900000
v 444.87370000 122.00000000 1418.65000000
v 452.49310000 122.00000000 1402.45800000
v 458.02310000 122.00000000 1385.43800000
v 461.37630000 122.00000000 1367.86000000
v 481.00000000 122.00000000 1413.05100000
v 481.00000000 122.00000000 1468.84800000
v 481.00000000 142.00000000 1468.84800000
v 462.00000000 182.00000000 1490.84800000
v 481.00000000 182.00000000 1468.84800000
v 462.00000000 122.00000000 1490.84800000
v 537.00000000 182.00000000 1492.50000000
v 481.00000000 182.00000000 1492.50000000
v 471.25070000 182.00000000 1500.27500000
v 471.00000000 182.00000000 1502.50000000
v 471.99030000 182.00000000 1498.16100000
v 473.18170000 182.00000000 1496.26500000
v 474.76510000 182.00000000 1494.68200000
v 476.66120000 182.00000000 1493.49000000
v 478.77480000 182.00000000 1492.75100000
v 471.00000000 182.00000000 1597.50000000
v 478.77480000 182.00000000 1607.24900000
v 481.00000000 182.00000000 1607.50000000
v 476.66120000 182.00000000 1606.51000000
v 474.76510000 182.00000000 1605.31800000
v 473.18170000 182.00000000 1603.73500000
v 471.99030000 182.00000000 1601.83900000
v 471.25070000 182.00000000 1599.72500000
v 537.00000000 182.00000000 1607.50000000
v 547.00000000 182.00000000 1597.50000000
v 546.74930000 182.00000000 1599.72500000
v 546.00970000 182.00000000 1601.83900000
v 544.81830000 182.00000000 1603.73500000
v 543.23490000 182.00000000 1605.31800000
v 541.33880000 182.00000000 1606.51000000
v 539.22520000 182.00000000 1607.24900000
v 547.00000000 182.00000000 1502.50000000
v 539.22520000 182.00000000 1492.75100000
v 541.33880000 182.00000000 1493.49000000
v 543.23490000 182.00000000 1494.68200000
v 544.81830000 182.00000000 1496.26500000
v 546.00970000 182.00000000 1498.16100000
v 546.74930000 182.00000000 1500.27500000
v 462.00000000 133.00000000 1610.00000000
v 471.00000000 133.00000000 1610.00000000
v 462.00000000 182.00000000 1610.00000000
v 471.00000000 122.00000000 1610.00000000
v 471.00000000 122.00000000 1653.00000000
v 561.00000000 -90.00000000 1415.00000000
v 561.00000000 50.00000000 1265.00000000
v 561.00000000 50.00000000 1415.00000000
v 561.00000000 -90.00000000 1265.00000000
v 556.00000000 122.00000000 1653.00000000
v 556.00000000 51.14685000 1653.00000000
v 556.00000000 16.17146000 1436.14300000
v 556.00000000 32.02155000 1439.54800000
v 556.00000000 47.23527000 1445.14900000
v 556.00000000 61.51027000 1452.83300000
v 556.00000000 74.56288000 1462.44800000
v 556.00000000 86.13368000 1473.80300000
v 556.00000000 95.99275000 1486.67200000
v 556.00000000 103.94410000 1500.80000000
v 556.00000000 109.82980000 1515.90600000
v 556.00000000 113.53290000 1531.68900000
v 556.00000000 114.97960000 1547.83600000
v 556.00000000 114.14140000 1564.02600000
v 556.00000000 111.03480000 1579.93800000
v 556.00000000 105.72170000 1595.25400000
v 556.00000000 98.30747000 1609.67100000
v 556.00000000 88.93960000 1622.90200000
v 556.00000000 77.80422000 1634.68500000
v 556.00000000 65.12263000 1644.78400000
v 556.00000000 -102.00000000 1258.00000000
v 556.00000000 122.00000000 1258.00000000
v 556.00000000 122.00000000 1399.82600000
v 556.00000000 142.00000000 1455.62400000
v 556.00000000 182.00000000 1455.62400000
v 556.00000000 182.00000000 1610.00000000
v 556.00000000 122.00000000 1610.00000000
v 556.00000000 50.00000000 1415.00000000
v 556.00000000 -90.00000000 1415.00000000
v 556.00000000 50.00000000 1265.00000000
v 556.00000000 -90.00000000 1265.00000000
v 472.61470000 48.72363000 1650.79800000
v 473.10760000 49.11672000 1650.79800000
v 473.22930000 47.44725000 1651.64900000
v 473.01710000 45.87350000 1652.50000000
v 473.97510000 46.23681000 1652.50000000
v 474.81830000 46.81883000 1652.50000000
v 473.38110000 49.68476000 1650.79800000
v 474.21520000 48.23345000 1651.64900000
v 475.49770000 47.58572000 1652.50000000
v 475.97380000 48.49293000 1652.50000000
v 473.38110000 50.31524000 1650.79800000
v 474.76230000 49.36952000 1651.64900000
v 476.21900000 49.48772000 1652.50000000
v 473.10760000 50.88328000 1650.79800000
v 474.76230000 50.63048000 1651.64900000
v 476.21900000 50.51228000 1652.50000000
v 475.97380000 51.50707000 1652.50000000
v 472.61470000 51.27637000 1650.79800000
v 474.21520000 51.76655000 1651.64900000
v 475.49770000 52.41428000 1652.50000000
v 474.81830000 53.18117000 1652.50000000
v 473.22930000 52.55275000 1651.64900000
v 473.97510000 53.76319000 1652.50000000
v 473.01710000 54.12650000 1652.50000000
v 552.61470000 33.72363000 1650.79800000
v 553.10760000 34.11672000 1650.79800000
v 553.22930000 32.44725000 1651.64900000
v 553.01710000 30.87350000 1652.50000000
v 553.97510000 31.23681000 1652.50000000
v 554.81830000 31.81883000 1652.50000000
v 553.38110000 34.68476000 1650.79800000
v 554.21520000 33.23345000 1651.64900000
v 555.49770000 32.58572000 1652.50000000
v 555.97380000 33.49293000 1652.50000000
v 553.38110000 35.31524000 1650.79800000
v 554.76230000 34.36952000 1651.64900000
v 556.21900000 34.48772000 1652.50000000
v 553.10760000 35.88328000 1650.79800000
v 554.76230000 35.63048000 1651.64900000
v 556.21900000 35.51228000 1652.50000000
v 555.97380000 36.50707000 1652.50000000
v 552.61470000 36.27637000 1650.79800000
v 554.21520000 36.76655000 1651.64900000
v 555.49770000 37.41428000 1652.50000000
v 554.81830000 38.18117000 1652.50000000
v 553.22930000 37.55275000 1651.64900000
v 553.97510000 38.76319000 1652.50000000
v 553.01710000 39.12650000 1652.50000000
v 553.10760000 -35.88328000 1650.79800000
v 552.61470000 -36.27637000 1650.79800000
v 553.22930000 -37.55275000 1651.64900000
v 553.01710000 -39.12650000 1652.50000000
v 553.97510000 -38.76319000 1652.50000000
v 554.81830000 -38.18117000 1652.50000000
v 553.38110000 -35.31524000 1650.79800000
v 554.21520000 -36.76655000 1651.64900000
v 555.49770000 -37.41428000 1652.50000000
v 555.97380000 -36.50707000 1652.50000000
v 553.38110000 -34.68476000 1650.79800000
v 554.76230000 -35.63048000 1651.64900000
v 556.21900000 -35.51228000 1652.50000000
v 553.10760000 -34.11672000 1650.79800000
v 554.76230000 -34.36952000 1651.64900000
v 556.21900000 -34.48772000 1652.50000000
v 555.97380000 -33.49293000 1652.50000000
v 552.61470000 -33.72363000 1650.79800000
v 554.21520000 -33.23345000 1651.64900000
v 555.49770000 -32.58572000 1652.50000000
v 554.81830000 -31.81883000 1652.50000000
v 553.22930000 -32.44725000 1651.64900000
v 553.97510000 -31.23681000 1652.50000000
v 553.01710000 -30.87350000 1652.50000000
v 473.10760000 -35.88328000 1650.79800000
v 472.61470000 -36.27637000 1650.79800000
v 473.22930000 -37.55275000 1651.64900000
v 473.01710000 -39.12650000 1652.50000000
v 473.97510000 -38.76319000 1652.50000000
v 474.81830000 -38.18117000 1652.50000000
v 473.38110000 -35.31524000 1650.79800000
v 474.21520000 -36.76655000 1651.64900000
v 475.49770000 -37.41428000 1652.50000000
v 475.97380000 -36.50707000 1652.50000000
v 473.38110000 -34.68476000 1650.79800000
v 474.76230000 -35.63048000 1651.64900000
v 476.21900000 -35.51228000 1652.50000000
v 473.10760000 -34.11672000 1650.79800000
v 474.76230000 -34.36952000 1651.64900000
v 476.21900000 -34.48772000 1652.50000000
v 475.97380000 -33.49293000 1652.50000000
v 472.61470000 -33.72363000 1650.79800000
v 474.21520000 -33.23345000 1651.64900000
v 475.49770000 -32.58572000 1652.50000000
v 474.81830000 -31.81883000 1652.50000000
v 473.22930000 -32.44725000 1651.64900000
v 473.97510000 -31.23681000 1652.50000000
v 473.01710000 -30.87350000 1652.50000000
v 472.61470000 33.72363000 1650.79800000
v 473.10760000 34.11672000 1650.79800000
v 473.22930000 32.44725000 1651.64900000
v 473.01710000 30.87350000 1652.50000000
v 473.97510000 31.23681000 1652.50000000
v 474.81830000 31.81883000 1652.50000000
v 473.38110000 34.68476000 1650.79800000
v 474.21520000 33.23345000 1651.64900000
v 475.49770000 32.58572000 1652.50000000
v 475.97380000 33.49293000 1652.50000000
v 473.38110000 35.31524000 1650.79800000
v 474.76230000 34.36952000 1651.64900000
v 476.21900000 34.48772000 1652.50000000
v 473.10760000 35.88328000 1650.79800000
v 474.76230000 35.63048000 1651.64900000
v 476.21900000 35.51228000 1652.50000000
v 475.97380000 36.50707000 1652.50000000
v 472.61470000 36.27637000 1650.79800000
v 474.21520000 36.76655000 1651.64900000
v 475.49770000 37.41428000 1652.50000000
v 474.81830000 38.18117000 1652.50000000
v 473.22930000 37.55275000 1651.64900000
v 473.97510000 38.76319000 1652.50000000
v 473.01710000 39.12650000 1652.50000000
v 465.24700000 89.08012000 1504.56100000
v 465.00000000 91.22756000 1498.25000000
v 465.31700000 85.56829000 1498.25000000
v 465.20770000 92.13322000 1511.12200000
v 465.00000000 99.74585000 1522.01500000
v 465.20960000 96.00431000 1522.01500000
v 465.00000000 96.00431000 1522.01500000
v 465.00000000 89.73075000 1505.85900000
v 465.00000000 85.56829000 1498.25000000
v 465.00000000 93.21817000 1513.80100000
v 546.00000000 61.74594000 1424.00800000
v 541.00000000 61.74594000 1420.39000000
v 541.00000000 61.74594000 1424.00800000
v 546.00000000 61.74594000 1420.39000000
v 541.00000000 62.00000000 1420.39000000
v 541.00000000 62.00000000 1424.00800000
v 546.00000000 62.00000000 1424.00800000
v 546.00000000 62.00000000 1420.39000000
v 1061.11600000 -28.83978000 1491.27400000
v 1060.50000000 -17.50000000 1487.39500000
v 1061.11600000 -17.50000000 1486.95800000
v 1057.73800000 -17.28063000 1489.02400000
v 1043.90900000 -16.44616000 1492.29800000
v 1049.31000000 -13.45500000 1491.02500000
v 1051.95800000 -15.27367000 1490.84000000
v 1047.03300000 -11.17484000 1490.88400000
v 1045.22000000 -8.53131600 1490.58100000
v 1044.49600000 -7.08050200 1490.41300000
v 1043.90900000 -5.56731200 1490.25900000
v 1043.90900000 -60.00000000 1550.00000000
v 1043.90900000 -58.97911000 1538.97900000
v 1049.97600000 -60.61978000 1550.00000000
v 1055.81100000 -34.00528000 1497.60600000
v 1061.11600000 -39.18770000 1497.60900000
v 1049.95500000 -33.00003000 1499.15500000
v 1043.90900000 -36.17371000 1502.13100000
v 1043.90900000 -26.76534000 1496.30100000
v 1055.81100000 -46.19889000 1507.96200000
v 1061.11600000 -48.18790000 1505.74600000
v 1061.11600000 -55.53082000 1515.40500000
v 1049.95500000 -44.83318000 1509.20500000
v 1043.90900000 -44.35109000 1509.59000000
v 1043.90900000 -51.01922000 1518.42400000
v 1055.81100000 -55.35699000 1521.06700000
v 1061.11600000 -60.96393000 1526.25400000
v 1049.95500000 -53.72056000 1521.92300000
v 1043.90900000 -55.95116000 1528.33300000
v 1053.56700000 -23.72480000 1493.15500000
v 1054.82500000 -16.55433000 1490.19200000
v 1052.93000000 -27.22258000 1494.97700000
v 1051.94700000 -29.18152000 1496.32300000
v 1053.90300000 -56.66561000 1525.55400000
v 1052.93000000 -57.22415000 1527.77500000
v 1055.81100000 -59.52279000 1531.06500000
v 1061.11600000 -64.30039000 1537.91900000
v 1052.93000000 -59.05525000 1533.23600000
v 1049.95500000 -58.79463000 1535.25500000
v 1052.93000000 -60.33842000 1538.69400000
v 1053.89700000 -61.25106000 1542.47700000
v 1061.11600000 -65.42544000 1550.00000000
v 1055.79200000 -62.45352000 1550.00000000
v 597.80130000 -11.21656000 1616.83200000
v 597.80130000 -21.97839000 1614.10400000
v 607.30200000 -17.78348000 1612.50200000
v 607.30200000 -5.99588600 1614.70600000
v 597.80130000 0.00000000 1617.76700000
v 607.30200000 5.99588600 1614.70600000
v 597.80130000 11.21656000 1616.83200000
v 607.30200000 17.78348000 1612.50200000
v 597.80130000 21.97839000 1614.10400000
v 601.10960000 -65.93623000 1555.85100000
v 602.96830000 -65.61425000 1550.00000000
v 607.30200000 -64.98312000 1550.00000000
v 598.87580000 -67.17350000 1550.00000000
v 595.22080000 -69.58613000 1550.00000000
v 607.30200000 -63.87666000 1561.94100000
v 590.45030000 -75.29155000 1553.62600000
v 592.17860000 -72.73645000 1550.00000000
v 589.89500000 -76.47341000 1550.00000000
v 588.47950000 -80.61781000 1550.00000000
v 594.13120000 -70.14116000 1557.68200000
v 589.75710000 -76.56882000 1555.60300000
v 588.99540000 -78.53001000 1555.74700000
v 588.45020000 -80.53582000 1555.89400000
v 588.00000000 -84.97094000 1550.00000000
v 588.00000000 -83.99894000 1562.81700000
v 597.80130000 -65.02063000 1569.09600000
v 607.30200000 -60.59496000 1573.47500000
v 590.45030000 -73.66950000 1565.96200000
v 593.61320000 -70.07707000 1561.88500000
v 593.61320000 -68.94563000 1567.27900000
v 593.61320000 -67.02941000 1573.64500000
v 597.80130000 -60.71275000 1580.10500000
v 607.30200000 -55.24977000 1584.20900000
v 593.61320000 -65.03768000 1578.67300000
v 590.45030000 -70.02776000 1577.89400000
v 593.61320000 -62.11194000 1584.55700000
v 597.80130000 -54.55303000 1590.20300000
v 607.30200000 -48.02311000 1593.77900000
v 593.61320000 -59.25866000 1589.24900000
v 590.45030000 -64.53185000 1588.95700000
v 593.61320000 -55.41350000 1594.51300000
v 593.61320000 -51.83984000 1598.62800000
v 597.80130000 -45.65728000 1600.07700000
v 602.53750000 -39.52546000 1602.52000000
v 607.30200000 -39.16108000 1601.85800000
v 597.80130000 -31.89021000 1609.79400000
v 597.80130000 -40.66002000 1604.21300000
v 590.45030000 -57.32788000 1598.94400000
v 597.80130000 -44.05481000 1601.49300000
v 592.42620000 -49.93028000 1602.46000000
v 593.61320000 -42.64666000 1606.86200000
v 590.45030000 -45.22730000 1610.30300000
v 602.53750000 -30.12001000 1608.42400000
v 607.30200000 -28.96547000 1608.17100000
v 593.61320000 -38.21141000 1609.93300000
v 590.45030000 -35.47239000 1616.51100000
v 588.58150000 -53.14045000 1610.04500000
v 588.00000000 -50.41692000 1618.39700000
v 588.00000000 -61.13333000 1609.01500000
v 593.61320000 -33.44836000 1612.71600000
v 588.58150000 -47.84364000 1614.34500000
v 593.61320000 -28.38380000 1615.16400000
v 590.45030000 -24.44719000 1621.30400000
v 588.58150000 -42.81917000 1617.79300000
v 588.00000000 -38.36792000 1625.81500000
v 593.61320000 -23.05225000 1617.23600000
v 588.58150000 -36.97285000 1621.15000000
v 593.61320000 -17.49607000 1618.89100000
v 590.45030000 -12.47650000 1624.33900000
v 588.58150000 -31.21588000 1623.85700000
v 588.00000000 -25.26908000 1631.12700000
v 593.61320000 -11.76460000 1620.09700000
v 588.58150000 -24.92906000 1626.21000000
v 593.61320000 -5.91288200 1620.83100000
v 590.45030000 0.00000000 1625.37900000
v 588.58150000 -18.62240000 1627.99100000
v 588.00000000 -11.81240000 1634.14600000
v 593.61320000 0.00000000 1621.07800000
v 588.58150000 -12.21089000 1629.24800000
v 593.61320000 5.91288200 1620.83100000
v 590.45030000 12.47650000 1624.33900000
v 588.58150000 -5.59375600 1629.98800000
v 588.00000000 0.99878300 1634.96500000
v 593.61320000 11.76460000 1620.09700000
v 588.58150000 0.47126500 1630.18200000
v 593.61320000 17.49607000 1618.89100000
v 590.45030000 24.44719000 1621.30400000
v 588.58150000 7.13900300 1629.86500000
v 588.00000000 13.79619000 1633.84400000
v 602.53750000 30.12001000 1608.42400000
v 607.30200000 28.96547000 1608.17100000
v 607.30200000 39.16108000 1601.85800000
v 597.80130000 31.89021000 1609.79400000
v 593.61320000 23.05225000 1617.23600000
v 588.58150000 13.14530000 1629.09800000
v 593.61320000 28.38380000 1615.16400000
v 590.45030000 35.47239000 1616.51100000
v 588.58150000 19.39869000 1627.80100000
v 588.00000000 26.86485000 1630.61200000
v 602.53750000 39.52546000 1602.52000000
v 597.80130000 40.66002000 1604.21300000
v 607.30200000 48.02311000 1593.77900000
v 593.61320000 33.44836000 1612.71600000
v 588.58150000 25.67861000 1625.96000000
v 593.61320000 38.21141000 1609.93300000
v 590.45030000 45.22730000 1610.30300000
v 588.58150000 31.45570000 1623.75600000
v 588.00000000 38.85241000 1625.56800000
v 597.80130000 44.05481000 1601.49300000
v 593.61320000 42.64666000 1606.86200000
v 588.58150000 37.19977000 1621.03200000
v 597.80130000 45.65728000 1600.07700000
v 588.58150000 42.62021000 1617.91800000
v 588.00000000 50.02361000 1618.68600000
v 588.58150000 47.65917000 1614.48200000
v 592.42620000 52.52279000 1599.86400000
v 597.80130000 54.47589000 1590.30800000
v 607.30200000 55.24977000 1584.20900000
v 588.58150000 52.46281000 1610.63800000
v 588.00000000 59.83141000 1610.33500000
v 593.61320000 55.28264000 1594.67500000
v 588.58150000 57.58560000 1605.79700000
v 593.61320000 59.14849000 1589.41500000
v 597.80130000 60.78135000 1579.96600000
v 607.30200000 60.59496000 1573.47500000
v 593.61320000 62.23333000 1584.33700000
v 590.45030000 64.55431000 1588.91900000
v 593.61320000 65.13273000 1578.45700000
v 597.80130000 65.14566000 1568.66500000
v 607.30200000 63.87666000 1561.94100000
v 593.61320000 67.26976000 1572.95300000
v 590.45030000 70.28237000 1577.24600000
v 593.61320000 69.10868000 1566.61400000
v 601.10960000 65.93623000 1555.85100000
v 607.30200000 64.98312000 1550.00000000
v 602.96830000 65.61425000 1550.00000000
v 598.87580000 67.17350000 1550.00000000
v 595.22080000 69.58613000 1550.00000000
v 590.45030000 73.81846000 1565.25800000
v 593.61320000 70.13288000 1561.55100000
v 594.13120000 70.16404000 1557.47100000
v 590.45030000 75.30160000 1553.41100000
v 589.75710000 76.59262000 1555.26800000
v 592.17860000 72.73645000 1550.00000000
v 589.89500000 76.47341000 1550.00000000
v 588.47950000 80.61781000 1550.00000000
v 588.99540000 78.55442000 1555.40300000
v 588.45020000 80.56085000 1555.54100000
v 588.00000000 84.97094000 1550.00000000
v 588.00000000 84.11549000 1562.02900000
v 600.45850000 -65.73710000 1559.68900000
v 600.13450000 -65.54952000 1561.68300000
v 599.34570000 -65.44511000 1564.06900000
v 588.58150000 -78.85901000 1564.51200000
v 588.58150000 -77.47888000 1570.64900000
v 588.00000000 -80.93852000 1575.86600000
v 588.58150000 -75.49204000 1577.02400000
v 588.58150000 -73.21091000 1582.70300000
v 588.00000000 -76.05247000 1587.89600000
v 588.58150000 -70.28217000 1588.59800000
v 588.00000000 -69.34817000 1599.10100000
v 588.58150000 -67.10327000 1593.89200000
v 588.58150000 -63.30081000 1599.21800000
v 588.58150000 -59.37412000 1603.88900000
v 590.45030000 56.46136000 1599.94100000
v 589.05560000 60.61350000 1599.97600000
v 588.00000000 69.06724000 1599.49500000
v 589.34830000 61.87221000 1597.08700000
v 589.67840000 62.90277000 1594.32500000
v 588.58150000 66.99344000 1594.05900000
v 588.58150000 70.42810000 1588.33100000
v 588.00000000 76.31030000 1587.37400000
v 588.58150000 73.47277000 1582.11100000
v 588.00000000 81.44250000 1574.23200000
v 599.34570000 65.49718000 1563.82500000
v 600.13450000 65.57738000 1561.52600000
v 600.45850000 65.75214000 1559.58600000
v 588.58150000 75.88449000 1575.90200000
v 588.58150000 77.77321000 1569.51100000
v 588.58150000 78.99276000 1563.76600000
v 590.45030000 -74.22784000 1563.12200000
v 590.45030000 -72.97951000 1568.86700000
v 590.45030000 -72.02941000 1572.22000000
v 590.45030000 -71.02734000 1575.24100000
v 590.45030000 -68.89901000 1580.57600000
v 590.45030000 -67.60563000 1583.33800000
v 590.45030000 -65.97106000 1586.46600000
v 590.45030000 -61.23654000 1593.95500000
v 590.45030000 66.10405000 1586.22500000
v 590.45030000 67.72378000 1583.09800000
v 590.45030000 69.07224000 1580.18300000
v 590.45030000 71.33902000 1574.34600000
v 590.45030000 72.30280000 1571.31400000
v 590.45030000 73.20295000 1567.98000000
v 590.45030000 74.31914000 1562.59500000
v 1090.00100000 -52.85199000 1620.46900000
v 1090.50000000 -59.74403000 1618.91400000
v 1090.50000000 -48.95806000 1626.95200000
v 1088.50500000 -51.12707000 1618.16900000
v 1086.23600000 -43.80856000 1620.51400000
v 1086.23600000 -55.05367000 1612.13200000
v 1090.00100000 -41.45254000 1627.72400000
v 1090.50000000 -37.12993000 1633.30600000
v 1088.50500000 -40.09966000 1625.18700000
v 1086.23600000 -31.31306000 1626.88200000
v 1090.00100000 -28.56865000 1633.32500000
v 1090.50000000 -24.23375000 1637.92700000
v 1088.50500000 -27.63625000 1630.60600000
v 1086.23600000 -17.92380000 1631.05600000
v 1090.00100000 -14.57986000 1636.87200000
v 1090.50000000 -10.96226000 1640.54500000
v 1088.50500000 -14.10402000 1634.03600000
v 1086.23600000 -4.02296400 1632.91700000
v 1088.50500000 0.00000000 1635.21200000
v 1086.23600000 9.99270000 1632.41100000
v 1090.00100000 0.00000000 1638.08700000
v 1090.00100000 14.57986000 1636.87200000
v 1090.50000000 2.41577400 1641.17400000
v 1090.50000000 16.62641000 1639.67700000
v 1088.50500000 14.10402000 1634.03600000
v 1086.23600000 23.72315000 1629.55200000
v 1090.00100000 28.56865000 1633.32500000
v 1090.50000000 30.68151000 1635.89000000
v 1088.50500000 27.63625000 1630.60600000
v 1086.23600000 36.77649000 1624.42300000
v 1090.00100000 41.45254000 1627.72400000
v 1090.50000000 43.92433000 1629.93200000
v 1088.50500000 40.09966000 1625.18700000
v 1086.23600000 48.78014000 1617.17000000
v 1090.00100000 52.85199000 1620.46900000
v 1090.50000000 56.19857000 1621.83500000
v 1088.50500000 51.12707000 1618.16900000
v 1089.87300000 -87.60377000 1554.52200000
v 1090.21300000 -88.82881000 1550.00000000
v 1090.50000000 -91.20567000 1550.00000000
v 1089.37000000 -86.58818000 1550.00000000
v 1090.50000000 -90.69631000 1559.63300000
v 1089.37000000 -86.47304000 1554.46400000
v 1088.01800000 -84.61221000 1550.00000000
v 1086.23600000 -83.01415000 1550.00000000
v 1088.50500000 -84.87148000 1557.60800000
v 1086.23600000 -81.82944000 1563.97500000
v 1089.37000000 -85.77633000 1561.82900000
v 1090.00100000 -86.93571000 1564.19300000
v 1090.50000000 -89.14433000 1569.28100000
v 1089.37000000 -85.01548000 1566.42800000
v 1088.50500000 -82.80619000 1570.10400000
v 1086.23600000 -78.30913000 1577.55000000
v 1089.37000000 -83.35419000 1573.44300000
v 1090.00100000 -83.98071000 1576.58000000
v 1090.50000000 -84.91381000 1583.28800000
v 1089.37000000 -81.16369000 1580.16600000
v 1088.50500000 -78.32703000 1583.55500000
v 1086.23600000 -72.55370000 1590.34000000
v 1089.37000000 -78.37380000 1586.81100000
v 1090.00100000 -78.52882000 1589.90600000
v 1090.50000000 -78.50385000 1596.42900000
v 1089.37000000 -75.11225000 1593.07700000
v 1088.50500000 -71.68281000 1596.07200000
v 1086.23600000 -64.72742000 1601.97800000
v 1089.37000000 -71.26794000 1599.17700000
v 1090.00100000 -70.98531000 1602.15700000
v 1090.50000000 -70.08791000 1608.36200000
v 1089.37000000 -67.03053000 1604.81300000
v 1088.50500000 -63.06056000 1607.31000000
v 1089.37000000 -62.23276000 1610.20500000
v 1090.00100000 -61.51371000 1613.05000000
v 1089.37000000 -57.07281000 1615.11700000
v 1089.10600000 -55.11268000 1616.16700000
v 1089.10600000 -47.83238000 1621.60700000
v 1089.37000000 -46.08803000 1623.30400000
v 1089.60800000 -44.59423000 1624.79100000
v 1089.10600000 -36.07086000 1628.19400000
v 1089.37000000 -33.96229000 1629.65000000
v 1089.60800000 -32.21053000 1630.90000000
v 1089.10600000 -23.17085000 1632.93700000
v 1089.37000000 -20.86140000 1634.03800000
v 1089.60800000 -18.80815000 1635.02100000
v 1089.10600000 -9.60843100 1635.57500000
v 1089.37000000 -7.30881500 1636.27900000
v 1089.60800000 -4.90491200 1636.93900000
v 1089.65500000 56.37685000 1616.50000000
v 1089.44800000 58.01115000 1614.48900000
v 1086.23600000 59.39149000 1608.00000000
v 1086.50000000 59.65889000 1608.00000000
v 1090.03600000 61.02098000 1613.67800000
v 1090.50000000 67.05473000 1611.82400000
v 1089.44800000 62.99124000 1609.63400000
v 1089.44800000 63.04952000 1609.57200000
v 1089.44800000 63.10777000 1609.51100000
v 1089.44800000 63.16598000 1609.44900000
v 1088.63900000 61.79279000 1608.94200000
v 1086.50000000 60.00000000 1607.64700000
v 1086.50000000 59.88653000 1607.76500000
v 1086.50000000 59.77283000 1607.88300000
v 1088.63900000 61.86973000 1608.86100000
v 1088.63900000 61.94659000 1608.78000000
v 1086.23600000 60.00000000 1607.37000000
v 1088.57200000 64.92633000 1605.32900000
v 1086.23600000 68.02349000 1597.58300000
v 1089.37000000 67.51706000 1604.21200000
v 1090.00100000 70.11463000 1603.32200000
v 1090.50000000 75.35214000 1601.38600000
v 1089.37000000 71.24641000 1599.20800000
v 1088.50500000 72.45776000 1594.84300000
v 1086.23600000 74.46601000 1586.69000000
v 1089.37000000 74.85165000 1593.52900000
v 1090.00100000 77.26508000 1592.30100000
v 1090.50000000 82.10920000 1589.70600000
v 1089.37000000 77.81280000 1587.98300000
v 1088.50500000 78.39220000 1583.40200000
v 1086.23600000 79.17784000 1574.94400000
v 1089.37000000 80.53862000 1581.79700000
v 1090.50000000 87.05221000 1577.21000000
v 1089.37000000 82.61591000 1575.92500000
v 1088.50500000 82.53005000 1571.20900000
v 1086.23600000 82.04947000 1562.61900000
v 1089.37000000 84.39545000 1569.36300000
v 1090.00100000 86.34640000 1567.42300000
v 1090.50000000 90.20958000 1563.44300000
v 1089.37000000 85.61249000 1562.96200000
v 1089.37000000 86.17416000 1558.45700000
v 1086.23600000 83.01415000 1550.00000000
v 1090.50000000 91.20567000 1550.00000000
v 1090.21300000 88.82881000 1550.00000000
v 1089.37000000 86.58818000 1550.00000000
v 1088.01800000 84.61221000 1550.00000000
v 552.72260000 -39.06575000 1602.08800000
v 554.00000000 -44.84222000 1603.75100000
v 554.00000000 -35.01636000 1610.61200000
v 552.72260000 -30.63980000 1607.45000000
v 554.00000000 -24.25413000 1615.66400000
v 548.89040000 -36.76644000 1599.02200000
v 548.89040000 -28.83642000 1604.06800000
v 544.00000000 -22.96101000 1605.43300000
v 544.00000000 -33.33421000 1599.88800000
v 552.72260000 -21.11662000 1611.59000000
v 554.00000000 -12.88026000 1618.80500000
v 548.89040000 -19.87375000 1607.96500000
v 544.00000000 -11.70542000 1608.84700000
v 552.72260000 -10.77676000 1614.21200000
v 554.00000000 -1.22529900 1619.98900000
v 548.89040000 -10.14247000 1610.43200000
v 544.00000000 0.00000000 1610.00000000
v 552.72260000 0.00000000 1615.11000000
v 554.00000000 11.65516000 1619.02300000
v 548.89040000 0.00000000 1611.27700000
v 552.72260000 10.77676000 1614.21200000
v 548.89040000 10.14247000 1610.43200000
v 544.00000000 11.70542000 1608.84700000
v 552.72260000 21.11662000 1611.59000000
v 554.00000000 24.03605000 1615.74400000
v 548.89040000 19.87375000 1607.96500000
v 544.00000000 22.96101000 1605.43300000
v 552.72260000 30.63980000 1607.45000000
v 554.00000000 35.51898000 1610.31900000
v 548.89040000 28.83642000 1604.06800000
v 544.00000000 33.33421000 1599.88800000
v 552.72260000 39.06575000 1602.08800000
v 554.00000000 45.75030000 1602.98000000
v 548.89040000 36.76644000 1599.02200000
v 553.48150000 -66.56978000 1555.79900000
v 553.74930000 -67.77479000 1550.00000000
v 554.00000000 -70.00000000 1550.00000000
v 553.00970000 -65.66116000 1550.00000000
v 554.00000000 -68.85274000 1562.62100000
v 553.08510000 -65.57300000 1555.71200000
v 551.81830000 -63.76510000 1550.00000000
v 550.23490000 -62.18169000 1550.00000000
v 550.80150000 -62.20166000 1557.64100000
v 548.33880000 -60.99031000 1550.00000000
v 546.22520000 -60.25072000 1550.00000000
v 544.00000000 -60.00000000 1550.00000000
v 548.89040000 -53.74002000 1579.44400000
v 544.00000000 -49.88818000 1583.33400000
v 544.00000000 -55.43277000 1572.96100000
v 552.72260000 -53.54514000 1587.04300000
v 554.00000000 -60.46639000 1585.26800000
v 554.00000000 -53.42146000 1595.23400000
v 548.89040000 -47.22828000 1589.04400000
v 544.00000000 -42.42641000 1592.42600000
v 548.89040000 -39.08233000 1597.19600000
v 548.89040000 -40.19253000 1596.25500000
v 551.69070000 41.67196000 1598.05700000
v 548.89040000 39.08233000 1597.19600000
v 544.00000000 42.42641000 1592.42600000
v 552.72260000 46.58477000 1595.48800000
v 551.07110000 42.85383000 1596.08300000
v 554.00000000 54.43125000 1594.01400000
v 548.89040000 40.19253000 1596.25500000
v 548.89040000 47.52084000 1588.68700000
v 544.00000000 49.88818000 1583.33400000
v 552.72260000 54.12683000 1586.18800000
v 554.00000000 61.32611000 1583.75100000
v 548.89040000 53.98006000 1579.00100000
v 544.00000000 55.43277000 1572.96100000
v 552.72260000 59.81055000 1575.72900000
v 554.00000000 66.26815000 1572.55100000
v 548.89040000 58.48242000 1568.29600000
v 544.00000000 58.84712000 1561.70500000
v 552.72260000 63.49054000 1564.42900000
v 554.00000000 69.18714000 1560.63700000
v 553.48150000 66.64110000 1554.91200000
v 554.00000000 70.00000000 1550.00000000
v 553.74930000 67.77479000 1550.00000000
v 553.00970000 65.66116000 1550.00000000
v 553.08510000 65.64325000 1554.83800000
v 553.23020000 -65.39582000 1559.97700000
v 552.66200000 -64.13367000 1560.59600000
v 553.29790000 -65.18682000 1562.20200000
v 552.72260000 -63.23067000 1565.52900000
v 551.07110000 -61.81058000 1561.81100000
v 548.78330000 -60.34954000 1560.27600000
v 547.51380000 -59.87552000 1559.58400000
v 544.00000000 -58.84712000 1561.70500000
v 547.68090000 -59.57992000 1561.61800000
v 548.89040000 -59.82181000 1563.27700000
v 551.07110000 -60.62095000 1566.88600000
v 553.29790000 -63.13714000 1570.29600000
v 554.00000000 -65.71912000 1574.10400000
v 547.68090000 -59.05538000 1564.04300000
v 548.89040000 -58.34052000 1568.74300000
v 552.72260000 -61.57427000 1571.16300000
v 551.07110000 -58.62536000 1572.87200000
v 553.29790000 -62.02754000 1573.46900000
v 552.72260000 -59.38984000 1576.68500000
v 547.68090000 -56.31999000 1572.64500000
v 553.29790000 -58.41770000 1581.39400000
v 551.07110000 -56.41724000 1577.87700000
v 548.89040000 -56.26154000 1574.28100000
v 552.72260000 -56.67819000 1582.04400000
v 551.07110000 -53.37438000 1583.33500000
v 547.68090000 -55.29034000 1575.05400000
v 553.29790000 -56.77698000 1584.27200000
v 553.29790000 -51.83323000 1591.37100000
v 551.07110000 -50.28570000 1587.83400000
v 547.68090000 -50.98697000 1582.94000000
v 548.89040000 -50.67420000 1584.45400000
v 552.72260000 -49.93677000 1591.78000000
v 551.07110000 -46.31694000 1592.60000000
v 553.29790000 -49.72684000 1593.88000000
v 547.68090000 -49.51562000 1585.11300000
v 553.45050000 -48.71482000 1595.60600000
v 551.69070000 -44.16132000 1595.78000000
v 553.45050000 -44.57994000 1599.65500000
v 547.68090000 -43.81386000 1592.01300000
v 553.29790000 50.47221000 1593.02100000
v 551.07110000 46.80617000 1592.06200000
v 547.68090000 42.13995000 1593.69200000
v 548.89040000 43.58735000 1593.07000000
v 552.72260000 50.56071000 1591.02300000
v 551.07110000 50.70004000 1587.27700000
v 553.29790000 52.51931000 1590.49600000
v 547.68090000 44.05840000 1591.75600000
v 553.29790000 57.41387000 1583.19400000
v 551.07110000 53.79398000 1582.65400000
v 547.68090000 49.70608000 1584.84300000
v 548.89040000 50.94568000 1584.05100000
v 552.72260000 57.19975000 1581.10400000
v 551.07110000 56.74753000 1577.19900000
v 553.29790000 58.98352000 1580.31800000
v 547.68090000 51.19752000 1582.61200000
v 553.29790000 62.43576000 1572.36100000
v 551.07110000 58.89525000 1572.16800000
v 547.68090000 55.43675000 1574.72900000
v 548.89040000 56.45326000 1573.83200000
v 552.72260000 61.89503000 1570.20600000
v 551.07110000 60.80542000 1566.21000000
v 553.29790000 63.47653000 1569.20800000
v 547.68090000 56.45590000 1572.30400000
v 553.29790000 65.43622000 1560.78500000
v 551.07110000 61.97593000 1560.91000000
v 547.68090000 59.13066000 1563.72300000
v 548.89040000 59.93314000 1562.76500000
v 553.23020000 65.57151000 1558.74800000
v 550.80150000 62.26921000 1557.07000000
v 552.66200000 64.30828000 1559.47800000
v 547.68090000 59.66339000 1561.18200000
v 548.78330000 60.42954000 1559.79500000
v 547.51380000 59.92036000 1559.29900000
v 547.51380000 60.54593000 1553.33400000
v 544.00000000 60.00000000 1550.00000000
v 550.23490000 62.18169000 1550.00000000
v 548.33880000 60.99031000 1550.00000000
v 546.22520000 60.25072000 1550.00000000
v 551.69070000 -41.54331000 1598.16800000
v 550.80150000 62.53992000 1554.02400000
v 551.81830000 63.76510000 1550.00000000
v 786.50000000 28.40000000 1620.00000000
v 785.68630000 28.30120000 1603.75000000
v 786.50000000 28.40000000 1603.75000000
v 785.68630000 28.30120000 1620.00000000
v 784.91990000 28.01055000 1620.00000000
v 784.91990000 28.01055000 1603.75000000
v 784.24540000 27.54494000 1620.00000000
v 784.24540000 27.54494000 1603.75000000
v 783.70190000 26.93142000 1620.00000000
v 783.70190000 26.93142000 1603.75000000
v 783.32090000 26.20566000 1620.00000000
v 783.32090000 26.20566000 1603.75000000
v 783.12480000 25.40982000 1620.00000000
v 783.12480000 25.40982000 1603.75000000
v 783.12480000 24.59018000 1620.00000000
v 783.12480000 24.59018000 1603.75000000
v 783.32090000 23.79434000 1620.00000000
v 783.32090000 23.79434000 1603.75000000
v 783.70190000 23.06858000 1620.00000000
v 783.70190000 23.06858000 1603.75000000
v 784.24540000 22.45506000 1620.00000000
v 784.24540000 22.45506000 1603.75000000
v 784.91990000 21.98945000 1620.00000000
v 784.91990000 21.98945000 1603.75000000
v 785.68630000 21.69880000 1620.00000000
v 785.68630000 21.69880000 1603.75000000
v 786.50000000 21.60000000 1620.00000000
v 786.50000000 21.60000000 1603.75000000
v 785.61390000 25.70662000 1602.38800000
v 786.50000000 25.00000000 1601.70700000
v 786.00830000 26.02110000 1602.38800000
v 785.51650000 27.04220000 1603.06900000
v 785.39510000 25.25219000 1602.38800000
v 784.72780000 26.41324000 1603.06900000
v 785.39510000 24.74781000 1602.38800000
v 784.29020000 25.50438000 1603.06900000
v 785.61390000 24.29338000 1602.38800000
v 784.29020000 24.49562000 1603.06900000
v 786.00830000 23.97890000 1602.38800000
v 784.72780000 23.58676000 1603.06900000
v 785.51650000 22.95780000 1603.06900000
v 785.68630000 -21.69880000 1620.00000000
v 786.50000000 -21.60000000 1603.75000000
v 786.50000000 -21.60000000 1620.00000000
v 785.68630000 -21.69880000 1603.75000000
v 784.91990000 -21.98945000 1620.00000000
v 784.91990000 -21.98945000 1603.75000000
v 784.24540000 -22.45506000 1620.00000000
v 784.24540000 -22.45506000 1603.75000000
v 783.70190000 -23.06858000 1620.00000000
v 783.70190000 -23.06858000 1603.75000000
v 783.32090000 -23.79434000 1620.00000000
v 783.32090000 -23.79434000 1603.75000000
v 783.12480000 -24.59018000 1620.00000000
v 783.12480000 -24.59018000 1603.75000000
v 783.12480000 -25.40982000 1620.00000000
v 783.12480000 -25.40982000 1603.75000000
v 783.32090000 -26.20566000 1620.00000000
v 783.32090000 -26.20566000 1603.75000000
v 783.70190000 -26.93142000 1603.75000000
v 783.70190000 -26.93142000 1620.00000000
v 784.24540000 -27.54494000 1620.00000000
v 784.24540000 -27.54494000 1603.75000000
v 784.91990000 -28.01055000 1620.00000000
v 784.91990000 -28.01055000 1603.75000000
v 785.68630000 -28.30120000 1620.00000000
v 785.68630000 -28.30120000 1603.75000000
v 786.50000000 -28.40000000 1620.00000000
v 786.50000000 -28.40000000 1603.75000000
v 786.00830000 -23.97890000 1602.38800000
v 786.50000000 -25.00000000 1601.70700000
v 785.61390000 -24.29338000 1602.38800000
v 785.51650000 -22.95780000 1603.06900000
v 785.39510000 -24.74781000 1602.38800000
v 784.72780000 -23.58676000 1603.06900000
v 785.39510000 -25.25219000 1602.38800000
v 784.29020000 -24.49562000 1603.06900000
v 785.61390000 -25.70662000 1602.38800000
v 784.29020000 -25.50438000 1603.06900000
v 786.00830000 -26.02110000 1602.38800000
v 784.72780000 -26.41324000 1603.06900000
v 785.51650000 -27.04220000 1603.06900000
v 885.68630000 -21.69880000 1620.00000000
v 886.50000000 -21.60000000 1603.75000000
v 886.50000000 -21.60000000 1620.00000000
v 885.68630000 -21.69880000 1603.75000000
v 884.91990000 -21.98945000 1620.00000000
v 884.91990000 -21.98945000 1603.75000000
v 884.24540000 -22.45506000 1620.00000000
v 884.24540000 -22.45506000 1603.75000000
v 883.70190000 -23.06858000 1620.00000000
v 883.70190000 -23.06858000 1603.75000000
v 883.32090000 -23.79434000 1620.00000000
v 883.32090000 -23.79434000 1603.75000000
v 883.12480000 -24.59018000 1620.00000000
v 883.12480000 -24.59018000 1603.75000000
v 883.12480000 -25.40982000 1620.00000000
v 883.12480000 -25.40982000 1603.75000000
v 883.32090000 -26.20566000 1620.00000000
v 883.32090000 -26.20566000 1603.75000000
v 883.70190000 -26.93142000 1603.75000000
v 883.70190000 -26.93142000 1620.00000000
v 884.24540000 -27.54494000 1620.00000000
v 884.24540000 -27.54494000 1603.75000000
v 884.91990000 -28.01055000 1620.00000000
v 884.91990000 -28.01055000 1603.75000000
v 885.68630000 -28.30120000 1620.00000000
v 885.68630000 -28.30120000 1603.75000000
v 886.50000000 -28.40000000 1620.00000000
v 886.50000000 -28.40000000 1603.75000000
v 885.61390000 -24.29338000 1602.38800000
v 886.50000000 -25.00000000 1601.70700000
v 886.00830000 -23.97890000 1602.38800000
v 885.51650000 -22.95780000 1603.06900000
v 885.39510000 -24.74781000 1602.38800000
v 884.72780000 -23.58676000 1603.06900000
v 885.39510000 -25.25219000 1602.38800000
v 884.29020000 -24.49562000 1603.06900000
v 885.61390000 -25.70662000 1602.38800000
v 884.29020000 -25.50438000 1603.06900000
v 886.00830000 -26.02110000 1602.38800000
v 884.72780000 -26.41324000 1603.06900000
v 885.51650000 -27.04220000 1603.06900000
v 886.50000000 28.40000000 1620.00000000
v 885.68630000 28.30120000 1603.75000000
v 886.50000000 28.40000000 1603.75000000
v 885.68630000 28.30120000 1620.00000000
v 884.91990000 28.01055000 1620.00000000
v 884.91990000 28.01055000 1603.75000000
v 884.24540000 27.54494000 1620.00000000
v 884.24540000 27.54494000 1603.75000000
v 883.70190000 26.93142000 1620.00000000
v 883.70190000 26.93142000 1603.75000000
v 883.32090000 26.20566000 1620.00000000
v 883.32090000 26.20566000 1603.75000000
v 883.12480000 25.40982000 1620.00000000
v 883.12480000 25.40982000 1603.75000000
v 883.12480000 24.59018000 1620.00000000
v 883.12480000 24.59018000 1603.75000000
v 883.32090000 23.79434000 1620.00000000
v 883.32090000 23.79434000 1603.75000000
v 883.70190000 23.06858000 1620.00000000
v 883.70190000 23.06858000 1603.75000000
v 884.24540000 22.45506000 1620.00000000
v 884.24540000 22.45506000 1603.75000000
v 884.91990000 21.98945000 1620.00000000
v 884.91990000 21.98945000 1603.75000000
v 885.68630000 21.69880000 1620.00000000
v 885.68630000 21.69880000 1603.75000000
v 886.50000000 21.60000000 1620.00000000
v 886.50000000 21.60000000 1603.75000000
v 885.61390000 25.70662000 1602.38800000
v 886.50000000 25.00000000 1601.70700000
v 886.00830000 26.02110000 1602.38800000
v 885.51650000 27.04220000 1603.06900000
v 885.39510000 25.25219000 1602.38800000
v 884.72780000 26.41324000 1603.06900000
v 885.39510000 24.74781000 1602.38800000
v 884.29020000 25.50438000 1603.06900000
v 885.61390000 24.29338000 1602.38800000
v 884.29020000 24.49562000 1603.06900000
v 886.00830000 23.97890000 1602.38800000
v 884.72780000 23.58676000 1603.06900000
v 885.51650000 22.95780000 1603.06900000
v 893.00000000 -59.77667000 1555.17200000
v 893.00000000 -60.00000000 1550.00000000
v 1043.90900000 -58.97911000 1561.02100000
v 893.00000000 -59.10835000 1560.30600000
v 893.00000000 -58.00000000 1565.36200000
v 1043.90900000 -55.95116000 1571.66700000
v 750.87280000 -54.12218000 1575.90000000
v 750.87280000 -58.00000000 1565.36200000
v 1043.90900000 -51.01922000 1581.57600000
v 750.87280000 -48.34900000 1585.53000000
v 1043.90900000 -44.35109000 1590.41000000
v 894.50000000 -35.00000000 1598.73400000
v 1043.90900000 -36.17371000 1597.86900000
v 750.87280000 -40.88264000 1593.91600000
v 878.50000000 -35.00000000 1598.73400000
v 1043.90900000 -26.76534000 1603.69900000
v 794.50000000 -35.00000000 1598.73400000
v 778.50000000 -35.00000000 1598.73400000
v 894.50000000 -25.82076000 1604.16000000
v 750.87280000 -31.98456000 1600.76400000
v 1043.90900000 -16.44616000 1607.70200000
v 894.50000000 -15.82603000 1607.87500000
v 1043.90900000 -5.56731200 1609.74100000
v 750.87280000 -21.96638000 1605.83400000
v 778.50000000 -25.82076000 1604.16000000
v 894.50000000 -5.33147300 1609.76300000
v 1043.10200000 -1.89151500 1609.97000000
v 1043.10200000 1.89069000 1609.97000000
v 750.87280000 -11.17893000 1608.94900000
v 778.50000000 -15.82603000 1607.87500000
v 894.50000000 5.33147300 1609.76300000
v 1043.90900000 5.56731200 1609.74100000
v 750.87280000 0.00000000 1610.00000000
v 778.50000000 -5.33147300 1609.76300000
v 894.50000000 15.82603000 1607.87500000
v 1043.90900000 15.73644000 1607.90000000
v 1043.90900000 25.43871000 1604.34000000
v 750.87280000 11.17893000 1608.94900000
v 778.50000000 5.33147300 1609.76300000
v 894.50000000 25.82076000 1604.16000000
v 1043.90900000 34.38628000 1599.16900000
v 750.87280000 21.96638000 1605.83400000
v 778.50000000 15.82603000 1607.87500000
v 894.50000000 35.00000000 1598.73400000
v 1041.66700000 39.98881000 1594.73100000
v 750.87280000 31.98456000 1600.76400000
v 778.50000000 25.82076000 1604.16000000
v 750.87280000 40.88264000 1593.91600000
v 794.50000000 35.00000000 1598.73400000
v 878.50000000 35.00000000 1598.73400000
v 778.50000000 35.00000000 1598.73400000
v 1040.81500000 43.29798000 1591.53700000
v 750.87280000 48.34900000 1585.53000000
v 1040.50000000 46.43275000 1588.00000000
v 1040.84100000 49.21602000 1584.31900000
v 1041.94700000 51.65145000 1580.53100000
v 750.87280000 54.12218000 1575.90000000
v 1043.90900000 53.66650000 1576.83100000
v 893.00000000 58.00000000 1565.36200000
v 1043.90900000 57.15689000 1568.25100000
v 1043.90900000 59.28496000 1559.23500000
v 893.00000000 59.10835000 1560.30600000
v 750.87280000 58.00000000 1565.36200000
v 893.00000000 59.77667000 1555.17200000
v 1043.90900000 60.00000000 1550.00000000
v 893.00000000 60.00000000 1550.00000000
v 794.50000000 25.82076000 1604.16000000
v 878.50000000 25.82076000 1604.16000000
v 794.50000000 15.82603000 1607.87500000
v 794.50000000 5.33147300 1609.76300000
v 794.50000000 -5.33147300 1609.76300000
v 794.50000000 -15.82603000 1607.87500000
v 794.50000000 -25.82076000 1604.16000000
v 878.50000000 15.82603000 1607.87500000
v 878.50000000 5.33147300 1609.76300000
v 878.50000000 -5.33147300 1609.76300000
v 878.50000000 -15.82603000 1607.87500000
v 878.50000000 -25.82076000 1604.16000000
v 749.12780000 -54.10719000 1576.00100000
v 741.37110000 -58.00000000 1566.50000000
v 749.12780000 -58.00000000 1565.48100000
v 741.37110000 58.00000000 1566.50000000
v 749.12780000 54.10719000 1576.00100000
v 749.12780000 58.00000000 1565.48100000
v 720.76260000 -52.84573000 1580.51000000
v 683.00000000 -60.11645000 1566.50000000
v 749.12780000 -48.32504000 1585.61400000
v 720.76260000 -43.14836000 1593.14800000
v 749.12780000 -40.85544000 1593.98300000
v 749.12780000 -31.95924000 1600.81600000
v 692.39750000 -53.70356000 1581.00600000
v 720.76260000 -30.51050000 1602.84600000
v 749.12780000 -21.94706000 1605.87500000
v 664.03230000 -60.85531000 1566.30600000
v 683.00000000 -62.33969000 1550.00000000
v 683.00000000 -62.09135000 1555.55900000
v 683.00000000 -61.34829000 1561.07400000
v 692.39750000 -43.84877000 1593.84900000
v 720.76260000 -15.79339000 1608.94200000
v 749.12780000 -11.16852000 1608.98200000
v 664.03230000 -54.56138000 1581.50100000
v 692.39750000 -31.00576000 1603.70400000
v 720.76260000 0.00000000 1611.02100000
v 749.12780000 0.00000000 1610.03000000
v 749.12780000 11.16852000 1608.98200000
v 635.66720000 -61.81210000 1566.56300000
v 664.03230000 -44.54918000 1594.54900000
v 692.39750000 -16.04976000 1609.89900000
v 720.76260000 15.79339000 1608.94200000
v 749.12780000 21.94706000 1605.87500000
v 635.66720000 -55.41921000 1581.99600000
v 664.03230000 -31.50103000 1604.56100000
v 692.39750000 0.00000000 1612.01200000
v 720.76260000 30.51050000 1602.84600000
v 749.12780000 31.95924000 1600.81600000
v 635.66720000 -45.24959000 1595.25000000
v 664.03230000 -16.30613000 1610.85500000
v 692.39750000 16.04976000 1609.89900000
v 720.76260000 43.14836000 1593.14800000
v 749.12780000 40.85544000 1593.98300000
v 749.12780000 48.32504000 1585.61400000
v 635.66720000 -31.99630000 1605.41900000
v 664.03230000 0.00000000 1613.00200000
v 692.39750000 31.00576000 1603.70400000
v 720.76260000 52.84573000 1580.51000000
v 683.00000000 60.11645000 1566.50000000
v 635.66720000 -16.56250000 1611.81200000
v 664.03230000 16.30613000 1610.85500000
v 692.39750000 43.84877000 1593.84900000
v 635.66720000 0.00000000 1613.99300000
v 664.03230000 31.50103000 1604.56100000
v 692.39750000 53.70356000 1581.00600000
v 635.66720000 16.56250000 1611.81200000
v 664.03230000 44.54918000 1594.54900000
v 635.66720000 31.99630000 1605.41900000
v 664.03230000 54.56138000 1581.50100000
v 635.66720000 45.24959000 1595.25000000
v 664.03230000 60.85531000 1566.30600000
v 683.00000000 61.34829000 1561.07400000
v 683.00000000 62.09135000 1555.55900000
v 683.00000000 62.33969000 1550.00000000
v 635.66720000 55.41921000 1581.99600000
v 635.66720000 61.81210000 1566.56300000
v 1052.15400000 60.00000000 1569.82500000
v 1056.47900000 60.00000000 1568.40800000
v 1052.17200000 57.86105000 1569.81600000
v 1048.26100000 60.00000000 1572.18200000
v 1048.16700000 56.04673000 1572.25500000
v 1045.86000000 54.89568000 1574.37400000
v 1045.00100000 60.00000000 1575.35900000
v 1042.54500000 60.00000000 1579.19100000
v 1041.01800000 60.00000000 1583.47800000
v 1040.50000000 60.00000000 1588.00000000
v 1079.45100000 52.54722000 1608.00000000
v 1073.50000000 17.50000000 1622.00000000
v 1073.50000000 -17.50000000 1622.00000000
v 1073.67600000 39.45259000 1612.86500000
v 1072.93400000 45.47246000 1608.00000000
v 1066.42600000 37.64015000 1608.00000000
v 1061.11600000 30.27355000 1608.00000000
v 1061.11600000 26.13708000 1609.97800000
v 1073.67600000 23.60347000 1620.36700000
v 1061.11600000 21.87225000 1611.66100000
v 1061.11600000 17.50000000 1613.04200000
v 1073.67600000 6.43691400 1623.94000000
v 1071.00800000 7.12256100 1622.00000000
v 1070.63300000 -3.57441100 1622.00000000
v 1073.67600000 -11.08891000 1623.38700000
v 1071.61700000 -10.61526000 1622.00000000
v 1073.67600000 -27.99581000 1618.73700000
v 1061.11600000 -17.50000000 1613.04200000
v 1061.11600000 -28.83978000 1608.72600000
v 1073.67600000 -43.34013000 1610.25100000
v 1061.11600000 -39.18770000 1602.39100000
v 1061.11600000 -48.18790000 1594.25400000
v 1073.67600000 -56.26542000 1598.40200000
v 1061.11600000 -55.53082000 1584.59500000
v 1073.67600000 -66.05026000 1583.85200000
v 1061.11600000 -60.96393000 1573.74600000
v 1073.67600000 -72.14851000 1567.41200000
v 1061.11600000 -64.30039000 1562.08100000
v 1086.23600000 -20.37877000 1469.52600000
v 1086.23600000 -33.34640000 1473.97800000
v 1073.50000000 -17.50000000 1478.00000000
v 1086.23600000 -6.85525400 1467.26900000
v 1071.00800000 -7.12256100 1478.00000000
v 1086.23600000 6.85525400 1467.26900000
v 1071.61700000 10.61526000 1478.00000000
v 1073.50000000 17.50000000 1478.00000000
v 1086.23600000 20.37877000 1469.52600000
v 1086.23600000 33.34640000 1473.97800000
v 1073.67600000 -72.35895000 1533.48500000
v 1086.23600000 -78.51621000 1523.04500000
v 1086.23600000 -81.88195000 1536.33600000
v 1073.67600000 -66.86972000 1517.79700000
v 1086.23600000 -73.00877000 1510.49000000
v 1073.67600000 -58.02737000 1503.72500000
v 1086.23600000 -56.22395000 1488.92500000
v 1086.23600000 -65.50983000 1499.01200000
v 1073.67600000 -46.27528000 1491.97300000
v 1086.23600000 -45.40444000 1480.50300000
v 1073.67600000 -32.20276000 1483.13000000
v 1073.67600000 0.00000000 1475.78000000
v 1070.63300000 3.57441100 1478.00000000
v 1073.67600000 32.20276000 1483.13000000
v 1061.11600000 17.50000000 1486.95800000
v 1061.11600000 28.83978000 1491.27400000
v 1061.11600000 39.18770000 1497.60900000
v 1086.23600000 45.40444000 1480.50300000
v 1073.67600000 46.27528000 1491.97300000
v 1061.11600000 48.18790000 1505.74600000
v 1086.23600000 56.22395000 1488.92500000
v 1073.67600000 58.02737000 1503.72500000
v 1061.11600000 55.53082000 1515.40500000
v 1086.23600000 73.00877000 1510.49000000
v 1086.23600000 65.50983000 1499.01200000
v 1073.67600000 66.86972000 1517.79700000
v 1061.11600000 60.96393000 1526.25400000
v 1086.23600000 78.51621000 1523.04500000
v 1073.67600000 72.35895000 1533.48500000
v 1061.11600000 64.30039000 1537.91900000
v 1061.11600000 65.42544000 1550.00000000
v 1086.23600000 81.88195000 1536.33600000
v 565.00000000 -113.00000000 1550.00000000
v 588.00000000 -113.00000000 1550.00000000
v 588.00000000 -111.84980000 1566.08200000
v 565.00000000 -111.84980000 1566.08200000
v 588.00000000 -108.42270000 1581.83600000
v 565.00000000 -108.42270000 1581.83600000
v 588.00000000 -102.78840000 1596.94200000
v 565.00000000 -102.78840000 1596.94200000
v 588.00000000 -95.06165000 1611.09200000
v 565.00000000 -95.06165000 1611.09200000
v 588.00000000 -85.39970000 1623.99900000
v 565.00000000 -85.39970000 1623.99900000
v 588.00000000 -73.99926000 1635.40000000
v 565.00000000 -73.99926000 1635.40000000
v 588.00000000 -61.09241000 1645.06200000
v 565.00000000 -61.09241000 1645.06200000
v 588.00000000 -46.94190000 1652.78800000
v 565.00000000 -46.94190000 1652.78800000
v 588.00000000 -31.83578000 1658.42300000
v 565.00000000 -31.83578000 1658.42300000
v 588.00000000 -16.08158000 1661.85000000
v 565.00000000 -16.08158000 1661.85000000
v 588.00000000 0.00000000 1663.00000000
v 565.00000000 0.00000000 1663.00000000
v 588.00000000 16.08158000 1661.85000000
v 565.00000000 16.08158000 1661.85000000
v 588.00000000 31.83578000 1658.42300000
v 565.00000000 31.83578000 1658.42300000
v 565.00000000 46.94190000 1652.78800000
v 588.00000000 46.94190000 1652.78800000
v 588.00000000 61.09241000 1645.06200000
v 565.00000000 61.09241000 1645.06200000
v 588.00000000 73.99926000 1635.40000000
v 565.00000000 73.99926000 1635.40000000
v 565.00000000 85.39970000 1623.99900000
v 588.00000000 85.39970000 1623.99900000
v 588.00000000 95.06165000 1611.09200000
v 565.00000000 95.06165000 1611.09200000
v 565.00000000 102.78840000 1596.94200000
v 588.00000000 102.78840000 1596.94200000
v 565.00000000 108.42270000 1581.83600000
v 588.00000000 108.42270000 1581.83600000
v 565.00000000 111.84980000 1566.08200000
v 588.00000000 111.84980000 1566.08200000
v 565.00000000 113.00000000 1550.00000000
v 588.00000000 113.00000000 1550.00000000
v 554.00000000 -80.50000000 1550.00000000
v 565.00000000 -80.50000000 1550.00000000
v 565.00000000 -79.40208000 1563.25000000
v 554.00000000 -79.40208000 1563.25000000
v 565.00000000 -76.13829000 1576.13800000
v 554.00000000 -76.13829000 1576.13800000
v 554.00000000 -70.79764000 1588.31400000
v 565.00000000 -70.79764000 1588.31400000
v 554.00000000 -63.52581000 1599.44400000
v 565.00000000 -63.52581000 1599.44400000
v 554.00000000 -54.52117000 1609.22600000
v 565.00000000 -54.52117000 1609.22600000
v 565.00000000 -44.02933000 1617.39200000
v 554.00000000 -44.02933000 1617.39200000
v 554.00000000 -32.33648000 1623.72000000
v 565.00000000 -32.33648000 1623.72000000
v 554.00000000 -19.76158000 1628.03700000
v 565.00000000 -19.76158000 1628.03700000
v 554.00000000 -6.64763700 1630.22500000
v 565.00000000 -6.64763700 1630.22500000
v 554.00000000 6.64763700 1630.22500000
v 565.00000000 6.64763700 1630.22500000
v 565.00000000 19.76158000 1628.03700000
v 554.00000000 19.76158000 1628.03700000
v 565.00000000 32.33648000 1623.72000000
v 554.00000000 32.33648000 1623.72000000
v 554.00000000 44.02933000 1617.39200000
v 565.00000000 44.02933000 1617.39200000
v 554.00000000 54.52117000 1609.22600000
v 565.00000000 54.52117000 1609.22600000
v 554.00000000 63.52581000 1599.44400000
v 565.00000000 63.52581000 1599.44400000
v 554.00000000 70.79764000 1588.31400000
v 565.00000000 70.79764000 1588.31400000
v 565.00000000 76.13829000 1576.13800000
v 554.00000000 76.13829000 1576.13800000
v 565.00000000 79.40208000 1563.25000000
v 554.00000000 79.40208000 1563.25000000
v 554.00000000 80.50000000 1550.00000000
v 565.00000000 80.50000000 1550.00000000
v 1120.50000000 -78.90890000 1536.83200000
v 1103.50000000 -80.00000000 1550.00000000
v 1120.50000000 -80.00000000 1550.00000000
v 1103.50000000 -78.90890000 1536.83200000
v 1103.50000000 -75.66538000 1524.02400000
v 1120.50000000 -75.66538000 1524.02400000
v 1120.50000000 -70.35790000 1511.92400000
v 1103.50000000 -70.35790000 1511.92400000
v 1103.50000000 -63.13124000 1500.86300000
v 1120.50000000 -63.13124000 1500.86300000
v 1120.50000000 -54.18253000 1491.14200000
v 1103.50000000 -54.18253000 1491.14200000
v 1120.50000000 -43.75585000 1483.02700000
v 1103.50000000 -43.75585000 1483.02700000
v 1120.50000000 -32.13563000 1476.73800000
v 1103.50000000 -32.13563000 1476.73800000
v 1103.50000000 -19.63884000 1472.44800000
v 1120.50000000 -19.63884000 1472.44800000
v 1120.50000000 -6.60634800 1470.27300000
v 1103.50000000 -6.60634800 1470.27300000
v 1103.50000000 6.60634800 1470.27300000
v 1120.50000000 6.60634800 1470.27300000
v 1103.50000000 19.63884000 1472.44800000
v 1120.50000000 19.63884000 1472.44800000
v 1103.50000000 32.13563000 1476.73800000
v 1120.50000000 32.13563000 1476.73800000
v 1103.50000000 43.75585000 1483.02700000
v 1120.50000000 43.75585000 1483.02700000
v 1103.50000000 54.18253000 1491.14200000
v 1120.50000000 54.18253000 1491.14200000
v 1103.50000000 63.13124000 1500.86300000
v 1120.50000000 63.13124000 1500.86300000
v 1103.50000000 70.35790000 1511.92400000
v 1120.50000000 70.35790000 1511.92400000
v 1120.50000000 75.66538000 1524.02400000
v 1103.50000000 75.66538000 1524.02400000
v 1103.50000000 78.90890000 1536.83200000
v 1120.50000000 78.90890000 1536.83200000
v 1120.50000000 80.00000000 1550.00000000
v 1103.50000000 80.00000000 1550.00000000
v 541.50000000 -58.84712000 1561.70500000
v 541.50000000 -60.00000000 1550.00000000
v 541.50000000 -55.43277000 1572.96100000
v 541.50000000 -49.88818000 1583.33400000
v 541.50000000 -42.42641000 1592.42600000
v 541.50000000 -33.33421000 1599.88800000
v 541.50000000 -22.96101000 1605.43300000
v 541.50000000 -11.70542000 1608.84700000
v 541.50000000 0.00000000 1610.00000000
v 541.50000000 11.70542000 1608.84700000
v 541.50000000 22.96101000 1605.43300000
v 541.50000000 33.33421000 1599.88800000
v 541.50000000 42.42641000 1592.42600000
v 541.50000000 49.88818000 1583.33400000
v 541.50000000 55.43277000 1572.96100000
v 541.50000000 58.84712000 1561.70500000
v 541.50000000 60.00000000 1550.00000000
v 541.50000000 52.50000000 1550.00000000
v 557.50000000 51.35275000 1539.08500000
v 557.50000000 52.50000000 1550.00000000
v 541.50000000 51.35275000 1539.08500000
v 557.50000000 47.96114000 1528.64600000
v 541.50000000 47.96114000 1528.64600000
v 557.50000000 42.47339000 1519.14100000
v 541.50000000 42.47339000 1519.14100000
v 557.50000000 35.12936000 1510.98500000
v 541.50000000 35.12936000 1510.98500000
v 541.50000000 26.25000000 1504.53400000
v 557.50000000 26.25000000 1504.53400000
v 557.50000000 16.22339000 1500.07000000
v 541.50000000 16.22339000 1500.07000000
v 541.50000000 5.48774400 1497.78800000
v 557.50000000 5.48774400 1497.78800000
v 541.50000000 -5.48774400 1497.78800000
v 557.50000000 -5.48774400 1497.78800000
v 541.50000000 -16.22339000 1500.07000000
v 557.50000000 -16.22339000 1500.07000000
v 541.50000000 -26.25000000 1504.53400000
v 557.50000000 -26.25000000 1504.53400000
v 541.50000000 -35.12936000 1510.98500000
v 557.50000000 -35.12936000 1510.98500000
v 541.50000000 -42.47339000 1519.14100000
v 557.50000000 -42.47339000 1519.14100000
v 541.50000000 -47.96114000 1528.64600000
v 557.50000000 -47.96114000 1528.64600000
v 541.50000000 -51.35275000 1539.08500000
v 557.50000000 -51.35275000 1539.08500000
v 557.50000000 -52.50000000 1550.00000000
v 541.50000000 -52.50000000 1550.00000000
v 893.00000000 59.77667000 1544.82800000
v 1043.90900000 58.97911000 1538.97900000
v 893.00000000 59.10835000 1539.69400000
v 893.00000000 58.00000000 1534.63800000
v 1043.90900000 55.95116000 1528.33300000
v 750.87280000 54.12218000 1524.10000000
v 1043.90900000 51.01922000 1518.42400000
v 750.87280000 58.00000000 1534.63800000
v 809.43960000 58.00000000 1534.63800000
v 815.45380000 58.00000000 1534.63800000
v 750.87280000 48.34900000 1514.47000000
v 1043.90900000 44.35109000 1509.59000000
v 750.87280000 40.88264000 1506.08400000
v 1043.90900000 36.17371000 1502.13100000
v 750.87280000 31.98456000 1499.23600000
v 1043.90900000 26.76534000 1496.30100000
v 750.87280000 21.96638000 1494.16600000
v 1043.90900000 16.44616000 1492.29800000
v 750.87280000 11.17893000 1491.05100000
v 1043.90900000 5.56731200 1490.25900000
v 750.87280000 0.00000000 1490.00000000
v 1043.10200000 1.89151500 1490.03000000
v 1043.10200000 -1.89069000 1490.03000000
v 750.87280000 -11.17893000 1491.05100000
v 750.87280000 -21.96638000 1494.16600000
v 750.87280000 -31.98456000 1499.23600000
v 750.87280000 -40.88264000 1506.08400000
v 750.87280000 -48.34900000 1514.47000000
v 750.87280000 -54.12218000 1524.10000000
v 893.00000000 -58.00000000 1534.63800000
v 893.00000000 -59.10835000 1539.69400000
v 766.56040000 -58.00000000 1534.63800000
v 760.54620000 -58.00000000 1534.63800000
v 750.87280000 -58.00000000 1534.63800000
v 893.00000000 -59.77667000 1544.82800000
v 702.19230000 58.00000000 1535.00000000
v 683.00000000 58.00000000 1533.50000000
v 699.50000000 58.00000000 1535.00000000
v 683.00000000 58.00000000 1566.50000000
v 699.50000000 58.00000000 1565.00000000
v 702.19230000 58.00000000 1565.00000000
v 728.53850000 58.00000000 1544.61500000
v 710.50360000 58.00000000 1535.00000000
v 714.93870000 58.00000000 1544.61500000
v 733.09980000 58.00000000 1535.00000000
v 741.37110000 58.00000000 1533.50000000
v 736.03850000 58.00000000 1535.00000000
v 743.26520000 58.00000000 1539.48800000
v 745.38400000 58.00000000 1537.47000000
v 741.50270000 58.00000000 1542.22100000
v 747.67540000 58.00000000 1536.17200000
v 749.12780000 58.00000000 1534.51900000
v 750.20650000 58.00000000 1535.43700000
v 752.69380000 58.00000000 1535.09600000
v 755.20310000 58.00000000 1535.00000000
v 740.81230000 58.00000000 1555.55400000
v 740.10130000 58.00000000 1552.62700000
v 721.80770000 58.00000000 1565.00000000
v 764.50000000 58.00000000 1535.00000000
v 742.07790000 58.00000000 1558.28700000
v 743.89220000 58.00000000 1560.68900000
v 721.42310000 58.00000000 1565.00000000
v 746.21630000 58.00000000 1562.60100000
v 748.92310000 58.00000000 1563.91800000
v 750.97680000 58.00000000 1564.46300000
v 753.63670000 58.00000000 1564.81600000
v 758.44230000 58.00000000 1565.00000000
v 804.97930000 58.00000000 1537.90100000
v 806.73320000 58.00000000 1536.09000000
v 795.26920000 58.00000000 1535.00000000
v 808.01710000 58.00000000 1535.23400000
v 804.04210000 58.00000000 1539.51700000
v 803.35220000 58.00000000 1541.91100000
v 806.46980000 58.00000000 1540.98300000
v 808.30860000 58.00000000 1538.70400000
v 807.25670000 58.00000000 1539.73600000
v 809.56960000 58.00000000 1537.93900000
v 810.96660000 58.00000000 1537.46700000
v 812.43270000 58.00000000 1537.30800000
v 805.96030000 58.00000000 1542.36800000
v 802.96150000 58.00000000 1546.88100000
v 813.94130000 58.00000000 1537.46100000
v 819.01090000 58.00000000 1541.42900000
v 818.34840000 58.00000000 1540.10200000
v 817.54830000 58.00000000 1539.20600000
v 816.67540000 58.00000000 1538.56700000
v 819.37980000 58.00000000 1543.03500000
v 815.39030000 58.00000000 1537.91100000
v 805.69740000 58.00000000 1544.68800000
v 819.50000000 58.00000000 1547.02500000
v 805.65380000 58.00000000 1547.02500000
v 837.19230000 58.00000000 1535.00000000
v 817.46900000 58.00000000 1535.45100000
v 819.24360000 58.00000000 1536.70400000
v 820.53240000 58.00000000 1538.17500000
v 821.18730000 58.00000000 1539.32300000
v 821.65750000 58.00000000 1540.55900000
v 822.10620000 58.00000000 1543.70200000
v 819.50000000 58.00000000 1565.00000000
v 805.65380000 58.00000000 1565.00000000
v 837.19230000 58.00000000 1549.26100000
v 822.19230000 58.00000000 1546.88100000
v 854.88460000 58.00000000 1535.00000000
v 839.88460000 58.00000000 1535.00000000
v 839.88460000 58.00000000 1549.26100000
v 827.57690000 58.00000000 1565.00000000
v 822.19230000 58.00000000 1565.00000000
v 846.41710000 58.00000000 1565.00000000
v 838.53250000 58.00000000 1552.10900000
v 830.65990000 58.00000000 1565.00000000
v 872.96150000 58.00000000 1549.61500000
v 872.96150000 58.00000000 1535.00000000
v 857.57690000 58.00000000 1535.00000000
v 857.57690000 58.00000000 1549.61500000
v 872.96150000 58.00000000 1552.69200000
v 857.57690000 58.00000000 1552.69200000
v 857.57690000 58.00000000 1565.00000000
v 872.96150000 58.00000000 1565.00000000
v 875.65380000 58.00000000 1535.00000000
v 772.19230000 58.00000000 1535.00000000
v 772.80530000 58.00000000 1535.00000000
v 792.57690000 58.00000000 1535.00000000
v 707.57690000 58.00000000 1535.00000000
v 764.50000000 58.00000000 1565.00000000
v 772.19230000 58.00000000 1565.00000000
v 774.88460000 58.00000000 1565.00000000
v 794.70430000 58.00000000 1565.00000000
v 795.26920000 58.00000000 1565.00000000
v 802.96150000 58.00000000 1565.00000000
v 849.50000000 58.00000000 1565.00000000
v 854.88460000 58.00000000 1565.00000000
v 875.65380000 58.00000000 1565.00000000
v 792.57690000 58.00000000 1558.55800000
v 774.88460000 58.00000000 1541.38800000
v 740.30270000 58.00000000 1545.62800000
v 739.88460000 58.00000000 1549.62100000
v 813.91580000 58.00000000 1534.33100000
v 812.28250000 58.00000000 1534.23100000
v 810.84560000 58.00000000 1534.32700000
v 749.12780000 54.10719000 1523.99900000
v 749.12780000 48.32504000 1514.38600000
v 749.12780000 40.85544000 1506.01700000
v 749.12780000 31.95924000 1499.18400000
v 749.12780000 -40.85544000 1506.01700000
v 749.12780000 -31.95924000 1499.18400000
v 749.12780000 -48.32504000 1514.38600000
v 749.12780000 -54.10719000 1523.99900000
v 749.12780000 -58.00000000 1534.51900000
v 749.70930000 28.89025000 1497.39800000
v 749.12780000 21.94706000 1494.12500000
v 750.29100000 15.14402000 1491.93900000
v 749.70930000 15.14658000 1491.92900000
v 749.12780000 11.16852000 1491.01800000
v 750.29100000 0.00000000 1489.99700000
v 749.12780000 -11.16852000 1491.01800000
v 749.70930000 0.00000000 1489.98600000
v 749.12780000 0.00000000 1489.97000000
v 750.29100000 -15.14402000 1491.93900000
v 749.12780000 -21.94706000 1494.12500000
v 749.70930000 -15.14658000 1491.92900000
v 749.70930000 -28.89025000 1497.39800000
v 873.80770000 -58.00000000 1535.00000000
v 876.50000000 -58.00000000 1535.00000000
v 868.42310000 -58.00000000 1535.00000000
v 865.49640000 -58.00000000 1535.00000000
v 876.50000000 -58.00000000 1565.00000000
v 847.46150000 -58.00000000 1544.61500000
v 861.06130000 -58.00000000 1544.61500000
v 842.90020000 -58.00000000 1535.00000000
v 830.60010000 -58.00000000 1537.45900000
v 839.96150000 -58.00000000 1535.00000000
v 832.40370000 -58.00000000 1539.10200000
v 833.85280000 -58.00000000 1541.06600000
v 828.30640000 -58.00000000 1536.16500000
v 834.95700000 -58.00000000 1543.24300000
v 824.80760000 -58.00000000 1535.26400000
v 820.79690000 -58.00000000 1535.00000000
v 834.44670000 -58.00000000 1557.33200000
v 835.64030000 -58.00000000 1553.98400000
v 854.19230000 -58.00000000 1565.00000000
v 832.64750000 -58.00000000 1560.08900000
v 830.48990000 -58.00000000 1562.11900000
v 828.84940000 -58.00000000 1563.14400000
v 827.07690000 -58.00000000 1563.91800000
v 825.02020000 -58.00000000 1564.46300000
v 822.36330000 -58.00000000 1564.81600000
v 771.17300000 -58.00000000 1538.11300000
v 769.89100000 -58.00000000 1536.63500000
v 780.73080000 -58.00000000 1535.00000000
v 768.34290000 -58.00000000 1535.44000000
v 772.09110000 -58.00000000 1539.83900000
v 803.19470000 -58.00000000 1535.00000000
v 783.42310000 -58.00000000 1535.00000000
v 772.85470000 -58.00000000 1543.31800000
v 769.53020000 -58.00000000 1540.98300000
v 767.69140000 -58.00000000 1538.70400000
v 768.74330000 -58.00000000 1539.73600000
v 766.43040000 -58.00000000 1537.93900000
v 765.03340000 -58.00000000 1537.46700000
v 763.56730000 -58.00000000 1537.30800000
v 770.03970000 -58.00000000 1542.36800000
v 761.92970000 -58.00000000 1537.49000000
v 757.32940000 -58.00000000 1540.65000000
v 757.94380000 -58.00000000 1539.72300000
v 758.93110000 -58.00000000 1538.82500000
v 756.26560000 -58.00000000 1537.18400000
v 755.10460000 -58.00000000 1538.75700000
v 757.75800000 -58.00000000 1535.91900000
v 759.09930000 -58.00000000 1535.16400000
v 756.93960000 -58.00000000 1541.57300000
v 756.74830000 -58.00000000 1542.29700000
v 760.36680000 -58.00000000 1538.01500000
v 754.34250000 -58.00000000 1540.55900000
v 756.62020000 -58.00000000 1543.03500000
v 770.34620000 -58.00000000 1547.02500000
v 753.89380000 -58.00000000 1543.70200000
v 756.50000000 -58.00000000 1547.02500000
v 738.80770000 -58.00000000 1535.00000000
v 741.37110000 -58.00000000 1533.50000000
v 736.11540000 -58.00000000 1535.00000000
v 756.50000000 -58.00000000 1565.00000000
v 770.34620000 -58.00000000 1565.00000000
v 738.80770000 -58.00000000 1549.26100000
v 753.80770000 -58.00000000 1546.88100000
v 721.11540000 -58.00000000 1535.00000000
v 736.11540000 -58.00000000 1549.26100000
v 753.80770000 -58.00000000 1565.00000000
v 718.42310000 -58.00000000 1535.00000000
v 748.42310000 -58.00000000 1565.00000000
v 745.34010000 -58.00000000 1565.00000000
v 737.46750000 -58.00000000 1552.10900000
v 729.58290000 -58.00000000 1565.00000000
v 726.50000000 -58.00000000 1565.00000000
v 721.11540000 -58.00000000 1565.00000000
v 703.03850000 -58.00000000 1549.61500000
v 703.03850000 -58.00000000 1535.00000000
v 718.42310000 -58.00000000 1549.61500000
v 703.03850000 -58.00000000 1552.69200000
v 718.42310000 -58.00000000 1552.69200000
v 718.42310000 -58.00000000 1565.00000000
v 683.00000000 -58.00000000 1533.50000000
v 700.34620000 -58.00000000 1535.00000000
v 703.03850000 -58.00000000 1565.00000000
v 683.00000000 -58.00000000 1566.50000000
v 700.34620000 -58.00000000 1565.00000000
v 773.03850000 -58.00000000 1565.00000000
v 780.73080000 -58.00000000 1565.00000000
v 781.29570000 -58.00000000 1565.00000000
v 801.11540000 -58.00000000 1565.00000000
v 803.80770000 -58.00000000 1565.00000000
v 811.50000000 -58.00000000 1565.00000000
v 817.55770000 -58.00000000 1565.00000000
v 854.57690000 -58.00000000 1565.00000000
v 873.80770000 -58.00000000 1565.00000000
v 811.50000000 -58.00000000 1535.00000000
v 803.80770000 -58.00000000 1535.00000000
v 783.42310000 -58.00000000 1558.55800000
v 801.11540000 -58.00000000 1541.38800000
v 773.03850000 -58.00000000 1546.88100000
v 835.68490000 -58.00000000 1545.57400000
v 836.01150000 -58.00000000 1547.58500000
v 836.11540000 -58.00000000 1549.62100000
v 762.08270000 -58.00000000 1534.33100000
v 763.71750000 -58.00000000 1534.23100000
v 765.15460000 -58.00000000 1534.32700000
v 1060.50000000 -17.50000000 1612.60500000
v 1058.60300000 -17.39688000 1611.42900000
v 1051.01000000 -14.70318000 1609.04900000
v 1048.34600000 -12.59136000 1609.00100000
v 1045.70100000 -9.33970900 1609.32300000
v 1055.81100000 -55.35699000 1578.93300000
v 1049.95500000 -53.72056000 1578.07700000
v 1055.81100000 -46.19889000 1592.03800000
v 1049.95500000 -44.83318000 1590.79500000
v 1055.81100000 -34.00528000 1602.39400000
v 1049.95500000 -33.00003000 1600.84500000
v 1053.89700000 -61.25106000 1557.52300000
v 1052.93000000 -60.33842000 1561.30600000
v 1055.81100000 -59.52279000 1568.93500000
v 1052.93000000 -59.05525000 1566.76400000
v 1049.95500000 -58.79463000 1564.74500000
v 1052.93000000 -57.22415000 1572.22500000
v 1053.90300000 -56.66561000 1574.44600000
v 1051.94700000 -29.18152000 1603.67700000
v 1052.93000000 -27.22258000 1605.02300000
v 1053.20900000 -23.58065000 1606.77600000
v 1053.76200000 -16.15090000 1609.51100000
v 1056.63100000 -17.06694000 1610.46900000
v 1056.31200000 -16.99148000 1478.00000000
v 1060.50000000 -17.50000000 1478.00000000
v 1052.36700000 -15.49548000 1478.00000000
v 1048.89500000 -13.09894000 1478.00000000
v 1046.09800000 -9.94113300 1478.00000000
v 1044.13700000 -6.20558600 1478.00000000
v 1043.12800000 -2.10939200 1478.00000000
v 1043.12800000 2.10939200 1478.00000000
v 1044.13700000 6.20558600 1478.00000000
v 1045.70100000 9.33970900 1490.67700000
v 1046.09800000 9.94113300 1478.00000000
v 1048.34600000 12.59136000 1490.99900000
v 1048.89500000 13.09894000 1478.00000000
v 1051.01000000 14.70318000 1490.95100000
v 1052.36700000 15.49548000 1478.00000000
v 1053.76200000 16.15090000 1490.48900000
v 1056.31200000 16.99148000 1478.00000000
v 1056.63100000 17.06694000 1489.53100000
v 1058.60300000 17.39688000 1488.57100000
v 1060.50000000 17.50000000 1487.39500000
v 1060.50000000 17.50000000 1478.00000000
v 1061.11600000 60.00000000 1576.08600000
v 1061.11600000 62.99524000 1567.66600000
v 1055.81100000 61.67358000 1540.10700000
v 1049.95500000 59.85043000 1540.40000000
v 1055.81100000 59.05592000 1529.65600000
v 1049.95500000 57.31014000 1530.25700000
v 1055.81100000 54.60063000 1519.66400000
v 1049.95500000 52.98656000 1520.56100000
v 1055.81100000 48.47044000 1510.60300000
v 1049.95500000 47.03759000 1511.76800000
v 1055.81100000 40.97875000 1502.85900000
v 1049.95500000 39.76736000 1504.25300000
v 1054.13400000 60.59730000 1562.11300000
v 1061.11600000 64.81504000 1558.91600000
v 1052.93000000 60.73863000 1558.90900000
v 1055.81100000 62.39536000 1552.88300000
v 1052.93000000 61.24223000 1554.23500000
v 1049.95500000 60.32582000 1555.91900000
v 1052.93000000 61.38849000 1550.00000000
v 1051.94700000 61.01292000 1546.80000000
v 1052.93000000 27.22255000 1494.97700000
v 1053.20900000 23.54953000 1493.21200000
v 739.88460000 60.00000000 1549.62100000
v 740.30500000 60.00000000 1545.61700000
v 741.50360000 60.00000000 1542.22000000
v 743.26980000 60.00000000 1539.48200000
v 745.39350000 60.00000000 1537.46300000
v 747.67360000 60.00000000 1536.17300000
v 750.21430000 60.00000000 1535.43500000
v 752.69330000 60.00000000 1535.09600000
v 755.20310000 60.00000000 1535.00000000
v 748.92310000 60.00000000 1563.91800000
v 746.21630000 60.00000000 1562.60100000
v 743.89220000 60.00000000 1560.68900000
v 742.07790000 60.00000000 1558.28700000
v 740.81230000 60.00000000 1555.55400000
v 740.10130000 60.00000000 1552.62700000
v 753.63670000 60.00000000 1564.81600000
v 758.44230000 60.00000000 1565.00000000
v 750.97680000 60.00000000 1564.46300000
v 764.50000000 60.00000000 1565.00000000
v 764.50000000 60.00000000 1535.00000000
v 875.65380000 60.00000000 1535.00000000
v 872.96150000 60.00000000 1535.00000000
v 872.96150000 60.00000000 1549.61500000
v 857.57690000 60.00000000 1549.61500000
v 857.57690000 60.00000000 1535.00000000
v 854.88460000 60.00000000 1535.00000000
v 854.88460000 60.00000000 1565.00000000
v 857.57690000 60.00000000 1565.00000000
v 857.57690000 60.00000000 1552.69200000
v 872.96150000 60.00000000 1552.69200000
v 872.96150000 60.00000000 1565.00000000
v 875.65380000 60.00000000 1565.00000000
v 839.88460000 60.00000000 1549.26100000
v 839.88460000 60.00000000 1535.00000000
v 837.19230000 60.00000000 1535.00000000
v 837.19230000 60.00000000 1549.26100000
v 827.57690000 60.00000000 1565.00000000
v 830.65990000 60.00000000 1565.00000000
v 838.53250000 60.00000000 1552.10900000
v 846.41710000 60.00000000 1565.00000000
v 849.50000000 60.00000000 1565.00000000
v 749.70930000 -28.89025000 1602.60200000
v 750.29100000 -15.14402000 1608.06100000
v 749.70930000 -15.14658000 1608.07100000
v 750.29100000 0.00000000 1610.00300000
v 749.70930000 0.00000000 1610.01400000
v 750.29100000 15.14402000 1608.06100000
v 749.70930000 15.14658000 1608.07100000
v 749.70930000 28.89025000 1602.60200000
v 720.76260000 52.84573000 1519.49000000
v 683.00000000 60.11645000 1533.50000000
v 720.76260000 43.14836000 1506.85200000
v 692.39750000 53.70356000 1518.99400000
v 720.76260000 30.51050000 1497.15400000
v 664.03230000 60.85531000 1533.69400000
v 683.00000000 62.09135000 1544.44100000
v 683.00000000 61.34829000 1538.92600000
v 692.39750000 43.84877000 1506.15100000
v 720.76260000 15.79339000 1491.05800000
v 664.03230000 54.56138000 1518.49900000
v 692.39750000 31.00576000 1496.29600000
v 720.76260000 0.00000000 1488.97900000
v 635.66720000 61.81210000 1533.43700000
v 607.30200000 60.59496000 1526.52500000
v 607.30200000 63.87666000 1538.05900000
v 664.03230000 44.54918000 1505.45100000
v 692.39750000 16.04976000 1490.10100000
v 720.76260000 -15.79339000 1491.05800000
v 635.66720000 55.41921000 1518.00400000
v 607.30200000 48.02311000 1506.22100000
v 607.30200000 55.24977000 1515.79100000
v 664.03230000 31.50103000 1495.43900000
v 692.39750000 0.00000000 1487.98800000
v 720.76260000 -30.51050000 1497.15400000
v 635.66720000 45.24959000 1504.75000000
v 607.30200000 39.16108000 1498.14200000
v 664.03230000 16.30613000 1489.14500000
v 692.39750000 -16.04976000 1490.10100000
v 720.76260000 -43.14836000 1506.85200000
v 635.66720000 31.99630000 1494.58100000
v 607.30200000 28.96547000 1491.82900000
v 664.03230000 0.00000000 1486.99800000
v 692.39750000 -31.00576000 1496.29600000
v 720.76260000 -52.84573000 1519.49000000
v 683.00000000 -60.11645000 1533.50000000
v 635.66720000 16.56250000 1488.18800000
v 607.30200000 5.99588600 1485.29400000
v 607.30200000 17.78348000 1487.49800000
v 664.03230000 -16.30613000 1489.14500000
v 692.39750000 -43.84877000 1506.15100000
v 635.66720000 0.00000000 1486.00700000
v 607.30200000 -5.99588600 1485.29400000
v 664.03230000 -31.50103000 1495.43900000
v 692.39750000 -53.70356000 1518.99400000
v 635.66720000 -16.56250000 1488.18800000
v 607.30200000 -28.96547000 1491.82900000
v 607.30200000 -17.78348000 1487.49800000
v 664.03230000 -44.54918000 1505.45100000
v 635.66720000 -31.99630000 1494.58100000
v 607.30200000 -39.16108000 1498.14200000
v 664.03230000 -54.56138000 1518.49900000
v 635.66720000 -45.24959000 1504.75000000
v 607.30200000 -48.02311000 1506.22100000
v 664.03230000 -60.85531000 1533.69400000
v 683.00000000 -61.34829000 1538.92600000
v 683.00000000 -62.09135000 1544.44100000
v 635.66720000 -55.41921000 1518.00400000
v 607.30200000 -60.59496000 1526.52500000
v 607.30200000 -55.24977000 1515.79100000
v 635.66720000 -61.81210000 1533.43700000
v 607.30200000 -63.87666000 1538.05900000
v 802.96150000 60.00000000 1546.88100000
v 803.55700000 60.00000000 1540.97200000
v 804.22080000 60.00000000 1539.14000000
v 805.32310000 60.00000000 1537.46600000
v 807.10570000 60.00000000 1535.80600000
v 808.69750000 60.00000000 1534.90900000
v 810.45540000 60.00000000 1534.39000000
v 812.28250000 60.00000000 1534.23100000
v 802.96150000 60.00000000 1565.00000000
v 805.65380000 60.00000000 1565.00000000
v 805.65380000 60.00000000 1547.02500000
v 805.96030000 60.00000000 1542.36800000
v 805.69740000 60.00000000 1544.68800000
v 812.43270000 60.00000000 1537.30800000
v 810.96660000 60.00000000 1537.46700000
v 809.56960000 60.00000000 1537.93900000
v 808.30860000 60.00000000 1538.70400000
v 807.25670000 60.00000000 1539.73600000
v 806.46980000 60.00000000 1540.98300000
v 819.37980000 60.00000000 1543.03500000
v 819.01090000 60.00000000 1541.42900000
v 818.34840000 60.00000000 1540.10200000
v 817.54830000 60.00000000 1539.20600000
v 816.67540000 60.00000000 1538.56700000
v 815.39030000 60.00000000 1537.91100000
v 813.94130000 60.00000000 1537.46100000
v 819.50000000 60.00000000 1547.02500000
v 819.50000000 60.00000000 1565.00000000
v 822.19230000 60.00000000 1565.00000000
v 822.19230000 60.00000000 1546.88100000
v 821.65750000 60.00000000 1540.55900000
v 822.10620000 60.00000000 1543.70200000
v 815.21200000 60.00000000 1534.57500000
v 817.44050000 60.00000000 1535.43500000
v 819.24920000 60.00000000 1536.70900000
v 820.55690000 60.00000000 1538.21100000
v 821.19660000 60.00000000 1539.34300000
v 792.57690000 60.00000000 1558.55800000
v 792.57690000 60.00000000 1535.00000000
v 772.80530000 60.00000000 1535.00000000
v 772.19230000 60.00000000 1565.00000000
v 772.19230000 60.00000000 1535.00000000
v 774.88460000 60.00000000 1565.00000000
v 774.88460000 60.00000000 1541.38800000
v 794.70430000 60.00000000 1565.00000000
v 795.26920000 60.00000000 1565.00000000
v 795.26920000 60.00000000 1535.00000000
v 721.80770000 60.00000000 1565.00000000
v 736.03850000 60.00000000 1535.00000000
v 733.09980000 60.00000000 1535.00000000
v 728.53850000 60.00000000 1544.61500000
v 714.93870000 60.00000000 1544.61500000
v 710.50360000 60.00000000 1535.00000000
v 707.57690000 60.00000000 1535.00000000
v 721.42310000 60.00000000 1565.00000000
v 699.50000000 60.00000000 1535.00000000
v 702.19230000 60.00000000 1535.00000000
v 699.50000000 60.00000000 1565.00000000
v 702.19230000 60.00000000 1565.00000000
v 836.11540000 -60.00000000 1549.62100000
v 835.69730000 -60.00000000 1545.62800000
v 834.49730000 -60.00000000 1542.22100000
v 832.73480000 -60.00000000 1539.48800000
v 830.61600000 -60.00000000 1537.47000000
v 828.32460000 -60.00000000 1536.17200000
v 825.79350000 -60.00000000 1535.43700000
v 823.30620000 -60.00000000 1535.09600000
v 820.79690000 -60.00000000 1535.00000000
v 811.50000000 -60.00000000 1535.00000000
v 811.50000000 -60.00000000 1565.00000000
v 817.55770000 -60.00000000 1565.00000000
v 822.36330000 -60.00000000 1564.81600000
v 825.02320000 -60.00000000 1564.46300000
v 827.07690000 -60.00000000 1563.91800000
v 829.78370000 -60.00000000 1562.60100000
v 832.10780000 -60.00000000 1560.68900000
v 833.92210000 -60.00000000 1558.28700000
v 835.18770000 -60.00000000 1555.55400000
v 835.89870000 -60.00000000 1552.62700000
v 703.03850000 -60.00000000 1535.00000000
v 700.34620000 -60.00000000 1535.00000000
v 700.34620000 -60.00000000 1565.00000000
v 703.03850000 -60.00000000 1565.00000000
v 703.03850000 -60.00000000 1552.69200000
v 718.42310000 -60.00000000 1552.69200000
v 718.42310000 -60.00000000 1565.00000000
v 721.11540000 -60.00000000 1565.00000000
v 721.11540000 -60.00000000 1535.00000000
v 718.42310000 -60.00000000 1535.00000000
v 718.42310000 -60.00000000 1549.61500000
v 703.03850000 -60.00000000 1549.61500000
v 736.11540000 -60.00000000 1549.26100000
v 736.11540000 -60.00000000 1535.00000000
v 726.50000000 -60.00000000 1565.00000000
v 729.58290000 -60.00000000 1565.00000000
v 737.46750000 -60.00000000 1552.10900000
v 745.34010000 -60.00000000 1565.00000000
v 748.42310000 -60.00000000 1565.00000000
v 738.80770000 -60.00000000 1549.26100000
v 738.80770000 -60.00000000 1535.00000000
v 763.71750000 -60.00000000 1534.23100000
v 760.78800000 -60.00000000 1534.57500000
v 758.55950000 -60.00000000 1535.43500000
v 756.75080000 -60.00000000 1536.70900000
v 755.44310000 -60.00000000 1538.21100000
v 754.80340000 -60.00000000 1539.34300000
v 754.34250000 -60.00000000 1540.55900000
v 753.89380000 -60.00000000 1543.70200000
v 753.80770000 -60.00000000 1546.88100000
v 753.80770000 -60.00000000 1565.00000000
v 756.50000000 -60.00000000 1565.00000000
v 756.50000000 -60.00000000 1547.02500000
v 756.62020000 -60.00000000 1543.03500000
v 756.98890000 -60.00000000 1541.43100000
v 757.65350000 -60.00000000 1540.09900000
v 758.45340000 -60.00000000 1539.20400000
v 759.32980000 -60.00000000 1538.56300000
v 760.61480000 -60.00000000 1537.91000000
v 762.06180000 -60.00000000 1537.46000000
v 763.56730000 -60.00000000 1537.30800000
v 765.02940000 -60.00000000 1537.46600000
v 766.42730000 -60.00000000 1537.93800000
v 767.68450000 -60.00000000 1538.69800000
v 768.73880000 -60.00000000 1539.73100000
v 769.52830000 -60.00000000 1540.98000000
v 770.03970000 -60.00000000 1542.36800000
v 770.30260000 -60.00000000 1544.68700000
v 770.34620000 -60.00000000 1547.02500000
v 770.34620000 -60.00000000 1565.00000000
v 773.03850000 -60.00000000 1565.00000000
v 773.03850000 -60.00000000 1546.88100000
v 772.44500000 -60.00000000 1540.98000000
v 771.78560000 -60.00000000 1539.15300000
v 770.68330000 -60.00000000 1537.47400000
v 768.90050000 -60.00000000 1535.81000000
v 767.31160000 -60.00000000 1534.91200000
v 765.55340000 -60.00000000 1534.39200000
v 783.42310000 -60.00000000 1558.55800000
v 783.42310000 -60.00000000 1535.00000000
v 780.73080000 -60.00000000 1535.00000000
v 780.73080000 -60.00000000 1565.00000000
v 781.29570000 -60.00000000 1565.00000000
v 801.11540000 -60.00000000 1541.38800000
v 801.11540000 -60.00000000 1565.00000000
v 803.80770000 -60.00000000 1565.00000000
v 803.80770000 -60.00000000 1535.00000000
v 803.19470000 -60.00000000 1535.00000000
v 839.96150000 -60.00000000 1535.00000000
v 854.19230000 -60.00000000 1565.00000000
v 868.42310000 -60.00000000 1535.00000000
v 854.57690000 -60.00000000 1565.00000000
v 865.49640000 -60.00000000 1535.00000000
v 861.06130000 -60.00000000 1544.61500000
v 847.46150000 -60.00000000 1544.61500000
v 842.90020000 -60.00000000 1535.00000000
v 876.50000000 -60.00000000 1535.00000000
v 873.80770000 -60.00000000 1535.00000000
v 873.80770000 -60.00000000 1565.00000000
v 876.50000000 -60.00000000 1565.00000000
v 1041.00100000 60.00000000 1592.45000000
v 1042.48100000 60.00000000 1596.67800000
v 1044.86300000 60.00000000 1600.47000000
v 1048.03000000 60.00000000 1603.63700000
v 1047.71400000 27.92375000 1603.38000000
v 1051.82200000 60.00000000 1606.01900000
v 1050.40900000 25.12971000 1605.26800000
v 1051.67500000 24.36391000 1605.94800000
v 1052.74000000 24.01174000 1606.43300000
v 1053.58300000 23.92726000 1606.76600000
v 1056.05000000 60.00000000 1607.49900000
v 1054.62900000 24.06314000 1607.11900000
v 1055.72800000 24.48868000 1607.42200000
v 1056.99400000 25.32425000 1607.69000000
v 1058.47500000 26.73850000 1607.89700000
v 1059.53100000 28.00885000 1607.97700000
v 1060.50000000 60.00000000 1608.00000000
v 1060.50000000 29.35410000 1608.00000000
v 1060.50000000 17.50000000 1612.60500000
v 1057.73800000 17.28063000 1610.97600000
v 1054.82500000 16.55433000 1609.80800000
v 1047.03300000 11.17484000 1609.11600000
v 1049.31000000 13.45500000 1608.97500000
v 1045.22000000 8.53131600 1609.41900000
v 1044.49600000 7.08050200 1609.58700000
v 1049.95500000 15.87272000 1608.50000000
v 1051.95800000 15.27367000 1609.16000000
v 1056.31200000 16.99148000 1622.00000000
v 1060.50000000 17.50000000 1622.00000000
v 1052.36700000 15.49548000 1622.00000000
v 1048.89500000 13.09894000 1622.00000000
v 1046.09800000 9.94113300 1622.00000000
v 1044.13700000 6.20558600 1622.00000000
v 1043.12800000 2.10939200 1622.00000000
v 1043.12800000 -2.10939200 1622.00000000
v 1044.13700000 -6.20558600 1622.00000000
v 1046.09800000 -9.94113300 1622.00000000
v 1048.89500000 -13.09894000 1622.00000000
v 1052.36700000 -15.49548000 1622.00000000
v 1056.31200000 -16.99148000 1622.00000000
v 1060.50000000 -17.50000000 1622.00000000
v 878.50000000 -35.00000000 1620.00000000
v 878.50000000 35.00000000 1620.00000000
v 894.50000000 -35.00000000 1620.00000000
v 894.50000000 35.00000000 1620.00000000
v 778.50000000 -35.00000000 1620.00000000
v 778.50000000 35.00000000 1620.00000000
v 794.50000000 -35.00000000 1620.00000000
v 794.50000000 35.00000000 1620.00000000
v 1077.05200000 60.00000000 1597.59300000
v 1073.67600000 72.87363000 1564.07200000
v 1073.67600000 68.88397000 1577.63300000
v 1068.55200000 60.00000000 1587.26700000
v 1073.67600000 62.39555000 1590.19200000
v 1086.50000000 60.00000000 1608.00000000
v 745.19580000 60.00000000 1541.84000000
v 746.86970000 60.00000000 1540.29600000
v 748.27050000 60.00000000 1539.45200000
v 743.80010000 60.00000000 1543.94900000
v 749.78850000 60.00000000 1538.84000000
v 742.95540000 60.00000000 1546.26500000
v 742.57690000 60.00000000 1549.62700000
v 754.04640000 60.00000000 1538.19800000
v 742.60840000 60.00000000 1550.70200000
v 742.72050000 60.00000000 1551.77100000
v 758.36420000 60.00000000 1538.07700000
v 743.14680000 60.00000000 1553.74800000
v 743.89500000 60.00000000 1555.62800000
v 761.80770000 60.00000000 1538.07700000
v 744.96750000 60.00000000 1557.34200000
v 746.34350000 60.00000000 1558.82400000
v 748.17650000 60.00000000 1560.12100000
v 750.47960000 60.00000000 1561.08200000
v 755.05970000 60.00000000 1561.78200000
v 759.69830000 60.00000000 1561.92300000
v 761.80770000 60.00000000 1561.92300000
v 597.80130000 11.21656000 1483.16800000
v 597.80130000 21.97839000 1485.89600000
v 597.80130000 0.00000000 1482.23300000
v 597.80130000 -11.21656000 1483.16800000
v 597.80130000 -21.97839000 1485.89600000
v 601.10960000 65.93623000 1544.14900000
v 590.45030000 75.29155000 1546.37400000
v 588.99540000 78.53001000 1544.25300000
v 589.75710000 76.56882000 1544.39700000
v 588.45020000 80.53582000 1544.10600000
v 588.00000000 83.99894000 1537.18300000
v 597.80130000 65.02063000 1530.90400000
v 590.45030000 73.66950000 1534.03800000
v 593.61320000 70.07707000 1538.11500000
v 593.61320000 68.94563000 1532.72100000
v 593.61320000 67.02941000 1526.35500000
v 597.80130000 60.71275000 1519.89500000
v 593.61320000 65.03768000 1521.32700000
v 590.45030000 70.02776000 1522.10600000
v 593.61320000 62.11194000 1515.44300000
v 597.80130000 54.55303000 1509.79700000
v 593.61320000 59.25866000 1510.75100000
v 590.45030000 64.53185000 1511.04300000
v 593.61320000 55.41350000 1505.48700000
v 593.61320000 51.83984000 1501.37200000
v 597.80130000 45.65728000 1499.92300000
v 602.53750000 39.52546000 1497.48000000
v 597.80130000 31.89021000 1490.20600000
v 597.80130000 40.66002000 1495.78700000
v 590.45030000 57.32788000 1501.05600000
v 597.80130000 44.05481000 1498.50700000
v 592.42620000 49.93028000 1497.54000000
v 593.61320000 42.64666000 1493.13800000
v 590.45030000 45.22730000 1489.69700000
v 602.53750000 30.12001000 1491.57600000
v 593.61320000 38.21141000 1490.06700000
v 590.45030000 35.47239000 1483.48900000
v 588.58150000 53.14045000 1489.95500000
v 588.00000000 50.41692000 1481.60300000
v 588.00000000 61.13333000 1490.98500000
v 593.61320000 33.44836000 1487.28400000
v 588.58150000 47.84364000 1485.65500000
v 593.61320000 28.38380000 1484.83600000
v 590.45030000 24.44719000 1478.69600000
v 588.58150000 42.81917000 1482.20700000
v 588.00000000 38.36792000 1474.18500000
v 593.61320000 23.05225000 1482.76400000
v 588.58150000 36.97285000 1478.85000000
v 593.61320000 17.49607000 1481.10900000
v 590.45030000 12.47650000 1475.66100000
v 588.58150000 31.21588000 1476.14300000
v 588.00000000 25.26908000 1468.87300000
v 593.61320000 11.76460000 1479.90300000
v 588.58150000 24.92906000 1473.79000000
v 593.61320000 5.91288200 1479.16900000
v 590.45030000 0.00000000 1474.62100000
v 588.58150000 18.62240000 1472.00900000
v 588.00000000 11.81240000 1465.85400000
v 593.61320000 0.00000000 1478.92200000
v 588.58150000 12.21089000 1470.75200000
v 593.61320000 -5.91288200 1479.16900000
v 590.45030000 -12.47650000 1475.66100000
v 588.58150000 5.59375600 1470.01200000
v 588.00000000 -0.99878300 1465.03500000
v 593.61320000 -11.76460000 1479.90300000
v 588.58150000 -0.47126500 1469.81800000
v 593.61320000 -17.49607000 1481.10900000
v 590.45030000 -24.44719000 1478.69600000
v 588.58150000 -7.13900300 1470.13500000
v 588.00000000 -13.79619000 1466.15600000
v 602.53750000 -30.12001000 1491.57600000
v 597.80130000 -31.89021000 1490.20600000
v 593.61320000 -23.05225000 1482.76400000
v 588.58150000 -13.14530000 1470.90200000
v 593.61320000 -28.38380000 1484.83600000
v 590.45030000 -35.47239000 1483.48900000
v 588.58150000 -19.39869000 1472.19900000
v 588.00000000 -26.86485000 1469.38800000
v 602.53750000 -39.52546000 1497.48000000
v 597.80130000 -40.66002000 1495.78700000
v 593.61320000 -33.44836000 1487.28400000
v 588.58150000 -25.67861000 1474.04000000
v 593.61320000 -38.21141000 1490.06700000
v 590.45030000 -45.22730000 1489.69700000
v 588.58150000 -31.45570000 1476.24400000
v 588.00000000 -38.85241000 1474.43200000
v 597.80130000 -44.05481000 1498.50700000
v 593.61320000 -42.64666000 1493.13800000
v 588.58150000 -37.19977000 1478.96800000
v 597.80130000 -45.65728000 1499.92300000
v 588.58150000 -42.62021000 1482.08200000
v 588.00000000 -50.02361000 1481.31400000
v 588.58150000 -47.65917000 1485.51800000
v 592.42620000 -52.52279000 1500.13600000
v 597.80130000 -54.47589000 1509.69200000
v 588.58150000 -52.46281000 1489.36200000
v 588.00000000 -59.83141000 1489.66500000
v 593.61320000 -55.28264000 1505.32500000
v 588.58150000 -57.58560000 1494.20300000
v 593.61320000 -59.14849000 1510.58500000
v 597.80130000 -60.78135000 1520.03400000
v 593.61320000 -62.23333000 1515.66300000
v 590.45030000 -64.55431000 1511.08100000
v 593.61320000 -65.13273000 1521.54300000
v 597.80130000 -65.14566000 1531.33500000
v 593.61320000 -67.26976000 1527.04700000
v 590.45030000 -70.28237000 1522.75400000
v 593.61320000 -69.10868000 1533.38600000
v 601.10960000 -65.93623000 1544.14900000
v 590.45030000 -73.81846000 1534.74200000
v 593.61320000 -70.13288000 1538.44900000
v 594.13120000 -70.16404000 1542.52900000
v 590.45030000 -75.30160000 1546.58900000
v 589.75710000 -76.59262000 1544.73200000
v 588.99540000 -78.55442000 1544.59700000
v 588.45020000 -80.56085000 1544.45900000
v 588.00000000 -84.11549000 1537.97100000
v 595.06780000 69.64423000 1546.87000000
v 594.99170000 69.61748000 1545.25000000
v 600.45850000 65.73710000 1540.31100000
v 594.51900000 69.84345000 1542.96100000
v 600.13450000 65.54952000 1538.31700000
v 599.34570000 65.44511000 1535.93100000
v 588.58150000 78.85901000 1535.48800000
v 588.58150000 77.47888000 1529.35100000
v 588.00000000 80.93852000 1524.13400000
v 588.58150000 75.49204000 1522.97600000
v 588.58150000 73.21091000 1517.29700000
v 588.00000000 76.05247000 1512.10400000
v 588.58150000 70.28217000 1511.40200000
v 588.00000000 69.34817000 1500.89900000
v 588.58150000 67.10327000 1506.10800000
v 588.58150000 63.30081000 1500.78200000
v 588.58150000 59.37412000 1496.11100000
v 590.45030000 -56.46136000 1500.05900000
v 589.05560000 -60.61350000 1500.02400000
v 588.00000000 -69.06724000 1500.50500000
v 589.34830000 -61.87221000 1502.91300000
v 589.67840000 -62.90277000 1505.67500000
v 588.58150000 -66.99344000 1505.94100000
v 588.58150000 -70.42810000 1511.66900000
v 588.00000000 -76.31030000 1512.62600000
v 588.58150000 -73.47277000 1517.88900000
v 588.00000000 -81.44250000 1525.76800000
v 599.34570000 -65.49718000 1536.17500000
v 600.13450000 -65.57738000 1538.47400000
v 600.45850000 -65.75214000 1540.41400000
v 588.58150000 -75.88449000 1524.09800000
v 588.58150000 -77.77321000 1530.48900000
v 588.58150000 -78.99276000 1536.23400000
v 590.45030000 74.22784000 1536.87800000
v 590.45030000 72.97951000 1531.13300000
v 590.45030000 72.02941000 1527.78000000
v 590.45030000 71.02734000 1524.75900000
v 590.45030000 68.89901000 1519.42400000
v 590.45030000 67.60563000 1516.66200000
v 590.45030000 65.97106000 1513.53400000
v 590.45030000 61.23654000 1506.04500000
v 590.45030000 -66.10405000 1513.77500000
v 590.45030000 -67.72378000 1516.90200000
v 590.45030000 -69.07224000 1519.81700000
v 590.45030000 -71.33902000 1525.65400000
v 590.45030000 -72.30280000 1528.68600000
v 590.45030000 -73.20295000 1532.02000000
v 590.45030000 -74.31914000 1537.40500000
v 716.35700000 60.00000000 1547.69200000
v 727.07810000 60.00000000 1547.69200000
v 721.64540000 60.00000000 1559.15300000
v 814.19230000 -60.00000000 1561.92300000
v 816.30170000 -60.00000000 1561.92300000
v 820.94030000 -60.00000000 1561.78200000
v 825.52040000 -60.00000000 1561.08200000
v 827.82350000 -60.00000000 1560.12100000
v 829.65650000 -60.00000000 1558.82400000
v 831.03250000 -60.00000000 1557.34200000
v 814.19230000 -60.00000000 1538.07700000
v 832.10500000 -60.00000000 1555.62800000
v 817.63580000 -60.00000000 1538.07700000
v 832.85320000 -60.00000000 1553.74800000
v 833.27950000 -60.00000000 1551.77100000
v 833.39160000 -60.00000000 1550.70200000
v 821.95110000 -60.00000000 1538.19800000
v 833.42310000 -60.00000000 1549.62700000
v 833.04470000 -60.00000000 1546.26600000
v 826.21150000 -60.00000000 1538.84000000
v 832.19920000 -60.00000000 1543.94900000
v 827.93760000 -60.00000000 1539.55800000
v 830.96230000 -60.00000000 1542.02800000
v 829.50220000 -60.00000000 1540.58000000
v 848.92190000 -60.00000000 1547.69200000
v 859.64300000 -60.00000000 1547.69200000
v 854.35460000 -60.00000000 1559.15300000
v 887.31370000 -28.30120000 1620.00000000
v 888.08010000 -28.01055000 1620.00000000
v 888.75460000 -27.54494000 1620.00000000
v 889.29810000 -26.93142000 1620.00000000
v 889.67910000 -26.20566000 1620.00000000
v 889.87520000 -25.40982000 1620.00000000
v 889.87520000 -24.59018000 1620.00000000
v 889.67910000 -23.79434000 1620.00000000
v 887.31370000 -21.69880000 1620.00000000
v 887.31370000 21.69880000 1620.00000000
v 888.08010000 21.98945000 1620.00000000
v 888.08010000 -21.98945000 1620.00000000
v 888.75460000 22.45506000 1620.00000000
v 888.75460000 -22.45506000 1620.00000000
v 889.29810000 -23.06858000 1620.00000000
v 889.29810000 23.06858000 1620.00000000
v 889.87520000 24.59018000 1620.00000000
v 889.67910000 23.79434000 1620.00000000
v 889.87520000 25.40982000 1620.00000000
v 889.67910000 26.20566000 1620.00000000
v 889.29810000 26.93142000 1620.00000000
v 888.75460000 27.54494000 1620.00000000
v 888.08010000 28.01055000 1620.00000000
v 887.31370000 28.30120000 1620.00000000
v 787.31370000 -28.30120000 1620.00000000
v 788.08010000 -28.01055000 1620.00000000
v 788.75460000 -27.54494000 1620.00000000
v 789.29810000 -26.93142000 1620.00000000
v 789.67910000 -26.20566000 1620.00000000
v 789.87520000 -25.40982000 1620.00000000
v 789.87520000 -24.59018000 1620.00000000
v 789.67910000 -23.79434000 1620.00000000
v 787.31370000 -21.69880000 1620.00000000
v 787.31370000 21.69880000 1620.00000000
v 788.08010000 21.98945000 1620.00000000
v 788.08010000 -21.98945000 1620.00000000
v 788.75460000 -22.45506000 1620.00000000
v 788.75460000 22.45506000 1620.00000000
v 789.29810000 23.06858000 1620.00000000
v 789.29810000 -23.06858000 1620.00000000
v 789.87520000 24.59018000 1620.00000000
v 789.67910000 23.79434000 1620.00000000
v 789.87520000 25.40982000 1620.00000000
v 789.67910000 26.20566000 1620.00000000
v 789.29810000 26.93142000 1620.00000000
v 788.75460000 27.54494000 1620.00000000
v 788.08010000 28.01055000 1620.00000000
v 787.31370000 28.30120000 1620.00000000
v 1090.00100000 52.85199000 1479.53100000
v 1090.50000000 59.74403000 1481.08600000
v 1090.50000000 48.95806000 1473.04800000
v 1088.50500000 51.12707000 1481.83100000
v 1090.00100000 41.45254000 1472.27600000
v 1090.50000000 37.12993000 1466.69400000
v 1088.50500000 40.09966000 1474.81300000
v 1090.00100000 28.56865000 1466.67500000
v 1090.50000000 24.23375000 1462.07300000
v 1088.50500000 27.63625000 1469.39400000
v 1090.00100000 14.57986000 1463.12800000
v 1090.50000000 10.96226000 1459.45500000
v 1088.50500000 14.10402000 1465.96400000
v 1090.00100000 0.00000000 1461.91300000
v 1090.50000000 -2.41577400 1458.82600000
v 1088.50500000 0.00000000 1464.78800000
v 1088.50500000 -14.10402000 1465.96400000
v 1090.00100000 -14.57986000 1463.12800000
v 1090.00100000 -28.56865000 1466.67500000
v 1090.50000000 -16.62641000 1460.32300000
v 1090.50000000 -30.68151000 1464.11000000
v 1088.50500000 -27.63625000 1469.39400000
v 1090.00100000 -41.45254000 1472.27600000
v 1090.50000000 -43.92433000 1470.06800000
v 1088.50500000 -40.09966000 1474.81300000
v 1090.00100000 -52.85199000 1479.53100000
v 1090.50000000 -56.19857000 1478.16500000
v 1088.50500000 -51.12707000 1481.83100000
v 1089.87300000 87.60377000 1545.47800000
v 1090.50000000 90.69631000 1540.36700000
v 1089.37000000 86.47304000 1545.53600000
v 1088.50500000 84.88040000 1542.49200000
v 1089.37000000 85.79803000 1538.32900000
v 1090.00100000 86.95349000 1535.91600000
v 1090.50000000 89.14433000 1530.71900000
v 1089.37000000 85.04707000 1533.73600000
v 1088.50500000 82.87985000 1530.20200000
v 1089.37000000 83.43878000 1526.85900000
v 1090.00100000 84.04640000 1523.62800000
v 1090.50000000 84.91381000 1516.71200000
v 1089.37000000 81.27932000 1520.14700000
v 1088.50500000 78.53426000 1516.93300000
v 1089.37000000 78.57410000 1513.61800000
v 1090.00100000 78.67682000 1510.38700000
v 1090.50000000 78.50385000 1503.57100000
v 1089.37000000 75.35876000 1507.35500000
v 1088.50500000 72.08306000 1504.55700000
v 1089.37000000 71.62693000 1501.34700000
v 1090.00100000 71.24372000 1498.19700000
v 1090.50000000 70.08791000 1491.63800000
v 1089.37000000 67.44758000 1495.70100000
v 1088.50500000 63.70298000 1493.40500000
v 1089.37000000 62.78547000 1490.37200000
v 1090.00100000 61.90521000 1487.33400000
v 1089.37000000 57.69108000 1485.43000000
v 1089.10600000 55.53632000 1484.18800000
v 1089.60800000 48.91250000 1477.95900000
v 1089.37000000 46.92061000 1477.22700000
v 1089.10600000 44.66544000 1476.37600000
v 1089.10600000 36.75730000 1472.12600000
v 1089.37000000 35.01633000 1470.80800000
v 1089.60800000 32.92882000 1469.38900000
v 1089.10600000 24.00514000 1467.30100000
v 1089.37000000 22.13329000 1466.28800000
v 1089.60800000 19.66956000 1465.17400000
v 1089.60800000 10.69930000 1463.58300000
v 1089.37000000 8.78118000 1463.85800000
v 1089.60800000 5.89561000 1463.12300000
v 1089.60800000 -3.16890900 1462.98100000
v 1089.37000000 -4.72472500 1463.54100000
v 1089.60800000 -7.99067600 1463.29000000
v 1089.60800000 -55.03416000 1482.51900000
v 1089.37000000 -56.06349000 1484.01200000
v 1090.00100000 -59.75203000 1485.27800000
v 1090.50000000 -67.05473000 1488.17600000
v 1089.37000000 -61.22479000 1488.77100000
v 1088.50500000 -62.73526000 1492.33400000
v 1089.37000000 -66.07509000 1494.03900000
v 1090.00100000 -69.18754000 1495.48100000
v 1090.50000000 -75.35214000 1498.61400000
v 1089.37000000 -69.98113000 1499.00800000
v 1088.50500000 -71.08671000 1503.01400000
v 1089.37000000 -73.97480000 1504.99700000
v 1090.00100000 -76.70934000 1506.69900000
v 1090.50000000 -82.10920000 1510.29400000
v 1089.37000000 -77.07838000 1510.54800000
v 1088.50500000 -77.66217000 1514.93400000
v 1089.37000000 -80.10741000 1517.13200000
v 1090.00100000 -82.44095000 1518.97200000
v 1090.50000000 -87.05221000 1522.79000000
v 1089.37000000 -82.28063000 1523.02900000
v 1088.50500000 -82.25330000 1527.74100000
v 1089.37000000 -84.26268000 1530.06700000
v 1090.00100000 -86.26879000 1532.19700000
v 1090.50000000 -90.20958000 1536.55700000
v 1089.37000000 -85.52846000 1536.49500000
v 1088.97100000 -85.44598000 1541.26600000
v 1089.87300000 -87.49678000 1543.74000000
v 754.04890000 58.00000000 1538.19800000
v 758.36420000 58.00000000 1538.07700000
v 749.78850000 58.00000000 1538.84000000
v 748.06240000 58.00000000 1539.55800000
v 746.49780000 58.00000000 1540.58000000
v 745.03770000 58.00000000 1542.02800000
v 743.80080000 58.00000000 1543.94900000
v 742.95530000 58.00000000 1546.26600000
v 742.57690000 58.00000000 1549.62700000
v 742.60840000 58.00000000 1550.70200000
v 742.72050000 58.00000000 1551.77100000
v 743.14680000 58.00000000 1553.74800000
v 743.89500000 58.00000000 1555.62800000
v 744.96750000 58.00000000 1557.34200000
v 746.34350000 58.00000000 1558.82400000
v 748.17650000 58.00000000 1560.12100000
v 750.47960000 58.00000000 1561.08200000
v 755.05970000 58.00000000 1561.78200000
v 759.69830000 58.00000000 1561.92300000
v 761.80770000 58.00000000 1561.92300000
v 761.80770000 58.00000000 1538.07700000
v 588.00000000 73.99926000 1464.60000000
v 588.00000000 85.39970000 1476.00100000
v 588.00000000 61.09241000 1454.93800000
v 588.00000000 95.06165000 1488.90800000
v 588.00000000 46.94190000 1447.21200000
v 588.00000000 102.78840000 1503.05800000
v 588.00000000 108.42270000 1518.16400000
v 588.00000000 31.83578000 1441.57700000
v 588.00000000 111.84980000 1533.91800000
v 588.00000000 16.08158000 1438.15000000
v 588.00000000 0.00000000 1437.00000000
v 588.00000000 -16.08158000 1438.15000000
v 588.00000000 -31.83578000 1441.57700000
v 588.00000000 -46.94190000 1447.21200000
v 588.00000000 -61.09241000 1454.93800000
v 588.00000000 -73.99926000 1464.60000000
v 588.00000000 -85.39970000 1476.00100000
v 588.00000000 -95.06165000 1488.90800000
v 588.00000000 -102.78840000 1503.05800000
v 588.00000000 -108.42270000 1518.16400000
v 588.00000000 -111.84980000 1533.91800000
v 727.07810000 58.00000000 1547.69200000
v 716.35700000 58.00000000 1547.69200000
v 721.64540000 58.00000000 1559.15300000
v 821.95110000 -58.00000000 1538.19800000
v 817.63580000 -58.00000000 1538.07700000
v 826.21150000 -58.00000000 1538.84000000
v 827.93760000 -58.00000000 1539.55800000
v 829.50220000 -58.00000000 1540.58000000
v 830.96230000 -58.00000000 1542.02800000
v 832.19920000 -58.00000000 1543.94900000
v 833.04470000 -58.00000000 1546.26600000
v 833.42310000 -58.00000000 1549.62700000
v 833.39160000 -58.00000000 1550.70200000
v 833.27950000 -58.00000000 1551.77100000
v 832.85320000 -58.00000000 1553.74800000
v 832.10500000 -58.00000000 1555.62800000
v 831.03250000 -58.00000000 1557.34200000
v 829.65650000 -58.00000000 1558.82400000
v 827.82350000 -58.00000000 1560.12100000
v 825.52040000 -58.00000000 1561.08200000
v 820.94030000 -58.00000000 1561.78200000
v 816.30170000 -58.00000000 1561.92300000
v 814.19230000 -58.00000000 1561.92300000
v 814.19230000 -58.00000000 1538.07700000
v 859.64300000 -58.00000000 1547.69200000
v 848.92190000 -58.00000000 1547.69200000
v 854.35460000 -58.00000000 1559.15300000
v 1090.50000000 -70.10074000 1484.41100000
v 1090.50000000 -79.34041000 1495.95300000
v 1090.50000000 -59.19847000 1474.42500000
v 1090.50000000 -46.89216000 1466.23200000
v 1090.50000000 -33.47369000 1460.02500000
v 1090.50000000 -86.69833000 1508.77600000
v 1090.50000000 -92.00000000 1522.57700000
v 1090.50000000 -19.26132000 1455.95200000
v 1090.50000000 -4.59211900 1454.11000000
v 1090.50000000 10.18600000 1454.54200000
v 1090.50000000 24.72253000 1457.23800000
v 1090.50000000 -92.00000000 1577.42300000
v 1090.50000000 38.67270000 1462.13400000
v 1090.50000000 -86.69833000 1591.22400000
v 1090.50000000 51.70566000 1469.11400000
v 1090.50000000 -79.34041000 1604.04700000
v 1090.50000000 63.51230000 1478.01300000
v 1090.50000000 -70.10074000 1615.58900000
v 1090.50000000 73.81260000 1488.61800000
v 1090.50000000 -59.19847000 1625.57500000
v 1090.50000000 82.36225000 1500.68000000
v 1090.50000000 -46.89216000 1633.76800000
v 1090.50000000 88.95849000 1513.91100000
v 1090.50000000 -33.47369000 1639.97500000
v 1090.50000000 93.44486000 1527.99900000
v 1090.50000000 -19.26132000 1644.04800000
v 1090.50000000 95.71497000 1542.60800000
v 1090.50000000 -4.59211900 1645.89000000
v 1090.50000000 95.71497000 1557.39200000
v 1090.50000000 10.18600000 1645.45800000
v 1090.50000000 93.44486000 1572.00100000
v 1090.50000000 24.72253000 1642.76200000
v 1090.50000000 88.95849000 1586.08900000
v 1090.50000000 38.67270000 1637.86600000
v 1090.50000000 82.36225000 1599.32000000
v 1090.50000000 51.70566000 1630.88600000
v 1090.50000000 73.81260000 1611.38200000
v 1090.50000000 63.51230000 1621.98700000
v 565.00000000 111.84980000 1533.91800000
v 565.00000000 108.42270000 1518.16400000
v 565.00000000 102.78840000 1503.05800000
v 565.00000000 95.06165000 1488.90800000
v 565.00000000 85.39970000 1476.00100000
v 565.00000000 73.99926000 1464.60000000
v 565.00000000 61.09241000 1454.93800000
v 565.00000000 46.94190000 1447.21200000
v 565.00000000 31.83578000 1441.57700000
v 565.00000000 16.08158000 1438.15000000
v 565.00000000 0.00000000 1437.00000000
v 565.00000000 -16.08158000 1438.15000000
v 565.00000000 -31.83578000 1441.57700000
v 565.00000000 -46.94190000 1447.21200000
v 565.00000000 -61.09241000 1454.93800000
v 565.00000000 -73.99926000 1464.60000000
v 565.00000000 -85.39970000 1476.00100000
v 565.00000000 -95.06165000 1488.90800000
v 565.00000000 -102.78840000 1503.05800000
v 565.00000000 -108.42270000 1518.16400000
v 565.00000000 -111.84980000 1533.91800000
v 1120.50000000 -92.00000000 1522.57700000
v 1120.50000000 -92.00000000 1577.42300000
v 1120.50000000 -86.69833000 1591.22400000
v 1120.50000000 -79.34041000 1604.04700000
v 1120.50000000 -70.10074000 1615.58900000
v 1120.50000000 -59.19847000 1625.57500000
v 1120.50000000 -46.89216000 1633.76800000
v 1120.50000000 -33.47369000 1639.97500000
v 1120.50000000 -19.26132000 1644.04800000
v 1120.50000000 -4.59211900 1645.89000000
v 1120.50000000 10.18600000 1645.45800000
v 1120.50000000 24.72253000 1642.76200000
v 1120.50000000 38.67270000 1637.86600000
v 1120.50000000 51.70566000 1630.88600000
v 1120.50000000 63.51230000 1621.98700000
v 1120.50000000 73.81260000 1611.38200000
v 1120.50000000 82.36225000 1599.32000000
v 1120.50000000 88.95849000 1586.08900000
v 1120.50000000 93.44486000 1572.00100000
v 1120.50000000 95.71497000 1557.39200000
v 1120.50000000 95.71497000 1542.60800000
v 1120.50000000 93.44486000 1527.99900000
v 1120.50000000 88.95849000 1513.91100000
v 1120.50000000 82.36225000 1500.68000000
v 1120.50000000 73.81260000 1488.61800000
v 1120.50000000 63.51230000 1478.01300000
v 1120.50000000 51.70566000 1469.11400000
v 1120.50000000 38.67270000 1462.13400000
v 1120.50000000 24.72253000 1457.23800000
v 1120.50000000 10.18600000 1454.54200000
v 1120.50000000 -4.59211900 1454.11000000
v 1120.50000000 -19.26132000 1455.95200000
v 1120.50000000 -33.47369000 1460.02500000
v 1120.50000000 -46.89216000 1466.23200000
v 1120.50000000 -59.19847000 1474.42500000
v 1120.50000000 -70.10074000 1484.41100000
v 1120.50000000 -79.34041000 1495.95300000
v 1120.50000000 -86.69833000 1508.77600000
v 565.00000000 54.52117000 1490.77400000
v 565.00000000 63.52581000 1500.55600000
v 565.00000000 44.02933000 1482.60800000
v 565.00000000 70.79764000 1511.68600000
v 565.00000000 32.33648000 1476.28000000
v 565.00000000 76.13829000 1523.86200000
v 565.00000000 19.76158000 1471.96300000
v 565.00000000 79.40208000 1536.75000000
v 565.00000000 6.64763700 1469.77500000
v 565.00000000 -6.64763700 1469.77500000
v 565.00000000 -19.76158000 1471.96300000
v 565.00000000 -32.33648000 1476.28000000
v 565.00000000 -44.02933000 1482.60800000
v 565.00000000 -54.52117000 1490.77400000
v 565.00000000 -63.52581000 1500.55600000
v 565.00000000 -70.79764000 1511.68600000
v 565.00000000 -76.13829000 1523.86200000
v 565.00000000 -79.40208000 1536.75000000
v 1120.50000000 -78.90890000 1563.16800000
v 1120.50000000 -75.66538000 1575.97600000
v 1120.50000000 -70.35790000 1588.07600000
v 1120.50000000 -63.13124000 1599.13700000
v 1120.50000000 -54.18253000 1608.85800000
v 1120.50000000 -43.75585000 1616.97300000
v 1120.50000000 -32.13563000 1623.26200000
v 1120.50000000 -19.63884000 1627.55200000
v 1120.50000000 -6.60634800 1629.72700000
v 1120.50000000 6.60634800 1629.72700000
v 1120.50000000 78.90890000 1563.16800000
v 1120.50000000 19.63884000 1627.55200000
v 1120.50000000 75.66538000 1575.97600000
v 1120.50000000 32.13563000 1623.26200000
v 1120.50000000 70.35790000 1588.07600000
v 1120.50000000 63.13124000 1599.13700000
v 1120.50000000 43.75585000 1616.97300000
v 1120.50000000 54.18253000 1608.85800000
v 554.00000000 79.40208000 1536.75000000
v 554.00000000 76.13829000 1523.86200000
v 554.00000000 70.79764000 1511.68600000
v 554.00000000 63.52581000 1500.55600000
v 554.00000000 54.52117000 1490.77400000
v 554.00000000 44.02933000 1482.60800000
v 554.00000000 32.33648000 1476.28000000
v 554.00000000 19.76158000 1471.96300000
v 554.00000000 6.64763700 1469.77500000
v 554.00000000 -6.64763700 1469.77500000
v 554.00000000 -19.76158000 1471.96300000
v 554.00000000 -32.33648000 1476.28000000
v 554.00000000 -44.02933000 1482.60800000
v 554.00000000 -54.52117000 1490.77400000
v 554.00000000 -63.52581000 1500.55600000
v 554.00000000 -70.79764000 1511.68600000
v 554.00000000 -76.13829000 1523.86200000
v 554.00000000 -79.40208000 1536.75000000
v 1103.50000000 78.90890000 1563.16800000
v 1103.50000000 75.66538000 1575.97600000
v 1103.50000000 70.35790000 1588.07600000
v 1103.50000000 63.13124000 1599.13700000
v 1103.50000000 54.18253000 1608.85800000
v 1103.50000000 43.75585000 1616.97300000
v 1103.50000000 32.13563000 1623.26200000
v 1103.50000000 19.63884000 1627.55200000
v 1103.50000000 6.60634800 1629.72700000
v 1103.50000000 -6.60634800 1629.72700000
v 1103.50000000 -19.63884000 1627.55200000
v 1103.50000000 -32.13563000 1623.26200000
v 1103.50000000 -43.75585000 1616.97300000
v 1103.50000000 -54.18253000 1608.85800000
v 1103.50000000 -63.13124000 1599.13700000
v 1103.50000000 -70.35790000 1588.07600000
v 1103.50000000 -75.66538000 1575.97600000
v 1103.50000000 -78.90890000 1563.16800000
v 554.00000000 -45.75030000 1497.02000000
v 554.00000000 -54.43125000 1505.98600000
v 554.00000000 -35.51898000 1489.68100000
v 554.00000000 -61.32611000 1516.24900000
v 554.00000000 -24.03605000 1484.25600000
v 554.00000000 -66.26815000 1527.44900000
v 554.00000000 -11.65516000 1480.97700000
v 554.00000000 -69.18714000 1539.36300000
v 554.00000000 1.22529900 1480.01100000
v 554.00000000 12.88026000 1481.19500000
v 554.00000000 24.25413000 1484.33600000
v 554.00000000 35.01636000 1489.38800000
v 554.00000000 44.84222000 1496.24900000
v 554.00000000 53.42146000 1504.76600000
v 554.00000000 60.46639000 1514.73200000
v 554.00000000 65.71912000 1525.89600000
v 554.00000000 68.85274000 1537.37900000
v 552.72260000 39.06575000 1497.91200000
v 552.72260000 30.63980000 1492.55000000
v 548.89040000 36.76644000 1500.97800000
v 548.89040000 28.83642000 1495.93200000
v 544.00000000 22.96101000 1494.56700000
v 544.00000000 33.33421000 1500.11200000
v 552.72260000 21.11662000 1488.41000000
v 548.89040000 19.87375000 1492.03500000
v 544.00000000 11.70542000 1491.15300000
v 552.72260000 10.77676000 1485.78800000
v 548.89040000 10.14247000 1489.56800000
v 544.00000000 0.00000000 1490.00000000
v 552.72260000 0.00000000 1484.89000000
v 548.89040000 0.00000000 1488.72300000
v 552.72260000 -10.77676000 1485.78800000
v 548.89040000 -10.14247000 1489.56800000
v 544.00000000 -11.70542000 1491.15300000
v 552.72260000 -21.11662000 1488.41000000
v 548.89040000 -19.87375000 1492.03500000
v 544.00000000 -22.96101000 1494.56700000
v 552.72260000 -30.63980000 1492.55000000
v 548.89040000 -28.83642000 1495.93200000
v 544.00000000 -33.33421000 1500.11200000
v 552.72260000 -39.06575000 1497.91200000
v 548.89040000 -36.76644000 1500.97800000
v 553.48150000 66.56978000 1544.20100000
v 553.08510000 65.57300000 1544.28800000
v 550.80150000 62.20166000 1542.35900000
v 548.89040000 53.74002000 1520.55600000
v 544.00000000 49.88818000 1516.66600000
v 544.00000000 55.43277000 1527.03900000
v 552.72260000 53.54514000 1512.95700000
v 548.89040000 47.22828000 1510.95600000
v 544.00000000 42.42641000 1507.57400000
v 548.89040000 39.08233000 1502.80400000
v 548.89040000 40.19253000 1503.74500000
v 551.69070000 -41.67196000 1501.94300000
v 548.89040000 -39.08233000 1502.80400000
v 544.00000000 -42.42641000 1507.57400000
v 552.72260000 -46.58477000 1504.51200000
v 551.07110000 -42.85383000 1503.91700000
v 548.89040000 -40.19253000 1503.74500000
v 548.89040000 -47.52084000 1511.31300000
v 544.00000000 -49.88818000 1516.66600000
v 552.72260000 -54.12683000 1513.81200000
v 548.89040000 -53.98006000 1520.99900000
v 544.00000000 -55.43277000 1527.03900000
v 552.72260000 -59.81055000 1524.27100000
v 548.89040000 -58.48242000 1531.70400000
v 544.00000000 -58.84712000 1538.29500000
v 552.72260000 -63.49054000 1535.57100000
v 553.48150000 -66.64110000 1545.08800000
v 553.08510000 -65.64325000 1545.16200000
v 553.23020000 65.39582000 1540.02300000
v 552.66200000 64.13367000 1539.40400000
v 553.29790000 65.18682000 1537.79800000
v 552.72260000 63.23067000 1534.47100000
v 551.07110000 61.81058000 1538.18900000
v 548.78330000 60.34954000 1539.72400000
v 547.51380000 59.87552000 1540.41600000
v 544.00000000 58.84712000 1538.29500000
v 547.68090000 59.57992000 1538.38200000
v 548.89040000 59.82181000 1536.72300000
v 551.07110000 60.62095000 1533.11400000
v 553.29790000 63.13714000 1529.70400000
v 547.68090000 59.05538000 1535.95700000
v 548.89040000 58.34052000 1531.25700000
v 552.72260000 61.57427000 1528.83700000
v 551.07110000 58.62536000 1527.12800000
v 553.29790000 62.02754000 1526.53100000
v 552.72260000 59.38984000 1523.31500000
v 547.68090000 56.31999000 1527.35500000
v 553.29790000 58.41770000 1518.60600000
v 551.07110000 56.41724000 1522.12300000
v 548.89040000 56.26154000 1525.71900000
v 552.72260000 56.67819000 1517.95600000
v 551.07110000 53.37438000 1516.66500000
v 547.68090000 55.29034000 1524.94600000
v 553.29790000 56.77698000 1515.72800000
v 553.29790000 51.83323000 1508.62900000
v 551.07110000 50.28570000 1512.16600000
v 547.68090000 50.98697000 1517.06000000
v 548.89040000 50.67420000 1515.54600000
v 552.72260000 49.93677000 1508.22000000
v 551.07110000 46.31694000 1507.40000000
v 553.29790000 49.72684000 1506.12000000
v 547.68090000 49.51562000 1514.88700000
v 553.45050000 48.71482000 1504.39400000
v 551.69070000 44.16132000 1504.22000000
v 553.45050000 44.57994000 1500.34500000
v 547.68090000 43.81386000 1507.98700000
v 553.29790000 -50.47221000 1506.97900000
v 551.07110000 -46.80617000 1507.93800000
v 547.68090000 -42.13995000 1506.30800000
v 548.89040000 -43.58735000 1506.93000000
v 552.72260000 -50.56071000 1508.97700000
v 551.07110000 -50.70004000 1512.72300000
v 553.29790000 -52.51931000 1509.50400000
v 547.68090000 -44.05840000 1508.24400000
v 553.29790000 -57.41387000 1516.80600000
v 551.07110000 -53.79398000 1517.34600000
v 547.68090000 -49.70608000 1515.15700000
v 548.89040000 -50.94568000 1515.94900000
v 552.72260000 -57.19975000 1518.89600000
v 551.07110000 -56.74753000 1522.80100000
v 553.29790000 -58.98352000 1519.68200000
v 547.68090000 -51.19752000 1517.38800000
v 553.29790000 -62.43576000 1527.63900000
v 551.07110000 -58.89525000 1527.83200000
v 547.68090000 -55.43675000 1525.27100000
v 548.89040000 -56.45326000 1526.16800000
v 552.72260000 -61.89503000 1529.79400000
v 551.07110000 -60.80542000 1533.79000000
v 553.29790000 -63.47653000 1530.79200000
v 547.68090000 -56.45590000 1527.69600000
v 553.29790000 -65.43622000 1539.21500000
v 551.07110000 -61.97593000 1539.09000000
v 547.68090000 -59.13066000 1536.27700000
v 548.89040000 -59.93314000 1537.23500000
v 553.23020000 -65.57151000 1541.25200000
v 550.80150000 -62.26921000 1542.93000000
v 552.66200000 -64.30828000 1540.52200000
v 547.68090000 -59.66339000 1538.81800000
v 548.78330000 -60.42954000 1540.20500000
v 547.51380000 -59.92036000 1540.70100000
v 547.51380000 -60.54593000 1546.66600000
v 551.69070000 41.54331000 1501.83200000
v 550.80150000 -62.53992000 1545.97600000
v 541.50000000 58.84712000 1538.29500000
v 541.50000000 55.43277000 1527.03900000
v 541.50000000 49.88818000 1516.66600000
v 541.50000000 42.42641000 1507.57400000
v 541.50000000 33.33421000 1500.11200000
v 541.50000000 22.96101000 1494.56700000
v 541.50000000 11.70542000 1491.15300000
v 541.50000000 0.00000000 1490.00000000
v 541.50000000 -11.70542000 1491.15300000
v 541.50000000 -22.96101000 1494.56700000
v 541.50000000 -33.33421000 1500.11200000
v 541.50000000 -42.42641000 1507.57400000
v 541.50000000 -49.88818000 1516.66600000
v 541.50000000 -55.43277000 1527.03900000
v 541.50000000 -58.84712000 1538.29500000
v 541.50000000 51.35275000 1560.91500000
v 541.50000000 47.96114000 1571.35400000
v 541.50000000 42.47339000 1580.85900000
v 541.50000000 35.12936000 1589.01500000
v 541.50000000 26.25000000 1595.46600000
v 541.50000000 16.22339000 1599.93000000
v 541.50000000 5.48774400 1602.21200000
v 541.50000000 -5.48774400 1602.21200000
v 541.50000000 -51.35275000 1560.91500000
v 541.50000000 -16.22339000 1599.93000000
v 541.50000000 -47.96114000 1571.35400000
v 541.50000000 -26.25000000 1595.46600000
v 541.50000000 -42.47339000 1580.85900000
v 541.50000000 -35.12936000 1589.01500000
v 557.50000000 -51.35275000 1560.91500000
v 557.50000000 -47.96114000 1571.35400000
v 557.50000000 -42.47339000 1580.85900000
v 557.50000000 -35.12936000 1589.01500000
v 557.50000000 -26.25000000 1595.46600000
v 557.50000000 -16.22339000 1599.93000000
v 557.50000000 -5.48774400 1602.21200000
v 557.50000000 5.48774400 1602.21200000
v 557.50000000 16.22339000 1599.93000000
v 557.50000000 26.25000000 1595.46600000
v 557.50000000 35.12936000 1589.01500000
v 557.50000000 42.47339000 1580.85900000
v 557.50000000 47.96114000 1571.35400000
v 557.50000000 51.35275000 1560.91500000
v 887.38610000 24.29338000 1602.38800000
v 886.99170000 23.97890000 1602.38800000
v 887.48350000 22.95780000 1603.06900000
v 887.31370000 21.69880000 1603.75000000
v 888.08010000 21.98945000 1603.75000000
v 888.75460000 22.45506000 1603.75000000
v 887.60490000 24.74781000 1602.38800000
v 888.27220000 23.58676000 1603.06900000
v 889.29810000 23.06858000 1603.75000000
v 889.67910000 23.79434000 1603.75000000
v 887.60490000 25.25219000 1602.38800000
v 888.70980000 24.49562000 1603.06900000
v 889.87520000 24.59018000 1603.75000000
v 889.87520000 25.40982000 1603.75000000
v 887.38610000 25.70662000 1602.38800000
v 888.70980000 25.50438000 1603.06900000
v 889.67910000 26.20566000 1603.75000000
v 886.99170000 26.02110000 1602.38800000
v 888.27220000 26.41324000 1603.06900000
v 889.29810000 26.93142000 1603.75000000
v 888.75460000 27.54494000 1603.75000000
v 887.48350000 27.04220000 1603.06900000
v 888.08010000 28.01055000 1603.75000000
v 887.31370000 28.30120000 1603.75000000
v 887.38610000 -25.70662000 1602.38800000
v 886.99170000 -26.02110000 1602.38800000
v 887.48350000 -27.04220000 1603.06900000
v 887.31370000 -28.30120000 1603.75000000
v 888.08010000 -28.01055000 1603.75000000
v 888.75460000 -27.54494000 1603.75000000
v 887.60490000 -25.25219000 1602.38800000
v 888.27220000 -26.41324000 1603.06900000
v 889.29810000 -26.93142000 1603.75000000
v 889.67910000 -26.20566000 1603.75000000
v 887.60490000 -24.74781000 1602.38800000
v 888.70980000 -25.50438000 1603.06900000
v 889.87520000 -25.40982000 1603.75000000
v 889.87520000 -24.59018000 1603.75000000
v 887.38610000 -24.29338000 1602.38800000
v 888.70980000 -24.49562000 1603.06900000
v 889.67910000 -23.79434000 1603.75000000
v 886.99170000 -23.97890000 1602.38800000
v 888.27220000 -23.58676000 1603.06900000
v 889.29810000 -23.06858000 1603.75000000
v 888.75460000 -22.45506000 1603.75000000
v 887.48350000 -22.95780000 1603.06900000
v 888.08010000 -21.98945000 1603.75000000
v 887.31370000 -21.69880000 1603.75000000
v 787.38610000 -25.70662000 1602.38800000
v 786.99170000 -26.02110000 1602.38800000
v 787.48350000 -27.04220000 1603.06900000
v 787.31370000 -28.30120000 1603.75000000
v 788.08010000 -28.01055000 1603.75000000
v 788.75460000 -27.54494000 1603.75000000
v 787.60490000 -25.25219000 1602.38800000
v 788.27220000 -26.41324000 1603.06900000
v 789.29810000 -26.93142000 1603.75000000
v 789.67910000 -26.20566000 1603.75000000
v 787.60490000 -24.74781000 1602.38800000
v 788.70980000 -25.50438000 1603.06900000
v 789.87520000 -25.40982000 1603.75000000
v 789.87520000 -24.59018000 1603.75000000
v 787.38610000 -24.29338000 1602.38800000
v 788.70980000 -24.49562000 1603.06900000
v 789.67910000 -23.79434000 1603.75000000
v 786.99170000 -23.97890000 1602.38800000
v 788.27220000 -23.58676000 1603.06900000
v 789.29810000 -23.06858000 1603.75000000
v 788.75460000 -22.45506000 1603.75000000
v 787.48350000 -22.95780000 1603.06900000
v 788.08010000 -21.98945000 1603.75000000
v 787.31370000 -21.69880000 1603.75000000
v 787.38610000 24.29338000 1602.38800000
v 786.99170000 23.97890000 1602.38800000
v 787.48350000 22.95780000 1603.06900000
v 787.31370000 21.69880000 1603.75000000
v 788.08010000 21.98945000 1603.75000000
v 788.75460000 22.45506000 1603.75000000
v 787.60490000 24.74781000 1602.38800000
v 788.27220000 23.58676000 1603.06900000
v 789.29810000 23.06858000 1603.75000000
v 789.67910000 23.79434000 1603.75000000
v 787.60490000 25.25219000 1602.38800000
v 788.70980000 24.49562000 1603.06900000
v 789.87520000 24.59018000 1603.75000000
v 787.38610000 25.70662000 1602.38800000
v 788.70980000 25.50438000 1603.06900000
v 789.87520000 25.40982000 1603.75000000
v 789.67910000 26.20566000 1603.75000000
v 786.99170000 26.02110000 1602.38800000
v 788.27220000 26.41324000 1603.06900000
v 789.29810000 26.93142000 1603.75000000
v 788.75460000 27.54494000 1603.75000000
v 787.48350000 27.04220000 1603.06900000
v 788.08010000 28.01055000 1603.75000000
v 787.31370000 28.30120000 1603.75000000
v 438.00000000 -3.15836900 1576.92000000
v 438.00000000 -4.12385100 1574.91600000
v 438.00000000 -3.52816400 1575.86400000
v 438.00000000 -4.91556000 1574.12400000
v 438.00000000 -26.92040000 1553.15800000
v 438.00000000 -25.86359000 1553.52800000
v 438.00000000 -24.91556000 1554.12400000
v 438.00000000 -8.03300900 1573.03300000
v 438.00000000 -3.03300900 1578.03300000
v 438.00000000 -5.86359000 1573.52800000
v 438.00000000 -6.92040400 1573.15800000
v 438.00000000 -23.03301000 1558.03300000
v 438.00000000 -23.52816000 1555.86400000
v 438.00000000 -23.15837000 1556.92000000
v 438.00000000 -28.03301000 1553.03300000
v 438.00000000 -24.12385000 1554.91600000
v 438.00000000 -16.20571000 1573.03300000
v 438.00000000 -23.03301000 1566.20600000
v 438.00000000 -3.03300900 1628.03300000
v 438.00000000 -81.15046000 1554.12400000
v 438.00000000 -80.20243000 1553.52800000
v 438.00000000 -79.14561000 1553.15800000
v 438.00000000 -81.94217000 1554.91600000
v 438.00000000 -5.86359000 1632.53800000
v 438.00000000 -4.12385100 1631.15000000
v 438.00000000 -4.91556000 1631.94200000
v 438.00000000 -82.53785000 1555.86400000
v 438.00000000 -8.03300900 1633.03300000
v 438.00000000 -6.92040400 1632.90800000
v 438.00000000 -3.52816400 1630.20200000
v 438.00000000 -3.15836900 1629.14600000
v 438.00000000 -83.03301000 1558.03300000
v 438.00000000 -78.03301000 1553.03300000
v 438.00000000 -82.90765000 1556.92000000
v 438.00000000 -16.20571000 1633.03300000
v 438.00000000 -83.03301000 1566.20600000
v 438.00000000 -20.60441000 1568.32500000
v 438.00000000 -23.03301000 1639.86000000
v 438.00000000 -18.32514000 1635.46200000
v 438.00000000 -20.60441000 1637.74100000
v 438.00000000 -18.32514000 1570.60400000
v 438.00000000 -100.20240000 1573.52800000
v 438.00000000 -99.14561000 1573.15800000
v 438.00000000 -98.03301000 1573.03300000
v 438.00000000 -24.12385000 1651.15000000
v 438.00000000 -23.15837000 1649.14600000
v 438.00000000 -23.52816000 1650.20200000
v 438.00000000 -23.03301000 1648.03300000
v 438.00000000 -24.91556000 1651.94200000
v 438.00000000 -102.53790000 1575.86400000
v 438.00000000 -101.15050000 1574.12400000
v 438.00000000 -101.94220000 1574.91600000
v 438.00000000 -26.92040000 1652.90800000
v 438.00000000 -25.86359000 1652.53800000
v 438.00000000 -102.90760000 1576.92000000
v 438.00000000 -28.03301000 1653.03300000
v 438.00000000 -103.03300000 1578.03300000
v 438.00000000 -89.86031000 1573.03300000
v 438.00000000 -89.86031000 1633.03300000
v 438.00000000 -85.46161000 1637.74100000
v 438.00000000 -85.46161000 1568.32500000
v 438.00000000 -87.74087000 1570.60400000
v 438.00000000 -83.03301000 1639.86000000
v 438.00000000 -87.74087000 1635.46200000
v 438.00000000 -78.03301000 1653.03300000
v 438.00000000 -83.03301000 1648.03300000
v 438.00000000 -103.03300000 1628.03300000
v 438.00000000 -98.03301000 1633.03300000
v 438.00000000 -100.20240000 1632.53800000
v 438.00000000 -102.90760000 1629.14600000
v 438.00000000 -99.14561000 1632.90800000
v 438.00000000 -80.20243000 1652.53800000
v 438.00000000 -79.14561000 1652.90800000
v 438.00000000 -101.94220000 1631.15000000
v 438.00000000 -102.53790000 1630.20200000
v 438.00000000 -101.15050000 1631.94200000
v 438.00000000 -81.94217000 1651.15000000
v 438.00000000 -82.53785000 1650.20200000
v 438.00000000 -82.90765000 1649.14600000
v 438.00000000 -81.15046000 1651.94200000
v 344.00000000 -83.03301000 1566.20600000
v 344.00000000 -83.03301000 1558.03300000
v 344.00000000 -78.03301000 1553.03300000
v 344.00000000 -79.14561000 1553.15800000
v 344.00000000 -80.20243000 1553.52800000
v 344.00000000 -81.15046000 1554.12400000
v 344.00000000 -81.94217000 1554.91600000
v 344.00000000 -82.53785000 1555.86400000
v 344.00000000 -82.90765000 1556.92000000
v 344.00000000 -28.03301000 1553.03300000
v 344.00000000 -23.03301000 1558.03300000
v 344.00000000 -23.15837000 1556.92000000
v 344.00000000 -23.52816000 1555.86400000
v 344.00000000 -24.12385000 1554.91600000
v 344.00000000 -24.91556000 1554.12400000
v 344.00000000 -25.86359000 1553.52800000
v 344.00000000 -26.92040000 1553.15800000
v 344.00000000 -23.03301000 1566.20600000
v 344.00000000 -20.60441000 1568.32500000
v 344.00000000 -18.32514000 1570.60400000
v 344.00000000 -16.20571000 1573.03300000
v 344.00000000 -8.03300900 1573.03300000
v 344.00000000 -3.15836900 1576.92000000
v 344.00000000 -3.03300900 1578.03300000
v 344.00000000 -3.52816400 1575.86400000
v 344.00000000 -4.12385100 1574.91600000
v 344.00000000 -4.91556000 1574.12400000
v 344.00000000 -5.86359000 1573.52800000
v 344.00000000 -6.92040400 1573.15800000
v 344.00000000 -3.03300900 1628.03300000
v 344.00000000 -8.03300900 1633.03300000
v 344.00000000 -6.92040400 1632.90800000
v 344.00000000 -5.86359000 1632.53800000
v 344.00000000 -4.91556000 1631.94200000
v 344.00000000 -4.12385100 1631.15000000
v 344.00000000 -3.52816400 1630.20200000
v 344.00000000 -3.15836900 1629.14600000
v 344.00000000 -16.20571000 1633.03300000
v 344.00000000 -18.32514000 1635.46200000
v 344.00000000 -20.60441000 1637.74100000
v 344.00000000 -23.03301000 1639.86000000
v 344.00000000 -23.03301000 1648.03300000
v 344.00000000 -26.92040000 1652.90800000
v 344.00000000 -28.03301000 1653.03300000
v 344.00000000 -25.86359000 1652.53800000
v 344.00000000 -24.91556000 1651.94200000
v 344.00000000 -24.12385000 1651.15000000
v 344.00000000 -23.52816000 1650.20200000
v 344.00000000 -23.15837000 1649.14600000
v 344.00000000 -78.03301000 1653.03300000
v 344.00000000 -82.90765000 1649.14600000
v 344.00000000 -83.03301000 1648.03300000
v 344.00000000 -82.53785000 1650.20200000
v 344.00000000 -81.94217000 1651.15000000
v 344.00000000 -81.15046000 1651.94200000
v 344.00000000 -80.20243000 1652.53800000
v 344.00000000 -79.14561000 1652.90800000
v 344.00000000 -83.03301000 1639.86000000
v 344.00000000 -85.46161000 1637.74100000
v 344.00000000 -87.74087000 1635.46200000
v 344.00000000 -89.86031000 1633.03300000
v 344.00000000 -98.03301000 1633.03300000
v 344.00000000 -102.90760000 1629.14600000
v 344.00000000 -103.03300000 1628.03300000
v 344.00000000 -102.53790000 1630.20200000
v 344.00000000 -101.94220000 1631.15000000
v 344.00000000 -101.15050000 1631.94200000
v 344.00000000 -100.20240000 1632.53800000
v 344.00000000 -99.14561000 1632.90800000
v 344.00000000 -103.03300000 1578.03300000
v 344.00000000 -99.14561000 1573.15800000
v 344.00000000 -98.03301000 1573.03300000
v 344.00000000 -100.20240000 1573.52800000
v 344.00000000 -101.15050000 1574.12400000
v 344.00000000 -101.94220000 1574.91600000
v 344.00000000 -102.53790000 1575.86400000
v 344.00000000 -102.90760000 1576.92000000
v 344.00000000 -89.86031000 1573.03300000
v 344.00000000 -87.74087000 1570.60400000
v 344.00000000 -85.46161000 1568.32500000
v 438.00000000 -9.18953700 1553.03300000
v 438.00000000 -96.87648000 1553.03300000
v 438.00000000 -99.01766000 1554.99500000
v 438.00000000 -7.04835900 1554.99500000
v 438.00000000 -99.01766000 1651.07100000
v 438.00000000 -103.03300000 1646.87600000
v 438.00000000 -101.07110000 1649.01800000
v 438.00000000 -103.03300000 1559.19000000
v 438.00000000 -101.07110000 1557.04800000
v 438.00000000 -3.03300900 1559.19000000
v 438.00000000 -4.99487800 1557.04800000
v 438.00000000 -4.99487800 1649.01800000
v 438.00000000 -3.03300900 1646.87600000
v 438.00000000 -7.04835900 1651.07100000
v 438.00000000 -96.87648000 1653.03300000
v 438.00000000 -9.18953700 1653.03300000
v 455.00000000 -3.03300900 1646.87600000
v 455.00000000 -4.99487800 1649.01800000
v 455.00000000 -7.04835900 1651.07100000
v 455.00000000 -9.18953700 1653.03300000
v 455.00000000 -3.03300900 1559.19000000
v 455.00000000 -7.04835900 1554.99500000
v 455.00000000 -9.18953700 1553.03300000
v 455.00000000 -4.99487800 1557.04800000
v 455.00000000 -96.87648000 1553.03300000
v 455.00000000 -103.03300000 1559.19000000
v 455.00000000 -101.07110000 1557.04800000
v 455.00000000 -99.01766000 1554.99500000
v 455.00000000 -103.03300000 1646.87600000
v 455.00000000 -99.01766000 1651.07100000
v 455.00000000 -96.87648000 1653.03300000
v 455.00000000 -101.07110000 1649.01800000
v 259.80000000 -83.03301000 1566.20600000
v 259.80000000 -83.03301000 1558.03300000
v 259.80000000 -78.03301000 1553.03300000
v 259.80000000 -79.14561000 1553.15800000
v 259.80000000 -80.20243000 1553.52800000
v 259.80000000 -81.15046000 1554.12400000
v 259.80000000 -81.94217000 1554.91600000
v 259.80000000 -82.53785000 1555.86400000
v 259.80000000 -82.90765000 1556.92000000
v 259.80000000 -28.03301000 1553.03300000
v 259.80000000 -23.03301000 1558.03300000
v 259.80000000 -23.15837000 1556.92000000
v 259.80000000 -23.52816000 1555.86400000
v 259.80000000 -24.12385000 1554.91600000
v 259.80000000 -24.91556000 1554.12400000
v 259.80000000 -25.86359000 1553.52800000
v 259.80000000 -26.92040000 1553.15800000
v 259.80000000 -23.03301000 1566.20600000
v 259.80000000 -20.60441000 1568.32500000
v 259.80000000 -18.32514000 1570.60400000
v 259.80000000 -16.20571000 1573.03300000
v 259.80000000 -8.03300900 1573.03300000
v 259.80000000 -3.15836900 1576.92000000
v 259.80000000 -3.03300900 1578.03300000
v 259.80000000 -3.52816400 1575.86400000
v 259.80000000 -4.12385100 1574.91600000
v 259.80000000 -4.91556000 1574.12400000
v 259.80000000 -5.86359000 1573.52800000
v 259.80000000 -6.92040400 1573.15800000
v 320.50000000 -3.03300900 1589.23300000
v 259.80000000 -3.03300900 1628.03300000
v 343.50000000 -3.03300900 1589.23300000
v 320.50000000 -3.03300900 1616.83300000
v 343.50000000 -3.03300900 1616.83300000
v 259.80000000 -8.03300900 1633.03300000
v 259.80000000 -6.92040400 1632.90800000
v 259.80000000 -5.86359000 1632.53800000
v 259.80000000 -4.91556000 1631.94200000
v 259.80000000 -4.12385100 1631.15000000
v 259.80000000 -3.52816400 1630.20200000
v 259.80000000 -3.15836900 1629.14600000
v 259.80000000 -16.20571000 1633.03300000
v 259.80000000 -18.32514000 1635.46200000
v 259.80000000 -20.60441000 1637.74100000
v 259.80000000 -23.03301000 1639.86000000
v 259.80000000 -23.03301000 1648.03300000
v 259.80000000 -26.92040000 1652.90800000
v 259.80000000 -28.03301000 1653.03300000
v 259.80000000 -25.86359000 1652.53800000
v 259.80000000 -24.91556000 1651.94200000
v 259.80000000 -24.12385000 1651.15000000
v 259.80000000 -23.52816000 1650.20200000
v 259.80000000 -23.15837000 1649.14600000
v 259.80000000 -78.03301000 1653.03300000
v 259.80000000 -83.03301000 1648.03300000
v 259.80000000 -82.90765000 1649.14600000
v 259.80000000 -82.53785000 1650.20200000
v 259.80000000 -81.94217000 1651.15000000
v 259.80000000 -81.15046000 1651.94200000
v 259.80000000 -80.20243000 1652.53800000
v 259.80000000 -79.14561000 1652.90800000
v 259.80000000 -83.03301000 1639.86000000
v 259.80000000 -85.46161000 1637.74100000
v 259.80000000 -87.74087000 1635.46200000
v 259.80000000 -89.86031000 1633.03300000
v 259.80000000 -98.03301000 1633.03300000
v 259.80000000 -102.90760000 1629.14600000
v 259.80000000 -103.03300000 1628.03300000
v 259.80000000 -102.53790000 1630.20200000
v 259.80000000 -101.94220000 1631.15000000
v 259.80000000 -101.15050000 1631.94200000
v 259.80000000 -100.20240000 1632.53800000
v 259.80000000 -99.14561000 1632.90800000
v 259.80000000 -103.03300000 1578.03300000
v 259.80000000 -99.14561000 1573.15800000
v 259.80000000 -98.03301000 1573.03300000
v 259.80000000 -100.20240000 1573.52800000
v 259.80000000 -101.15050000 1574.12400000
v 259.80000000 -101.94220000 1574.91600000
v 259.80000000 -102.53790000 1575.86400000
v 259.80000000 -102.90760000 1576.92000000
v 259.80000000 -89.86031000 1573.03300000
v 259.80000000 -87.74087000 1570.60400000
v 259.80000000 -85.46161000 1568.32500000
v 259.80000000 -30.37942000 1576.35300000
v 259.80000000 -26.35315000 1580.37900000
v 259.80000000 -23.03301000 1585.00500000
v 259.80000000 -35.00525000 1573.03300000
v 259.80000000 -71.06076000 1573.03300000
v 259.80000000 -23.03301000 1621.06100000
v 259.80000000 -26.35315000 1625.68700000
v 259.80000000 -75.68660000 1576.35300000
v 259.80000000 -30.37942000 1629.71300000
v 259.80000000 -79.71287000 1580.37900000
v 259.80000000 -35.00525000 1633.03300000
v 259.80000000 -83.03301000 1585.00500000
v 259.80000000 -52.28301000 1647.03300000
v 259.80000000 -51.78301000 1640.03300000
v 259.80000000 -71.06076000 1633.03300000
v 259.80000000 -53.78301000 1647.03300000
v 259.80000000 -54.28301000 1640.03300000
v 259.80000000 -83.03301000 1621.06100000
v 259.80000000 -79.71287000 1625.68700000
v 259.80000000 -75.68660000 1629.71300000
v 343.50000000 9.96699100 1589.23300000
v 343.50000000 9.96699100 1616.83300000
v 320.50000000 9.96699100 1616.83300000
v 320.50000000 9.96699100 1589.23300000
v 246.68530000 -53.84099000 1646.22100000
v 237.80000000 -53.99729000 1644.03300000
v 237.80000000 -54.28301000 1640.03300000
v 255.80000000 -53.78301000 1647.03300000
v 246.68530000 -52.22503000 1646.22100000
v 237.80000000 -51.78301000 1640.03300000
v 237.80000000 -52.06872000 1644.03300000
v 255.80000000 -52.28301000 1647.03300000
v 253.80000000 -71.06076000 1633.03300000
v 253.80000000 -75.68660000 1629.71300000
v 253.80000000 -79.71287000 1625.68700000
v 253.80000000 -83.03301000 1621.06100000
v 253.80000000 -53.03301000 1633.03300000
v 253.80000000 -35.00525000 1633.03300000
v 253.80000000 -23.03301000 1621.06100000
v 253.80000000 -26.35315000 1625.68700000
v 253.80000000 -30.37942000 1629.71300000
v 253.80000000 -23.03301000 1585.00500000
v 253.80000000 -23.03301000 1589.23300000
v 253.80000000 -23.03301000 1616.83300000
v 253.80000000 -35.00525000 1573.03300000
v 253.80000000 -30.37942000 1576.35300000
v 253.80000000 -26.35315000 1580.37900000
v 253.80000000 -53.03301000 1573.03300000
v 253.80000000 -71.06076000 1573.03300000
v 253.80000000 -83.03301000 1585.00500000
v 253.80000000 -79.71287000 1580.37900000
v 253.80000000 -75.68660000 1576.35300000
v 253.80000000 -83.03301000 1603.03300000
v 253.80000000 -76.48795000 1621.73800000
v 253.80000000 -80.06207000 1616.05000000
v 253.80000000 -82.28085000 1609.70900000
v 253.80000000 -59.70864000 1632.28100000
v 253.80000000 -66.04952000 1630.06200000
v 253.80000000 -71.73770000 1626.48800000
v 253.80000000 -26.39544000 1616.83300000
v 253.80000000 -30.02131000 1622.28000000
v 253.80000000 -34.74204000 1626.81200000
v 253.80000000 -40.33304000 1630.21200000
v 253.80000000 -46.52828000 1632.31900000
v 253.80000000 -30.02131000 1583.78600000
v 253.80000000 -34.74204000 1579.25400000
v 253.80000000 -26.39544000 1589.23300000
v 253.80000000 -40.33304000 1575.85400000
v 253.80000000 -46.52828000 1573.74700000
v 253.80000000 -13.03301000 1589.23300000
v 253.80000000 -13.03301000 1616.83300000
v 253.80000000 -66.04952000 1576.00400000
v 253.80000000 -59.70864000 1573.78500000
v 253.80000000 -71.73770000 1579.57800000
v 253.80000000 -76.48795000 1584.32800000
v 253.80000000 -80.06207000 1590.01600000
v 253.80000000 -82.28085000 1596.35700000
v 227.00000000 -26.39544000 1616.83300000
v 227.00000000 -30.48161000 1622.81800000
v 227.00000000 -35.88363000 1627.64800000
v 227.00000000 -42.28627000 1631.04200000
v 227.00000000 -49.31598000 1632.80200000
v 227.00000000 -56.56256000 1632.82500000
v 227.00000000 -63.60321000 1631.10900000
v 227.00000000 -70.02710000 1627.75500000
v 227.00000000 -75.45941000 1622.95900000
v 227.00000000 -79.58317000 1617.00000000
v 227.00000000 -82.15778000 1610.22700000
v 227.00000000 -83.03301000 1603.03300000
v 227.00000000 -82.15778000 1595.83900000
v 227.00000000 -79.58317000 1589.06600000
v 227.00000000 -75.45941000 1583.10700000
v 227.00000000 -70.02710000 1578.31100000
v 227.00000000 -63.60321000 1574.95700000
v 227.00000000 -56.56256000 1573.24100000
v 227.00000000 -49.31598000 1573.26400000
v 227.00000000 -42.28627000 1575.02400000
v 227.00000000 -35.88363000 1578.41800000
v 227.00000000 -30.48161000 1583.24800000
v 227.00000000 -26.39544000 1589.23300000
v 227.00000000 -13.03301000 1616.83300000
v 227.00000000 -13.03301000 1589.23300000
v 438.00000000 53.75472000 1556.04900000
v 438.00000000 51.74988000 1557.01500000
v 438.00000000 52.69791000 1556.41900000
v 438.00000000 50.95817000 1557.80600000
v 438.00000000 29.99268000 1579.81100000
v 438.00000000 30.36248000 1578.75400000
v 438.00000000 30.95817000 1577.80600000
v 438.00000000 49.86732000 1560.92400000
v 438.00000000 54.86732000 1555.92400000
v 438.00000000 50.36248000 1558.75400000
v 438.00000000 49.99268000 1559.81100000
v 438.00000000 34.86732000 1575.92400000
v 438.00000000 32.69791000 1576.41900000
v 438.00000000 33.75472000 1576.04900000
v 438.00000000 29.86732000 1580.92400000
v 438.00000000 31.74988000 1577.01500000
v 438.00000000 49.86732000 1569.09600000
v 438.00000000 43.04002000 1575.92400000
v 438.00000000 104.86730000 1555.92400000
v 438.00000000 30.95817000 1634.04100000
v 438.00000000 30.36248000 1633.09300000
v 438.00000000 29.99268000 1632.03600000
v 438.00000000 31.74988000 1634.83300000
v 438.00000000 109.37220000 1558.75400000
v 438.00000000 107.98480000 1557.01500000
v 438.00000000 108.77650000 1557.80600000
v 438.00000000 32.69791000 1635.42900000
v 438.00000000 109.86730000 1560.92400000
v 438.00000000 109.74200000 1559.81100000
v 438.00000000 107.03670000 1556.41900000
v 438.00000000 105.97990000 1556.04900000
v 438.00000000 34.86732000 1635.92400000
v 438.00000000 29.86732000 1630.92400000
v 438.00000000 33.75472000 1635.79800000
v 438.00000000 109.86730000 1569.09600000
v 438.00000000 43.04002000 1635.92400000
v 438.00000000 45.15946000 1573.49500000
v 438.00000000 116.69460000 1575.92400000
v 438.00000000 112.29590000 1571.21600000
v 438.00000000 114.57520000 1573.49500000
v 438.00000000 47.43872000 1571.21600000
v 438.00000000 50.36248000 1653.09300000
v 438.00000000 49.99268000 1652.03600000
v 438.00000000 49.86732000 1650.92400000
v 438.00000000 127.98480000 1577.01500000
v 438.00000000 125.97990000 1576.04900000
v 438.00000000 127.03670000 1576.41900000
v 438.00000000 124.86730000 1575.92400000
v 438.00000000 128.77650000 1577.80600000
v 438.00000000 52.69791000 1655.42900000
v 438.00000000 50.95817000 1654.04100000
v 438.00000000 51.74988000 1654.83300000
v 438.00000000 129.74200000 1579.81100000
v 438.00000000 129.37220000 1578.75400000
v 438.00000000 53.75472000 1655.79800000
v 438.00000000 129.86730000 1580.92400000
v 438.00000000 54.86732000 1655.92400000
v 438.00000000 49.86732000 1642.75100000
v 438.00000000 109.86730000 1642.75100000
v 438.00000000 114.57520000 1638.35200000
v 438.00000000 45.15946000 1638.35200000
v 438.00000000 47.43872000 1640.63200000
v 438.00000000 116.69460000 1635.92400000
v 438.00000000 112.29590000 1640.63200000
v 438.00000000 129.86730000 1630.92400000
v 438.00000000 124.86730000 1635.92400000
v 438.00000000 104.86730000 1655.92400000
v 438.00000000 109.86730000 1650.92400000
v 438.00000000 109.37220000 1653.09300000
v 438.00000000 105.97990000 1655.79800000
v 438.00000000 109.74200000 1652.03600000
v 438.00000000 129.37220000 1633.09300000
v 438.00000000 129.74200000 1632.03600000
v 438.00000000 107.98480000 1654.83300000
v 438.00000000 107.03670000 1655.42900000
v 438.00000000 108.77650000 1654.04100000
v 438.00000000 127.98480000 1634.83300000
v 438.00000000 127.03670000 1635.42900000
v 438.00000000 125.97990000 1635.79800000
v 438.00000000 128.77650000 1634.04100000
v 344.00000000 43.04002000 1635.92400000
v 344.00000000 34.86732000 1635.92400000
v 344.00000000 29.86732000 1630.92400000
v 344.00000000 29.99268000 1632.03600000
v 344.00000000 30.36248000 1633.09300000
v 344.00000000 30.95817000 1634.04100000
v 344.00000000 31.74988000 1634.83300000
v 344.00000000 32.69791000 1635.42900000
v 344.00000000 33.75472000 1635.79800000
v 344.00000000 29.86732000 1580.92400000
v 344.00000000 34.86732000 1575.92400000
v 344.00000000 33.75472000 1576.04900000
v 344.00000000 32.69791000 1576.41900000
v 344.00000000 31.74988000 1577.01500000
v 344.00000000 30.95817000 1577.80600000
v 344.00000000 30.36248000 1578.75400000
v 344.00000000 29.99268000 1579.81100000
v 344.00000000 43.04002000 1575.92400000
v 344.00000000 45.15946000 1573.49500000
v 344.00000000 47.43872000 1571.21600000
v 344.00000000 49.86732000 1569.09600000
v 344.00000000 49.86732000 1560.92400000
v 344.00000000 53.75472000 1556.04900000
v 344.00000000 54.86732000 1555.92400000
v 344.00000000 52.69791000 1556.41900000
v 344.00000000 51.74988000 1557.01500000
v 344.00000000 50.95817000 1557.80600000
v 344.00000000 50.36248000 1558.75400000
v 344.00000000 49.99268000 1559.81100000
v 344.00000000 104.86730000 1555.92400000
v 344.00000000 109.86730000 1560.92400000
v 344.00000000 109.74200000 1559.81100000
v 344.00000000 109.37220000 1558.75400000
v 344.00000000 108.77650000 1557.80600000
v 344.00000000 107.98480000 1557.01500000
v 344.00000000 107.03670000 1556.41900000
v 344.00000000 105.97990000 1556.04900000
v 344.00000000 109.86730000 1569.09600000
v 344.00000000 112.29590000 1571.21600000
v 344.00000000 114.57520000 1573.49500000
v 344.00000000 116.69460000 1575.92400000
v 344.00000000 124.86730000 1575.92400000
v 344.00000000 129.74200000 1579.81100000
v 344.00000000 129.86730000 1580.92400000
v 344.00000000 129.37220000 1578.75400000
v 344.00000000 128.77650000 1577.80600000
v 344.00000000 127.98480000 1577.01500000
v 344.00000000 127.03670000 1576.41900000
v 344.00000000 125.97990000 1576.04900000
v 344.00000000 129.86730000 1630.92400000
v 344.00000000 125.97990000 1635.79800000
v 344.00000000 124.86730000 1635.92400000
v 344.00000000 127.03670000 1635.42900000
v 344.00000000 127.98480000 1634.83300000
v 344.00000000 128.77650000 1634.04100000
v 344.00000000 129.37220000 1633.09300000
v 344.00000000 129.74200000 1632.03600000
v 344.00000000 116.69460000 1635.92400000
v 344.00000000 114.57520000 1638.35200000
v 344.00000000 112.29590000 1640.63200000
v 344.00000000 109.86730000 1642.75100000
v 344.00000000 109.86730000 1650.92400000
v 344.00000000 105.97990000 1655.79800000
v 344.00000000 104.86730000 1655.92400000
v 344.00000000 107.03670000 1655.42900000
v 344.00000000 107.98480000 1654.83300000
v 344.00000000 108.77650000 1654.04100000
v 344.00000000 109.37220000 1653.09300000
v 344.00000000 109.74200000 1652.03600000
v 344.00000000 54.86732000 1655.92400000
v 344.00000000 49.99268000 1652.03600000
v 344.00000000 49.86732000 1650.92400000
v 344.00000000 50.36248000 1653.09300000
v 344.00000000 50.95817000 1654.04100000
v 344.00000000 51.74988000 1654.83300000
v 344.00000000 52.69791000 1655.42900000
v 344.00000000 53.75472000 1655.79800000
v 344.00000000 49.86732000 1642.75100000
v 344.00000000 47.43872000 1640.63200000
v 344.00000000 45.15946000 1638.35200000
v 438.00000000 29.86732000 1562.08000000
v 438.00000000 29.86732000 1649.76700000
v 438.00000000 31.82919000 1651.90800000
v 438.00000000 31.82919000 1559.93900000
v 438.00000000 127.90550000 1651.90800000
v 438.00000000 123.71080000 1655.92400000
v 438.00000000 125.85200000 1653.96200000
v 438.00000000 36.02385000 1655.92400000
v 438.00000000 33.88267000 1653.96200000
v 438.00000000 36.02385000 1555.92400000
v 438.00000000 33.88267000 1557.88600000
v 438.00000000 125.85200000 1557.88600000
v 438.00000000 123.71080000 1555.92400000
v 438.00000000 127.90550000 1559.93900000
v 438.00000000 129.86730000 1649.76700000
v 438.00000000 129.86730000 1562.08000000
v 455.00000000 123.71080000 1555.92400000
v 455.00000000 125.85200000 1557.88600000
v 455.00000000 127.90550000 1559.93900000
v 455.00000000 129.86730000 1562.08000000
v 455.00000000 36.02385000 1555.92400000
v 455.00000000 31.82919000 1559.93900000
v 455.00000000 29.86732000 1562.08000000
v 455.00000000 33.88267000 1557.88600000
v 455.00000000 29.86732000 1649.76700000
v 455.00000000 36.02385000 1655.92400000
v 455.00000000 33.88267000 1653.96200000
v 455.00000000 31.82919000 1651.90800000
v 455.00000000 123.71080000 1655.92400000
v 455.00000000 127.90550000 1651.90800000
v 455.00000000 129.86730000 1649.76700000
v 455.00000000 125.85200000 1653.96200000
v 259.80000000 43.04002000 1635.92400000
v 259.80000000 34.86732000 1635.92400000
v 259.80000000 29.86732000 1630.92400000
v 259.80000000 29.99268000 1632.03600000
v 259.80000000 30.36248000 1633.09300000
v 259.80000000 30.95817000 1634.04100000
v 259.80000000 31.74988000 1634.83300000
v 259.80000000 32.69791000 1635.42900000
v 259.80000000 33.75472000 1635.79800000
v 259.80000000 29.86732000 1580.92400000
v 259.80000000 34.86732000 1575.92400000
v 259.80000000 33.75472000 1576.04900000
v 259.80000000 32.69791000 1576.41900000
v 259.80000000 31.74988000 1577.01500000
v 259.80000000 30.95817000 1577.80600000
v 259.80000000 30.36248000 1578.75400000
v 259.80000000 29.99268000 1579.81100000
v 259.80000000 43.04002000 1575.92400000
v 259.80000000 45.15946000 1573.49500000
v 259.80000000 47.43872000 1571.21600000
v 259.80000000 49.86732000 1569.09600000
v 259.80000000 49.86732000 1560.92400000
v 259.80000000 53.75472000 1556.04900000
v 259.80000000 54.86732000 1555.92400000
v 259.80000000 52.69791000 1556.41900000
v 259.80000000 51.74988000 1557.01500000
v 259.80000000 50.95817000 1557.80600000
v 259.80000000 50.36248000 1558.75400000
v 259.80000000 49.99268000 1559.81100000
v 320.50000000 66.06732000 1555.92400000
v 259.80000000 104.86730000 1555.92400000
v 343.50000000 66.06732000 1555.92400000
v 320.50000000 93.66732000 1555.92400000
v 343.50000000 93.66732000 1555.92400000
v 259.80000000 109.86730000 1560.92400000
v 259.80000000 109.74200000 1559.81100000
v 259.80000000 109.37220000 1558.75400000
v 259.80000000 108.77650000 1557.80600000
v 259.80000000 107.98480000 1557.01500000
v 259.80000000 107.03670000 1556.41900000
v 259.80000000 105.97990000 1556.04900000
v 259.80000000 109.86730000 1569.09600000
v 259.80000000 112.29590000 1571.21600000
v 259.80000000 114.57520000 1573.49500000
v 259.80000000 116.69460000 1575.92400000
v 259.80000000 124.86730000 1575.92400000
v 259.80000000 129.74200000 1579.81100000
v 259.80000000 129.86730000 1580.92400000
v 259.80000000 129.37220000 1578.75400000
v 259.80000000 128.77650000 1577.80600000
v 259.80000000 127.98480000 1577.01500000
v 259.80000000 127.03670000 1576.41900000
v 259.80000000 125.97990000 1576.04900000
v 259.80000000 129.86730000 1630.92400000
v 259.80000000 124.86730000 1635.92400000
v 259.80000000 125.97990000 1635.79800000
v 259.80000000 127.03670000 1635.42900000
v 259.80000000 127.98480000 1634.83300000
v 259.80000000 128.77650000 1634.04100000
v 259.80000000 129.37220000 1633.09300000
v 259.80000000 129.74200000 1632.03600000
v 259.80000000 116.69460000 1635.92400000
v 259.80000000 114.57520000 1638.35200000
v 259.80000000 112.29590000 1640.63200000
v 259.80000000 109.86730000 1642.75100000
v 259.80000000 109.86730000 1650.92400000
v 259.80000000 105.97990000 1655.79800000
v 259.80000000 104.86730000 1655.92400000
v 259.80000000 107.03670000 1655.42900000
v 259.80000000 107.98480000 1654.83300000
v 259.80000000 108.77650000 1654.04100000
v 259.80000000 109.37220000 1653.09300000
v 259.80000000 109.74200000 1652.03600000
v 259.80000000 54.86732000 1655.92400000
v 259.80000000 49.99268000 1652.03600000
v 259.80000000 49.86732000 1650.92400000
v 259.80000000 50.36248000 1653.09300000
v 259.80000000 50.95817000 1654.04100000
v 259.80000000 51.74988000 1654.83300000
v 259.80000000 52.69791000 1655.42900000
v 259.80000000 53.75472000 1655.79800000
v 259.80000000 49.86732000 1642.75100000
v 259.80000000 47.43872000 1640.63200000
v 259.80000000 45.15946000 1638.35200000
v 259.80000000 53.18747000 1583.27000000
v 259.80000000 57.21373000 1579.24400000
v 259.80000000 61.83957000 1575.92400000
v 259.80000000 49.86732000 1587.89600000
v 259.80000000 49.86732000 1623.95100000
v 259.80000000 97.89508000 1575.92400000
v 259.80000000 102.52090000 1579.24400000
v 259.80000000 53.18747000 1628.57700000
v 259.80000000 106.54720000 1583.27000000
v 259.80000000 57.21373000 1632.60400000
v 259.80000000 109.86730000 1587.89600000
v 259.80000000 61.83957000 1635.92400000
v 259.80000000 123.86730000 1605.17400000
v 259.80000000 116.86730000 1604.67400000
v 259.80000000 109.86730000 1623.95100000
v 259.80000000 123.86730000 1606.67400000
v 259.80000000 116.86730000 1607.17400000
v 259.80000000 97.89508000 1635.92400000
v 259.80000000 102.52090000 1632.60400000
v 259.80000000 106.54720000 1628.57700000
v 343.50000000 66.06732000 1542.92400000
v 343.50000000 93.66732000 1542.92400000
v 320.50000000 93.66732000 1542.92400000
v 320.50000000 66.06732000 1542.92400000
v 246.68530000 123.05560000 1606.73200000
v 237.80000000 120.86730000 1606.88800000
v 237.80000000 116.86730000 1607.17400000
v 255.80000000 123.86730000 1606.67400000
v 246.68530000 123.05560000 1605.11600000
v 237.80000000 116.86730000 1604.67400000
v 237.80000000 120.86730000 1604.95900000
v 255.80000000 123.86730000 1605.17400000
v 253.80000000 109.86730000 1623.95100000
v 253.80000000 106.54720000 1628.57700000
v 253.80000000 102.52090000 1632.60400000
v 253.80000000 97.89508000 1635.92400000
v 253.80000000 109.86730000 1605.92400000
v 253.80000000 109.86730000 1587.89600000
v 253.80000000 97.89508000 1575.92400000
v 253.80000000 102.52090000 1579.24400000
v 253.80000000 106.54720000 1583.27000000
v 253.80000000 61.83957000 1575.92400000
v 253.80000000 66.06732000 1575.92400000
v 253.80000000 93.66732000 1575.92400000
v 253.80000000 49.86732000 1587.89600000
v 253.80000000 53.18747000 1583.27000000
v 253.80000000 57.21373000 1579.24400000
v 253.80000000 49.86732000 1605.92400000
v 253.80000000 49.86732000 1623.95100000
v 253.80000000 61.83957000 1635.92400000
v 253.80000000 57.21373000 1632.60400000
v 253.80000000 53.18747000 1628.57700000
v 253.80000000 79.86732000 1635.92400000
v 253.80000000 98.57202000 1629.37900000
v 253.80000000 92.88384000 1632.95300000
v 253.80000000 86.54295000 1635.17200000
v 253.80000000 109.11520000 1612.59900000
v 253.80000000 106.89640000 1618.94000000
v 253.80000000 103.32230000 1624.62800000
v 253.80000000 93.66732000 1579.28600000
v 253.80000000 99.11470000 1582.91200000
v 253.80000000 103.64630000 1587.63300000
v 253.80000000 107.04660000 1593.22400000
v 253.80000000 109.15360000 1599.41900000
v 253.80000000 60.61994000 1582.91200000
v 253.80000000 56.08833000 1587.63300000
v 253.80000000 66.06732000 1579.28600000
v 253.80000000 52.68809000 1593.22400000
v 253.80000000 50.58101000 1599.41900000
v 253.80000000 66.06732000 1565.92400000
v 253.80000000 93.66732000 1565.92400000
v 253.80000000 52.83826000 1618.94000000
v 253.80000000 50.61949000 1612.59900000
v 253.80000000 56.41238000 1624.62800000
v 253.80000000 61.16263000 1629.37900000
v 253.80000000 66.85081000 1632.95300000
v 253.80000000 73.19170000 1635.17200000
v 227.00000000 93.66732000 1579.28600000
v 227.00000000 99.65203000 1583.37200000
v 227.00000000 104.48230000 1588.77400000
v 227.00000000 107.87640000 1595.17700000
v 227.00000000 109.63620000 1602.20700000
v 227.00000000 109.65900000 1609.45300000
v 227.00000000 107.94350000 1616.49400000
v 227.00000000 104.58980000 1622.91800000
v 227.00000000 99.79361000 1628.35000000
v 227.00000000 93.83474000 1632.47400000
v 227.00000000 87.06090000 1635.04800000
v 227.00000000 79.86732000 1635.92400000
v 227.00000000 72.67375000 1635.04800000
v 227.00000000 65.89991000 1632.47400000
v 227.00000000 59.94104000 1628.35000000
v 227.00000000 55.14484000 1622.91800000
v 227.00000000 51.79116000 1616.49400000
v 227.00000000 50.07568000 1609.45300000
v 227.00000000 50.09849000 1602.20700000
v 227.00000000 51.85826000 1595.17700000
v 227.00000000 55.25232000 1588.77400000
v 227.00000000 60.08262000 1583.37200000
v 227.00000000 66.06732000 1579.28600000
v 227.00000000 93.66732000 1565.92400000
v 227.00000000 66.06732000 1565.92400000
v 438.00000000 -3.15836900 1470.85400000
v 438.00000000 -4.12385100 1468.85000000
v 438.00000000 -3.52816400 1469.79800000
v 438.00000000 -4.91556000 1468.05800000
v 438.00000000 -26.92040000 1447.09200000
v 438.00000000 -25.86359000 1447.46200000
v 438.00000000 -24.91556000 1448.05800000
v 438.00000000 -8.03300900 1466.96700000
v 438.00000000 -3.03300900 1471.96700000
v 438.00000000 -5.86359000 1467.46200000
v 438.00000000 -6.92040400 1467.09200000
v 438.00000000 -23.03301000 1451.96700000
v 438.00000000 -23.52816000 1449.79800000
v 438.00000000 -23.15837000 1450.85400000
v 438.00000000 -28.03301000 1446.96700000
v 438.00000000 -24.12385000 1448.85000000
v 438.00000000 -16.20571000 1466.96700000
v 438.00000000 -23.03301000 1460.14000000
v 438.00000000 -3.03300900 1521.96700000
v 438.00000000 -81.15046000 1448.05800000
v 438.00000000 -80.20243000 1447.46200000
v 438.00000000 -79.14561000 1447.09200000
v 438.00000000 -81.94217000 1448.85000000
v 438.00000000 -5.86359000 1526.47200000
v 438.00000000 -4.12385100 1525.08400000
v 438.00000000 -4.91556000 1525.87600000
v 438.00000000 -82.53785000 1449.79800000
v 438.00000000 -8.03300900 1526.96700000
v 438.00000000 -6.92040400 1526.84200000
v 438.00000000 -3.52816400 1524.13600000
v 438.00000000 -3.15836900 1523.08000000
v 438.00000000 -83.03301000 1451.96700000
v 438.00000000 -78.03301000 1446.96700000
v 438.00000000 -82.90765000 1450.85400000
v 438.00000000 -16.20571000 1526.96700000
v 438.00000000 -83.03301000 1460.14000000
v 438.00000000 -20.60441000 1462.25900000
v 438.00000000 -23.03301000 1533.79400000
v 438.00000000 -18.32514000 1529.39600000
v 438.00000000 -20.60441000 1531.67500000
v 438.00000000 -18.32514000 1464.53800000
v 438.00000000 -100.20240000 1467.46200000
v 438.00000000 -99.14561000 1467.09200000
v 438.00000000 -98.03301000 1466.96700000
v 438.00000000 -24.12385000 1545.08400000
v 438.00000000 -23.15837000 1543.08000000
v 438.00000000 -23.52816000 1544.13600000
v 438.00000000 -23.03301000 1541.96700000
v 438.00000000 -24.91556000 1545.87600000
v 438.00000000 -102.53790000 1469.79800000
v 438.00000000 -101.15050000 1468.05800000
v 438.00000000 -101.94220000 1468.85000000
v 438.00000000 -26.92040000 1546.84200000
v 438.00000000 -25.86359000 1546.47200000
v 438.00000000 -102.90760000 1470.85400000
v 438.00000000 -28.03301000 1546.96700000
v 438.00000000 -103.03300000 1471.96700000
v 438.00000000 -89.86031000 1466.96700000
v 438.00000000 -89.86031000 1526.96700000
v 438.00000000 -85.46161000 1531.67500000
v 438.00000000 -85.46161000 1462.25900000
v 438.00000000 -87.74087000 1464.53800000
v 438.00000000 -83.03301000 1533.79400000
v 438.00000000 -87.74087000 1529.39600000
v 438.00000000 -78.03301000 1546.96700000
v 438.00000000 -83.03301000 1541.96700000
v 438.00000000 -103.03300000 1521.96700000
v 438.00000000 -98.03301000 1526.96700000
v 438.00000000 -100.20240000 1526.47200000
v 438.00000000 -102.90760000 1523.08000000
v 438.00000000 -99.14561000 1526.84200000
v 438.00000000 -80.20243000 1546.47200000
v 438.00000000 -79.14561000 1546.84200000
v 438.00000000 -101.94220000 1525.08400000
v 438.00000000 -102.53790000 1524.13600000
v 438.00000000 -101.15050000 1525.87600000
v 438.00000000 -81.94217000 1545.08400000
v 438.00000000 -82.53785000 1544.13600000
v 438.00000000 -82.90765000 1543.08000000
v 438.00000000 -81.15046000 1545.87600000
v 344.00000000 -83.03301000 1460.14000000
v 344.00000000 -83.03301000 1451.96700000
v 344.00000000 -78.03301000 1446.96700000
v 344.00000000 -79.14561000 1447.09200000
v 344.00000000 -80.20243000 1447.46200000
v 344.00000000 -81.15046000 1448.05800000
v 344.00000000 -81.94217000 1448.85000000
v 344.00000000 -82.53785000 1449.79800000
v 344.00000000 -82.90765000 1450.85400000
v 344.00000000 -28.03301000 1446.96700000
v 344.00000000 -23.03301000 1451.96700000
v 344.00000000 -23.15837000 1450.85400000
v 344.00000000 -23.52816000 1449.79800000
v 344.00000000 -24.12385000 1448.85000000
v 344.00000000 -24.91556000 1448.05800000
v 344.00000000 -25.86359000 1447.46200000
v 344.00000000 -26.92040000 1447.09200000
v 344.00000000 -23.03301000 1460.14000000
v 344.00000000 -20.60441000 1462.25900000
v 344.00000000 -18.32514000 1464.53800000
v 344.00000000 -16.20571000 1466.96700000
v 344.00000000 -8.03300900 1466.96700000
v 344.00000000 -3.15836900 1470.85400000
v 344.00000000 -3.03300900 1471.96700000
v 344.00000000 -3.52816400 1469.79800000
v 344.00000000 -4.12385100 1468.85000000
v 344.00000000 -4.91556000 1468.05800000
v 344.00000000 -5.86359000 1467.46200000
v 344.00000000 -6.92040400 1467.09200000
v 344.00000000 -3.03300900 1521.96700000
v 344.00000000 -8.03300900 1526.96700000
v 344.00000000 -6.92040400 1526.84200000
v 344.00000000 -5.86359000 1526.47200000
v 344.00000000 -4.91556000 1525.87600000
v 344.00000000 -4.12385100 1525.08400000
v 344.00000000 -3.52816400 1524.13600000
v 344.00000000 -3.15836900 1523.08000000
v 344.00000000 -16.20571000 1526.96700000
v 344.00000000 -18.32514000 1529.39600000
v 344.00000000 -20.60441000 1531.67500000
v 344.00000000 -23.03301000 1533.79400000
v 344.00000000 -23.03301000 1541.96700000
v 344.00000000 -26.92040000 1546.84200000
v 344.00000000 -28.03301000 1546.96700000
v 344.00000000 -25.86359000 1546.47200000
v 344.00000000 -24.91556000 1545.87600000
v 344.00000000 -24.12385000 1545.08400000
v 344.00000000 -23.52816000 1544.13600000
v 344.00000000 -23.15837000 1543.08000000
v 344.00000000 -78.03301000 1546.96700000
v 344.00000000 -82.90765000 1543.08000000
v 344.00000000 -83.03301000 1541.96700000
v 344.00000000 -82.53785000 1544.13600000
v 344.00000000 -81.94217000 1545.08400000
v 344.00000000 -81.15046000 1545.87600000
v 344.00000000 -80.20243000 1546.47200000
v 344.00000000 -79.14561000 1546.84200000
v 344.00000000 -83.03301000 1533.79400000
v 344.00000000 -85.46161000 1531.67500000
v 344.00000000 -87.74087000 1529.39600000
v 344.00000000 -89.86031000 1526.96700000
v 344.00000000 -98.03301000 1526.96700000
v 344.00000000 -102.90760000 1523.08000000
v 344.00000000 -103.03300000 1521.96700000
v 344.00000000 -102.53790000 1524.13600000
v 344.00000000 -101.94220000 1525.08400000
v 344.00000000 -101.15050000 1525.87600000
v 344.00000000 -100.20240000 1526.47200000
v 344.00000000 -99.14561000 1526.84200000
v 344.00000000 -103.03300000 1471.96700000
v 344.00000000 -99.14561000 1467.09200000
v 344.00000000 -98.03301000 1466.96700000
v 344.00000000 -100.20240000 1467.46200000
v 344.00000000 -101.15050000 1468.05800000
v 344.00000000 -101.94220000 1468.85000000
v 344.00000000 -102.53790000 1469.79800000
v 344.00000000 -102.90760000 1470.85400000
v 344.00000000 -89.86031000 1466.96700000
v 344.00000000 -87.74087000 1464.53800000
v 344.00000000 -85.46161000 1462.25900000
v 438.00000000 -9.18953700 1446.96700000
v 438.00000000 -96.87648000 1446.96700000
v 438.00000000 -99.01766000 1448.92900000
v 438.00000000 -7.04835900 1448.92900000
v 438.00000000 -99.01766000 1545.00500000
v 438.00000000 -103.03300000 1540.81000000
v 438.00000000 -101.07110000 1542.95200000
v 438.00000000 -103.03300000 1453.12400000
v 438.00000000 -101.07110000 1450.98200000
v 438.00000000 -3.03300900 1453.12400000
v 438.00000000 -4.99487800 1450.98200000
v 438.00000000 -4.99487800 1542.95200000
v 438.00000000 -3.03300900 1540.81000000
v 438.00000000 -7.04835900 1545.00500000
v 438.00000000 -96.87648000 1546.96700000
v 438.00000000 -9.18953700 1546.96700000
v 455.00000000 -3.03300900 1540.81000000
v 455.00000000 -4.99487800 1542.95200000
v 455.00000000 -7.04835900 1545.00500000
v 455.00000000 -9.18953700 1546.96700000
v 455.00000000 -3.03300900 1453.12400000
v 455.00000000 -7.04835900 1448.92900000
v 455.00000000 -9.18953700 1446.96700000
v 455.00000000 -4.99487800 1450.98200000
v 455.00000000 -96.87648000 1446.96700000
v 455.00000000 -103.03300000 1453.12400000
v 455.00000000 -101.07110000 1450.98200000
v 455.00000000 -99.01766000 1448.92900000
v 455.00000000 -103.03300000 1540.81000000
v 455.00000000 -99.01766000 1545.00500000
v 455.00000000 -96.87648000 1546.96700000
v 455.00000000 -101.07110000 1542.95200000
v 259.80000000 -83.03301000 1460.14000000
v 259.80000000 -83.03301000 1451.96700000
v 259.80000000 -78.03301000 1446.96700000
v 259.80000000 -79.14561000 1447.09200000
v 259.80000000 -80.20243000 1447.46200000
v 259.80000000 -81.15046000 1448.05800000
v 259.80000000 -81.94217000 1448.85000000
v 259.80000000 -82.53785000 1449.79800000
v 259.80000000 -82.90765000 1450.85400000
v 259.80000000 -28.03301000 1446.96700000
v 259.80000000 -23.03301000 1451.96700000
v 259.80000000 -23.15837000 1450.85400000
v 259.80000000 -23.52816000 1449.79800000
v 259.80000000 -24.12385000 1448.85000000
v 259.80000000 -24.91556000 1448.05800000
v 259.80000000 -25.86359000 1447.46200000
v 259.80000000 -26.92040000 1447.09200000
v 259.80000000 -23.03301000 1460.14000000
v 259.80000000 -20.60441000 1462.25900000
v 259.80000000 -18.32514000 1464.53800000
v 259.80000000 -16.20571000 1466.96700000
v 259.80000000 -8.03300900 1466.96700000
v 259.80000000 -3.15836900 1470.85400000
v 259.80000000 -3.03300900 1471.96700000
v 259.80000000 -3.52816400 1469.79800000
v 259.80000000 -4.12385100 1468.85000000
v 259.80000000 -4.91556000 1468.05800000
v 259.80000000 -5.86359000 1467.46200000
v 259.80000000 -6.92040400 1467.09200000
v 320.50000000 -3.03300900 1483.16700000
v 259.80000000 -3.03300900 1521.96700000
v 343.50000000 -3.03300900 1483.16700000
v 320.50000000 -3.03300900 1510.76700000
v 343.50000000 -3.03300900 1510.76700000
v 259.80000000 -8.03300900 1526.96700000
v 259.80000000 -6.92040400 1526.84200000
v 259.80000000 -5.86359000 1526.47200000
v 259.80000000 -4.91556000 1525.87600000
v 259.80000000 -4.12385100 1525.08400000
v 259.80000000 -3.52816400 1524.13600000
v 259.80000000 -3.15836900 1523.08000000
v 259.80000000 -16.20571000 1526.96700000
v 259.80000000 -18.32514000 1529.39600000
v 259.80000000 -20.60441000 1531.67500000
v 259.80000000 -23.03301000 1533.79400000
v 259.80000000 -23.03301000 1541.96700000
v 259.80000000 -26.92040000 1546.84200000
v 259.80000000 -28.03301000 1546.96700000
v 259.80000000 -25.86359000 1546.47200000
v 259.80000000 -24.91556000 1545.87600000
v 259.80000000 -24.12385000 1545.08400000
v 259.80000000 -23.52816000 1544.13600000
v 259.80000000 -23.15837000 1543.08000000
v 259.80000000 -78.03301000 1546.96700000
v 259.80000000 -83.03301000 1541.96700000
v 259.80000000 -82.90765000 1543.08000000
v 259.80000000 -82.53785000 1544.13600000
v 259.80000000 -81.94217000 1545.08400000
v 259.80000000 -81.15046000 1545.87600000
v 259.80000000 -80.20243000 1546.47200000
v 259.80000000 -79.14561000 1546.84200000
v 259.80000000 -83.03301000 1533.79400000
v 259.80000000 -85.46161000 1531.67500000
v 259.80000000 -87.74087000 1529.39600000
v 259.80000000 -89.86031000 1526.96700000
v 259.80000000 -98.03301000 1526.96700000
v 259.80000000 -102.90760000 1523.08000000
v 259.80000000 -103.03300000 1521.96700000
v 259.80000000 -102.53790000 1524.13600000
v 259.80000000 -101.94220000 1525.08400000
v 259.80000000 -101.15050000 1525.87600000
v 259.80000000 -100.20240000 1526.47200000
v 259.80000000 -99.14561000 1526.84200000
v 259.80000000 -103.03300000 1471.96700000
v 259.80000000 -99.14561000 1467.09200000
v 259.80000000 -98.03301000 1466.96700000
v 259.80000000 -100.20240000 1467.46200000
v 259.80000000 -101.15050000 1468.05800000
v 259.80000000 -101.94220000 1468.85000000
v 259.80000000 -102.53790000 1469.79800000
v 259.80000000 -102.90760000 1470.85400000
v 259.80000000 -89.86031000 1466.96700000
v 259.80000000 -87.74087000 1464.53800000
v 259.80000000 -85.46161000 1462.25900000
v 259.80000000 -30.37942000 1470.28700000
v 259.80000000 -26.35315000 1474.31300000
v 259.80000000 -23.03301000 1478.93900000
v 259.80000000 -35.00525000 1466.96700000
v 259.80000000 -71.06076000 1466.96700000
v 259.80000000 -23.03301000 1514.99500000
v 259.80000000 -26.35315000 1519.62100000
v 259.80000000 -75.68660000 1470.28700000
v 259.80000000 -30.37942000 1523.64700000
v 259.80000000 -79.71287000 1474.31300000
v 259.80000000 -35.00525000 1526.96700000
v 259.80000000 -83.03301000 1478.93900000
v 259.80000000 -52.28301000 1540.96700000
v 259.80000000 -51.78301000 1533.96700000
v 259.80000000 -71.06076000 1526.96700000
v 259.80000000 -53.78301000 1540.96700000
v 259.80000000 -54.28301000 1533.96700000
v 259.80000000 -83.03301000 1514.99500000
v 259.80000000 -79.71287000 1519.62100000
v 259.80000000 -75.68660000 1523.64700000
v 343.50000000 9.96699100 1483.16700000
v 343.50000000 9.96699100 1510.76700000
v 320.50000000 9.96699100 1510.76700000
v 320.50000000 9.96699100 1483.16700000
v 246.68530000 -53.84099000 1540.15500000
v 237.80000000 -53.99729000 1537.96700000
v 237.80000000 -54.28301000 1533.96700000
v 255.80000000 -53.78301000 1540.96700000
v 246.68530000 -52.22503000 1540.15500000
v 237.80000000 -51.78301000 1533.96700000
v 237.80000000 -52.06872000 1537.96700000
v 255.80000000 -52.28301000 1540.96700000
v 253.80000000 -71.06076000 1526.96700000
v 253.80000000 -75.68660000 1523.64700000
v 253.80000000 -79.71287000 1519.62100000
v 253.80000000 -83.03301000 1514.99500000
v 253.80000000 -53.03301000 1526.96700000
v 253.80000000 -35.00525000 1526.96700000
v 253.80000000 -23.03301000 1514.99500000
v 253.80000000 -26.35315000 1519.62100000
v 253.80000000 -30.37942000 1523.64700000
v 253.80000000 -23.03301000 1478.93900000
v 253.80000000 -23.03301000 1483.16700000
v 253.80000000 -23.03301000 1510.76700000
v 253.80000000 -35.00525000 1466.96700000
v 253.80000000 -30.37942000 1470.28700000
v 253.80000000 -26.35315000 1474.31300000
v 253.80000000 -53.03301000 1466.96700000
v 253.80000000 -71.06076000 1466.96700000
v 253.80000000 -83.03301000 1478.93900000
v 253.80000000 -79.71287000 1474.31300000
v 253.80000000 -75.68660000 1470.28700000
v 253.80000000 -83.03301000 1496.96700000
v 253.80000000 -76.48795000 1515.67200000
v 253.80000000 -80.06207000 1509.98400000
v 253.80000000 -82.28085000 1503.64300000
v 253.80000000 -59.70864000 1526.21500000
v 253.80000000 -66.04952000 1523.99600000
v 253.80000000 -71.73770000 1520.42200000
v 253.80000000 -26.39544000 1510.76700000
v 253.80000000 -30.02131000 1516.21400000
v 253.80000000 -34.74204000 1520.74600000
v 253.80000000 -40.33304000 1524.14600000
v 253.80000000 -46.52828000 1526.25300000
v 253.80000000 -30.02131000 1477.72000000
v 253.80000000 -34.74204000 1473.18800000
v 253.80000000 -26.39544000 1483.16700000
v 253.80000000 -40.33304000 1469.78800000
v 253.80000000 -46.52828000 1467.68100000
v 253.80000000 -13.03301000 1483.16700000
v 253.80000000 -13.03301000 1510.76700000
v 253.80000000 -66.04952000 1469.93800000
v 253.80000000 -59.70864000 1467.71900000
v 253.80000000 -71.73770000 1473.51200000
v 253.80000000 -76.48795000 1478.26200000
v 253.80000000 -80.06207000 1483.95000000
v 253.80000000 -82.28085000 1490.29100000
v 227.00000000 -26.39544000 1510.76700000
v 227.00000000 -30.48161000 1516.75200000
v 227.00000000 -35.88363000 1521.58200000
v 227.00000000 -42.28627000 1524.97600000
v 227.00000000 -49.31598000 1526.73600000
v 227.00000000 -56.56256000 1526.75900000
v 227.00000000 -63.60321000 1525.04300000
v 227.00000000 -70.02710000 1521.68900000
v 227.00000000 -75.45941000 1516.89300000
v 227.00000000 -79.58317000 1510.93400000
v 227.00000000 -82.15778000 1504.16100000
v 227.00000000 -83.03301000 1496.96700000
v 227.00000000 -82.15778000 1489.77300000
v 227.00000000 -79.58317000 1483.00000000
v 227.00000000 -75.45941000 1477.04100000
v 227.00000000 -70.02710000 1472.24500000
v 227.00000000 -63.60321000 1468.89100000
v 227.00000000 -56.56256000 1467.17500000
v 227.00000000 -49.31598000 1467.19800000
v 227.00000000 -42.28627000 1468.95800000
v 227.00000000 -35.88363000 1472.35200000
v 227.00000000 -30.48161000 1477.18200000
v 227.00000000 -26.39544000 1483.16700000
v 227.00000000 -13.03301000 1510.76700000
v 227.00000000 -13.03301000 1483.16700000
v 412.84270000 104.50000000 1335.29500000
v 414.00000000 94.00000000 1350.00000000
v 412.84270000 94.00000000 1335.29500000
v 414.00000000 104.50000000 1350.00000000
v 409.39930000 104.50000000 1320.95200000
v 409.39930000 94.00000000 1320.95200000
v 403.75460000 104.50000000 1307.32500000
v 403.75460000 94.00000000 1307.32500000
v 396.04760000 104.50000000 1294.74800000
v 396.04760000 94.00000000 1294.74800000
v 386.46800000 94.00000000 1283.53200000
v 386.46800000 104.50000000 1283.53200000
v 375.25180000 94.00000000 1273.95200000
v 375.25180000 104.50000000 1273.95200000
v 362.67510000 94.00000000 1266.24500000
v 362.67510000 104.50000000 1266.24500000
v 349.04760000 104.50000000 1260.60100000
v 349.04760000 94.00000000 1260.60100000
v 334.70480000 104.50000000 1257.15700000
v 334.70480000 94.00000000 1257.15700000
v 320.00000000 104.50000000 1256.00000000
v 320.00000000 94.00000000 1256.00000000
v 305.29520000 94.00000000 1257.15700000
v 305.29520000 104.50000000 1257.15700000
v 290.95240000 104.50000000 1260.60100000
v 290.95240000 94.00000000 1260.60100000
v 277.32490000 94.00000000 1266.24500000
v 277.32490000 104.50000000 1266.24500000
v 264.74820000 104.50000000 1273.95200000
v 264.74820000 94.00000000 1273.95200000
v 253.53200000 104.50000000 1283.53200000
v 253.53200000 94.00000000 1283.53200000
v 243.95240000 104.50000000 1294.74800000
v 243.95240000 94.00000000 1294.74800000
v 236.24540000 94.00000000 1307.32500000
v 236.24540000 104.50000000 1307.32500000
v 230.60070000 104.50000000 1320.95200000
v 230.60070000 94.00000000 1320.95200000
v 227.15730000 104.50000000 1335.29500000
v 227.15730000 94.00000000 1335.29500000
v 226.00000000 94.00000000 1350.00000000
v 226.00000000 104.50000000 1350.00000000
v 460.00000000 129.50000000 1350.00000000
v 458.80230000 129.50000000 1331.72600000
v 455.22960000 129.50000000 1313.76500000
v 449.34310000 129.50000000 1296.42400000
v 441.24360000 129.50000000 1280.00000000
v 431.06950000 129.50000000 1264.77300000
v 418.99490000 129.50000000 1251.00500000
v 405.22660000 129.50000000 1238.93100000
v 390.00000000 129.50000000 1228.75600000
v 373.57570000 129.50000000 1220.65700000
v 356.23470000 129.50000000 1214.77000000
v 338.27370000 129.50000000 1211.19800000
v 320.00000000 129.50000000 1210.00000000
v 301.72630000 129.50000000 1211.19800000
v 283.76530000 129.50000000 1214.77000000
v 266.42430000 129.50000000 1220.65700000
v 250.00000000 129.50000000 1228.75600000
v 234.77340000 129.50000000 1238.93100000
v 221.00510000 129.50000000 1251.00500000
v 208.93050000 129.50000000 1264.77300000
v 198.75640000 129.50000000 1280.00000000
v 190.65690000 129.50000000 1296.42400000
v 184.77040000 129.50000000 1313.76500000
v 181.19770000 129.50000000 1331.72600000
v 180.00000000 129.50000000 1350.00000000
v 438.88230000 144.50000000 1333.66000000
v 440.00000000 129.50000000 1350.00000000
v 438.88230000 129.50000000 1333.66000000
v 440.00000000 144.50000000 1350.00000000
v 435.55010000 144.50000000 1317.62400000
v 435.55010000 129.50000000 1317.62400000
v 430.06540000 144.50000000 1302.19200000
v 430.06540000 129.50000000 1302.19200000
v 422.53030000 144.50000000 1287.65000000
v 422.53030000 129.50000000 1287.65000000
v 413.08540000 144.50000000 1274.26900000
v 413.08540000 129.50000000 1274.26900000
v 401.90640000 144.50000000 1262.30000000
v 401.90640000 129.50000000 1262.30000000
v 389.20160000 144.50000000 1251.96400000
v 389.20160000 129.50000000 1251.96400000
v 375.20780000 144.50000000 1243.45400000
v 375.20780000 129.50000000 1243.45400000
v 360.18560000 144.50000000 1236.92900000
v 360.18560000 129.50000000 1236.92900000
v 344.41470000 144.50000000 1232.51000000
v 344.41470000 129.50000000 1232.51000000
v 328.18910000 144.50000000 1230.28000000
v 328.18910000 129.50000000 1230.28000000
v 311.81090000 144.50000000 1230.28000000
v 311.81090000 129.50000000 1230.28000000
v 295.58530000 144.50000000 1232.51000000
v 295.58530000 129.50000000 1232.51000000
v 279.81440000 144.50000000 1236.92900000
v 279.81440000 129.50000000 1236.92900000
v 264.79220000 129.50000000 1243.45400000
v 264.79220000 144.50000000 1243.45400000
v 250.79840000 144.50000000 1251.96400000
v 250.79840000 129.50000000 1251.96400000
v 238.09360000 129.50000000 1262.30000000
v 238.09360000 144.50000000 1262.30000000
v 226.91460000 144.50000000 1274.26900000
v 226.91460000 129.50000000 1274.26900000
v 217.46970000 144.50000000 1287.65000000
v 217.46970000 129.50000000 1287.65000000
v 209.93460000 144.50000000 1302.19200000
v 209.93460000 129.50000000 1302.19200000
v 204.44990000 144.50000000 1317.62400000
v 204.44990000 129.50000000 1317.62400000
v 201.11770000 129.50000000 1333.66000000
v 201.11770000 144.50000000 1333.66000000
v 200.00000000 144.50000000 1350.00000000
v 200.00000000 129.50000000 1350.00000000
v 438.38700000 190.00000000 1333.72800000
v 439.50000000 144.50000000 1350.00000000
v 438.38700000 144.50000000 1333.72800000
v 439.50000000 190.00000000 1350.00000000
v 435.06860000 190.00000000 1317.75900000
v 435.06860000 144.50000000 1317.75900000
v 429.60680000 190.00000000 1302.39100000
v 429.60680000 144.50000000 1302.39100000
v 422.10310000 190.00000000 1287.91000000
v 422.10310000 144.50000000 1287.91000000
v 412.69750000 190.00000000 1274.58500000
v 412.69750000 144.50000000 1274.58500000
v 401.56510000 190.00000000 1262.66500000
v 401.56510000 144.50000000 1262.66500000
v 388.91330000 190.00000000 1252.37200000
v 388.91330000 144.50000000 1252.37200000
v 374.97780000 190.00000000 1243.89800000
v 374.97780000 144.50000000 1243.89800000
v 360.01810000 190.00000000 1237.40000000
v 360.01810000 144.50000000 1237.40000000
v 344.31300000 190.00000000 1232.99900000
v 344.31300000 144.50000000 1232.99900000
v 328.15500000 190.00000000 1230.77900000
v 328.15500000 144.50000000 1230.77900000
v 311.84500000 190.00000000 1230.77900000
v 311.84500000 144.50000000 1230.77900000
v 295.68700000 190.00000000 1232.99900000
v 295.68700000 144.50000000 1232.99900000
v 279.98190000 190.00000000 1237.40000000
v 279.98190000 144.50000000 1237.40000000
v 265.02220000 190.00000000 1243.89800000
v 265.02220000 144.50000000 1243.89800000
v 251.08670000 190.00000000 1252.37200000
v 251.08670000 144.50000000 1252.37200000
v 238.43490000 190.00000000 1262.66500000
v 238.43490000 144.50000000 1262.66500000
v 227.30250000 190.00000000 1274.58500000
v 227.30250000 144.50000000 1274.58500000
v 217.89690000 144.50000000 1287.91000000
v 217.89690000 190.00000000 1287.91000000
v 210.39320000 144.50000000 1302.39100000
v 210.39320000 190.00000000 1302.39100000
v 204.93140000 144.50000000 1317.75900000
v 204.93140000 190.00000000 1317.75900000
v 201.61300000 190.00000000 1333.72800000
v 201.61300000 144.50000000 1333.72800000
v 200.50000000 190.00000000 1350.00000000
v 200.50000000 144.50000000 1350.00000000
v 422.00000000 198.00000000 1350.00000000
v 422.00000000 190.00000000 1350.00000000
v 420.86070000 190.00000000 1334.79800000
v 420.86070000 198.00000000 1334.79800000
v 417.46840000 190.00000000 1319.93500000
v 417.46840000 198.00000000 1319.93500000
v 411.89880000 190.00000000 1305.74400000
v 411.89880000 198.00000000 1305.74400000
v 404.27640000 190.00000000 1292.54100000
v 404.27640000 198.00000000 1292.54100000
v 394.77130000 190.00000000 1280.62200000
v 394.77130000 198.00000000 1280.62200000
v 383.59600000 190.00000000 1270.25300000
v 383.59600000 198.00000000 1270.25300000
v 371.00000000 190.00000000 1261.66500000
v 371.00000000 198.00000000 1261.66500000
v 357.26480000 190.00000000 1255.05100000
v 357.26480000 198.00000000 1255.05100000
v 342.69710000 190.00000000 1250.55700000
v 342.69710000 198.00000000 1250.55700000
v 327.62250000 198.00000000 1248.28500000
v 327.62250000 190.00000000 1248.28500000
v 312.37750000 198.00000000 1248.28500000
v 312.37750000 190.00000000 1248.28500000
v 297.30290000 190.00000000 1250.55700000
v 297.30290000 198.00000000 1250.55700000
v 282.73520000 198.00000000 1255.05100000
v 282.73520000 190.00000000 1255.05100000
v 269.00000000 198.00000000 1261.66500000
v 269.00000000 190.00000000 1261.66500000
v 256.40400000 198.00000000 1270.25300000
v 256.40400000 190.00000000 1270.25300000
v 245.22870000 198.00000000 1280.62200000
v 245.22870000 190.00000000 1280.62200000
v 235.72360000 190.00000000 1292.54100000
v 235.72360000 198.00000000 1292.54100000
v 228.10120000 198.00000000 1305.74400000
v 228.10120000 190.00000000 1305.74400000
v 222.53160000 198.00000000 1319.93500000
v 222.53160000 190.00000000 1319.93500000
v 219.13930000 198.00000000 1334.79800000
v 219.13930000 190.00000000 1334.79800000
v 218.00000000 198.00000000 1350.00000000
v 218.00000000 190.00000000 1350.00000000
v 253.53200000 104.50000000 1416.46800000
v 243.95240000 104.50000000 1405.25200000
v 264.74820000 104.50000000 1426.04800000
v 277.32490000 104.50000000 1433.75500000
v 236.24540000 104.50000000 1392.67500000
v 290.95240000 104.50000000 1439.39900000
v 230.60070000 104.50000000 1379.04800000
v 227.15730000 104.50000000 1364.70500000
v 305.29520000 104.50000000 1442.84300000
v 320.00000000 104.50000000 1444.00000000
v 334.70480000 104.50000000 1442.84300000
v 349.04760000 104.50000000 1439.39900000
v 362.67510000 104.50000000 1433.75500000
v 375.25180000 104.50000000 1426.04800000
v 386.46800000 104.50000000 1416.46800000
v 396.04760000 104.50000000 1405.25200000
v 403.75460000 104.50000000 1392.67500000
v 409.39930000 104.50000000 1379.04800000
v 412.84270000 104.50000000 1364.70500000
v 227.15730000 94.00000000 1364.70500000
v 230.60070000 94.00000000 1379.04800000
v 236.24540000 94.00000000 1392.67500000
v 243.95240000 94.00000000 1405.25200000
v 253.53200000 94.00000000 1416.46800000
v 264.74820000 94.00000000 1426.04800000
v 277.32490000 94.00000000 1433.75500000
v 290.95240000 94.00000000 1439.39900000
v 305.29520000 94.00000000 1442.84300000
v 320.00000000 94.00000000 1444.00000000
v 334.70480000 94.00000000 1442.84300000
v 349.04760000 94.00000000 1439.39900000
v 362.67510000 94.00000000 1433.75500000
v 375.25180000 94.00000000 1426.04800000
v 386.46800000 94.00000000 1416.46800000
v 396.04760000 94.00000000 1405.25200000
v 403.75460000 94.00000000 1392.67500000
v 409.39930000 94.00000000 1379.04800000
v 412.84270000 94.00000000 1364.70500000
v 181.19770000 129.50000000 1368.27400000
v 184.77040000 129.50000000 1386.23500000
v 190.65690000 129.50000000 1403.57600000
v 198.75640000 129.50000000 1420.00000000
v 208.93050000 129.50000000 1435.22700000
v 221.00510000 129.50000000 1448.99500000
v 234.77340000 129.50000000 1461.06900000
v 250.00000000 129.50000000 1471.24400000
v 266.42430000 129.50000000 1479.34300000
v 283.76530000 129.50000000 1485.23000000
v 301.72630000 129.50000000 1488.80200000
v 320.00000000 129.50000000 1490.00000000
v 338.27370000 129.50000000 1488.80200000
v 356.23470000 129.50000000 1485.23000000
v 373.57570000 129.50000000 1479.34300000
v 390.00000000 129.50000000 1471.24400000
v 405.22660000 129.50000000 1461.06900000
v 418.99490000 129.50000000 1448.99500000
v 431.06950000 129.50000000 1435.22700000
v 441.24360000 129.50000000 1420.00000000
v 449.34310000 129.50000000 1403.57600000
v 455.22960000 129.50000000 1386.23500000
v 458.80230000 129.50000000 1368.27400000
v 401.90640000 129.50000000 1437.70000000
v 413.08540000 129.50000000 1425.73100000
v 389.20160000 129.50000000 1448.03600000
v 422.53030000 129.50000000 1412.35000000
v 375.20780000 129.50000000 1456.54600000
v 430.06540000 129.50000000 1397.80800000
v 360.18560000 129.50000000 1463.07100000
v 435.55010000 129.50000000 1382.37600000
v 344.41470000 129.50000000 1467.49000000
v 438.88230000 129.50000000 1366.34000000
v 328.18910000 129.50000000 1469.72000000
v 311.81090000 129.50000000 1469.72000000
v 295.58530000 129.50000000 1467.49000000
v 279.81440000 129.50000000 1463.07100000
v 264.79220000 129.50000000 1456.54600000
v 250.79840000 129.50000000 1448.03600000
v 238.09360000 129.50000000 1437.70000000
v 226.91460000 129.50000000 1425.73100000
v 217.46970000 129.50000000 1412.35000000
v 209.93460000 129.50000000 1397.80800000
v 204.44990000 129.50000000 1382.37600000
v 201.11770000 129.50000000 1366.34000000
v 201.11770000 144.50000000 1366.34000000
v 204.44990000 144.50000000 1382.37600000
v 209.93460000 144.50000000 1397.80800000
v 217.46970000 144.50000000 1412.35000000
v 226.91460000 144.50000000 1425.73100000
v 238.09360000 144.50000000 1437.70000000
v 250.79840000 144.50000000 1448.03600000
v 264.79220000 144.50000000 1456.54600000
v 279.81440000 144.50000000 1463.07100000
v 295.58530000 144.50000000 1467.49000000
v 311.81090000 144.50000000 1469.72000000
v 328.18910000 144.50000000 1469.72000000
v 344.41470000 144.50000000 1467.49000000
v 360.18560000 144.50000000 1463.07100000
v 375.20780000 144.50000000 1456.54600000
v 389.20160000 144.50000000 1448.03600000
v 401.90640000 144.50000000 1437.70000000
v 413.08540000 144.50000000 1425.73100000
v 422.53030000 144.50000000 1412.35000000
v 430.06540000 144.50000000 1397.80800000
v 435.55010000 144.50000000 1382.37600000
v 438.88230000 144.50000000 1366.34000000
v 401.56510000 144.50000000 1437.33500000
v 412.69750000 144.50000000 1425.41500000
v 388.91330000 144.50000000 1447.62800000
v 422.10310000 144.50000000 1412.09000000
v 374.97780000 144.50000000 1456.10200000
v 429.60680000 144.50000000 1397.60900000
v 360.01810000 144.50000000 1462.60000000
v 435.06860000 144.50000000 1382.24100000
v 344.31300000 144.50000000 1467.00100000
v 438.38700000 144.50000000 1366.27200000
v 328.15500000 144.50000000 1469.22100000
v 311.84500000 144.50000000 1469.22100000
v 295.68700000 144.50000000 1467.00100000
v 279.98190000 144.50000000 1462.60000000
v 265.02220000 144.50000000 1456.10200000
v 251.08670000 144.50000000 1447.62800000
v 238.43490000 144.50000000 1437.33500000
v 227.30250000 144.50000000 1425.41500000
v 217.89690000 144.50000000 1412.09000000
v 210.39320000 144.50000000 1397.60900000
v 204.93140000 144.50000000 1382.24100000
v 201.61300000 144.50000000 1366.27200000
v 201.61300000 190.00000000 1366.27200000
v 204.93140000 190.00000000 1382.24100000
v 210.39320000 190.00000000 1397.60900000
v 217.89690000 190.00000000 1412.09000000
v 227.30250000 190.00000000 1425.41500000
v 238.43490000 190.00000000 1437.33500000
v 251.08670000 190.00000000 1447.62800000
v 265.02220000 190.00000000 1456.10200000
v 279.98190000 190.00000000 1462.60000000
v 295.68700000 190.00000000 1467.00100000
v 311.84500000 190.00000000 1469.22100000
v 328.15500000 190.00000000 1469.22100000
v 344.31300000 190.00000000 1467.00100000
v 360.01810000 190.00000000 1462.60000000
v 374.97780000 190.00000000 1456.10200000
v 388.91330000 190.00000000 1447.62800000
v 401.56510000 190.00000000 1437.33500000
v 412.69750000 190.00000000 1425.41500000
v 422.10310000 190.00000000 1412.09000000
v 429.60680000 190.00000000 1397.60900000
v 435.06860000 190.00000000 1382.24100000
v 438.38700000 190.00000000 1366.27200000
v 394.77130000 190.00000000 1419.37800000
v 383.59600000 190.00000000 1429.74700000
v 404.27640000 190.00000000 1407.45900000
v 371.00000000 190.00000000 1438.33500000
v 411.89880000 190.00000000 1394.25600000
v 357.26480000 190.00000000 1444.94900000
v 417.46840000 190.00000000 1380.06500000
v 342.69710000 190.00000000 1449.44300000
v 420.86070000 190.00000000 1365.20200000
v 327.62250000 190.00000000 1451.71500000
v 312.37750000 190.00000000 1451.71500000
v 297.30290000 190.00000000 1449.44300000
v 282.73520000 190.00000000 1444.94900000
v 269.00000000 190.00000000 1438.33500000
v 256.40400000 190.00000000 1429.74700000
v 245.22870000 190.00000000 1419.37800000
v 235.72360000 190.00000000 1407.45900000
v 228.10120000 190.00000000 1394.25600000
v 222.53160000 190.00000000 1380.06500000
v 219.13930000 190.00000000 1365.20200000
v 219.13930000 198.00000000 1365.20200000
v 222.53160000 198.00000000 1380.06500000
v 228.10120000 198.00000000 1394.25600000
v 235.72360000 198.00000000 1407.45900000
v 245.22870000 198.00000000 1419.37800000
v 256.40400000 198.00000000 1429.74700000
v 269.00000000 198.00000000 1438.33500000
v 282.73520000 198.00000000 1444.94900000
v 297.30290000 198.00000000 1449.44300000
v 312.37750000 198.00000000 1451.71500000
v 327.62250000 198.00000000 1451.71500000
v 342.69710000 198.00000000 1449.44300000
v 357.26480000 198.00000000 1444.94900000
v 371.00000000 198.00000000 1438.33500000
v 383.59600000 198.00000000 1429.74700000
v 394.77130000 198.00000000 1419.37800000
v 404.27640000 198.00000000 1407.45900000
v 411.89880000 198.00000000 1394.25600000
v 417.46840000 198.00000000 1380.06500000
v 420.86070000 198.00000000 1365.20200000
v 268.55360000 16.00000000 1423.66300000
v 270.00000000 1.00000000 1423.50000000
v 270.00000000 16.00000000 1423.50000000
v 268.55360000 1.00000000 1423.66300000
v 267.17980000 16.00000000 1424.14400000
v 267.17980000 1.00000000 1424.14400000
v 265.94730000 16.00000000 1424.91800000
v 265.94730000 1.00000000 1424.91800000
v 264.91810000 16.00000000 1425.94700000
v 264.91810000 1.00000000 1425.94700000
v 264.14370000 16.00000000 1427.18000000
v 264.14370000 1.00000000 1427.18000000
v 263.66300000 16.00000000 1428.55400000
v 263.66300000 1.00000000 1428.55400000
v 263.50000000 16.00000000 1430.00000000
v 263.50000000 1.00000000 1430.00000000
v 309.60440000 -175.50000000 1301.09300000
v 320.00000000 -180.50000000 1300.00000000
v 309.60440000 -180.50000000 1301.09300000
v 320.00000000 -175.50000000 1300.00000000
v 299.66320000 -175.50000000 1304.32300000
v 299.66320000 -180.50000000 1304.32300000
v 290.61070000 -175.50000000 1309.54900000
v 290.61070000 -180.50000000 1309.54900000
v 282.84280000 -180.50000000 1316.54300000
v 282.84280000 -175.50000000 1316.54300000
v 276.69870000 -180.50000000 1325.00000000
v 276.69870000 -175.50000000 1325.00000000
v 272.44720000 -175.50000000 1334.54900000
v 272.44720000 -180.50000000 1334.54900000
v 270.27390000 -175.50000000 1344.77400000
v 270.27390000 -180.50000000 1344.77400000
v 270.27390000 -175.50000000 1355.22600000
v 270.27390000 -180.50000000 1355.22600000
v 272.44720000 -175.50000000 1365.45100000
v 272.44720000 -180.50000000 1365.45100000
v 276.69870000 -180.50000000 1375.00000000
v 276.69870000 -175.50000000 1375.00000000
v 282.84280000 -175.50000000 1383.45700000
v 282.84280000 -180.50000000 1383.45700000
v 290.61070000 -175.50000000 1390.45100000
v 290.61070000 -180.50000000 1390.45100000
v 299.66320000 -175.50000000 1395.67700000
v 299.66320000 -180.50000000 1395.67700000
v 309.60440000 -175.50000000 1398.90700000
v 309.60440000 -180.50000000 1398.90700000
v 320.00000000 -175.50000000 1400.00000000
v 320.00000000 -180.50000000 1400.00000000
v 310.42740000 -180.50000000 1311.16200000
v 320.00000000 -208.50000000 1310.00000000
v 310.42740000 -208.50000000 1311.16200000
v 320.00000000 -180.50000000 1310.00000000
v 301.41110000 -180.50000000 1314.58200000
v 301.41110000 -208.50000000 1314.58200000
v 293.47510000 -180.50000000 1320.06000000
v 293.47510000 -208.50000000 1320.06000000
v 287.08060000 -208.50000000 1327.27700000
v 287.08060000 -180.50000000 1327.27700000
v 282.59940000 -180.50000000 1335.81600000
v 282.59940000 -208.50000000 1335.81600000
v 280.29160000 -180.50000000 1345.17900000
v 280.29160000 -208.50000000 1345.17900000
v 280.29160000 -208.50000000 1354.82100000
v 280.29160000 -180.50000000 1354.82100000
v 282.59940000 -180.50000000 1364.18400000
v 282.59940000 -208.50000000 1364.18400000
v 287.08060000 -180.50000000 1372.72300000
v 287.08060000 -208.50000000 1372.72300000
v 293.47510000 -180.50000000 1379.94000000
v 293.47510000 -208.50000000 1379.94000000
v 301.41110000 -180.50000000 1385.41800000
v 301.41110000 -208.50000000 1385.41800000
v 310.42740000 -180.50000000 1388.83800000
v 310.42740000 -208.50000000 1388.83800000
v 320.00000000 -180.50000000 1390.00000000
v 320.00000000 -208.50000000 1390.00000000
v 337.50000000 -153.50000000 1224.50000000
v 337.50000000 -153.50000000 1205.50000000
v 336.99150000 -149.31200000 1205.50000000
v 336.99150000 -149.31200000 1224.50000000
v 335.49550000 -145.36730000 1205.50000000
v 335.49550000 -145.36730000 1224.50000000
v 333.09890000 -141.89540000 1205.50000000
v 333.09890000 -141.89540000 1224.50000000
v 329.94110000 -139.09780000 1205.50000000
v 329.94110000 -139.09780000 1224.50000000
v 326.20560000 -137.13720000 1205.50000000
v 326.20560000 -137.13720000 1224.50000000
v 322.10940000 -136.12760000 1205.50000000
v 322.10940000 -136.12760000 1224.50000000
v 317.89060000 -136.12760000 1205.50000000
v 317.89060000 -136.12760000 1224.50000000
v 313.79440000 -137.13720000 1205.50000000
v 313.79440000 -137.13720000 1224.50000000
v 310.05890000 -139.09780000 1205.50000000
v 310.05890000 -139.09780000 1224.50000000
v 306.90110000 -141.89540000 1205.50000000
v 306.90110000 -141.89540000 1224.50000000
v 304.50450000 -145.36730000 1224.50000000
v 304.50450000 -145.36730000 1205.50000000
v 303.00850000 -149.31200000 1224.50000000
v 303.00850000 -149.31200000 1205.50000000
v 302.50000000 -153.50000000 1224.50000000
v 302.50000000 -153.50000000 1205.50000000
v 400.00000000 16.00000000 1406.50000000
v 404.33350000 16.00000000 1428.18500000
v 410.00000000 16.00000000 1421.58900000
v 410.00000000 16.00000000 1406.50000000
v 398.44440000 16.00000000 1406.31100000
v 396.97930000 16.00000000 1405.75500000
v 398.18480000 16.00000000 1434.33300000
v 395.68970000 16.00000000 1404.86500000
v 391.58910000 16.00000000 1440.00000000
v 394.65060000 16.00000000 1403.69200000
v 393.92240000 16.00000000 1402.30500000
v 276.50000000 16.00000000 1430.00000000
v 276.50000000 16.00000000 1440.00000000
v 276.33700000 16.00000000 1428.55400000
v 393.54740000 16.00000000 1400.78300000
v 275.85630000 16.00000000 1427.18000000
v 393.54740000 16.00000000 1399.21700000
v 275.08190000 16.00000000 1425.94700000
v 393.92240000 16.00000000 1397.69500000
v 274.05270000 16.00000000 1424.91800000
v 394.65060000 16.00000000 1396.30800000
v 272.82020000 16.00000000 1424.14400000
v 410.00000000 16.00000000 1278.41100000
v 398.44440000 16.00000000 1393.68900000
v 400.00000000 16.00000000 1393.50000000
v 410.00000000 16.00000000 1393.50000000
v 248.41090000 16.00000000 1440.00000000
v 263.50000000 16.00000000 1440.00000000
v 241.81520000 16.00000000 1434.33300000
v 235.66650000 16.00000000 1428.18500000
v 230.00000000 16.00000000 1421.58900000
v 374.86530000 16.00000000 1274.31000000
v 404.33350000 16.00000000 1271.81500000
v 373.69240000 16.00000000 1275.34900000
v 375.75550000 16.00000000 1273.02100000
v 398.18480000 16.00000000 1265.66700000
v 372.30490000 16.00000000 1276.07800000
v 376.31110000 16.00000000 1271.55600000
v 370.78350000 16.00000000 1276.45300000
v 396.97930000 16.00000000 1394.24500000
v 376.50000000 16.00000000 1270.00000000
v 391.58910000 16.00000000 1260.00000000
v 369.21650000 16.00000000 1276.45300000
v 395.68970000 16.00000000 1395.13500000
v 367.69510000 16.00000000 1276.07800000
v 366.30760000 16.00000000 1275.34900000
v 376.50000000 16.00000000 1260.00000000
v 244.31030000 16.00000000 1304.86500000
v 271.44640000 16.00000000 1423.66300000
v 245.34940000 16.00000000 1303.69200000
v 243.02070000 16.00000000 1305.75500000
v 246.07760000 16.00000000 1302.30500000
v 365.13470000 16.00000000 1274.31000000
v 241.55560000 16.00000000 1306.31100000
v 246.45260000 16.00000000 1300.78300000
v 364.24450000 16.00000000 1273.02100000
v 240.00000000 16.00000000 1306.50000000
v 246.45260000 16.00000000 1299.21700000
v 363.68890000 16.00000000 1271.55600000
v 246.07760000 16.00000000 1297.69500000
v 230.00000000 16.00000000 1306.50000000
v 248.41090000 16.00000000 1260.00000000
v 244.31030000 16.00000000 1295.13500000
v 245.34940000 16.00000000 1296.30800000
v 363.50000000 16.00000000 1270.00000000
v 363.50000000 16.00000000 1260.00000000
v 230.00000000 16.00000000 1278.41100000
v 230.00000000 16.00000000 1293.50000000
v 240.00000000 16.00000000 1293.50000000
v 241.81520000 16.00000000 1265.66700000
v 243.02070000 16.00000000 1294.24500000
v 235.66650000 16.00000000 1271.81500000
v 241.55560000 16.00000000 1293.68900000
v 241.55560000 1.00000000 1306.31100000
v 240.00000000 1.00000000 1306.50000000
v 243.02070000 1.00000000 1305.75500000
v 244.31030000 1.00000000 1304.86500000
v 245.34940000 1.00000000 1303.69200000
v 246.07760000 1.00000000 1302.30500000
v 246.45260000 1.00000000 1300.78300000
v 246.45260000 1.00000000 1299.21700000
v 246.07760000 1.00000000 1297.69500000
v 245.34940000 1.00000000 1296.30800000
v 244.31030000 1.00000000 1295.13500000
v 243.02070000 1.00000000 1294.24500000
v 241.55560000 1.00000000 1293.68900000
v 240.00000000 1.00000000 1293.50000000
v 230.00000000 1.00000000 1293.50000000
v 230.00000000 -4.00000000 1400.00000000
v 230.00000000 -4.00000000 1421.58900000
v 230.00000000 -4.00000000 1300.00000000
v 230.00000000 -175.50000000 1300.00000000
v 230.00000000 -175.50000000 1400.00000000
v 230.00000000 1.00000000 1306.50000000
v 230.00000000 -4.00000000 1278.41100000
v 248.41090000 -4.00000000 1260.00000000
v 241.81520000 -4.00000000 1265.66700000
v 235.66650000 -4.00000000 1271.81500000
v 376.50000000 1.00000000 1260.00000000
v 391.58910000 -4.00000000 1260.00000000
v 370.00000000 -4.00000000 1260.00000000
v 363.50000000 1.00000000 1260.00000000
v 270.00000000 -4.00000000 1260.00000000
v 364.00000000 -131.80000000 1260.00000000
v 370.00000000 -131.80000000 1260.00000000
v 340.00000000 -133.50000000 1260.00000000
v 300.00000000 -133.50000000 1260.00000000
v 340.00000000 -173.50000000 1260.00000000
v 364.00000000 -175.50000000 1260.00000000
v 270.00000000 -175.50000000 1260.00000000
v 300.00000000 -173.50000000 1260.00000000
v 363.50000000 1.00000000 1270.00000000
v 363.68890000 1.00000000 1271.55600000
v 364.24450000 1.00000000 1273.02100000
v 365.13470000 1.00000000 1274.31000000
v 366.30760000 1.00000000 1275.34900000
v 367.69510000 1.00000000 1276.07800000
v 369.21650000 1.00000000 1276.45300000
v 370.78350000 1.00000000 1276.45300000
v 372.30490000 1.00000000 1276.07800000
v 373.69240000 1.00000000 1275.34900000
v 374.86530000 1.00000000 1274.31000000
v 375.75550000 1.00000000 1273.02100000
v 376.31110000 1.00000000 1271.55600000
v 376.50000000 1.00000000 1270.00000000
v 410.00000000 -4.00000000 1278.41100000
v 404.33350000 -4.00000000 1271.81500000
v 398.18480000 -4.00000000 1265.66700000
v 410.00000000 1.00000000 1406.50000000
v 410.00000000 -4.00000000 1421.58900000
v 410.00000000 -4.00000000 1400.00000000
v 410.00000000 1.00000000 1393.50000000
v 410.00000000 -4.00000000 1300.00000000
v 410.00000000 -175.50000000 1300.00000000
v 410.00000000 -175.50000000 1400.00000000
v 400.00000000 1.00000000 1393.50000000
v 398.44440000 1.00000000 1393.68900000
v 396.97930000 1.00000000 1394.24500000
v 395.68970000 1.00000000 1395.13500000
v 394.65060000 1.00000000 1396.30800000
v 393.92240000 1.00000000 1397.69500000
v 393.54740000 1.00000000 1399.21700000
v 393.54740000 1.00000000 1400.78300000
v 393.92240000 1.00000000 1402.30500000
v 394.65060000 1.00000000 1403.69200000
v 395.68970000 1.00000000 1404.86500000
v 396.97930000 1.00000000 1405.75500000
v 398.44440000 1.00000000 1406.31100000
v 400.00000000 1.00000000 1406.50000000
v 391.58910000 -4.00000000 1440.00000000
v 398.18480000 -4.00000000 1434.33300000
v 404.33350000 -4.00000000 1428.18500000
v 370.00000000 -4.00000000 1440.00000000
v 270.00000000 -4.00000000 1440.00000000
v 270.00000000 -175.50000000 1440.00000000
v 370.00000000 -175.50000000 1440.00000000
v 276.50000000 1.00000000 1440.00000000
v 263.50000000 1.00000000 1440.00000000
v 248.41090000 -4.00000000 1440.00000000
v 276.50000000 1.00000000 1430.00000000
v 276.33700000 1.00000000 1428.55400000
v 275.85630000 1.00000000 1427.18000000
v 275.08190000 1.00000000 1425.94700000
v 274.05270000 1.00000000 1424.91800000
v 272.82020000 1.00000000 1424.14400000
v 271.44640000 1.00000000 1423.66300000
v 235.66650000 -4.00000000 1428.18500000
v 241.81520000 -4.00000000 1434.33300000
v 260.00000000 -4.00000000 1434.22600000
v 260.00000000 -4.00000000 1410.00000000
v 235.77350000 -4.00000000 1410.00000000
v 235.77350000 -175.50000000 1410.00000000
v 380.00000000 -175.50000000 1290.00000000
v 367.39670000 -175.50000000 1273.40600000
v 368.66490000 -175.50000000 1273.85000000
v 370.00000000 -175.50000000 1274.00000000
v 380.00000000 -175.50000000 1274.00000000
v 404.22650000 -175.50000000 1290.00000000
v 349.38930000 -175.50000000 1309.54900000
v 366.25910000 -175.50000000 1272.69100000
v 357.15720000 -175.50000000 1316.54300000
v 363.30130000 -175.50000000 1325.00000000
v 340.33680000 -175.50000000 1304.32300000
v 364.59420000 -175.50000000 1270.60300000
v 365.30900000 -175.50000000 1271.74100000
v 367.55280000 -175.50000000 1334.54900000
v 330.39560000 -175.50000000 1301.09300000
v 364.00000000 -175.50000000 1268.00000000
v 364.15040000 -175.50000000 1269.33500000
v 369.72610000 -175.50000000 1344.77400000
v 369.72610000 -175.50000000 1355.22600000
v 367.55280000 -175.50000000 1365.45100000
v 363.30130000 -175.50000000 1375.00000000
v 260.00000000 -175.50000000 1282.91800000
v 260.00000000 -175.50000000 1265.77400000
v 380.00000000 -175.50000000 1410.00000000
v 404.22650000 -175.50000000 1410.00000000
v 357.15720000 -175.50000000 1383.45700000
v 255.19050000 -175.50000000 1287.55200000
v 257.55220000 -175.50000000 1285.19000000
v 252.91800000 -175.50000000 1290.00000000
v 349.38930000 -175.50000000 1390.45100000
v 340.33680000 -175.50000000 1395.67700000
v 380.00000000 -175.50000000 1434.22600000
v 330.39560000 -175.50000000 1398.90700000
v 235.77350000 -175.50000000 1290.00000000
v 260.00000000 -175.50000000 1410.00000000
v 260.00000000 -175.50000000 1434.22600000
v 235.77350000 -4.00000000 1290.00000000
v 260.00000000 -4.00000000 1265.77400000
v 257.55220000 -4.00000000 1285.19000000
v 255.19050000 -4.00000000 1287.55200000
v 260.00000000 -4.00000000 1282.91800000
v 252.91800000 -4.00000000 1290.00000000
v 340.00000000 -173.50000000 1229.00000000
v 340.00000000 -133.50000000 1229.00000000
v 300.00000000 -173.50000000 1229.00000000
v 300.00000000 -133.50000000 1229.00000000
v 364.00000000 -131.80000000 1268.00000000
v 370.00000000 -131.80000000 1274.00000000
v 380.00000000 -131.80000000 1265.77400000
v 380.00000000 -131.80000000 1274.00000000
v 367.39670000 -131.80000000 1273.40600000
v 368.66490000 -131.80000000 1273.85000000
v 366.25910000 -131.80000000 1272.69100000
v 364.59420000 -131.80000000 1270.60300000
v 364.15040000 -131.80000000 1269.33500000
v 365.30900000 -131.80000000 1271.74100000
v 380.00000000 -4.00000000 1265.77400000
v 404.22650000 -4.00000000 1290.00000000
v 380.00000000 -4.00000000 1290.00000000
v 404.22650000 -4.00000000 1410.00000000
v 380.00000000 -4.00000000 1434.22600000
v 380.00000000 -4.00000000 1410.00000000
v 330.39560000 -180.50000000 1398.90700000
v 340.33680000 -180.50000000 1395.67700000
v 349.38930000 -180.50000000 1390.45100000
v 357.15720000 -180.50000000 1383.45700000
v 363.30130000 -180.50000000 1375.00000000
v 367.55280000 -180.50000000 1365.45100000
v 369.72610000 -180.50000000 1355.22600000
v 369.72610000 -180.50000000 1344.77400000
v 367.55280000 -180.50000000 1334.54900000
v 363.30130000 -180.50000000 1325.00000000
v 357.15720000 -180.50000000 1316.54300000
v 349.38930000 -180.50000000 1309.54900000
v 340.33680000 -180.50000000 1304.32300000
v 330.39560000 -180.50000000 1301.09300000
v 302.00000000 -171.50000000 1229.00000000
v 338.00000000 -171.50000000 1229.00000000
v 338.00000000 -135.50000000 1229.00000000
v 302.00000000 -135.50000000 1229.00000000
v 346.52490000 -180.50000000 1320.06000000
v 352.91940000 -180.50000000 1327.27700000
v 338.58890000 -180.50000000 1314.58200000
v 357.40060000 -180.50000000 1335.81600000
v 329.57260000 -180.50000000 1311.16200000
v 359.70840000 -180.50000000 1345.17900000
v 359.70840000 -180.50000000 1354.82100000
v 357.40060000 -180.50000000 1364.18400000
v 352.91940000 -180.50000000 1372.72300000
v 346.52490000 -180.50000000 1379.94000000
v 338.58890000 -180.50000000 1385.41800000
v 329.57260000 -180.50000000 1388.83800000
v 302.00000000 -135.50000000 1224.50000000
v 302.00000000 -171.50000000 1224.50000000
v 338.00000000 -171.50000000 1224.50000000
v 338.00000000 -135.50000000 1224.50000000
v 329.57260000 -208.50000000 1388.83800000
v 338.58890000 -208.50000000 1385.41800000
v 346.52490000 -208.50000000 1379.94000000
v 352.91940000 -208.50000000 1372.72300000
v 357.40060000 -208.50000000 1364.18400000
v 359.70840000 -208.50000000 1354.82100000
v 359.70840000 -208.50000000 1345.17900000
v 357.40060000 -208.50000000 1335.81600000
v 352.91940000 -208.50000000 1327.27700000
v 346.52490000 -208.50000000 1320.06000000
v 338.58890000 -208.50000000 1314.58200000
v 329.57260000 -208.50000000 1311.16200000
v 329.94110000 -167.90220000 1224.50000000
v 333.09890000 -165.10460000 1224.50000000
v 335.49550000 -161.63270000 1224.50000000
v 326.20560000 -169.86280000 1224.50000000
v 336.99150000 -157.68800000 1224.50000000
v 322.10940000 -170.87240000 1224.50000000
v 313.79440000 -169.86280000 1224.50000000
v 317.89060000 -170.87240000 1224.50000000
v 310.05890000 -167.90220000 1224.50000000
v 306.90110000 -165.10460000 1224.50000000
v 304.50450000 -161.63270000 1224.50000000
v 303.00850000 -157.68800000 1224.50000000
v 303.00850000 -157.68800000 1205.50000000
v 304.50450000 -161.63270000 1205.50000000
v 306.90110000 -165.10460000 1205.50000000
v 310.05890000 -167.90220000 1205.50000000
v 313.79440000 -169.86280000 1205.50000000
v 317.89060000 -170.87240000 1205.50000000
v 322.10940000 -170.87240000 1205.50000000
v 326.20560000 -169.86280000 1205.50000000
v 329.94110000 -167.90220000 1205.50000000
v 333.09890000 -165.10460000 1205.50000000
v 335.49550000 -161.63270000 1205.50000000
v 336.99150000 -157.68800000 1205.50000000
f 1 2 3
f 1 4 2
f 5 6 4
f 5 4 1
f 7 8 6
f 7 6 5
f 9 10 8
f 9 11 10
f 9 8 7
f 12 11 9
f 13 14 11
f 13 11 12
f 15 16 14
f 15 14 13
f 17 18 16
f 17 16 15
f 19 20 18
f 19 21 20
f 19 18 17
f 22 21 19
f 23 24 21
f 23 21 22
f 25 26 24
f 25 27 26
f 25 24 23
f 28 27 25
f 29 30 31
f 32 2 4
f 32 4 6
f 32 6 8
f 32 30 2
f 32 31 30
f 33 30 29
f 34 8 10
f 34 10 11
f 34 31 32
f 34 29 31
f 34 32 8
f 35 30 30
f 35 30 33
f 36 11 14
f 36 29 34
f 36 33 29
f 36 34 11
f 37 30 35
f 38 14 16
f 38 16 18
f 38 33 36
f 38 35 33
f 38 36 14
f 39 30 37
f 40 18 20
f 40 20 21
f 40 38 18
f 40 37 35
f 40 35 38
f 41 21 24
f 41 24 26
f 41 26 27
f 41 27 30
f 41 40 21
f 41 30 39
f 41 39 37
f 41 37 40
f 42 43 44
f 42 45 43
f 46 47 45
f 46 45 42
f 48 49 47
f 48 47 46
f 50 51 49
f 50 52 51
f 50 49 48
f 53 52 50
f 54 55 52
f 54 52 53
f 56 57 55
f 56 55 54
f 58 59 57
f 58 57 56
f 60 61 59
f 60 62 61
f 60 59 58
f 63 62 60
f 64 65 62
f 64 62 63
f 66 67 65
f 66 68 67
f 66 65 64
f 69 68 66
f 70 71 43
f 72 71 70
f 73 43 45
f 73 45 47
f 73 47 49
f 73 70 43
f 74 71 72
f 75 49 51
f 75 51 52
f 75 70 73
f 75 72 70
f 75 73 49
f 76 71 71
f 76 71 74
f 77 52 55
f 77 72 75
f 77 75 52
f 77 74 72
f 77 76 74
f 78 71 76
f 79 55 57
f 79 57 59
f 79 76 77
f 79 77 55
f 80 71 78
f 81 59 61
f 81 61 62
f 81 79 59
f 81 78 76
f 81 76 79
f 82 62 65
f 82 65 67
f 82 67 68
f 82 68 71
f 82 81 62
f 82 71 80
f 82 80 78
f 82 78 81
f 83 84 85
f 83 86 84
f 87 88 86
f 87 86 83
f 89 90 88
f 89 88 87
f 91 92 90
f 91 93 92
f 91 90 89
f 94 93 91
f 95 96 93
f 95 93 94
f 97 98 96
f 97 96 95
f 99 100 98
f 99 98 97
f 101 102 100
f 101 103 102
f 101 100 99
f 104 103 101
f 105 106 103
f 105 103 104
f 107 108 106
f 107 109 108
f 107 106 105
f 110 109 107
f 111 112 84
f 113 112 111
f 114 84 86
f 114 86 88
f 114 88 90
f 114 111 84
f 115 112 112
f 115 112 113
f 116 90 92
f 116 92 93
f 116 111 114
f 116 113 111
f 116 114 90
f 117 112 115
f 118 93 96
f 118 113 116
f 118 116 93
f 118 115 113
f 119 112 117
f 120 96 98
f 120 98 100
f 120 117 115
f 120 118 96
f 120 115 118
f 121 112 119
f 122 100 102
f 122 102 103
f 122 120 100
f 122 119 117
f 122 117 120
f 123 103 106
f 123 106 108
f 123 108 109
f 123 109 112
f 123 122 103
f 123 112 121
f 123 121 119
f 123 119 122
f 124 125 126
f 124 127 125
f 128 129 127
f 128 127 124
f 130 131 129
f 130 129 128
f 132 133 131
f 132 134 133
f 132 131 130
f 135 134 132
f 136 137 134
f 136 134 135
f 138 139 137
f 138 137 136
f 140 141 139
f 140 139 138
f 142 143 141
f 142 144 143
f 142 141 140
f 145 144 142
f 146 147 144
f 146 144 145
f 148 149 147
f 148 150 149
f 148 147 146
f 151 150 148
f 152 153 154
f 155 125 127
f 155 127 129
f 155 129 131
f 155 153 125
f 155 154 153
f 156 153 153
f 156 153 152
f 157 131 133
f 157 133 134
f 157 154 155
f 157 152 154
f 157 155 131
f 158 153 156
f 159 134 137
f 159 137 139
f 159 152 157
f 159 157 134
f 159 156 152
f 159 158 156
f 160 153 158
f 161 139 141
f 161 158 159
f 161 159 139
f 162 153 160
f 163 141 143
f 163 143 144
f 163 161 141
f 163 160 158
f 163 158 161
f 163 162 160
f 164 144 147
f 164 147 149
f 164 149 150
f 164 150 153
f 164 162 163
f 164 163 144
f 164 153 162
f 165 166 167
f 165 168 166
f 169 170 168
f 169 168 165
f 171 172 170
f 171 170 169
f 173 174 172
f 173 175 174
f 173 172 171
f 176 175 173
f 177 178 175
f 177 175 176
f 179 180 178
f 179 178 177
f 181 182 180
f 181 180 179
f 183 184 182
f 183 185 184
f 183 182 181
f 186 185 183
f 187 188 185
f 187 185 186
f 189 190 188
f 189 191 190
f 189 188 187
f 192 191 189
f 193 194 195
f 196 166 168
f 196 168 170
f 196 170 172
f 196 194 166
f 196 195 194
f 197 194 193
f 198 172 174
f 198 174 175
f 198 195 196
f 198 193 195
f 198 196 172
f 199 194 194
f 199 194 197
f 200 175 178
f 200 178 180
f 200 193 198
f 200 197 193
f 200 198 175
f 200 199 197
f 201 194 199
f 202 180 182
f 202 199 200
f 202 200 180
f 203 194 201
f 204 182 184
f 204 184 185
f 204 202 182
f 204 201 199
f 204 199 202
f 204 203 201
f 205 185 188
f 205 188 190
f 205 190 191
f 205 191 194
f 205 203 204
f 205 204 185
f 205 194 203
f 206 207 208
f 209 207 206
f 210 209 206
f 211 209 210
f 212 213 214
f 212 214 215
f 212 215 216
f 217 213 212
f 217 211 210
f 218 217 212
f 218 211 217
f 219 212 220
f 219 218 212
f 221 220 222
f 221 219 220
f 223 221 222
f 224 221 223
f 225 224 223
f 226 224 225
f 227 228 229
f 227 229 230
f 227 230 231
f 227 226 225
f 232 226 227
f 233 227 231
f 233 232 227
f 234 232 233
f 235 234 233
f 236 234 235
f 236 235 237
f 238 236 237
f 238 237 239
f 240 238 239
f 241 238 240
f 242 241 240
f 243 241 242
f 244 243 242
f 245 244 246
f 245 246 247
f 245 247 248
f 245 248 249
f 250 244 245
f 250 243 244
f 251 245 252
f 251 250 245
f 253 252 254
f 253 251 252
f 255 254 256
f 255 253 254
f 257 256 258
f 257 255 256
f 259 258 260
f 259 257 258
f 261 260 262
f 261 259 260
f 263 262 264
f 263 261 262
f 265 264 266
f 265 263 264
f 267 268 269
f 270 271 268
f 270 268 267
f 272 271 270
f 273 274 271
f 273 275 274
f 273 271 272
f 276 275 273
f 277 278 275
f 277 275 276
f 279 280 278
f 279 281 280
f 279 278 277
f 282 281 279
f 283 284 281
f 283 281 282
f 285 286 284
f 285 284 283
f 287 288 286
f 287 286 285
f 289 290 288
f 289 288 287
f 291 290 289
f 291 292 290
f 293 292 291
f 293 294 292
f 295 294 293
f 295 296 294
f 297 296 295
f 297 298 296
f 299 298 297
f 299 300 298
f 299 301 300
f 302 301 299
f 303 301 302
f 303 304 301
f 303 305 304
f 306 305 303
f 306 307 305
f 308 307 306
f 309 307 308
f 309 310 307
f 311 310 309
f 311 312 310
f 313 312 311
f 313 314 312
f 315 314 313
f 315 316 314
f 317 318 316
f 317 316 315
f 319 320 321
f 319 322 320
f 323 324 325
f 323 321 324
f 323 319 321
f 326 323 325
f 327 325 328
f 327 326 325
f 329 328 330
f 329 327 328
f 331 332 333
f 331 330 332
f 331 329 330
f 334 331 333
f 335 333 336
f 335 334 333
f 337 336 338
f 337 335 336
f 339 338 340
f 339 337 338
f 341 340 342
f 341 339 340
f 343 342 344
f 343 341 342
f 345 344 346
f 345 343 344
f 347 348 349
f 347 350 348
f 351 352 350
f 351 350 347
f 353 354 352
f 353 352 351
f 355 356 354
f 355 354 353
f 357 358 356
f 357 356 355
f 359 360 358
f 359 358 357
f 361 362 360
f 361 360 359
f 363 364 362
f 363 362 361
f 365 366 364
f 365 364 363
f 367 368 366
f 367 366 365
f 369 370 368
f 369 368 367
f 371 372 370
f 371 370 369
f 373 374 372
f 373 372 371
f 375 376 374
f 375 374 373
f 377 378 376
f 377 379 378
f 377 376 375
f 380 379 377
f 381 382 383
f 381 384 382
f 385 386 384
f 385 384 381
f 387 388 386
f 387 386 385
f 389 390 388
f 389 391 390
f 389 388 387
f 392 393 391
f 392 391 389
f 394 393 392
f 395 396 393
f 395 393 394
f 397 398 396
f 397 399 398
f 397 396 395
f 400 399 397
f 401 402 399
f 401 403 402
f 401 399 400
f 404 405 403
f 404 403 401
f 406 405 404
f 407 408 405
f 407 409 408
f 407 405 406
f 410 411 409
f 410 409 407
f 412 411 410
f 412 413 411
f 414 413 412
f 415 413 414
f 415 416 413
f 415 417 416
f 418 417 415
f 418 419 417
f 420 419 418
f 421 422 423
f 421 424 422
f 425 426 424
f 425 424 421
f 427 428 426
f 427 426 425
f 429 430 428
f 429 428 427
f 431 432 430
f 431 430 429
f 433 434 432
f 433 432 431
f 435 436 434
f 435 434 433
f 437 438 436
f 437 436 435
f 439 440 438
f 439 438 437
f 441 442 440
f 441 440 439
f 443 444 442
f 443 445 444
f 443 442 441
f 446 447 445
f 446 445 443
f 448 447 446
f 449 450 447
f 449 447 448
f 451 452 453
f 451 454 452
f 455 456 454
f 455 454 451
f 457 458 456
f 457 456 455
f 459 460 458
f 459 458 457
f 461 462 460
f 461 460 459
f 463 464 462
f 463 462 461
f 465 466 464
f 465 464 463
f 467 468 466
f 467 466 465
f 469 470 468
f 469 468 467
f 471 472 470
f 471 470 469
f 473 474 472
f 473 475 474
f 473 472 471
f 476 477 475
f 476 475 473
f 478 477 476
f 479 480 477
f 479 477 478
f 481 482 483
f 481 484 482
f 485 486 484
f 485 484 481
f 487 488 486
f 487 486 485
f 489 490 488
f 489 488 487
f 491 492 490
f 491 490 489
f 493 494 492
f 493 492 491
f 495 496 494
f 495 494 493
f 497 498 496
f 497 496 495
f 499 500 498
f 499 498 497
f 501 502 500
f 501 500 499
f 503 504 502
f 503 505 504
f 503 502 501
f 506 507 505
f 506 505 503
f 508 507 506
f 509 510 507
f 509 507 508
f 511 512 513
f 514 515 512
f 514 512 511
f 516 517 515
f 516 515 514
f 518 519 517
f 518 517 516
f 520 521 519
f 520 519 518
f 522 523 521
f 522 521 520
f 524 525 523
f 524 523 522
f 526 527 525
f 526 525 524
f 528 529 527
f 528 527 526
f 530 529 528
f 531 532 529
f 531 533 532
f 531 529 530
f 534 535 533
f 534 533 531
f 536 535 534
f 536 537 535
f 538 537 536
f 539 537 538
f 539 540 537
f 539 541 540
f 542 541 539
f 543 541 542
f 543 544 541
f 543 545 544
f 546 545 543
f 547 545 546
f 547 548 545
f 547 549 548
f 550 549 547
f 551 549 550
f 551 552 549
f 551 553 552
f 554 553 551
f 554 555 553
f 556 555 554
f 556 557 555
f 558 557 556
f 559 557 558
f 559 560 557
f 561 562 563
f 561 564 562
f 565 566 564
f 565 567 566
f 565 564 561
f 568 567 565
f 569 570 567
f 569 567 568
f 571 572 570
f 571 573 572
f 571 570 569
f 574 573 571
f 575 576 573
f 575 573 574
f 577 578 576
f 577 576 575
f 579 580 578
f 579 581 580
f 579 578 577
f 582 583 581
f 582 581 579
f 584 583 582
f 585 586 583
f 585 587 586
f 585 583 584
f 588 589 587
f 588 587 585
f 590 589 588
f 591 589 590
f 591 592 589
f 591 593 592
f 594 593 591
f 595 593 594
f 595 596 593
f 597 596 595
f 597 598 596
f 599 598 597
f 599 600 598
f 601 600 599
f 601 602 600
f 603 602 601
f 603 604 602
f 605 606 607
f 605 608 606
f 609 610 608
f 609 608 605
f 611 612 610
f 611 610 609
f 613 614 612
f 613 612 611
f 615 616 614
f 615 614 613
f 617 618 616
f 617 616 615
f 619 620 618
f 619 618 617
f 621 622 620
f 621 620 619
f 623 624 622
f 623 622 621
f 625 626 624
f 625 627 626
f 625 624 623
f 628 627 625
f 629 630 627
f 629 627 628
f 631 632 630
f 631 633 632
f 631 630 629
f 634 633 631
f 634 635 633
f 636 635 634
f 637 635 636
f 637 638 635
f 637 639 638
f 640 639 637
f 640 641 639
f 642 641 640
f 642 643 641
f 644 643 642
f 644 645 643
f 646 645 644
f 647 645 646
f 647 648 645
f 614 616 618
f 624 618 620
f 624 620 622
f 608 610 612
f 608 612 614
f 606 608 614
f 627 624 626
f 630 618 624
f 630 624 627
f 632 618 630
f 649 650 651
f 635 632 633
f 635 614 618
f 635 618 632
f 652 653 654
f 652 654 649
f 652 651 655
f 652 649 651
f 643 638 639
f 643 639 641
f 656 657 652
f 648 655 606
f 648 635 638
f 648 643 645
f 648 606 614
f 648 614 635
f 648 638 643
f 658 656 652
f 658 655 648
f 658 652 655
f 659 660 661
f 659 661 656
f 662 663 664
f 665 666 667
f 665 667 659
f 665 659 656
f 668 658 663
f 668 656 658
f 668 665 656
f 668 663 662
f 647 658 648
f 669 663 658
f 669 658 647
f 670 664 663
f 670 663 669
f 671 662 664
f 671 664 670
f 672 668 662
f 672 662 671
f 673 665 668
f 673 668 672
f 674 666 665
f 674 665 673
f 675 667 666
f 675 666 674
f 676 659 667
f 676 667 675
f 677 660 659
f 677 659 676
f 678 661 660
f 678 660 677
f 679 656 661
f 679 661 678
f 680 657 656
f 680 656 679
f 681 657 680
f 682 657 681
f 682 652 657
f 683 652 682
f 683 653 652
f 684 653 683
f 684 654 653
f 685 654 684
f 685 649 654
f 685 650 649
f 686 650 685
f 687 650 686
f 687 651 650
f 687 655 651
f 688 655 687
f 607 655 688
f 607 606 655
f 684 572 573
f 683 570 572
f 683 572 684
f 685 573 576
f 685 684 573
f 682 567 570
f 682 570 683
f 686 685 576
f 686 576 578
f 681 566 567
f 681 567 682
f 687 686 578
f 687 578 580
f 680 566 681
f 564 566 680
f 688 687 580
f 581 688 580
f 679 564 680
f 562 564 679
f 607 688 581
f 583 607 581
f 678 562 679
f 689 562 678
f 605 607 583
f 586 605 583
f 677 689 678
f 690 689 677
f 609 605 586
f 587 609 586
f 676 690 677
f 691 690 676
f 611 609 587
f 589 611 587
f 675 691 676
f 692 691 675
f 613 611 589
f 592 613 589
f 674 692 675
f 693 692 674
f 615 613 592
f 673 693 674
f 593 615 592
f 617 615 593
f 694 693 673
f 672 694 673
f 596 617 593
f 619 617 596
f 695 694 672
f 671 695 672
f 598 619 596
f 621 619 598
f 696 695 671
f 670 696 671
f 600 621 598
f 623 621 600
f 697 696 670
f 669 697 670
f 602 623 600
f 625 623 602
f 698 697 669
f 647 698 669
f 604 625 602
f 628 625 604
f 699 698 647
f 646 699 647
f 700 628 604
f 629 628 700
f 701 699 646
f 701 646 644
f 702 629 700
f 702 631 629
f 703 701 644
f 703 644 642
f 704 631 702
f 704 634 631
f 705 703 642
f 705 642 640
f 706 634 704
f 706 636 634
f 707 640 637
f 707 705 640
f 708 637 636
f 708 636 706
f 708 707 637
f 709 604 603
f 709 700 604
f 710 702 700
f 710 700 709
f 711 704 702
f 711 702 710
f 712 706 704
f 712 704 711
f 713 708 706
f 713 706 712
f 714 707 708
f 714 705 707
f 714 708 713
f 715 705 714
f 716 703 705
f 716 705 715
f 717 701 703
f 717 703 716
f 718 699 701
f 718 698 699
f 718 701 717
f 719 697 698
f 719 698 718
f 720 697 719
f 721 696 697
f 721 697 720
f 722 696 721
f 722 695 696
f 722 694 695
f 723 694 722
f 724 694 723
f 724 693 694
f 725 693 724
f 725 692 693
f 726 692 725
f 726 691 692
f 727 691 726
f 727 690 691
f 728 690 727
f 728 689 690
f 563 689 728
f 563 562 689
f 594 524 522
f 591 524 594
f 591 526 524
f 595 522 520
f 595 594 522
f 590 526 591
f 590 530 528
f 590 528 526
f 597 595 520
f 597 520 518
f 588 530 590
f 588 531 530
f 599 597 518
f 599 518 516
f 585 531 588
f 585 534 531
f 601 599 516
f 601 516 514
f 584 534 585
f 584 536 534
f 603 511 729
f 603 601 514
f 603 514 511
f 582 538 536
f 582 536 584
f 709 729 730
f 709 603 729
f 579 539 538
f 579 538 582
f 710 730 731
f 710 709 730
f 577 542 539
f 577 539 579
f 711 731 732
f 711 710 731
f 575 542 577
f 575 543 542
f 712 711 732
f 733 712 732
f 546 543 575
f 574 546 575
f 713 712 733
f 734 713 733
f 547 546 574
f 571 547 574
f 714 713 734
f 735 714 734
f 550 547 571
f 569 550 571
f 715 714 735
f 736 715 735
f 551 569 568
f 551 550 569
f 737 715 736
f 737 716 715
f 554 568 565
f 554 551 568
f 738 716 737
f 738 717 716
f 556 554 565
f 556 565 561
f 739 717 738
f 739 718 717
f 558 556 561
f 558 561 563
f 740 718 739
f 740 719 718
f 559 558 563
f 741 719 740
f 741 720 719
f 742 559 563
f 742 563 728
f 743 720 741
f 743 721 720
f 744 742 728
f 744 728 727
f 745 721 743
f 745 722 721
f 746 744 727
f 746 727 726
f 747 722 745
f 748 746 726
f 748 726 725
f 749 722 747
f 749 723 722
f 750 748 725
f 750 725 724
f 751 750 724
f 751 723 749
f 751 724 723
f 492 488 490
f 496 492 494
f 496 488 492
f 752 753 482
f 752 482 484
f 752 484 486
f 500 496 498
f 754 755 752
f 756 486 488
f 756 752 486
f 756 754 752
f 507 500 502
f 507 502 504
f 507 504 505
f 757 758 756
f 757 488 496
f 757 756 488
f 759 760 757
f 759 757 496
f 761 510 762
f 761 762 763
f 761 507 510
f 761 496 500
f 761 500 507
f 764 496 761
f 764 759 496
f 462 458 460
f 765 766 452
f 765 452 454
f 765 454 456
f 765 456 458
f 767 765 458
f 472 468 470
f 768 769 767
f 768 458 462
f 768 767 458
f 770 462 464
f 770 464 466
f 770 466 468
f 770 768 462
f 771 772 773
f 771 773 770
f 771 472 474
f 771 770 468
f 771 468 472
f 774 480 775
f 774 475 477
f 774 477 480
f 776 475 774
f 777 474 475
f 777 771 474
f 777 475 776
f 424 426 428
f 438 428 430
f 438 430 432
f 438 432 434
f 438 434 436
f 778 779 422
f 442 438 440
f 442 428 438
f 780 781 778
f 447 422 424
f 447 442 444
f 447 444 445
f 447 424 428
f 447 428 442
f 782 450 783
f 782 783 784
f 782 785 786
f 782 786 780
f 782 447 450
f 782 778 422
f 782 422 447
f 782 780 778
f 787 788 789
f 787 789 790
f 787 790 785
f 787 785 782
f 396 391 393
f 386 388 390
f 386 390 391
f 399 396 398
f 382 384 386
f 402 396 399
f 403 396 402
f 791 792 382
f 791 382 386
f 793 386 391
f 793 791 386
f 409 403 405
f 409 405 408
f 794 795 796
f 797 796 793
f 797 391 396
f 797 793 391
f 797 794 796
f 416 409 411
f 416 411 413
f 798 799 797
f 798 396 403
f 798 797 396
f 800 417 419
f 801 416 417
f 801 417 800
f 802 803 804
f 802 804 798
f 802 798 403
f 805 801 806
f 805 806 807
f 805 808 802
f 805 802 403
f 805 403 409
f 805 409 416
f 805 416 801
f 352 354 356
f 360 356 358
f 348 350 352
f 368 360 362
f 368 362 364
f 368 364 366
f 370 360 368
f 809 810 811
f 372 356 360
f 372 360 370
f 374 356 372
f 376 812 809
f 376 811 813
f 376 813 348
f 376 352 356
f 376 348 352
f 376 809 811
f 376 356 374
f 814 815 812
f 816 378 379
f 817 818 814
f 819 376 378
f 819 378 816
f 820 819 821
f 820 822 823
f 820 823 817
f 820 814 812
f 820 812 376
f 820 817 814
f 820 376 819
f 824 825 826
f 827 826 828
f 827 824 826
f 829 828 830
f 829 827 828
f 831 830 832
f 831 829 830
f 833 832 834
f 833 831 832
f 835 834 836
f 835 833 834
f 837 836 838
f 837 835 836
f 839 838 840
f 839 837 838
f 841 840 842
f 841 839 840
f 843 841 842
f 844 842 845
f 844 845 846
f 844 843 842
f 847 844 846
f 848 846 849
f 848 849 850
f 848 847 846
f 851 848 850
f 559 852 560
f 742 853 852
f 742 852 559
f 744 854 853
f 744 853 742
f 746 855 854
f 746 854 744
f 748 856 855
f 748 855 746
f 750 857 856
f 750 856 748
f 751 858 857
f 751 857 750
f 749 859 858
f 749 858 751
f 747 860 859
f 747 859 749
f 745 861 860
f 745 860 747
f 743 862 861
f 743 861 745
f 741 862 743
f 740 862 741
f 740 863 862
f 740 864 863
f 739 864 740
f 738 864 739
f 738 865 864
f 737 865 738
f 737 866 865
f 736 866 737
f 736 867 866
f 735 867 736
f 735 868 867
f 734 868 735
f 734 869 868
f 733 869 734
f 733 870 869
f 733 871 870
f 732 871 733
f 731 871 732
f 731 872 871
f 731 873 872
f 730 873 731
f 729 873 730
f 729 874 873
f 729 513 874
f 511 513 729
f 875 510 509
f 875 762 510
f 876 763 762
f 876 762 875
f 877 761 763
f 877 763 876
f 878 764 761
f 878 761 877
f 879 759 764
f 879 764 878
f 880 760 759
f 880 759 879
f 881 757 760
f 881 760 880
f 882 758 757
f 882 757 881
f 883 756 758
f 883 758 882
f 884 754 756
f 884 756 883
f 885 755 754
f 885 752 755
f 885 754 884
f 886 753 752
f 886 752 885
f 887 753 886
f 483 482 753
f 483 753 887
f 888 480 479
f 888 775 480
f 889 774 775
f 889 775 888
f 890 776 774
f 890 774 889
f 891 777 776
f 891 776 890
f 892 771 777
f 892 777 891
f 893 772 771
f 893 771 892
f 894 773 772
f 894 772 893
f 895 770 773
f 895 773 894
f 896 768 770
f 896 770 895
f 897 769 768
f 897 768 896
f 898 767 769
f 898 765 767
f 898 769 897
f 899 766 765
f 899 765 898
f 900 766 899
f 453 452 766
f 453 766 900
f 901 450 449
f 901 783 450
f 902 784 783
f 902 783 901
f 903 782 784
f 903 784 902
f 904 787 782
f 904 782 903
f 905 788 787
f 905 787 904
f 906 789 788
f 906 788 905
f 907 790 789
f 907 789 906
f 908 785 790
f 908 790 907
f 909 786 785
f 909 785 908
f 910 780 786
f 910 786 909
f 911 781 780
f 911 778 781
f 911 780 910
f 912 779 778
f 912 778 911
f 913 779 912
f 423 422 779
f 423 779 913
f 173 171 914
f 169 914 171
f 176 173 914
f 165 914 169
f 177 176 914
f 167 914 165
f 915 914 167
f 179 177 914
f 916 915 167
f 917 915 916
f 918 915 917
f 919 915 918
f 920 915 919
f 921 915 920
f 922 915 921
f 7 187 186
f 9 7 186
f 9 186 183
f 5 187 7
f 12 9 183
f 12 183 181
f 1 187 5
f 1 189 187
f 13 12 181
f 13 181 179
f 13 179 914
f 3 189 1
f 3 192 189
f 15 13 914
f 923 192 3
f 923 924 192
f 923 925 924
f 926 925 923
f 927 925 926
f 927 928 925
f 929 928 927
f 929 930 928
f 929 931 930
f 932 931 929
f 933 915 922
f 933 922 931
f 933 931 932
f 50 19 17
f 50 22 19
f 50 48 22
f 46 23 22
f 46 22 48
f 53 50 17
f 42 25 23
f 42 28 25
f 42 23 46
f 44 28 42
f 934 28 44
f 934 935 28
f 936 935 934
f 936 937 935
f 938 17 15
f 938 54 53
f 938 56 54
f 938 58 56
f 938 60 58
f 938 15 914
f 938 53 17
f 939 940 937
f 939 937 936
f 63 60 938
f 941 942 940
f 941 940 939
f 64 63 938
f 66 64 938
f 69 66 938
f 943 69 938
f 943 944 69
f 943 945 944
f 943 946 945
f 943 947 946
f 943 948 947
f 943 949 948
f 943 950 949
f 943 951 950
f 943 915 933
f 943 933 952
f 943 952 953
f 943 953 942
f 943 942 951
f 951 942 941
f 938 914 954
f 938 954 955
f 420 800 419
f 956 801 800
f 956 800 420
f 957 806 801
f 957 801 956
f 958 807 806
f 958 806 957
f 959 805 807
f 959 807 958
f 960 808 805
f 960 805 959
f 961 802 808
f 961 808 960
f 962 803 802
f 962 802 961
f 963 804 803
f 963 803 962
f 964 804 963
f 965 798 804
f 965 799 798
f 965 804 964
f 966 797 799
f 966 799 965
f 967 797 966
f 968 794 797
f 968 797 967
f 969 795 794
f 969 794 968
f 970 795 969
f 970 796 795
f 971 796 970
f 971 793 796
f 971 791 793
f 972 791 971
f 973 791 972
f 973 792 791
f 383 792 973
f 383 382 792
f 132 130 974
f 128 974 130
f 135 132 974
f 124 974 128
f 136 135 974
f 126 974 124
f 138 136 974
f 140 138 974
f 975 976 977
f 975 978 976
f 975 126 978
f 975 974 126
f 979 975 977
f 980 975 979
f 981 975 980
f 982 975 981
f 983 975 982
f 91 145 142
f 91 89 145
f 87 146 145
f 87 148 146
f 87 145 89
f 94 91 142
f 94 142 140
f 94 140 974
f 83 148 87
f 83 151 148
f 85 151 83
f 984 151 85
f 984 985 151
f 984 986 985
f 987 986 984
f 988 95 94
f 988 94 974
f 988 97 95
f 988 99 97
f 988 101 99
f 989 986 987
f 989 990 986
f 104 101 988
f 991 990 989
f 991 992 990
f 105 104 988
f 107 105 988
f 110 107 988
f 993 994 110
f 993 995 994
f 993 996 995
f 993 997 996
f 993 998 997
f 993 999 998
f 993 1000 999
f 993 1001 1000
f 993 110 988
f 993 975 983
f 993 983 992
f 993 992 1001
f 1001 992 991
f 1002 1003 1004
f 1002 1005 1003
f 1006 1007 1008
f 1006 1008 1009
f 1010 1011 1012
f 1010 1013 1011
f 1014 1012 1011
f 1014 1011 1015
f 1016 1017 1018
f 1016 1019 1017
f 1020 1021 1019
f 1020 1019 1016
f 1022 1023 1021
f 1022 1021 1020
f 1013 1010 1023
f 1013 1023 1022
f 1024 1025 1026
f 1027 1024 1026
f 1024 1028 1029
f 1024 1029 1025
f 1028 1014 1015
f 1030 1014 1028
f 1029 1028 1015
f 1031 1029 1015
f 1032 1033 1029
f 1032 1029 1031
f 1034 1035 1036
f 1037 1038 1034
f 1039 1040 1041
f 1039 1036 1040
f 1039 1042 1037
f 1039 1043 1042
f 1039 1034 1036
f 1039 1037 1034
f 1044 1045 1039
f 1044 1039 1041
f 345 1041 322
f 345 1044 1041
f 343 322 319
f 343 345 322
f 335 331 334
f 335 329 331
f 341 327 329
f 341 326 327
f 341 323 326
f 341 319 323
f 341 343 319
f 339 335 337
f 339 329 335
f 339 341 329
f 1046 379 380
f 1046 816 379
f 1047 819 816
f 1047 816 1046
f 1048 821 819
f 1048 819 1047
f 1049 820 821
f 1049 821 1048
f 1050 822 820
f 1050 820 1049
f 1051 823 822
f 1051 822 1050
f 1052 817 823
f 1052 823 1051
f 1053 818 817
f 1053 817 1052
f 1054 814 818
f 1054 818 1053
f 1055 815 814
f 1055 814 1054
f 1056 812 815
f 1056 815 1055
f 1057 809 812
f 1057 812 1056
f 1058 810 809
f 1058 811 810
f 1058 809 1057
f 1059 811 1058
f 1060 813 811
f 1060 348 813
f 1060 811 1059
f 349 348 1060
f 1061 1062 1063
f 1064 1063 1065
f 1064 1061 1063
f 1066 1065 1067
f 1066 1064 1065
f 1068 1066 1067
f 1069 1070 1071
f 1072 1073 1074
f 1072 1071 1073
f 1072 1069 1071
f 1075 1076 1077
f 1068 1076 1075
f 1067 1072 1076
f 1067 1076 1068
f 1067 1069 1072
f 1078 1068 1075
f 1079 1080 1081
f 1079 1082 1080
f 1083 1084 1085
f 1083 1086 1084
f 1087 1088 1079
f 1087 1089 1088
f 1087 1079 1081
f 1090 1081 1086
f 1090 1086 1083
f 1091 1081 1090
f 1092 1093 1087
f 1092 1094 1093
f 1092 1087 1081
f 1092 1081 1091
f 1095 851 850
f 1096 851 1095
f 846 845 842
f 850 849 846
f 850 846 842
f 836 840 838
f 836 842 840
f 832 836 834
f 825 828 826
f 825 830 828
f 825 832 830
f 825 850 842
f 825 842 836
f 825 836 832
f 1097 1095 850
f 1097 850 825
f 824 1097 825
f 824 1098 1097
f 843 844 1099
f 847 1099 844
f 841 843 1099
f 848 1099 847
f 839 841 1099
f 851 1100 1099
f 851 1099 848
f 1101 837 839
f 1101 835 837
f 1101 833 835
f 1101 831 833
f 1101 829 831
f 1101 827 829
f 1096 1100 851
f 824 827 1101
f 1102 1098 824
f 1102 824 1101
f 1101 839 1099
f 1103 1102 1101
f 1103 1101 1104
f 1105 1104 1106
f 1105 1103 1104
f 1107 1106 1108
f 1107 1105 1106
f 1109 1107 1108
f 1061 1109 1062
f 1110 1107 1109
f 1062 1109 1108
f 1111 1109 1112
f 1111 1110 1109
f 1112 1113 1111
f 1114 1113 1112
f 1113 1114 1115
f 1116 1113 1115
f 1117 1118 1119
f 1120 1121 1118
f 1120 1118 1117
f 1122 1117 1123
f 1124 1120 1117
f 1124 1117 1122
f 1125 1124 1122
f 1126 1127 1128
f 1126 1125 1127
f 1129 1125 1126
f 1130 1129 1131
f 1130 1125 1129
f 1132 1124 1125
f 1132 1125 1130
f 1133 1134 1135
f 1133 1136 1134
f 1133 1137 1136
f 1133 1138 1137
f 1139 1140 1133
f 1139 1133 1135
f 1141 1135 1124
f 1141 1124 1132
f 1142 1135 1141
f 1142 1139 1135
f 1143 1144 1142
f 1145 1141 1146
f 1145 1142 1141
f 1145 1143 1142
f 1147 1148 1143
f 1147 1143 1145
f 1075 1077 1149
f 1075 1149 1150
f 1151 1077 1076
f 1149 1077 1151
f 1072 1152 1151
f 1076 1072 1151
f 1072 1074 1153
f 1072 1153 1152
f 1074 1154 1153
f 1074 1073 1154
f 1155 1154 1073
f 1071 1155 1073
f 1156 1154 1155
f 1157 1158 1159
f 1157 1160 1158
f 1161 1157 1162
f 1161 1160 1157
f 1163 1162 1164
f 1163 1161 1162
f 1165 1164 1166
f 1165 1163 1164
f 1167 1166 1168
f 1167 1165 1166
f 1169 1168 1170
f 1169 1167 1168
f 1171 1170 1172
f 1171 1169 1170
f 1173 1172 1174
f 1173 1171 1172
f 1159 1175 1176
f 1177 1159 1158
f 1075 1177 1078
f 1150 1159 1177
f 1150 1177 1075
f 1150 1175 1159
f 1178 1116 1115
f 1179 1178 1115
f 1061 1112 1109
f 1078 1061 1064
f 1078 1064 1066
f 1078 1066 1068
f 1114 1112 1061
f 1114 1061 1078
f 1115 1078 1177
f 1115 1114 1078
f 1180 1179 1115
f 1180 1115 1177
f 1181 1182 1183
f 1181 1184 1182
f 1139 1185 1186
f 1140 1186 1187
f 1140 1139 1186
f 1133 1187 1188
f 1133 1140 1187
f 1138 1188 1189
f 1138 1133 1188
f 1137 1189 1190
f 1137 1138 1189
f 1136 1190 1191
f 1136 1137 1190
f 1134 1191 1192
f 1134 1136 1191
f 1135 1134 1192
f 1185 1139 1142
f 1185 1142 1193
f 1141 1194 1195
f 1146 1195 1196
f 1146 1141 1195
f 1145 1196 1197
f 1145 1146 1196
f 1147 1197 1198
f 1147 1145 1197
f 1148 1198 1199
f 1148 1147 1198
f 1143 1199 1200
f 1143 1148 1199
f 1144 1200 1193
f 1144 1143 1200
f 1142 1144 1193
f 1201 1132 1202
f 1203 1132 1201
f 1141 1203 1204
f 1141 1132 1203
f 1194 1141 1204
f 1125 1205 1206
f 1127 1206 1207
f 1127 1125 1206
f 1128 1207 1208
f 1128 1127 1207
f 1126 1208 1209
f 1126 1128 1208
f 1129 1209 1210
f 1129 1126 1209
f 1131 1210 1211
f 1131 1129 1210
f 1130 1211 1202
f 1130 1131 1211
f 1132 1130 1202
f 1205 1125 1122
f 1205 1122 1212
f 1124 1213 1214
f 1120 1214 1215
f 1120 1124 1214
f 1121 1215 1216
f 1121 1120 1215
f 1118 1216 1217
f 1118 1121 1216
f 1119 1217 1218
f 1119 1118 1217
f 1117 1218 1219
f 1117 1119 1218
f 1123 1219 1212
f 1123 1117 1219
f 1122 1123 1212
f 1220 1221 1222
f 1223 1221 1220
f 1224 1225 1226
f 1224 1220 1225
f 1224 1223 1220
f 548 280 281
f 549 280 548
f 549 278 280
f 545 548 281
f 545 281 284
f 552 278 549
f 552 275 278
f 544 545 284
f 286 544 284
f 553 275 552
f 553 274 275
f 541 544 286
f 288 541 286
f 555 274 553
f 555 271 274
f 540 541 288
f 290 540 288
f 557 268 271
f 557 271 555
f 537 540 290
f 292 537 290
f 560 269 268
f 560 268 557
f 535 537 292
f 294 535 292
f 1227 269 560
f 852 1227 560
f 533 535 294
f 296 533 294
f 1228 1227 852
f 853 1228 852
f 532 533 296
f 298 532 296
f 1229 1228 853
f 854 1229 853
f 529 532 298
f 300 529 298
f 1230 1229 854
f 855 1230 854
f 527 529 300
f 301 527 300
f 1231 1230 855
f 856 1231 855
f 525 527 301
f 304 525 301
f 1232 1231 856
f 857 1232 856
f 523 525 304
f 305 523 304
f 1233 1232 857
f 858 1233 857
f 521 523 305
f 307 521 305
f 1234 1233 858
f 859 1234 858
f 519 521 307
f 310 519 307
f 1235 1234 859
f 860 1235 859
f 517 519 310
f 312 517 310
f 1236 1235 860
f 861 1236 860
f 515 517 312
f 314 515 312
f 1237 1236 861
f 862 1237 861
f 512 515 314
f 316 512 314
f 1238 1237 862
f 863 1238 862
f 513 512 316
f 318 513 316
f 1239 1238 863
f 864 1239 863
f 1240 513 318
f 1240 874 513
f 1241 1239 864
f 865 1241 864
f 1242 874 1240
f 1242 873 874
f 1243 1241 865
f 866 1243 865
f 1244 873 1242
f 1244 872 873
f 1245 1243 866
f 867 1245 866
f 1246 871 872
f 1246 872 1244
f 1247 1245 867
f 1247 867 868
f 1248 870 871
f 1248 871 1246
f 1249 868 869
f 1249 1247 868
f 1250 869 870
f 1250 1249 869
f 1250 870 1248
f 1251 1252 1253
f 1254 1253 1255
f 1256 1257 1251
f 1258 1251 1253
f 1258 1253 1254
f 1258 1256 1251
f 1259 1260 1261
f 1259 1262 1260
f 1259 1263 1262
f 1264 1258 1263
f 1264 1265 1266
f 1264 1259 1265
f 1264 1256 1258
f 1264 1263 1259
f 1267 1256 1264
f 1268 1269 1267
f 1270 1271 1268
f 1272 1273 1270
f 1272 1274 1273
f 1272 1268 1267
f 1272 1270 1268
f 1275 1272 1267
f 1276 1267 1264
f 1276 1275 1267
f 1277 1276 1278
f 1279 1280 1281
f 1282 1281 1275
f 1282 1275 1276
f 1282 1276 1277
f 1282 1279 1281
f 459 1283 1284
f 459 457 1283
f 455 1283 457
f 461 459 1284
f 451 1283 455
f 463 461 1284
f 465 463 1284
f 1285 1283 451
f 1285 451 453
f 489 487 1159
f 485 1159 487
f 491 489 1159
f 900 1286 1287
f 900 1287 1288
f 900 1288 1285
f 900 1285 453
f 481 1159 485
f 493 491 1159
f 495 493 1159
f 899 1286 900
f 1174 471 469
f 1174 469 467
f 1174 467 465
f 1157 483 887
f 1289 1286 899
f 1289 899 898
f 886 1157 887
f 897 1289 898
f 473 471 1174
f 1290 1289 897
f 1176 495 1159
f 1176 499 497
f 1176 497 495
f 885 1164 1162
f 885 1162 1157
f 885 1157 886
f 501 499 1176
f 896 1290 897
f 476 1174 1172
f 476 473 1174
f 1031 501 1176
f 884 1166 1164
f 884 1164 885
f 503 501 1031
f 895 1290 896
f 506 503 1031
f 1291 1290 895
f 1291 895 894
f 1292 1291 894
f 508 506 1031
f 1293 1292 894
f 1293 894 893
f 429 884 883
f 429 1166 884
f 427 1170 1168
f 427 1168 1166
f 427 1166 429
f 1294 1293 893
f 431 883 882
f 431 429 883
f 425 1172 1170
f 425 476 1172
f 425 1170 427
f 1295 1294 893
f 1295 893 892
f 1295 892 891
f 509 508 1031
f 421 478 476
f 421 476 425
f 433 882 881
f 433 431 882
f 423 478 421
f 423 479 478
f 435 881 880
f 435 433 881
f 437 880 879
f 437 435 880
f 913 479 423
f 913 888 479
f 912 889 888
f 912 888 913
f 439 437 879
f 911 889 912
f 911 890 889
f 441 879 878
f 441 439 879
f 910 890 911
f 910 1295 891
f 910 891 890
f 443 878 877
f 443 877 876
f 443 441 878
f 909 1295 910
f 446 443 876
f 448 446 876
f 448 876 875
f 1016 907 906
f 1018 907 1016
f 1018 909 908
f 1018 908 907
f 1018 1295 909
f 1020 1016 906
f 1022 1020 906
f 1013 1022 906
f 1013 906 905
f 1015 904 903
f 1015 903 902
f 1015 902 901
f 1015 901 449
f 1011 904 1015
f 1011 1013 905
f 1011 905 904
f 1284 1174 465
f 1157 1159 483
f 483 1159 481
f 1031 1015 449
f 1031 449 448
f 1031 448 509
f 509 448 875
f 1289 1296 1286
f 1297 1296 1289
f 1298 1297 1289
f 1298 1289 1290
f 1298 1291 1299
f 1298 1290 1291
f 1291 1300 1299
f 1292 1301 1300
f 1292 1300 1291
f 1293 1302 1301
f 1293 1301 1292
f 1294 1303 1302
f 1294 1302 1293
f 1295 1303 1294
f 1303 1295 954
f 1304 1303 954
f 955 954 1295
f 1018 955 1295
f 1017 1305 955
f 1017 955 1018
f 1285 1306 1307
f 1288 1306 1285
f 1287 1308 1306
f 1287 1306 1288
f 1286 1296 1308
f 1286 1308 1287
f 1304 954 914
f 1304 1309 1310
f 915 1309 1304
f 915 1304 914
f 1309 943 1311
f 915 943 1309
f 1305 1312 1311
f 1305 938 955
f 943 938 1305
f 943 1305 1311
f 1313 975 1314
f 974 975 1313
f 392 1315 1316
f 389 1317 1315
f 389 1315 392
f 394 1318 1319
f 394 1316 1318
f 394 392 1316
f 387 1317 389
f 387 1320 1317
f 395 1319 1321
f 395 394 1319
f 385 1320 387
f 385 1322 1320
f 397 1321 1323
f 397 395 1321
f 381 1322 385
f 381 1324 1322
f 400 1323 1325
f 400 397 1323
f 383 1324 381
f 383 265 1324
f 383 263 265
f 401 1325 1326
f 401 400 1325
f 973 261 263
f 973 263 383
f 404 1326 1327
f 404 401 1326
f 972 259 261
f 972 261 973
f 406 1327 1328
f 406 404 1327
f 971 257 259
f 971 259 972
f 407 1328 1329
f 407 406 1328
f 970 257 971
f 255 257 970
f 1330 407 1329
f 410 407 1330
f 969 255 970
f 253 255 969
f 1331 410 1330
f 412 410 1331
f 968 253 969
f 251 253 968
f 1332 414 412
f 1332 412 1331
f 250 968 967
f 250 251 968
f 1333 415 414
f 1333 414 1332
f 243 967 966
f 243 250 967
f 1334 418 415
f 1334 415 1333
f 241 966 965
f 241 243 966
f 1335 420 418
f 1335 418 1334
f 238 241 965
f 238 965 964
f 207 420 1335
f 236 238 964
f 236 964 963
f 209 420 207
f 209 956 420
f 234 236 963
f 234 963 962
f 211 956 209
f 211 957 956
f 232 234 962
f 232 962 961
f 218 957 211
f 218 958 957
f 226 232 961
f 219 958 218
f 219 959 958
f 224 226 961
f 224 961 960
f 221 959 219
f 221 224 960
f 221 960 959
f 210 993 217
f 206 993 210
f 975 1336 1314
f 975 1337 1336
f 975 993 208
f 208 993 206
f 975 208 1337
f 993 988 213
f 993 213 217
f 213 974 1313
f 988 974 213
f 216 1338 1339
f 216 215 1338
f 215 1340 1338
f 215 214 1340
f 214 213 1340
f 213 1313 1340
f 1006 233 231
f 1006 231 1007
f 242 1009 244
f 240 1009 242
f 1006 237 235
f 233 1006 235
f 1006 1009 239
f 239 1009 240
f 1006 239 237
f 1009 1008 246
f 244 1009 246
f 1341 1005 1342
f 1003 1005 1341
f 1343 1005 1002
f 1343 1342 1005
f 1004 1343 1002
f 1344 1343 1004
f 1003 1344 1004
f 1003 1341 1344
f 1175 1031 1176
f 1032 1031 1175
f 1345 1032 1175
f 247 249 248
f 231 246 1008
f 231 247 246
f 231 249 247
f 229 231 230
f 229 249 231
f 228 249 229
f 1007 231 1008
f 1346 220 212
f 1346 222 220
f 1346 223 222
f 1346 225 223
f 1346 227 225
f 1347 1014 1030
f 1347 1030 1348
f 1012 1014 1347
f 1010 1012 1347
f 1312 1017 1019
f 1312 1019 1021
f 1312 1021 1023
f 1312 1023 1010
f 1305 1017 1312
f 1347 1312 1010
f 1024 1030 1028
f 1349 1348 1030
f 1027 1030 1024
f 1027 1349 1030
f 1027 1026 1350
f 1349 1027 1350
f 1033 1026 1025
f 1033 1025 1029
f 1350 1033 1351
f 1350 1026 1033
f 1352 1032 1345
f 1353 1032 1352
f 1354 1032 1353
f 1355 1032 1354
f 1033 1356 1357
f 1033 1358 1356
f 1351 1033 1357
f 1033 1032 1355
f 1033 1355 1359
f 1033 1359 1358
f 1360 1361 1357
f 1360 1357 1356
f 1362 1356 1358
f 1362 1360 1356
f 1363 1358 1359
f 1363 1362 1358
f 1364 1359 1355
f 1364 1363 1359
f 1365 1355 1354
f 1365 1354 1353
f 1365 1364 1355
f 1366 1365 1353
f 1367 1353 1352
f 1367 1366 1353
f 1363 1364 1365
f 1363 1365 1366
f 1363 1366 1367
f 1360 1362 1363
f 1361 1363 1367
f 1361 1360 1363
f 1044 345 346
f 1044 346 1368
f 1045 1369 1370
f 1045 1368 1369
f 1045 1044 1368
f 1039 1045 1370
f 1043 1371 1372
f 1043 1370 1371
f 1043 1039 1370
f 1042 1043 1372
f 1037 1372 1373
f 1037 1042 1372
f 1038 1373 1374
f 1038 1037 1373
f 1034 1374 1375
f 1034 1038 1374
f 1035 1375 1376
f 1035 1034 1375
f 1036 1377 1378
f 1036 1376 1377
f 1036 1035 1376
f 1040 1036 1378
f 1041 1378 1379
f 1041 1040 1378
f 322 1379 320
f 322 1041 1379
f 1380 1070 1069
f 1380 1069 1381
f 1382 1381 1383
f 1382 1380 1381
f 1384 1383 1385
f 1384 1382 1383
f 355 1386 1387
f 355 1388 1386
f 355 1099 1388
f 353 1099 355
f 357 355 1387
f 359 357 1387
f 351 1099 353
f 361 359 1387
f 347 1099 351
f 349 1099 347
f 363 361 1387
f 1101 349 1060
f 1101 1060 1059
f 1101 1099 349
f 1385 367 365
f 1385 365 363
f 1385 363 1387
f 369 367 1385
f 1058 1101 1059
f 371 1385 1383
f 371 369 1385
f 1057 1104 1101
f 1057 1101 1058
f 1106 1104 1057
f 1381 371 1383
f 1108 1106 1057
f 1108 1057 1056
f 1069 371 1381
f 1069 373 371
f 375 373 1069
f 1055 1108 1056
f 377 375 1069
f 1054 1108 1055
f 380 377 1069
f 1053 1108 1054
f 1062 1053 1052
f 1062 1052 1051
f 1062 1051 1050
f 1062 1050 1049
f 1062 1108 1053
f 1067 380 1069
f 1067 1049 1048
f 1067 1048 1047
f 1067 1047 1046
f 1067 1046 380
f 1065 1049 1067
f 1063 1062 1049
f 1063 1049 1065
f 1389 1390 1387
f 1389 1387 1386
f 1389 1386 1388
f 1391 1388 1099
f 1391 1389 1388
f 1100 1391 1099
f 1392 1086 1393
f 1392 1084 1086
f 1393 1086 1081
f 1394 1393 1081
f 1395 1081 1080
f 1395 1080 1082
f 1395 1394 1081
f 1396 1395 1082
f 1397 1082 1079
f 1397 1396 1082
f 1398 1079 1088
f 1398 1397 1079
f 1399 1088 1089
f 1399 1398 1088
f 1400 1089 1087
f 1400 1087 1093
f 1400 1399 1089
f 1401 1400 1093
f 1402 1093 1094
f 1402 1401 1093
f 1403 1094 1092
f 1403 1092 1091
f 1403 1402 1094
f 1404 1403 1091
f 1405 1091 1090
f 1405 1404 1091
f 1406 1090 1083
f 1406 1405 1090
f 1083 1407 1406
f 1083 1085 1407
f 1389 1408 1409
f 1389 1391 1408
f 1100 1410 1408
f 1100 1411 1410
f 1100 1412 1411
f 1100 1408 1391
f 1390 1409 1413
f 1390 1389 1409
f 1084 1414 1415
f 1084 1413 1414
f 1084 1390 1413
f 1392 1390 1084
f 1085 1416 1417
f 1085 1418 1416
f 1085 1415 1418
f 1085 1084 1415
f 1419 1085 1417
f 1095 1420 1421
f 1095 1422 1420
f 1095 1423 1422
f 1095 1424 1423
f 1425 1407 1085
f 1425 1085 1419
f 1096 1421 1412
f 1096 1412 1100
f 1096 1095 1421
f 1426 1407 1425
f 1097 1424 1095
f 1097 1427 1424
f 1428 1427 1097
f 1429 1407 1426
f 1102 1097 1098
f 1102 1428 1097
f 1102 1430 1428
f 1431 1407 1429
f 1103 1430 1102
f 1432 1430 1103
f 1105 1432 1103
f 1433 1407 1431
f 1434 1105 1107
f 1434 1432 1105
f 1435 1434 1107
f 1436 1435 1107
f 1437 1436 1107
f 1110 1437 1107
f 1110 1438 1437
f 1182 1438 1110
f 1111 1182 1110
f 1183 1182 1111
f 1113 1183 1111
f 1178 1113 1116
f 1178 1183 1113
f 1182 1184 1439
f 1438 1439 1440
f 1438 1182 1439
f 1437 1440 1441
f 1437 1438 1440
f 1436 1441 1442
f 1436 1437 1441
f 1435 1442 1443
f 1435 1436 1442
f 1434 1443 1444
f 1434 1435 1443
f 1432 1444 1445
f 1432 1434 1444
f 1430 1445 1446
f 1430 1432 1445
f 1428 1430 1446
f 1428 1446 1447
f 1427 1428 1447
f 1427 1447 1448
f 1424 1427 1448
f 1424 1448 1449
f 1423 1449 1450
f 1423 1424 1449
f 1422 1450 1451
f 1422 1423 1450
f 1420 1422 1451
f 1421 1451 1452
f 1421 1452 1453
f 1421 1420 1451
f 1412 1453 1454
f 1412 1421 1453
f 1411 1412 1454
f 1410 1454 1455
f 1410 1455 1456
f 1410 1411 1454
f 1408 1410 1456
f 1409 1456 1457
f 1409 1457 1458
f 1409 1408 1456
f 1413 1409 1458
f 1414 1458 1459
f 1414 1413 1458
f 1415 1459 1460
f 1415 1460 1461
f 1415 1414 1459
f 1418 1415 1461
f 1416 1461 1462
f 1416 1418 1461
f 1417 1462 1463
f 1417 1416 1462
f 1419 1463 1464
f 1419 1417 1463
f 1425 1464 1465
f 1425 1419 1464
f 1426 1465 1466
f 1426 1466 1467
f 1426 1425 1465
f 1429 1426 1467
f 1431 1467 1468
f 1431 1468 1469
f 1431 1429 1467
f 1433 1431 1469
f 1468 1470 1471
f 1469 1471 1472
f 1469 1468 1471
f 1467 1473 1470
f 1467 1470 1468
f 1466 1474 1473
f 1466 1473 1467
f 1465 1475 1474
f 1465 1474 1466
f 1192 1475 1465
f 1464 1192 1465
f 1463 1135 1192
f 1463 1192 1464
f 1462 1135 1463
f 1124 1135 1462
f 1461 1124 1462
f 1213 1124 1461
f 1460 1213 1461
f 1476 1213 1460
f 1459 1476 1460
f 1477 1476 1459
f 1458 1477 1459
f 1478 1477 1458
f 1457 1478 1458
f 1479 1478 1457
f 1456 1479 1457
f 1480 1479 1456
f 1455 1480 1456
f 1481 1480 1455
f 1454 1481 1455
f 1482 1481 1454
f 1483 1482 1454
f 1483 1454 1453
f 1484 1483 1453
f 1484 1453 1452
f 1485 1452 1451
f 1485 1484 1452
f 1450 1485 1451
f 1486 1181 1487
f 1486 1184 1181
f 1488 1485 1450
f 1489 1439 1184
f 1489 1184 1486
f 1490 1450 1449
f 1491 1440 1439
f 1491 1439 1489
f 1492 1449 1448
f 1492 1490 1449
f 1493 1488 1450
f 1493 1450 1490
f 1494 1441 1440
f 1494 1440 1491
f 1495 1448 1447
f 1495 1492 1448
f 1496 1442 1441
f 1496 1441 1494
f 1497 1447 1446
f 1497 1495 1447
f 1498 1443 1442
f 1498 1442 1496
f 1499 1446 1445
f 1499 1497 1446
f 1500 1443 1498
f 1500 1444 1443
f 1501 1444 1500
f 1501 1445 1444
f 1501 1499 1445
f 1152 1153 1154
f 1152 1154 1156
f 1502 1156 1503
f 1150 1149 1151
f 1175 1151 1152
f 1175 1150 1151
f 1175 1156 1502
f 1175 1152 1156
f 1504 1503 1156
f 1155 1504 1156
f 1504 1380 1382
f 1504 1382 1384
f 1070 1380 1504
f 1155 1071 1070
f 1155 1070 1504
f 1283 1505 1284
f 1506 1505 1283
f 1507 1173 1174
f 1284 1507 1174
f 1173 1507 1508
f 1173 1508 1180
f 1160 1180 1177
f 1160 1177 1158
f 1171 1173 1180
f 1161 1180 1160
f 1169 1171 1180
f 1163 1180 1161
f 1167 1169 1180
f 1165 1180 1163
f 1165 1167 1180
f 1509 1178 1508
f 1180 1508 1178
f 1179 1180 1178
f 1487 1178 1509
f 1183 1487 1181
f 1183 1178 1487
f 1509 1510 1486
f 1487 1509 1486
f 1486 1510 1511
f 1489 1511 1512
f 1489 1486 1511
f 1491 1512 1513
f 1491 1489 1512
f 1494 1513 1514
f 1494 1491 1513
f 1496 1514 1515
f 1496 1494 1514
f 1498 1496 1515
f 1500 1515 1516
f 1500 1516 1517
f 1500 1498 1515
f 1501 1500 1517
f 1499 1517 1518
f 1499 1501 1517
f 1497 1518 1519
f 1497 1519 1520
f 1497 1499 1518
f 1495 1497 1520
f 1492 1520 1521
f 1492 1495 1520
f 1490 1521 1522
f 1490 1492 1521
f 1490 1522 1523
f 1493 1490 1523
f 1493 1523 1524
f 1493 1524 1488
f 1485 1524 1525
f 1485 1488 1524
f 1484 1485 1525
f 1484 1525 1526
f 1483 1526 1527
f 1483 1484 1526
f 1482 1527 1528
f 1482 1483 1527
f 1481 1528 1529
f 1481 1482 1528
f 1480 1529 1530
f 1480 1481 1529
f 1479 1530 1531
f 1479 1480 1530
f 1478 1479 1531
f 1478 1531 1532
f 1477 1478 1532
f 1477 1532 1533
f 1209 1208 1534
f 1207 1534 1208
f 1210 1209 1534
f 1206 1534 1207
f 1211 1210 1534
f 1205 1534 1206
f 1535 1211 1534
f 1535 1202 1211
f 1476 1477 1533
f 1476 1534 1205
f 1476 1533 1534
f 1212 1476 1205
f 1219 1476 1212
f 1218 1476 1219
f 1217 1476 1218
f 1201 1202 1535
f 1216 1476 1217
f 1536 1201 1535
f 1215 1476 1216
f 1214 1476 1215
f 1213 1476 1214
f 1203 1201 1536
f 1537 1203 1536
f 1204 1203 1537
f 1538 1204 1537
f 1194 1204 1538
f 1539 1197 1196
f 1539 1196 1195
f 1539 1195 1194
f 1539 1194 1538
f 1198 1197 1539
f 1199 1198 1539
f 1200 1199 1539
f 1193 1200 1539
f 1540 1193 1539
f 1475 1192 1191
f 1475 1191 1190
f 1475 1190 1189
f 1475 1189 1188
f 1475 1188 1187
f 1475 1187 1186
f 1475 1186 1185
f 1475 1185 1193
f 1475 1193 1540
f 1474 1540 1541
f 1474 1475 1540
f 1473 1541 1542
f 1473 1474 1541
f 1470 1473 1542
f 1470 1542 1543
f 1471 1470 1543
f 1471 1543 1544
f 1472 1471 1544
f 1545 1226 1225
f 1546 1225 1220
f 1546 1545 1225
f 1547 1220 1222
f 1547 1546 1220
f 1548 1547 1222
f 1224 1545 1549
f 1224 1226 1545
f 1224 1549 1550
f 1224 1550 1223
f 1223 1551 1221
f 1550 1551 1223
f 1551 1222 1221
f 1551 1548 1222
f 1552 318 317
f 1552 1240 318
f 1553 1242 1240
f 1553 1240 1552
f 1554 1244 1242
f 1554 1242 1553
f 1555 1246 1244
f 1555 1248 1246
f 1555 1244 1554
f 1556 1248 1555
f 1557 1250 1248
f 1557 1248 1556
f 1558 1249 1250
f 1558 1247 1249
f 1558 1250 1557
f 1559 1247 1558
f 1560 1245 1247
f 1560 1243 1245
f 1560 1247 1559
f 1561 1243 1560
f 1562 1241 1243
f 1562 1243 1561
f 1563 1241 1562
f 1563 1239 1241
f 1564 1239 1563
f 1564 1238 1239
f 1565 1238 1564
f 1565 1237 1238
f 1566 1237 1565
f 1566 1236 1237
f 1566 1235 1236
f 1567 1235 1566
f 1567 1234 1235
f 1568 1234 1567
f 1568 1233 1234
f 1569 1233 1568
f 1570 1233 1569
f 1570 1232 1233
f 1571 1232 1570
f 1571 1231 1232
f 1571 1230 1231
f 1572 1230 1571
f 1573 1230 1572
f 1573 1229 1230
f 1574 1228 1229
f 1574 1229 1573
f 1575 1228 1574
f 1575 1227 1228
f 267 269 1227
f 267 1227 1575
f 1576 1577 1578
f 1578 1579 1580
f 1578 1581 1579
f 1577 1581 1578
f 1263 1258 1582
f 1583 1263 1582
f 1584 1585 1264
f 1584 1264 1266
f 1586 1266 1265
f 1586 1584 1266
f 1587 1265 1259
f 1587 1586 1265
f 1588 1259 1261
f 1588 1587 1259
f 1589 1261 1260
f 1589 1588 1261
f 1590 1260 1262
f 1590 1589 1260
f 1583 1262 1263
f 1583 1590 1262
f 1591 1276 1264
f 1591 1264 1585
f 1592 1593 1275
f 1592 1275 1281
f 1592 1281 1280
f 1594 1592 1280
f 1595 1280 1279
f 1595 1594 1280
f 1596 1279 1282
f 1596 1595 1279
f 1597 1282 1277
f 1597 1596 1282
f 1598 1277 1278
f 1598 1597 1277
f 1591 1278 1276
f 1591 1598 1278
f 1272 1593 1599
f 1272 1275 1593
f 1600 1267 1269
f 1601 1269 1268
f 1601 1600 1269
f 1602 1268 1271
f 1602 1601 1268
f 1603 1271 1270
f 1603 1602 1271
f 1604 1270 1273
f 1604 1603 1270
f 1605 1273 1274
f 1605 1604 1273
f 1606 1274 1272
f 1606 1605 1274
f 1599 1606 1272
f 1607 1256 1267
f 1607 1267 1600
f 1608 1582 1258
f 1608 1258 1254
f 1608 1254 1255
f 1609 1255 1253
f 1609 1608 1255
f 1610 1253 1252
f 1610 1609 1253
f 1611 1252 1251
f 1611 1610 1252
f 1612 1251 1257
f 1612 1611 1251
f 1613 1612 1257
f 1607 1257 1256
f 1607 1613 1257
f 1614 1506 1283
f 1614 1307 1615
f 1285 1307 1614
f 1285 1614 1283
f 1505 1579 1581
f 1505 1506 1579
f 1616 1579 1506
f 1614 1616 1506
f 1302 1304 1310
f 1303 1304 1302
f 1301 1302 1310
f 1300 1301 1310
f 1299 1300 1310
f 1307 1617 1615
f 1306 1617 1307
f 1308 1617 1306
f 1296 1617 1308
f 1618 1617 1296
f 1297 1618 1296
f 1298 1299 1618
f 1298 1618 1297
f 1310 1618 1299
f 1619 1620 1621
f 1619 1622 1620
f 1309 1618 1310
f 1623 1618 1309
f 1339 1623 1309
f 1624 1623 1339
f 1311 1339 1309
f 1347 1311 1312
f 216 1311 1347
f 216 1339 1311
f 1346 212 216
f 1346 216 1347
f 1625 265 266
f 1324 265 1625
f 1626 1324 1625
f 1322 1324 1626
f 1627 1322 1626
f 1320 1322 1627
f 1628 1320 1627
f 1317 1320 1628
f 1629 1317 1628
f 1315 1317 1629
f 1630 1315 1629
f 1316 1315 1630
f 1631 1316 1630
f 1318 1316 1631
f 1632 1318 1631
f 1319 1318 1632
f 1633 1319 1632
f 1321 1319 1633
f 1634 1321 1633
f 1323 1321 1634
f 1635 1323 1634
f 1325 1323 1635
f 1636 1325 1635
f 1326 1325 1636
f 1637 1326 1636
f 1327 1326 1637
f 1638 1327 1637
f 1328 1327 1638
f 1639 1328 1638
f 1329 1328 1639
f 1640 1329 1639
f 1330 1329 1640
f 1641 1330 1640
f 1331 1330 1641
f 1642 1331 1641
f 1332 1331 1642
f 1624 1339 1338
f 1624 1338 1340
f 1624 1340 1313
f 1624 1332 1642
f 1333 1332 1624
f 1314 1624 1313
f 1314 1333 1624
f 1334 1333 1314
f 1336 1334 1314
f 1335 1336 1337
f 1335 1334 1336
f 207 1337 208
f 207 1335 1337
f 1643 1342 1502
f 1341 1342 1643
f 1343 1502 1342
f 1175 1502 1343
f 1345 1175 1343
f 1367 1352 1345
f 1367 1345 1343
f 1370 1361 1367
f 1371 1370 1367
f 1369 1361 1370
f 1372 1371 1367
f 1368 1361 1369
f 1373 1372 1367
f 346 1361 1368
f 1351 1357 1361
f 1344 1374 1373
f 1344 1341 1643
f 1344 1367 1343
f 1344 1373 1367
f 344 1361 346
f 1375 1374 1344
f 1376 1375 1344
f 1350 344 342
f 1350 1351 1361
f 1350 1361 344
f 340 1350 342
f 1377 1376 1344
f 338 1350 340
f 1378 1377 1344
f 336 1350 338
f 1379 1378 1344
f 333 1350 336
f 332 1350 333
f 249 1350 332
f 249 332 330
f 249 330 328
f 249 328 325
f 249 325 324
f 249 324 321
f 245 1379 1344
f 245 320 1379
f 245 249 321
f 245 321 320
f 1349 1350 249
f 1347 1348 1349
f 228 1349 249
f 228 1347 1349
f 1346 228 227
f 1346 1347 228
f 1643 245 1344
f 1393 1390 1392
f 1387 1390 1393
f 1394 1387 1393
f 1395 1387 1394
f 1396 1387 1395
f 1397 1387 1396
f 1398 1387 1397
f 1399 1387 1398
f 1400 1387 1399
f 1433 1469 1472
f 1384 1404 1405
f 1384 1405 1406
f 1384 1406 1407
f 1384 1407 1433
f 1385 1401 1402
f 1385 1402 1403
f 1385 1403 1404
f 1385 1404 1384
f 1504 1433 1472
f 1504 1384 1433
f 1644 1472 1544
f 1644 1504 1472
f 1503 1504 1644
f 1643 1502 1503
f 1643 1503 1644
f 1385 1387 1400
f 1385 1400 1401
f 306 1531 1530
f 303 1531 306
f 303 1532 1531
f 308 306 1530
f 308 1529 1528
f 308 1530 1529
f 302 1532 303
f 302 1533 1532
f 309 308 1528
f 309 1528 1527
f 299 1533 302
f 299 1534 1533
f 311 309 1527
f 1526 311 1527
f 297 1534 299
f 1535 1534 297
f 313 311 1526
f 1525 313 1526
f 295 1535 297
f 1536 1535 295
f 315 313 1525
f 293 1536 295
f 1537 1536 293
f 317 1524 1523
f 317 1525 1524
f 317 315 1525
f 291 1537 293
f 1522 317 1523
f 1552 317 1522
f 1538 1537 291
f 289 1538 291
f 1553 1522 1521
f 1553 1552 1522
f 1539 1538 289
f 287 1539 289
f 1520 1553 1521
f 1554 1553 1520
f 1540 1539 287
f 285 1540 287
f 1519 1554 1520
f 1555 1554 1519
f 1541 1540 285
f 283 1541 285
f 1518 1555 1519
f 1556 1555 1518
f 1542 1541 283
f 282 1542 283
f 1517 1556 1518
f 1557 1556 1517
f 1543 1542 282
f 279 1543 282
f 1516 1557 1517
f 1558 1557 1516
f 1544 1543 279
f 277 1544 279
f 1515 1558 1516
f 1559 1558 1515
f 276 1544 277
f 1514 1559 1515
f 1560 1559 1514
f 1513 1560 1514
f 1561 1560 1513
f 1512 1561 1513
f 1562 1561 1512
f 1511 1562 1512
f 1563 1562 1511
f 1644 1544 276
f 1644 272 270
f 1644 273 272
f 1644 276 273
f 1510 1563 1511
f 1564 1563 1510
f 1509 1564 1510
f 1509 1565 1564
f 1509 1566 1565
f 1509 1567 1566
f 1545 1568 1567
f 1546 1568 1545
f 1546 1569 1568
f 1547 1569 1546
f 1548 1569 1547
f 1548 1570 1569
f 1576 1573 1572
f 1576 1574 1573
f 1576 1575 1574
f 1549 1567 1509
f 1549 1545 1567
f 1551 1576 1572
f 1551 1570 1548
f 1551 1571 1570
f 1551 1572 1571
f 1577 1576 1551
f 1581 1577 1551
f 1645 270 267
f 1645 1644 270
f 1645 1575 1576
f 1645 267 1575
f 1508 1550 1549
f 1284 1508 1507
f 1505 1581 1550
f 1505 1550 1508
f 1505 1508 1284
f 1508 1549 1509
f 1550 1581 1551
f 1646 1576 1578
f 1645 1576 1646
f 1646 1578 1580
f 1646 1580 1647
f 1588 1579 1587
f 1586 1587 1579
f 1589 1580 1579
f 1589 1579 1588
f 1584 1586 1579
f 1590 1580 1589
f 1585 1584 1579
f 1583 1580 1590
f 1582 1647 1580
f 1582 1580 1583
f 1608 1647 1582
f 1609 1647 1608
f 1610 1647 1609
f 1611 1647 1610
f 1612 1647 1611
f 1613 1647 1612
f 1607 1647 1613
f 1591 1585 1579
f 1616 1598 1591
f 1616 1591 1579
f 1597 1598 1616
f 1596 1597 1616
f 1595 1596 1616
f 1594 1595 1616
f 1592 1594 1616
f 1593 1592 1616
f 1648 1606 1599
f 1648 1605 1606
f 1648 1604 1605
f 1648 1603 1604
f 1648 1602 1603
f 1648 1601 1602
f 1648 1600 1601
f 1648 1607 1600
f 1647 1607 1648
f 1648 1593 1616
f 1648 1599 1593
f 1615 1616 1614
f 1648 1616 1615
f 1649 1615 1617
f 1649 1648 1615
f 1623 1649 1617
f 1623 1617 1618
f 1619 1621 1650
f 1651 1619 1650
f 1650 1620 1652
f 1650 1621 1620
f 1653 1652 1620
f 1622 1653 1620
f 1619 1651 1653
f 1619 1653 1622
f 1645 1652 1644
f 1643 1652 1653
f 1650 1652 1645
f 1629 1645 1646
f 1629 1646 1630
f 1631 1630 1646
f 1628 1650 1645
f 1628 1645 1629
f 1632 1631 1646
f 1627 1650 1628
f 1633 1646 1647
f 1633 1632 1646
f 1626 1650 1627
f 1634 1633 1647
f 1625 1650 1626
f 1648 1634 1647
f 1635 1634 1648
f 266 1650 1625
f 1636 1635 1648
f 1637 1636 1648
f 1649 1637 1648
f 1638 1637 1649
f 1651 264 262
f 1651 262 260
f 1651 1643 1653
f 258 1651 260
f 1639 1638 1649
f 256 1651 258
f 1640 1649 1623
f 1640 1639 1649
f 254 1651 256
f 1641 1640 1623
f 252 1651 254
f 1642 1641 1623
f 245 1651 252
f 1624 1642 1623
f 245 1643 1651
f 1643 1644 1652
f 1651 1650 266
f 1651 266 264
f 1654 194 191
f 1655 194 1654
f 1656 191 1657
f 1656 1657 1658
f 1656 1658 1659
f 1656 1654 191
f 1660 194 1655
f 1661 1659 1662
f 1661 1662 1663
f 1661 1654 1656
f 1661 1655 1654
f 1661 1656 1659
f 1664 194 194
f 1664 194 1660
f 1665 1663 1666
f 1665 1655 1661
f 1665 1661 1663
f 1665 1660 1655
f 1665 1664 1660
f 1667 194 1664
f 1668 1666 1669
f 1668 1669 1670
f 1668 1664 1665
f 1668 1665 1666
f 1671 194 1667
f 1672 1670 1673
f 1672 1673 1674
f 1672 1668 1670
f 1672 1667 1664
f 1672 1664 1668
f 1672 1671 1667
f 1675 1674 1676
f 1675 1676 1677
f 1675 1677 166
f 1675 166 194
f 1675 1672 1674
f 1675 194 1671
f 1675 1671 1672
f 924 191 192
f 924 1657 191
f 925 1658 1657
f 925 1659 1658
f 925 1657 924
f 928 1659 925
f 930 1662 1659
f 930 1659 928
f 931 1663 1662
f 931 1662 930
f 922 1666 1663
f 922 1663 931
f 921 1669 1666
f 921 1666 922
f 920 1670 1669
f 920 1673 1670
f 920 1669 921
f 919 1673 920
f 918 1674 1673
f 918 1673 919
f 917 1676 1674
f 917 1674 918
f 916 1677 1676
f 916 166 1677
f 916 1676 917
f 167 166 916
f 1678 153 150
f 1679 153 1678
f 1680 150 1681
f 1680 1681 1682
f 1680 1682 1683
f 1680 1678 150
f 1684 153 1679
f 1685 1683 1686
f 1685 1686 1687
f 1685 1678 1680
f 1685 1679 1678
f 1685 1680 1683
f 1688 153 153
f 1688 153 1684
f 1689 1687 1690
f 1689 1679 1685
f 1689 1685 1687
f 1689 1684 1679
f 1691 153 1688
f 1692 1690 1693
f 1692 1693 1694
f 1692 1688 1684
f 1692 1689 1690
f 1692 1684 1689
f 1692 1691 1688
f 1695 153 1691
f 1696 1694 1697
f 1696 1697 1698
f 1696 1692 1694
f 1696 1691 1692
f 1699 1698 1700
f 1699 1700 1701
f 1699 1701 125
f 1699 125 153
f 1699 1696 1698
f 1699 153 1695
f 1699 1695 1691
f 1699 1691 1696
f 985 150 151
f 985 1681 150
f 986 1682 1681
f 986 1683 1682
f 986 1681 985
f 990 1683 986
f 992 1686 1683
f 992 1683 990
f 983 1687 1686
f 983 1686 992
f 982 1690 1687
f 982 1687 983
f 981 1693 1690
f 981 1690 982
f 980 1694 1693
f 980 1697 1694
f 980 1693 981
f 979 1697 980
f 977 1698 1697
f 977 1697 979
f 976 1700 1698
f 976 1698 977
f 978 1701 1700
f 978 125 1701
f 978 1700 976
f 126 125 978
f 1702 112 1703
f 1704 109 1705
f 1704 1705 1706
f 1704 1706 1707
f 1704 112 109
f 1704 1703 112
f 1708 112 1702
f 1709 1707 1710
f 1709 1710 1711
f 1709 1703 1704
f 1709 1702 1703
f 1709 1704 1707
f 1712 112 112
f 1712 112 1708
f 1713 1711 1714
f 1713 1702 1709
f 1713 1709 1711
f 1713 1708 1702
f 1713 1712 1708
f 1715 112 1712
f 1716 1714 1717
f 1716 1717 1718
f 1716 1712 1713
f 1716 1713 1714
f 1719 112 1715
f 1720 1718 1721
f 1720 1721 1722
f 1720 1716 1718
f 1720 1715 1712
f 1720 1712 1716
f 1720 1719 1715
f 1723 1722 1724
f 1723 1724 1725
f 1723 1725 84
f 1723 84 112
f 1723 1720 1722
f 1723 112 1719
f 1723 1719 1720
f 994 109 110
f 994 1705 109
f 995 1706 1705
f 995 1707 1706
f 995 1705 994
f 996 1707 995
f 997 1710 1707
f 997 1707 996
f 998 1711 1710
f 998 1710 997
f 999 1714 1711
f 999 1711 998
f 1000 1717 1714
f 1000 1714 999
f 1001 1718 1717
f 1001 1721 1718
f 1001 1717 1000
f 991 1721 1001
f 989 1722 1721
f 989 1721 991
f 987 1724 1722
f 987 1722 989
f 984 1725 1724
f 984 84 1725
f 984 1724 987
f 85 84 984
f 1726 71 1727
f 1728 68 1729
f 1728 1729 1730
f 1728 1730 1731
f 1728 71 68
f 1728 1727 71
f 1732 71 1726
f 1733 1731 1734
f 1733 1734 1735
f 1733 1727 1728
f 1733 1726 1727
f 1733 1728 1731
f 1736 71 71
f 1736 71 1732
f 1737 1735 1738
f 1737 1726 1733
f 1737 1732 1726
f 1737 1733 1735
f 1737 1736 1732
f 1739 71 1736
f 1740 1738 1741
f 1740 1741 1742
f 1740 1736 1737
f 1740 1737 1738
f 1743 71 1739
f 1744 1742 1745
f 1744 1745 1746
f 1744 1740 1742
f 1744 1739 1736
f 1744 1736 1740
f 1747 1746 1748
f 1747 1748 1749
f 1747 1749 43
f 1747 43 71
f 1747 1744 1746
f 1747 71 1743
f 1747 1743 1739
f 1747 1739 1744
f 944 68 69
f 944 1729 68
f 945 1730 1729
f 945 1731 1730
f 945 1729 944
f 946 1731 945
f 947 1734 1731
f 947 1731 946
f 948 1735 1734
f 948 1734 947
f 949 1738 1735
f 949 1735 948
f 950 1741 1738
f 950 1738 949
f 951 1742 1741
f 951 1745 1742
f 951 1741 950
f 941 1745 951
f 939 1746 1745
f 939 1745 941
f 936 1748 1746
f 936 1746 939
f 934 1749 1748
f 934 43 1749
f 934 1748 936
f 44 43 934
f 1750 30 27
f 1751 30 1750
f 1752 27 1753
f 1752 1753 1754
f 1752 1754 1755
f 1752 1750 27
f 1756 30 1751
f 1757 1755 1758
f 1757 1758 1759
f 1757 1750 1752
f 1757 1751 1750
f 1757 1752 1755
f 1760 30 30
f 1760 30 1756
f 1761 1759 1762
f 1761 1751 1757
f 1761 1757 1759
f 1761 1756 1751
f 1763 30 1760
f 1764 1762 1765
f 1764 1765 1766
f 1764 1760 1756
f 1764 1761 1762
f 1764 1756 1761
f 1767 30 1763
f 1768 1766 1769
f 1768 1769 1770
f 1768 1764 1766
f 1768 1763 1760
f 1768 1760 1764
f 1771 1770 1772
f 1771 1772 1773
f 1771 1773 2
f 1771 2 30
f 1771 1768 1770
f 1771 30 1767
f 1771 1767 1763
f 1771 1763 1768
f 935 27 28
f 935 1753 27
f 937 1754 1753
f 937 1755 1754
f 937 1753 935
f 940 1755 937
f 942 1758 1755
f 942 1755 940
f 953 1759 1758
f 953 1758 942
f 952 1762 1759
f 952 1759 953
f 933 1765 1762
f 933 1762 952
f 932 1766 1765
f 932 1769 1766
f 932 1765 933
f 929 1769 932
f 927 1770 1769
f 927 1769 929
f 926 1772 1770
f 926 1770 927
f 923 1773 1772
f 923 2 1773
f 923 1772 926
f 3 2 923
f 1774 1775 1776
f 1777 1775 1774
f 1778 1777 1779
f 1778 1775 1777
f 1779 1780 1778
f 1781 1782 1775
f 1783 1781 1775
f 1778 1783 1775
f 1780 1783 1778
f 1775 1782 1776
f 1774 1776 1782
f 1774 1782 1781
f 1777 1781 1783
f 1777 1774 1781
f 1779 1783 1780
f 1779 1777 1783
f 1784 1785 1786
f 1784 1787 1785
f 1788 1789 1786
f 1785 1788 1786
f 1790 1784 1786
f 1790 1786 1789
f 1784 1791 1787
f 1784 1790 1791
f 1787 1791 1788
f 1787 1788 1785
f 1788 1791 1790
f 1789 1788 1790
f 1792 1793 1794
f 1792 1795 1793
f 1796 1797 1798
f 1796 1799 1797
f 1796 1800 1799
f 1796 1801 1800
f 1796 1802 1801
f 1803 1804 1805
f 1806 1792 1807
f 1808 1809 1810
f 1811 1812 1813
f 1811 1807 1812
f 1811 1806 1807
f 1814 1815 1809
f 1814 1816 1815
f 1814 1809 1808
f 1814 1806 1811
f 1814 1808 1806
f 1817 1813 1818
f 1817 1811 1813
f 1819 1820 1816
f 1819 1814 1811
f 1819 1816 1814
f 1819 1811 1817
f 1821 1822 1795
f 1821 1798 1822
f 1821 1810 1796
f 1821 1795 1792
f 1821 1796 1798
f 1823 1810 1821
f 1823 1792 1806
f 1823 1821 1792
f 1824 1823 1806
f 1824 1808 1810
f 1824 1806 1808
f 1824 1810 1823
f 1825 1819 1817
f 1825 1817 1818
f 1826 1819 1825
f 1826 1820 1819
f 1827 1818 1828
f 1827 1826 1825
f 1827 1825 1818
f 1829 1826 1827
f 1830 1804 1820
f 1830 1820 1826
f 1830 1826 1829
f 1831 1827 1828
f 1831 1804 1830
f 1831 1829 1827
f 1831 1830 1829
f 1832 1833 1834
f 1832 1834 1805
f 1832 1828 1833
f 1832 1831 1828
f 1832 1805 1804
f 1832 1804 1831
f 1835 1836 1837
f 1835 1837 1838
f 1839 1838 1840
f 1839 1835 1838
f 1841 1840 1842
f 1841 1839 1840
f 1843 1841 1842
f 1844 1845 1846
f 1844 1847 1845
f 1844 1848 1847
f 1844 1846 1849
f 1850 1851 1848
f 1850 1852 1851
f 1850 1853 1852
f 1854 1850 1848
f 1854 1848 1844
f 1855 1850 1854
f 1856 1850 1855
f 1856 1853 1850
f 1857 1858 1853
f 1857 1859 1858
f 1857 1853 1856
f 1860 1849 1861
f 1862 1863 1864
f 1865 1864 1860
f 1866 1861 1867
f 1866 1860 1861
f 1866 1865 1860
f 1868 1865 1866
f 1869 1865 1868
f 1870 1868 1866
f 1871 1867 1872
f 1871 1866 1867
f 1871 1870 1866
f 1873 1870 1871
f 1874 1870 1873
f 1875 1873 1871
f 1876 1875 1871
f 1877 1876 1871
f 1877 1871 1872
f 1878 1877 1872
f 1878 1872 1879
f 1878 1880 1881
f 1882 1875 1876
f 1883 1877 1878
f 1883 1878 1881
f 1884 1876 1877
f 1884 1882 1876
f 1884 1877 1883
f 1885 1886 1884
f 1885 1883 1881
f 1885 1884 1883
f 1887 1878 1879
f 1887 1880 1878
f 1887 1837 1836
f 1887 1836 1880
f 1887 1888 1837
f 1887 1879 1888
f 1889 1885 1881
f 1889 1890 1886
f 1889 1886 1885
f 1889 1881 1880
f 1891 1892 1893
f 1891 1884 1886
f 1894 1890 1889
f 1894 1889 1880
f 1895 1892 1891
f 1895 1891 1886
f 1896 1894 1880
f 1896 1880 1836
f 1896 1897 1890
f 1896 1890 1894
f 1898 1899 1892
f 1898 1895 1886
f 1898 1886 1890
f 1898 1892 1895
f 1900 1896 1836
f 1900 1897 1896
f 1901 1899 1898
f 1901 1898 1890
f 1902 1836 1835
f 1902 1897 1900
f 1902 1903 1897
f 1902 1900 1836
f 1904 1905 1899
f 1904 1899 1901
f 1904 1901 1890
f 1904 1890 1897
f 1906 1902 1835
f 1906 1903 1902
f 1907 1904 1897
f 1907 1905 1904
f 1908 1909 1903
f 1908 1835 1839
f 1908 1903 1906
f 1908 1906 1835
f 1910 1911 1905
f 1910 1897 1903
f 1910 1907 1897
f 1910 1905 1907
f 1912 1909 1908
f 1912 1908 1839
f 1913 1911 1910
f 1913 1910 1903
f 1914 1909 1912
f 1914 1915 1909
f 1914 1912 1839
f 1914 1839 1841
f 1916 1903 1909
f 1916 1917 1911
f 1916 1913 1903
f 1916 1911 1913
f 1918 1915 1914
f 1918 1914 1841
f 1919 1916 1909
f 1919 1917 1916
f 1920 1841 1843
f 1920 1921 1915
f 1920 1915 1918
f 1920 1918 1841
f 1922 1923 1917
f 1922 1909 1915
f 1922 1917 1919
f 1922 1919 1909
f 1924 1925 1926
f 1924 1842 1925
f 1924 1843 1842
f 1924 1927 1843
f 1928 1920 1843
f 1928 1921 1920
f 1929 1923 1922
f 1929 1922 1915
f 1930 1921 1928
f 1930 1928 1843
f 1930 1931 1921
f 1930 1843 1927
f 1932 1929 1915
f 1932 1923 1929
f 1932 1933 1923
f 1932 1915 1921
f 1934 1924 1926
f 1934 1927 1924
f 1934 1935 1927
f 1934 1926 1936
f 1937 1931 1930
f 1937 1930 1927
f 1938 1933 1932
f 1938 1932 1921
f 1939 1931 1937
f 1939 1940 1931
f 1939 1937 1927
f 1939 1927 1935
f 1941 1921 1931
f 1941 1942 1933
f 1941 1933 1938
f 1941 1938 1921
f 1943 1935 1934
f 1944 1940 1939
f 1944 1939 1935
f 1944 1935 1943
f 1945 1941 1931
f 1945 1942 1941
f 1946 1943 1934
f 1946 1944 1943
f 1946 1934 1936
f 1947 1945 1931
f 1947 1931 1940
f 1947 1948 1942
f 1947 1942 1945
f 1949 1947 1940
f 1949 1948 1947
f 1950 1944 1946
f 1950 1940 1944
f 1951 1936 1952
f 1951 1946 1936
f 1953 1954 1948
f 1953 1949 1940
f 1953 1940 1950
f 1953 1948 1949
f 1955 1950 1946
f 1955 1946 1951
f 1956 1954 1953
f 1956 1953 1950
f 1957 1955 1951
f 1958 1952 1959
f 1958 1951 1952
f 1960 1957 1951
f 1960 1951 1958
f 1961 1957 1960
f 1962 1960 1958
f 1963 1959 1964
f 1963 1958 1959
f 1965 1962 1958
f 1965 1958 1963
f 1966 1962 1965
f 1967 1965 1963
f 1968 1969 1970
f 1968 1970 1971
f 1968 1971 1972
f 1968 1964 1969
f 1973 1967 1974
f 1975 1968 1972
f 1976 1977 1975
f 1976 1972 1978
f 1976 1978 1979
f 1976 1979 1980
f 1976 1975 1972
f 1981 1976 1980
f 1981 1977 1976
f 1982 1983 1984
f 1982 1980 1983
f 1982 1981 1980
f 1985 1844 1849
f 1985 1854 1844
f 1985 1863 1854
f 1986 1863 1985
f 1986 1985 1849
f 1987 1863 1986
f 1987 1986 1849
f 1987 1849 1860
f 1987 1860 1864
f 1987 1864 1863
f 1988 1859 1857
f 1988 1857 1856
f 1989 1990 1859
f 1989 1859 1988
f 1989 1988 1862
f 1991 1990 1989
f 1992 1993 1990
f 1992 1991 1869
f 1992 1990 1991
f 1994 1995 1993
f 1994 1993 1992
f 1996 1995 1994
f 1996 1994 1874
f 1997 1893 1995
f 1997 1995 1996
f 1998 1882 1884
f 1998 1891 1893
f 1998 1884 1891
f 1998 1893 1997
f 1998 1997 1882
f 1999 1950 1955
f 1999 1956 1950
f 2000 2001 1954
f 2000 1956 1999
f 2000 1954 1956
f 2002 1999 1955
f 2002 2001 2000
f 2002 2000 1999
f 2003 2002 1955
f 2003 1955 1957
f 2003 1957 1961
f 2004 2001 2002
f 2004 2002 2003
f 2004 2003 1961
f 2005 2006 2001
f 2005 2001 2004
f 2005 2004 1961
f 2007 2008 2006
f 2007 2006 2005
f 2009 1963 1964
f 2009 1967 1963
f 2009 1974 1967
f 2010 1974 2009
f 2010 2009 1964
f 2011 1974 2010
f 2011 2010 1964
f 2011 1964 1968
f 2011 1968 1975
f 2011 1975 1974
f 2012 2008 2007
f 2012 2007 1966
f 2013 1984 2008
f 2013 2008 2012
f 2014 1982 1984
f 2014 1981 1982
f 2014 2013 1973
f 2014 1984 2013
f 2015 1988 1856
f 2015 1855 1854
f 2015 1856 1855
f 2015 1854 1863
f 2015 1862 1988
f 2015 1863 1862
f 2016 1989 1862
f 2016 1862 1864
f 2017 1989 2016
f 2017 1991 1989
f 2017 1864 1865
f 2017 2016 1864
f 2018 1991 2017
f 2018 1869 1991
f 2018 2017 1865
f 2018 1865 1869
f 2019 1992 1869
f 2019 1869 1868
f 2020 1994 1992
f 2020 1992 2019
f 2020 2019 1868
f 2020 1868 1870
f 2021 1874 1994
f 2021 1870 1874
f 2021 1994 2020
f 2021 2020 1870
f 2022 1873 1875
f 2022 1996 1874
f 2022 1997 1996
f 2022 1874 1873
f 2022 1882 1997
f 2022 1875 1882
f 2023 2005 1961
f 2023 1961 1960
f 2024 2023 1960
f 2024 2005 2023
f 2024 2007 2005
f 2024 1960 1962
f 2025 2007 2024
f 2025 2024 1962
f 2025 1966 2007
f 2025 1962 1966
f 2026 2012 1966
f 2026 1966 1965
f 2027 2026 1965
f 2027 2012 2026
f 2027 2013 2012
f 2027 1965 1967
f 2028 2027 1967
f 2028 1973 2013
f 2028 2013 2027
f 2028 1967 1973
f 2029 1975 1977
f 2029 1977 1981
f 2029 1981 2014
f 2029 2014 1973
f 2029 1973 1974
f 2029 1974 1975
f 2030 2031 2032
f 2033 2034 2035
f 2036 2032 2037
f 2038 2039 2034
f 2040 2037 2041
f 2042 2043 2039
f 2044 2041 2045
f 2046 2047 2043
f 2048 2049 2047
f 2048 2050 2049
f 2051 2052 2053
f 2051 2049 2050
f 2051 2050 2052
f 2054 2055 2049
f 2054 2049 2051
f 2054 2051 2055
f 2056 2053 2057
f 2056 2051 2053
f 2056 2055 2051
f 2058 2059 2055
f 2058 2055 2056
f 2060 2057 2061
f 2060 2056 2057
f 2062 2063 2059
f 2062 2059 2058
f 2062 2058 2056
f 2062 2056 2060
f 2064 2061 2065
f 2064 2060 2061
f 2066 2062 2060
f 2066 2060 2064
f 2066 2063 2062
f 2067 2068 2069
f 2067 2070 2068
f 2067 2069 2071
f 2072 2073 2070
f 2072 2074 2073
f 2072 2070 2067
f 2075 2076 2074
f 2075 2072 2067
f 2075 2067 2071
f 2075 2074 2072
f 2077 2076 2075
f 2077 2075 2071
f 2078 2071 2079
f 2078 2077 2071
f 2078 2076 2077
f 2080 2078 2079
f 2080 2076 2078
f 2081 2082 2076
f 2081 2076 2080
f 2081 2080 2079
f 2083 2082 2081
f 2083 2081 2079
f 2084 2079 2085
f 2084 2083 2079
f 2084 2082 2083
f 2086 2084 2085
f 2086 2082 2084
f 2087 2088 2082
f 2087 2082 2086
f 2087 2086 2085
f 2089 2088 2087
f 2089 2087 2085
f 2090 2085 2091
f 2090 2089 2085
f 2090 2088 2089
f 2092 2090 2091
f 2092 2088 2090
f 2093 2094 2088
f 2093 2088 2092
f 2093 2092 2091
f 2095 2094 2093
f 2095 2093 2091
f 2096 2095 2091
f 2096 2094 2095
f 2096 2091 2097
f 2098 2094 2096
f 2098 2096 2097
f 2099 2098 2097
f 2099 2035 2094
f 2099 2094 2098
f 2100 2099 2097
f 2100 2035 2099
f 2101 2100 2097
f 2101 2035 2100
f 2101 2097 2031
f 2102 2035 2101
f 2102 2101 2031
f 2103 2102 2031
f 2103 2031 2030
f 2103 2033 2035
f 2103 2030 2033
f 2103 2035 2102
f 2104 2030 2032
f 2104 2034 2033
f 2104 2033 2030
f 2105 2104 2032
f 2105 2034 2104
f 2106 2038 2034
f 2106 2032 2036
f 2106 2036 2038
f 2106 2105 2032
f 2106 2034 2105
f 2107 2039 2038
f 2107 2038 2036
f 2107 2036 2037
f 2108 2107 2037
f 2108 2039 2107
f 2109 2108 2037
f 2109 2039 2108
f 2109 2037 2040
f 2109 2042 2039
f 2109 2040 2042
f 2110 2040 2041
f 2110 2043 2042
f 2110 2042 2040
f 2111 2110 2041
f 2111 2043 2110
f 2112 2044 2046
f 2112 2046 2043
f 2112 2041 2044
f 2112 2043 2111
f 2112 2111 2041
f 2113 2046 2044
f 2113 2047 2046
f 2113 2044 2045
f 2114 2113 2045
f 2114 2047 2113
f 2115 2045 2052
f 2115 2114 2045
f 2115 2047 2114
f 2115 2050 2048
f 2115 2048 2047
f 2115 2052 2050
f 2116 2064 2065
f 2116 2066 2064
f 2116 2063 2066
f 2117 2063 2116
f 2117 2118 2063
f 2117 2119 2118
f 2120 2065 2121
f 2120 2117 2116
f 2120 2116 2065
f 2122 2120 2121
f 2123 2122 2121
f 2124 2123 2121
f 2125 2124 2121
f 2126 2127 2128
f 2126 2128 2129
f 2126 2129 2119
f 2126 2119 2117
f 2126 2117 2120
f 2126 2120 2122
f 2130 2127 2126
f 2130 2126 2122
f 2131 2132 2127
f 2131 2122 2123
f 2131 2127 2130
f 2131 2123 2124
f 2131 2124 2125
f 2131 2130 2122
f 2133 2134 2132
f 2133 2125 2121
f 2133 2131 2125
f 2133 2132 2131
f 2135 2134 2133
f 2135 2133 2121
f 2136 2121 2137
f 2136 2135 2121
f 2138 2134 2135
f 2138 2136 2137
f 2138 2135 2136
f 2139 2140 2134
f 2139 2134 2138
f 2139 2138 2137
f 2141 2139 2137
f 2141 2140 2139
f 2142 2141 2137
f 2142 2140 2141
f 2142 2137 2143
f 2144 2140 2142
f 2144 2142 2143
f 2145 2144 2143
f 2145 2146 2140
f 2145 2140 2144
f 2147 2145 2143
f 2147 2146 2145
f 2147 2143 2148
f 2149 2146 2147
f 2149 2147 2148
f 2150 2149 2148
f 2150 2151 2146
f 2150 2146 2149
f 2152 2150 2148
f 2152 2151 2150
f 2153 2152 2148
f 2153 2151 2152
f 2153 2148 2154
f 2155 2151 2153
f 2155 2153 2154
f 2156 2157 2151
f 2156 2158 2159
f 2156 2159 2160
f 2156 2160 2161
f 2156 2161 2157
f 2156 2151 2155
f 2156 2154 2158
f 2156 2155 2154
f 2162 2163 2164
f 2165 2164 2166
f 2165 2162 2164
f 2165 2167 2162
f 2168 2167 2165
f 2168 2169 2170
f 2168 2170 2167
f 2171 2168 2165
f 2171 2166 2172
f 2171 2165 2166
f 2173 2174 2169
f 2173 2169 2168
f 2173 2168 2171
f 2175 2172 2176
f 2175 2171 2172
f 2175 2173 2171
f 2177 2173 2175
f 2177 2178 2174
f 2177 2174 2173
f 2179 2176 2180
f 2179 2175 2176
f 2181 2178 2177
f 2181 2175 2179
f 2181 2177 2175
f 2182 2179 2180
f 2183 2184 2178
f 2183 2178 2181
f 2183 2181 2179
f 2183 2179 2182
f 2185 2180 2186
f 2185 2182 2180
f 2187 2182 2185
f 2187 2188 2184
f 2187 2184 2183
f 2187 2183 2182
f 2189 2186 2190
f 2189 2185 2186
f 2191 2188 2187
f 2191 2192 2188
f 2191 2187 2185
f 2191 2185 2189
f 2193 2190 2194
f 2193 2189 2190
f 2195 2191 2189
f 2195 2189 2193
f 2195 2192 2191
f 2196 2197 2198
f 2196 2199 2197
f 2196 2198 2200
f 2201 2202 2199
f 2201 2203 2202
f 2201 2199 2196
f 2204 2205 2203
f 2204 2206 2205
f 2204 2207 2206
f 2204 2203 2201
f 2208 2209 2210
f 2211 2212 2213
f 2214 2215 2209
f 2216 2170 2215
f 2216 2167 2170
f 2216 2215 2217
f 2218 2193 2194
f 2218 2195 2193
f 2219 2195 2218
f 2219 2192 2195
f 2219 2220 2192
f 2221 2222 2218
f 2221 2194 2223
f 2221 2218 2194
f 2224 2218 2222
f 2224 2219 2218
f 2224 2220 2219
f 2225 2226 2220
f 2227 2223 2228
f 2229 2230 2226
f 2231 2228 2232
f 2233 2234 2230
f 2235 2232 2236
f 2237 2238 2239
f 2237 2239 2240
f 2237 2236 2238
f 2241 2237 2240
f 2242 2196 2200
f 2242 2201 2196
f 2242 2204 2201
f 2243 2204 2242
f 2244 2242 2200
f 2244 2200 2245
f 2244 2245 2246
f 2244 2243 2242
f 2244 2246 2243
f 2247 2204 2243
f 2247 2243 2246
f 2248 2249 2207
f 2248 2207 2204
f 2248 2204 2247
f 2250 2247 2246
f 2250 2249 2248
f 2250 2248 2247
f 2251 2246 2245
f 2251 2245 2252
f 2251 2250 2246
f 2253 2200 2254
f 2253 2245 2200
f 2253 2252 2245
f 2255 2210 2249
f 2255 2249 2250
f 2255 2256 2210
f 2255 2252 2256
f 2255 2250 2251
f 2255 2251 2252
f 2257 2256 2252
f 2257 2258 2256
f 2257 2252 2253
f 2259 2253 2254
f 2259 2254 2260
f 2259 2260 2258
f 2259 2257 2253
f 2259 2258 2257
f 2261 2210 2256
f 2261 2256 2258
f 2262 2254 2212
f 2262 2260 2254
f 2262 2263 2260
f 2264 2258 2260
f 2264 2260 2263
f 2264 2261 2258
f 2265 2263 2262
f 2265 2208 2263
f 2265 2266 2208
f 2267 2261 2264
f 2267 2210 2261
f 2267 2264 2263
f 2267 2208 2210
f 2267 2263 2208
f 2268 2265 2262
f 2268 2266 2265
f 2268 2262 2212
f 2268 2212 2211
f 2268 2211 2266
f 2269 2211 2213
f 2269 2270 2211
f 2271 2209 2208
f 2271 2208 2266
f 2272 2271 2266
f 2272 2266 2211
f 2272 2211 2270
f 2273 2270 2269
f 2273 2214 2270
f 2273 2274 2214
f 2275 2273 2269
f 2275 2274 2273
f 2275 2269 2213
f 2276 2271 2272
f 2276 2272 2270
f 2276 2209 2271
f 2276 2214 2209
f 2276 2270 2214
f 2277 2275 2213
f 2277 2213 2163
f 2277 2274 2275
f 2277 2278 2274
f 2279 2277 2163
f 2279 2278 2277
f 2279 2163 2162
f 2280 2215 2214
f 2280 2214 2274
f 2280 2274 2278
f 2280 2217 2215
f 2280 2278 2217
f 2281 2282 2221
f 2281 2221 2223
f 2283 2224 2222
f 2283 2220 2224
f 2284 2222 2221
f 2284 2221 2282
f 2284 2283 2222
f 2285 2282 2281
f 2285 2225 2282
f 2285 2286 2225
f 2287 2223 2227
f 2287 2227 2286
f 2287 2281 2223
f 2287 2285 2281
f 2287 2286 2285
f 2288 2284 2282
f 2288 2282 2225
f 2288 2225 2220
f 2288 2220 2283
f 2288 2283 2284
f 2289 2227 2228
f 2289 2290 2227
f 2291 2226 2225
f 2291 2225 2286
f 2292 2286 2227
f 2292 2227 2290
f 2292 2291 2286
f 2293 2229 2290
f 2293 2294 2229
f 2293 2290 2289
f 2295 2289 2228
f 2295 2294 2293
f 2295 2231 2294
f 2295 2228 2231
f 2295 2293 2289
f 2296 2229 2226
f 2296 2226 2291
f 2296 2291 2292
f 2296 2290 2229
f 2296 2292 2290
f 2297 2231 2232
f 2297 2298 2231
f 2299 2230 2229
f 2299 2229 2294
f 2300 2294 2231
f 2300 2231 2298
f 2300 2299 2294
f 2301 2302 2233
f 2301 2233 2298
f 2301 2298 2297
f 2303 2297 2232
f 2303 2235 2302
f 2303 2232 2235
f 2303 2302 2301
f 2303 2301 2297
f 2304 2233 2230
f 2304 2298 2233
f 2304 2230 2299
f 2304 2300 2298
f 2304 2299 2300
f 2305 2235 2236
f 2305 2306 2235
f 2307 2234 2233
f 2307 2233 2302
f 2308 2302 2235
f 2308 2235 2306
f 2308 2307 2302
f 2309 2241 2310
f 2309 2236 2237
f 2309 2237 2241
f 2309 2305 2236
f 2311 2305 2309
f 2311 2310 2306
f 2311 2306 2305
f 2311 2309 2310
f 2312 2307 2308
f 2312 2308 2306
f 2312 2234 2307
f 2313 2312 2306
f 2313 2306 2310
f 2314 2234 2312
f 2314 2313 2310
f 2314 2312 2313
f 2315 2234 2314
f 2315 2314 2310
f 2315 2316 2234
f 2315 2317 2318
f 2315 2318 2319
f 2315 2319 2316
f 2320 2216 2217
f 2320 2278 2279
f 2320 2162 2167
f 2320 2279 2162
f 2320 2167 2216
f 2320 2217 2278
f 2321 2240 2322
f 2321 2322 2317
f 2321 2317 2315
f 2321 2315 2310
f 2321 2310 2241
f 2321 2241 2240
f 2323 2324 2325
f 2326 2324 2323
f 2327 2328 2324
f 2327 2324 2326
f 2329 2330 2328
f 2329 2328 2327
f 2331 2332 2330
f 2331 2330 2329
f 2333 2334 2332
f 2333 2332 2331
f 2335 2336 2334
f 2335 2334 2333
f 2337 2338 2336
f 2337 2336 2335
f 2339 2340 2338
f 2339 2338 2337
f 2341 2342 2340
f 2341 2340 2339
f 2343 2344 2342
f 2343 2342 2341
f 2345 2346 2344
f 2345 2344 2343
f 2347 2348 2346
f 2347 2346 2345
f 2349 2350 2348
f 2349 2348 2347
f 2351 2352 2353
f 2354 2325 2324
f 2354 2324 2328
f 2354 2328 2330
f 2354 2352 2325
f 2354 2353 2352
f 2355 2352 2351
f 2356 2330 2332
f 2356 2332 2334
f 2356 2353 2354
f 2356 2351 2353
f 2356 2354 2330
f 2357 2352 2352
f 2357 2352 2355
f 2358 2334 2336
f 2358 2336 2338
f 2358 2351 2356
f 2358 2355 2351
f 2358 2356 2334
f 2359 2352 2357
f 2360 2338 2340
f 2360 2355 2358
f 2360 2357 2355
f 2360 2358 2338
f 2361 2352 2359
f 2362 2340 2342
f 2362 2342 2344
f 2362 2360 2340
f 2362 2359 2357
f 2362 2357 2360
f 2362 2361 2359
f 2363 2344 2346
f 2363 2346 2348
f 2363 2348 2350
f 2363 2350 2352
f 2363 2361 2362
f 2363 2362 2344
f 2363 2352 2361
f 2364 2365 2366
f 2364 2367 2365
f 2368 2369 2367
f 2368 2367 2364
f 2370 2371 2369
f 2370 2369 2368
f 2372 2373 2371
f 2372 2371 2370
f 2374 2375 2373
f 2374 2373 2372
f 2376 2377 2375
f 2376 2375 2374
f 2378 2379 2377
f 2378 2377 2376
f 2380 2381 2379
f 2380 2382 2381
f 2380 2379 2378
f 2383 2382 2380
f 2384 2385 2382
f 2384 2382 2383
f 2386 2387 2385
f 2386 2385 2384
f 2388 2389 2387
f 2388 2387 2386
f 2390 2391 2389
f 2390 2389 2388
f 2392 2393 2365
f 2394 2393 2392
f 2395 2365 2367
f 2395 2367 2369
f 2395 2369 2371
f 2395 2392 2365
f 2396 2393 2394
f 2397 2371 2373
f 2397 2373 2375
f 2397 2392 2395
f 2397 2394 2392
f 2397 2395 2371
f 2398 2393 2393
f 2398 2393 2396
f 2399 2375 2377
f 2399 2377 2379
f 2399 2394 2397
f 2399 2397 2375
f 2399 2396 2394
f 2400 2393 2398
f 2401 2379 2381
f 2401 2398 2396
f 2401 2399 2379
f 2401 2396 2399
f 2401 2400 2398
f 2402 2393 2400
f 2403 2381 2382
f 2403 2382 2385
f 2403 2400 2401
f 2403 2401 2381
f 2404 2385 2387
f 2404 2387 2389
f 2404 2389 2391
f 2404 2391 2393
f 2404 2403 2385
f 2404 2393 2402
f 2404 2402 2400
f 2404 2400 2403
f 2405 2406 2407
f 2405 2408 2406
f 2409 2410 2408
f 2409 2408 2405
f 2411 2412 2410
f 2411 2410 2409
f 2413 2414 2412
f 2413 2412 2411
f 2415 2416 2414
f 2415 2414 2413
f 2417 2418 2416
f 2417 2416 2415
f 2419 2420 2418
f 2419 2418 2417
f 2421 2422 2420
f 2421 2423 2422
f 2421 2420 2419
f 2424 2423 2421
f 2425 2426 2423
f 2425 2423 2424
f 2427 2428 2426
f 2427 2426 2425
f 2429 2430 2428
f 2429 2428 2427
f 2431 2432 2430
f 2431 2430 2429
f 2433 2434 2435
f 2436 2406 2408
f 2436 2408 2410
f 2436 2410 2412
f 2436 2434 2406
f 2436 2435 2434
f 2437 2434 2433
f 2438 2412 2414
f 2438 2414 2416
f 2438 2435 2436
f 2438 2433 2435
f 2438 2436 2412
f 2439 2434 2434
f 2439 2434 2437
f 2440 2416 2418
f 2440 2418 2420
f 2440 2433 2438
f 2440 2437 2433
f 2440 2438 2416
f 2441 2434 2439
f 2442 2420 2422
f 2442 2437 2440
f 2442 2439 2437
f 2442 2440 2420
f 2442 2441 2439
f 2443 2434 2441
f 2444 2422 2423
f 2444 2423 2426
f 2444 2442 2422
f 2444 2441 2442
f 2445 2426 2428
f 2445 2428 2430
f 2445 2430 2432
f 2445 2432 2434
f 2445 2444 2426
f 2445 2434 2443
f 2445 2443 2441
f 2445 2441 2444
f 2446 2447 2448
f 2449 2447 2446
f 2450 2451 2447
f 2450 2447 2449
f 2452 2453 2451
f 2452 2451 2450
f 2454 2455 2453
f 2454 2453 2452
f 2456 2457 2455
f 2456 2455 2454
f 2458 2459 2457
f 2458 2457 2456
f 2460 2461 2459
f 2460 2459 2458
f 2462 2463 2461
f 2462 2461 2460
f 2464 2465 2463
f 2464 2463 2462
f 2466 2467 2465
f 2466 2465 2464
f 2468 2469 2467
f 2468 2467 2466
f 2470 2471 2469
f 2470 2469 2468
f 2472 2473 2471
f 2472 2471 2470
f 2474 2475 2476
f 2477 2448 2447
f 2477 2447 2451
f 2477 2451 2453
f 2477 2475 2448
f 2477 2476 2475
f 2478 2475 2474
f 2479 2453 2455
f 2479 2455 2457
f 2479 2476 2477
f 2479 2474 2476
f 2479 2477 2453
f 2480 2475 2475
f 2480 2475 2478
f 2481 2457 2459
f 2481 2459 2461
f 2481 2474 2479
f 2481 2478 2474
f 2481 2479 2457
f 2481 2480 2478
f 2482 2475 2480
f 2483 2461 2463
f 2483 2480 2481
f 2483 2481 2461
f 2484 2475 2482
f 2485 2463 2465
f 2485 2465 2467
f 2485 2483 2463
f 2485 2482 2480
f 2485 2480 2483
f 2486 2467 2469
f 2486 2469 2471
f 2486 2471 2473
f 2486 2473 2475
f 2486 2485 2467
f 2486 2475 2484
f 2486 2484 2482
f 2486 2482 2485
f 2487 2488 1803
f 2487 1803 2489
f 2490 2487 2489
f 2491 2489 2492
f 2491 2490 2489
f 2493 2494 2491
f 2493 2492 2495
f 2493 2491 2492
f 2496 2495 2497
f 2496 2493 2495
f 2498 2497 2499
f 2500 2496 2497
f 2500 2497 2498
f 2501 2500 2498
f 2502 2498 2499
f 2503 2500 2501
f 2504 2500 2503
f 2505 2498 2502
f 2506 2500 2504
f 2507 2505 2502
f 2508 2505 2507
f 2509 2508 2507
f 2510 2506 2511
f 2512 2508 2509
f 2512 2509 2513
f 2512 2513 2514
f 2515 2510 2516
f 2517 2512 2514
f 2517 2514 2518
f 2519 2515 2520
f 2521 2518 2522
f 2521 2517 2518
f 2523 2521 2522
f 2524 2519 2525
f 2526 2521 2523
f 2527 2526 2523
f 2528 2524 2529
f 2530 2526 2527
f 2530 2527 2531
f 2532 2528 2533
f 2534 2530 2531
f 2534 2535 2536
f 2534 2532 2537
f 2534 2531 2538
f 2534 2536 2530
f 2534 2537 2535
f 2539 2534 2538
f 2539 2538 2540
f 2539 2540 2541
f 2539 2541 2542
f 2543 2539 2542
f 2543 2542 2544
f 2545 2544 2546
f 2545 2546 2547
f 2545 2543 2544
f 2548 2545 2547
f 2549 2543 2545
f 2550 2547 2551
f 2550 2548 2547
f 2552 2550 2551
f 2504 2511 2506
f 2511 2516 2510
f 2516 2520 2515
f 2520 2525 2519
f 2525 2529 2524
f 2529 2533 2528
f 2533 2537 2532
f 2535 2553 2554
f 2554 2553 2555
f 2554 2555 2556
f 2554 2556 2557
f 2554 2557 2558
f 2554 2558 2559
f 2554 2559 2560
f 2560 2559 2561
f 2561 2559 2562
f 2562 2559 2563
f 2563 2559 2564
f 2564 2559 2501
f 2501 2559 2503
f 2535 2554 2536
f 2565 2566 2567
f 2568 2569 2570
f 2571 2572 2566
f 2571 2565 2573
f 2571 2566 2565
f 2574 2571 2573
f 2574 2573 2575
f 2574 2575 2576
f 2577 2572 2571
f 2578 2576 2579
f 2578 2574 2576
f 2580 2581 2582
f 2580 2582 2583
f 2580 2583 2572
f 2584 2577 2571
f 2584 2571 2574
f 2585 2579 2586
f 2585 2578 2579
f 2587 2580 2572
f 2587 2572 2577
f 2588 2574 2578
f 2588 2584 2574
f 2589 2586 2590
f 2589 2590 2591
f 2589 2585 2586
f 2592 1861 1849
f 2592 1849 1846
f 2592 1846 2581
f 2592 2581 2580
f 2593 2577 2584
f 2593 2584 2588
f 2593 2587 2577
f 2594 2578 2585
f 2594 2588 2578
f 2595 2589 2591
f 2595 2591 2596
f 2597 2580 2587
f 2597 1872 1867
f 2597 1867 1861
f 2597 2592 2580
f 2597 1861 2592
f 2598 2593 2588
f 2598 2588 2594
f 2599 2585 2589
f 2599 2589 2595
f 2599 2594 2585
f 2600 2596 2601
f 2600 2595 2596
f 2602 2587 2593
f 2602 1879 1872
f 2602 2597 2587
f 2602 1872 2597
f 2603 2598 2594
f 2604 2599 2595
f 2605 2601 2606
f 2605 2606 2607
f 2605 2600 2601
f 2608 1888 1879
f 2608 2602 2593
f 2608 2593 2598
f 2608 2598 2603
f 2608 1879 2602
f 2609 2594 2599
f 2609 2599 2604
f 2609 2603 2594
f 2610 2595 2600
f 2610 2604 2595
f 2610 2600 2605
f 2611 2605 2607
f 2611 2607 2569
f 2611 2568 2612
f 2611 2569 2568
f 2613 1838 1837
f 2613 1837 1888
f 2613 1888 2608
f 2613 2608 2603
f 2613 2603 2609
f 2614 2609 2604
f 2615 2610 2605
f 2616 1840 1838
f 2616 1838 2613
f 2616 2613 2609
f 2617 2604 2610
f 2617 2614 2604
f 2617 2610 2615
f 2618 2605 2611
f 2618 2611 2612
f 2618 2615 2605
f 2619 1925 1842
f 2619 1842 1840
f 2619 1840 2616
f 2619 2609 2614
f 2619 2616 2609
f 2620 2617 2615
f 2621 1926 1925
f 2621 1925 2619
f 2621 2614 2617
f 2621 2619 2614
f 2622 2618 2612
f 2622 2615 2618
f 2622 2620 2615
f 2623 1936 1926
f 2623 1926 2621
f 2623 2617 2620
f 2623 2621 2617
f 2624 2612 2625
f 2624 2625 2626
f 2624 2626 2627
f 2624 2622 2612
f 2628 1959 1952
f 2628 1952 1936
f 2628 1936 2623
f 2628 2620 2622
f 2628 2623 2620
f 2629 2627 1969
f 2629 1969 1964
f 2629 1964 1959
f 2629 2624 2627
f 2629 1959 2628
f 2629 2622 2624
f 2629 2628 2622
f 2630 2631 2632
f 2633 2632 2634
f 2633 2634 2635
f 2633 2630 2632
f 2636 2635 2544
f 2636 2633 2635
f 2637 2544 2542
f 2637 2636 2544
f 2638 2542 2541
f 2638 2637 2542
f 2639 2541 2540
f 2639 2638 2541
f 2063 2118 2640
f 2049 2055 2641
f 2039 2043 2642
f 2643 2059 2063
f 2643 2640 2644
f 2643 2644 2645
f 2643 2645 2646
f 2643 2646 2647
f 2643 2063 2640
f 2648 2055 2059
f 2648 2647 2649
f 2648 2649 2650
f 2648 2650 2641
f 2648 2641 2055
f 2648 2059 2643
f 2648 2643 2647
f 2651 2047 2049
f 2651 2641 2652
f 2651 2652 2653
f 2651 2049 2641
f 2651 2653 2047
f 2654 2043 2047
f 2654 2653 2655
f 2654 2655 2642
f 2654 2642 2043
f 2654 2047 2653
f 2656 2657 2658
f 2656 2034 2039
f 2656 2642 2657
f 2656 2039 2642
f 2659 2658 2660
f 2659 2660 2661
f 2659 2034 2656
f 2659 2035 2034
f 2659 2656 2658
f 2662 2661 2663
f 2662 2088 2094
f 2662 2094 2035
f 2662 2659 2661
f 2662 2035 2659
f 2664 2663 2665
f 2664 2082 2088
f 2664 2662 2663
f 2664 2088 2662
f 2666 2665 2667
f 2666 2667 1833
f 2666 1833 2074
f 2666 2074 2076
f 2666 2076 2082
f 2666 2664 2665
f 2666 2082 2664
f 2668 2669 2670
f 2671 2670 2672
f 2671 2668 2670
f 2673 2674 2675
f 2676 2673 2675
f 2677 2676 2675
f 2678 2074 1833
f 2678 1833 1828
f 2678 1828 1818
f 2678 2679 2680
f 2678 2680 2074
f 2681 1818 1813
f 2681 2682 2679
f 2681 2678 1818
f 2681 2679 2678
f 2683 2682 2681
f 2683 1813 1812
f 2683 2684 2685
f 2683 2685 2682
f 2683 2681 1813
f 2686 1812 1807
f 2686 2684 2683
f 2686 2683 1812
f 2686 2687 2684
f 2688 1807 1792
f 2688 1792 1794
f 2688 1794 2670
f 2688 2669 2687
f 2688 2670 2669
f 2688 2687 2686
f 2688 2686 1807
f 2689 2672 2690
f 2689 2690 2674
f 2689 2673 2671
f 2689 2671 2672
f 2689 2674 2673
f 2691 2677 2675
f 2691 2675 2692
f 2691 2692 2693
f 2691 2693 2694
f 2691 2695 2677
f 2696 2694 2697
f 2696 2698 2695
f 2696 2691 2694
f 2696 2695 2691
f 2699 2697 2700
f 2699 2701 2702
f 2699 2702 2698
f 2699 2698 2696
f 2699 2696 2697
f 2703 2700 2704
f 2703 2705 2701
f 2703 2701 2699
f 2703 2699 2700
f 2706 2705 2703
f 2706 2704 2707
f 2706 2707 2708
f 2706 2708 2157
f 2706 2157 2709
f 2706 2709 2705
f 2706 2703 2704
f 2710 2711 2712
f 2713 2712 2714
f 2713 2710 2712
f 2715 2714 2716
f 2715 2713 2714
f 2717 2716 2718
f 2717 2715 2716
f 2719 2718 2720
f 2719 2717 2718
f 2721 2720 2722
f 2721 2719 2720
f 2723 2722 2724
f 2723 2721 2722
f 2725 2724 2726
f 2725 2723 2724
f 2727 2726 2728
f 2727 2725 2726
f 2729 2728 2730
f 2729 2727 2728
f 2731 2730 2732
f 2731 2729 2730
f 2733 2732 2734
f 2733 2731 2732
f 2735 2734 2736
f 2735 2733 2734
f 2737 2735 2736
f 2738 2737 2736
f 2738 2736 2739
f 2738 2739 2740
f 2741 2738 2740
f 2741 2740 2742
f 2743 2741 2742
f 2744 2743 2742
f 2744 2742 2745
f 2744 2745 2746
f 2747 2744 2746
f 2748 2746 2749
f 2748 2747 2746
f 2750 2749 2751
f 2750 2748 2749
f 2752 2751 2753
f 2752 2750 2751
f 2754 2753 2755
f 2754 2752 2753
f 2756 2757 2758
f 2759 2758 2760
f 2759 2756 2758
f 2761 2759 2760
f 2762 2760 2763
f 2762 2761 2760
f 2764 2763 2765
f 2764 2762 2763
f 2766 2767 2768
f 2766 2765 2767
f 2766 2764 2765
f 2769 2766 2768
f 2770 2768 2771
f 2770 2769 2768
f 2772 2771 2773
f 2772 2770 2771
f 2774 2773 2775
f 2774 2772 2773
f 2776 2777 2778
f 2776 2775 2777
f 2776 2774 2775
f 2779 2778 2780
f 2779 2776 2778
f 2781 2779 2780
f 2782 2780 2783
f 2782 2781 2780
f 2784 2783 2785
f 2784 2782 2783
f 2786 2784 2785
f 2786 2785 2787
f 2788 2786 2787
f 2788 2789 2790
f 2788 2787 2789
f 2791 2790 2792
f 2791 2788 2790
f 2793 2791 2792
f 2794 2792 2795
f 2794 2793 2792
f 2796 2797 2798
f 2796 2799 2797
f 2796 2800 2799
f 2801 2800 2796
f 2802 2803 2800
f 2802 2804 2803
f 2802 2800 2801
f 2805 2804 2802
f 2806 2807 2804
f 2806 2804 2805
f 2808 2809 2807
f 2808 2807 2806
f 2810 2811 2809
f 2810 2812 2811
f 2810 2809 2808
f 2813 2812 2810
f 2814 2815 2812
f 2814 2816 2815
f 2814 2812 2813
f 2817 2818 2816
f 2817 2816 2814
f 2819 2820 2818
f 2819 2818 2817
f 2821 2822 2820
f 2821 2820 2819
f 2823 2824 2822
f 2823 2822 2821
f 2825 2826 2824
f 2825 2824 2823
f 2827 2826 2825
f 2827 2828 2826
f 2829 2828 2827
f 2830 2828 2829
f 2830 2831 2828
f 2830 2832 2831
f 2833 2832 2830
f 2834 2832 2833
f 2834 2835 2832
f 2836 2207 2249
f 2836 2837 2207
f 2838 2249 2210
f 2838 2836 2249
f 2839 2210 2209
f 2839 2838 2210
f 2840 2209 2215
f 2840 2839 2209
f 2841 2215 2170
f 2841 2840 2215
f 2842 2170 2169
f 2842 2841 2170
f 2843 2169 2174
f 2843 2842 2169
f 2844 2174 2178
f 2844 2843 2174
f 2845 2178 2184
f 2845 2844 2178
f 2846 2184 2188
f 2846 2845 2184
f 2847 2188 2192
f 2847 2846 2188
f 2848 2192 2220
f 2848 2847 2192
f 2849 2220 2226
f 2849 2848 2220
f 2850 2226 2230
f 2850 2230 2234
f 2850 2849 2226
f 2851 2850 2234
f 2852 2851 2234
f 2852 2234 2316
f 2853 2854 2855
f 2856 2857 2854
f 2856 2854 2853
f 2858 2859 2857
f 2858 2857 2856
f 2860 2861 2859
f 2860 2859 2858
f 2862 2861 2860
f 2863 2864 2861
f 2863 2865 2864
f 2863 2861 2862
f 2866 2865 2863
f 2867 2868 2865
f 2867 2865 2866
f 2869 2870 2868
f 2869 2868 2867
f 2871 2872 2870
f 2871 2870 2869
f 2873 2874 2872
f 2873 2872 2871
f 2875 2876 2874
f 2875 2874 2873
f 2877 2878 2876
f 2877 2876 2875
f 2879 2880 2878
f 2879 2878 2877
f 2881 2882 2880
f 2881 2883 2882
f 2881 2880 2879
f 2884 2883 2881
f 2885 2552 2551
f 2885 2551 2886
f 2887 2885 2886
f 2888 2886 2889
f 2888 2887 2886
f 2890 2889 2891
f 2890 2892 2893
f 2890 2893 2894
f 2890 2894 2888
f 2890 2888 2889
f 2895 2891 2896
f 2895 2890 2891
f 2897 2896 2898
f 2897 2895 2896
f 2899 2898 2900
f 2899 2897 2898
f 2901 2900 2902
f 2901 2899 2900
f 2903 2902 2904
f 2903 2901 2902
f 2905 2904 2906
f 2905 2906 2907
f 2905 2907 1802
f 2905 2903 2904
f 2908 2905 1802
f 2908 1802 1796
f 2909 2908 1796
f 2909 1796 1810
f 2910 2909 1810
f 2910 1810 1809
f 2911 2910 1809
f 2911 1809 1815
f 2912 2911 1815
f 2912 1815 1816
f 2913 1816 1820
f 2913 2912 1816
f 2914 1820 1804
f 2914 2913 1820
f 2915 2914 1804
f 2916 2913 2914
f 2917 2913 2916
f 2918 2913 2917
f 2919 1804 1803
f 2919 2915 1804
f 2488 2919 1803
f 2888 2545 2887
f 2887 2545 2885
f 2885 2545 2548
f 2885 2548 2550
f 2885 2550 2552
f 2920 2921 2922
f 2923 2922 2921
f 2924 2922 2923
f 2925 2924 2923
f 2926 2927 2928
f 2926 2929 2927
f 2930 2927 2929
f 2930 2929 2931
f 2932 2930 2931
f 2933 2930 2932
f 2934 2932 2931
f 2935 2936 2930
f 2935 2930 2933
f 2937 2892 2936
f 2937 2936 2935
f 2938 2892 2937
f 2939 2892 2938
f 2940 2941 2942
f 2943 2892 2939
f 2944 2940 2942
f 2568 2945 2944
f 2568 2944 2942
f 2568 2942 2946
f 2947 2945 2568
f 2570 2948 2947
f 2570 2947 2568
f 2949 2948 2570
f 2549 2949 2570
f 2950 2949 2549
f 2951 2950 2549
f 2952 2953 2954
f 2955 2954 2953
f 2956 2952 2954
f 2893 2954 2955
f 2957 2956 2954
f 2958 2959 2960
f 2961 2959 2958
f 2962 2961 2958
f 2963 2958 2964
f 2963 2962 2958
f 2965 2957 2954
f 2966 2963 2964
f 2967 2968 2969
f 2967 2969 2970
f 2971 2970 2972
f 2971 2972 2966
f 2971 2964 2973
f 2971 2966 2964
f 2971 2967 2970
f 2974 2973 2975
f 2974 2971 2973
f 2976 2894 2977
f 2976 2977 2978
f 2976 2978 2979
f 2976 2979 2980
f 2976 2980 2981
f 2976 2981 2982
f 2983 2975 2984
f 2983 2974 2975
f 2985 2982 2986
f 2985 2976 2982
f 2987 2988 2989
f 2990 2986 2991
f 2990 2985 2986
f 2992 2993 2994
f 2995 2996 2997
f 2995 2997 2998
f 2999 3000 3001
f 3002 2999 3001
f 2888 2894 3003
f 3003 2894 2996
f 2996 2894 2997
f 2997 2894 2987
f 2987 2894 2988
f 2988 2894 2976
f 2893 2892 2943
f 2893 2943 3004
f 2893 3004 3005
f 2893 3005 3006
f 2893 3006 2954
f 2930 2921 2927
f 2927 2921 3007
f 3007 2921 2920
f 2923 2568 2946
f 2923 2946 2925
f 2549 2545 2951
f 2951 2545 3008
f 3008 2545 3009
f 3009 2545 3010
f 3010 2545 3011
f 3011 2545 3012
f 3012 2545 3013
f 3013 2545 2984
f 2984 2545 2983
f 2983 2545 2991
f 2991 2545 2990
f 2990 2545 2994
f 2994 2545 2992
f 2992 2545 3014
f 3014 2545 3015
f 3015 2545 3001
f 3001 2545 3002
f 3002 2545 3016
f 3003 3016 2888
f 2888 3016 2545
f 3015 2987 3014
f 3014 2987 2989
f 3005 3017 3006
f 2954 3012 3013
f 2954 3013 2965
f 3011 3018 3010
f 3009 3004 3008
f 3008 3004 2943
f 2931 2942 2934
f 2934 2942 3019
f 3019 2942 3020
f 3020 2942 2941
f 2946 3007 2920
f 2946 2920 2925
f 2894 2893 3021
f 3021 2893 3022
f 3022 2893 3023
f 2890 2936 2892
f 3024 2936 2890
f 2895 3024 2890
f 3025 3024 2895
f 2897 3025 2895
f 3026 3025 2897
f 2899 3026 2897
f 3027 3026 2899
f 3028 2910 2911
f 3028 3029 2910
f 3030 2911 2912
f 3030 3028 2911
f 3031 2912 2913
f 3031 3030 2912
f 3032 2913 2918
f 3032 3031 2913
f 3033 3034 3027
f 3033 2899 2901
f 3033 3027 2899
f 3033 2901 3034
f 3035 2901 2903
f 3035 3034 2901
f 3036 3037 3034
f 3036 3034 3035
f 3036 3035 2903
f 3036 2903 3037
f 3038 2905 2908
f 3038 2903 2905
f 3038 3037 2903
f 3038 2908 3039
f 3040 3041 3037
f 3040 3039 3041
f 3040 3037 3038
f 3040 3038 3039
f 3042 2908 2909
f 3042 2909 3043
f 3044 3043 3039
f 3044 2908 3042
f 3044 3042 3043
f 3044 3039 2908
f 3045 3029 3043
f 3045 2909 2910
f 3045 3043 2909
f 3045 2910 3029
f 3046 2914 3047
f 3048 2914 3046
f 3049 2914 3048
f 3050 2914 2491
f 3050 3047 2914
f 3051 3049 3052
f 3051 3053 3049
f 3054 3055 3056
f 3057 3056 3055
f 3058 3055 3054
f 3059 3057 3055
f 3060 3055 3058
f 3061 3055 3060
f 3062 3063 3064
f 3065 3062 3064
f 3066 3065 3064
f 3067 3066 3064
f 3068 3067 3064
f 3069 3068 3064
f 3070 3069 3064
f 3071 3072 3073
f 3074 3073 3072
f 3075 3071 3073
f 2916 3073 3074
f 2916 3076 3077
f 2916 3077 3073
f 3078 3075 3073
f 3079 3080 3081
f 3082 3080 3079
f 3083 3082 3079
f 3084 3079 3085
f 3084 3083 3079
f 3086 3084 3085
f 3087 3088 3089
f 2918 3090 3091
f 2918 3092 3090
f 2918 3093 3092
f 2918 2917 3093
f 3094 3087 3089
f 3095 3089 3096
f 3095 3094 3089
f 3097 3032 2918
f 3097 2918 3091
f 3098 3086 3085
f 3098 3085 3099
f 3098 3096 3086
f 3098 3095 3096
f 3100 3032 3097
f 3101 3098 3099
f 3102 3103 3032
f 3104 3103 3102
f 3105 3099 3106
f 3105 3101 3099
f 3107 3100 3108
f 3107 3032 3100
f 3107 3102 3032
f 3109 3104 3110
f 3109 3103 3104
f 2494 3111 3105
f 2494 3108 3111
f 3112 3103 3109
f 3113 2494 2567
f 3113 3107 3108
f 3113 3108 2494
f 3114 3113 2567
f 2566 3115 3114
f 2566 3114 2567
f 3116 3115 2566
f 3117 3116 2566
f 3118 3117 2566
f 3119 3120 3112
f 3119 3112 3121
f 3122 3123 3124
f 3125 3103 3112
f 3125 3112 3120
f 3125 3120 3126
f 3127 3122 3124
f 3128 3129 3127
f 3128 3118 2566
f 3128 3124 3118
f 3128 3127 3124
f 2494 3105 2491
f 3105 3106 2491
f 3106 3130 2491
f 3130 3131 2491
f 3131 3132 2491
f 3132 3133 2491
f 3133 3134 2491
f 3134 3135 2491
f 3135 3136 2491
f 3136 3064 2491
f 3064 3137 2491
f 3137 3138 2491
f 3138 3050 2491
f 3136 3070 3064
f 2914 3049 2916
f 3049 3053 2916
f 3053 3055 2916
f 3055 3061 2916
f 3061 3139 2916
f 3139 3140 2916
f 3140 3076 2916
f 3109 3117 3118
f 3109 3110 3117
f 3129 3125 3126
f 3129 3128 3125
f 3141 3077 3076
f 3140 3135 3134
f 3140 3139 3135
f 3142 3133 3132
f 3131 3143 3073
f 3143 3078 3073
f 3131 3130 3143
f 3064 3059 3055
f 3064 3144 3059
f 3064 3145 3144
f 3064 3146 3145
f 3064 3063 3146
f 3048 3046 3137
f 3046 3138 3137
f 2917 2916 3147
f 3147 2916 3148
f 3148 2916 3149
f 2491 2914 2915
f 2491 2915 2919
f 2491 2919 2488
f 2491 2488 2487
f 2491 2487 2490
f 2489 1803 1805
f 3150 2658 2657
f 3151 2658 3150
f 2507 3152 3153
f 3154 2507 3153
f 2509 2507 3154
f 3155 2665 2663
f 3156 2495 2492
f 3157 2661 2660
f 3157 2663 2661
f 3157 3155 2663
f 3158 2497 2495
f 3158 2499 2497
f 3158 3155 3157
f 3158 2495 3156
f 3158 3156 3155
f 3159 2660 2658
f 3159 3157 2660
f 3160 2502 2499
f 3160 2499 3158
f 3160 3158 3157
f 3160 3157 3159
f 3161 1833 2667
f 3161 1834 1833
f 3161 1805 1834
f 3161 2489 1805
f 3162 2489 3161
f 3162 3161 2667
f 3163 2667 2665
f 3163 3162 2667
f 3164 3162 3163
f 3165 2492 2489
f 3165 3162 3164
f 3165 2489 3162
f 3166 3164 3163
f 3166 3165 3164
f 3166 2492 3165
f 3166 3156 2492
f 3167 3163 2665
f 3167 2665 3155
f 3167 3155 3156
f 3167 3166 3163
f 3167 3156 3166
f 3168 3160 3159
f 3168 2502 3160
f 3169 3159 2658
f 3169 3168 3159
f 3169 2502 3168
f 3170 2507 2502
f 3170 3171 3152
f 3170 3172 3171
f 3170 3151 3172
f 3170 2658 3151
f 3170 3152 2507
f 3170 2502 3169
f 3170 3169 2658
f 3173 3174 1793
f 3173 1793 1795
f 3173 1795 1822
f 3175 1822 1798
f 3175 3173 1822
f 3176 1798 1797
f 3176 1797 1799
f 3176 3175 1798
f 3177 1799 1800
f 3177 3176 1799
f 3178 1800 1801
f 3178 1801 1802
f 3178 3177 1800
f 3179 1802 2907
f 3179 3178 1802
f 3180 2906 2904
f 3180 2907 2906
f 3180 3179 2907
f 3181 2904 3182
f 3181 3180 2904
f 3183 3182 3184
f 3183 3181 3182
f 3185 3184 3186
f 3185 3183 3184
f 3187 3186 3188
f 3187 3185 3186
f 3189 3188 3190
f 3189 3190 3191
f 3189 3191 3192
f 3189 3187 3188
f 3193 3189 3192
f 2631 3194 3195
f 2546 2634 2632
f 2546 2635 2634
f 2546 2544 2635
f 3192 2693 2692
f 3191 2693 3192
f 3184 2902 3186
f 3182 2902 3184
f 2904 2902 3182
f 3196 2708 2707
f 3197 2886 2551
f 3198 2707 2704
f 3198 3196 2707
f 3199 2889 2886
f 3199 2886 3197
f 3199 3197 3196
f 3199 3196 3198
f 3200 2704 2700
f 3200 3199 3198
f 3200 3198 2704
f 3201 3199 3200
f 3201 2891 2889
f 3201 2889 3199
f 3202 2700 2697
f 3202 3200 2700
f 3203 3201 3200
f 3203 2896 2891
f 3203 2891 3201
f 3203 3200 3202
f 3204 2697 2694
f 3204 3202 2697
f 3205 2898 2896
f 3205 2896 3203
f 3205 3202 3204
f 3205 3203 3202
f 3206 3195 3207
f 3206 2632 2631
f 3206 2547 2546
f 3206 2631 3195
f 3206 2546 2632
f 3208 3206 3207
f 3208 2547 3206
f 3209 3207 2708
f 3209 3208 3207
f 3210 3208 3209
f 3211 2551 2547
f 3211 2547 3208
f 3211 3208 3210
f 3212 3210 3209
f 3212 2551 3211
f 3212 3211 3210
f 3212 3209 2708
f 3213 3212 2708
f 3213 2708 3196
f 3213 3197 2551
f 3213 2551 3212
f 3213 3196 3197
f 3214 2900 2898
f 3214 2694 2693
f 3214 2898 3205
f 3214 3204 2694
f 3214 3205 3204
f 3215 2902 2900
f 3215 3188 3186
f 3215 3190 3188
f 3215 3191 3190
f 3215 2900 3214
f 3215 2693 3191
f 3215 3186 2902
f 3215 3214 2693
f 3019 3216 3217
f 3019 3020 3216
f 2934 3217 3218
f 2934 3019 3217
f 2932 3218 3219
f 2932 2934 3218
f 2933 3219 3220
f 2933 2932 3219
f 2935 3220 3221
f 2935 2933 3220
f 2937 3221 3222
f 2937 2935 3221
f 2938 3222 3223
f 2938 2937 3222
f 3224 2938 3223
f 2939 2938 3224
f 2947 3225 3226
f 2947 2948 3225
f 2945 3226 3227
f 2945 2947 3226
f 2944 3227 3228
f 2944 2945 3227
f 2940 3228 3229
f 2940 2944 3228
f 2941 3229 3230
f 2941 2940 3229
f 3020 3230 3216
f 3020 2941 3230
f 3231 2951 3232
f 2950 2951 3231
f 3233 2950 3231
f 2949 2950 3233
f 3225 2949 3233
f 2948 2949 3225
f 3234 3232 2951
f 3008 3234 2951
f 3234 3008 2943
f 3234 2943 3235
f 3235 2943 2939
f 3235 2939 3224
f 3236 3003 2996
f 3236 2996 3237
f 3238 3237 2996
f 2995 3238 2996
f 3238 2995 2998
f 3238 2998 3239
f 3239 2998 2997
f 3239 2997 3240
f 2997 2987 3241
f 3240 2997 3241
f 3242 3241 2987
f 3015 3242 2987
f 3001 3243 3242
f 3001 3242 3015
f 3243 3001 3000
f 3243 3000 3244
f 2999 3245 3244
f 2999 3244 3000
f 3246 3245 2999
f 3002 3246 2999
f 3016 3247 3246
f 3016 3246 3002
f 3016 3003 3236
f 3247 3016 3236
f 3248 2989 2988
f 3248 2988 3249
f 3249 2988 2976
f 3249 2976 3250
f 2985 3251 3250
f 2985 3250 2976
f 2985 3252 3251
f 2985 2990 3252
f 2994 3253 3252
f 2994 3252 2990
f 3253 2993 3254
f 2994 2993 3253
f 3254 2992 3255
f 2993 2992 3254
f 3014 3256 3255
f 3014 3255 2992
f 3014 3248 3256
f 3014 2989 3248
f 2493 2567 2494
f 2565 2567 2493
f 2496 2565 2493
f 2573 2565 2496
f 2500 2573 2496
f 2575 2573 2500
f 2506 2575 2500
f 2576 2575 2506
f 2606 2532 2534
f 2606 2601 2532
f 2607 2534 2539
f 2607 2606 2534
f 2569 2539 2543
f 2569 2607 2539
f 2570 2543 2549
f 2570 2569 2543
f 3257 2506 2510
f 3257 2579 2576
f 3257 2576 2506
f 3257 2510 2579
f 3258 2510 2515
f 3258 2579 2510
f 3259 2586 2579
f 3259 2579 3258
f 3259 2515 2586
f 3259 3258 2515
f 3260 2519 2524
f 3260 2515 2519
f 3260 2586 2515
f 3260 2524 2591
f 3261 2590 2586
f 3261 2591 2590
f 3261 2586 3260
f 3261 3260 2591
f 3262 2524 2528
f 3262 2528 2596
f 3263 2596 2591
f 3263 2591 2524
f 3263 2524 3262
f 3263 3262 2596
f 3264 2528 2532
f 3264 2601 2596
f 3264 2596 2528
f 3264 2532 2601
f 3024 2930 2936
f 3103 3031 3032
f 3265 3266 2930
f 3265 3024 3025
f 3265 2930 3024
f 3267 3025 3026
f 3267 3026 3027
f 3267 3265 3025
f 3268 3266 3265
f 3269 3027 3034
f 3269 3267 3027
f 3270 2627 3271
f 3270 3271 3272
f 3270 3272 3266
f 3273 3265 3267
f 3273 3268 3265
f 3274 3034 3037
f 3274 3269 3034
f 3275 3268 3273
f 3275 3270 3266
f 3275 3266 3268
f 3276 3267 3269
f 3276 3273 3267
f 3277 3037 3041
f 3277 3041 3039
f 3277 3274 3037
f 3278 1969 2627
f 3278 3279 3280
f 3278 3280 1969
f 3278 2627 3270
f 3281 3275 3273
f 3282 3274 3277
f 3282 3276 3269
f 3282 3269 3274
f 3283 3039 3043
f 3283 3277 3039
f 3284 3275 3281
f 3284 3285 3286
f 3284 3286 3279
f 3284 3279 3278
f 3284 3278 3270
f 3284 3270 3275
f 3287 3273 3276
f 3287 3281 3273
f 3288 3277 3283
f 3288 3282 3277
f 3289 3283 3043
f 3289 3043 3029
f 3290 3285 3284
f 3290 3291 3285
f 3290 3284 3281
f 3292 3287 3276
f 3292 3276 3282
f 3293 3288 3283
f 3294 3029 3028
f 3294 3028 3030
f 3294 3289 3029
f 3295 3291 3290
f 3295 3296 3291
f 3295 3290 3281
f 3295 3281 3287
f 3297 3282 3288
f 3297 3292 3282
f 3297 3288 3293
f 3298 3293 3283
f 3298 3283 3289
f 3299 3030 3031
f 3299 3103 3300
f 3299 3294 3030
f 3299 3031 3103
f 3301 3302 3303
f 3301 3303 3296
f 3301 3287 3292
f 3301 3296 3295
f 3301 3295 3287
f 3304 3297 3293
f 3305 3289 3294
f 3305 3298 3289
f 3306 3307 3302
f 3306 3302 3301
f 3306 3301 3292
f 3306 3292 3297
f 3306 3297 3304
f 3308 3293 3298
f 3308 3298 3305
f 3308 3304 3293
f 3309 3299 3300
f 3309 3294 3299
f 3309 3305 3294
f 3310 3311 3312
f 3310 3312 3307
f 3310 3307 3306
f 3310 3306 3304
f 3313 3308 3305
f 3314 3308 3313
f 3314 3315 3311
f 3314 3311 3310
f 3314 3304 3308
f 3314 3310 3304
f 3316 3313 3305
f 3316 3305 3309
f 3316 3309 3300
f 3317 3315 3314
f 3317 3318 3315
f 3317 3314 3313
f 3319 3300 3320
f 3319 3320 3321
f 3319 3321 2581
f 3319 3316 3300
f 3322 3323 3324
f 3322 3324 3318
f 3322 3313 3316
f 3322 3318 3317
f 3322 3317 3313
f 3322 3316 3319
f 3325 3323 3322
f 3325 2581 1846
f 3325 1846 3326
f 3325 3319 2581
f 3325 3326 3323
f 3325 3322 3319
f 2568 2923 2612
f 3272 2921 3266
f 3271 2921 3272
f 2923 2625 2612
f 2923 2626 2625
f 2923 2921 3271
f 2923 3271 2627
f 2923 2627 2626
f 2930 3266 2921
f 2957 2965 3327
f 2957 3327 3328
f 2956 3328 3329
f 2956 2957 3328
f 2952 3329 3330
f 2952 2956 3329
f 2953 3330 3331
f 2953 2952 3330
f 2955 3331 3332
f 2955 2953 3331
f 2893 3332 3333
f 2893 2955 3332
f 3023 3333 3334
f 3023 2893 3333
f 3022 3023 3334
f 3013 3335 3327
f 3013 3327 2965
f 2984 3336 3335
f 2984 3335 3013
f 2984 2975 3337
f 3336 2984 3337
f 2973 3338 3339
f 2973 2964 3338
f 2975 3339 3337
f 2975 2973 3339
f 2963 3340 3341
f 2962 3341 3342
f 2962 2963 3341
f 2961 3342 3343
f 2961 2962 3342
f 2959 3343 3344
f 2959 2961 3343
f 2960 3344 3345
f 2960 2959 3344
f 2958 3345 3338
f 2958 2960 3345
f 2964 2958 3338
f 2971 3346 3347
f 2967 3347 3348
f 2967 2971 3347
f 2968 3348 3349
f 2968 2967 3348
f 2969 3349 3350
f 2969 2968 3349
f 2970 3350 3351
f 2970 2969 3350
f 2972 3351 3352
f 2972 2970 3351
f 2966 3352 3340
f 2966 2972 3352
f 2963 2966 3340
f 2971 3353 3346
f 2971 2974 3353
f 3354 3353 2974
f 2983 3354 2974
f 2991 3355 3354
f 2991 3354 2983
f 3355 2991 2986
f 3355 2986 3356
f 2982 3357 3358
f 2982 2981 3357
f 2986 3358 3356
f 2986 2982 3358
f 3021 3022 3334
f 3021 3334 3359
f 2894 3021 3359
f 3360 2894 3359
f 2977 2894 3360
f 3361 2977 3360
f 2978 2977 3361
f 2979 3361 3362
f 2979 2978 3361
f 2980 3362 3363
f 2980 2979 3362
f 2981 3363 3357
f 2981 2980 3363
f 3364 3365 3006
f 3017 3364 3006
f 3364 3005 3366
f 3017 3005 3364
f 3367 3368 3004
f 3009 3367 3004
f 3010 3369 3367
f 3010 3367 3009
f 3010 3018 3370
f 3369 3010 3370
f 3018 3371 3370
f 3018 3011 3371
f 3372 3012 2954
f 3372 2954 3373
f 3373 2954 3006
f 3373 3006 3365
f 3374 2931 3375
f 2942 2931 3374
f 3375 2931 2929
f 3375 2929 3376
f 2929 3377 3376
f 2929 2926 3377
f 2926 2928 3378
f 3377 2926 3378
f 2928 3379 3378
f 2928 2927 3379
f 2927 3007 3380
f 3379 2927 3380
f 3007 3381 3380
f 3007 2946 3381
f 2920 2922 3382
f 3383 2920 3382
f 3384 3382 2922
f 2924 3384 2922
f 2925 3385 3384
f 2925 3384 2924
f 2925 2920 3383
f 3385 2925 3383
f 3145 3386 3387
f 3145 3146 3386
f 3144 3145 3387
f 3059 3387 3388
f 3059 3144 3387
f 3057 3388 3389
f 3057 3059 3388
f 3056 3057 3389
f 3390 3056 3389
f 3054 3056 3390
f 3391 3054 3390
f 3058 3054 3391
f 3392 3058 3391
f 3060 3392 3393
f 3060 3058 3392
f 3061 3393 3394
f 3061 3060 3393
f 3394 3395 3139
f 3061 3394 3139
f 3396 3135 3139
f 3396 3139 3395
f 3397 3136 3135
f 3397 3135 3396
f 3398 3136 3397
f 3070 3136 3398
f 3069 3398 3399
f 3069 3070 3398
f 3068 3399 3400
f 3068 3069 3399
f 3067 3400 3401
f 3067 3068 3400
f 3066 3067 3401
f 3402 3066 3401
f 3065 3066 3402
f 3403 3065 3402
f 3062 3403 3404
f 3062 3065 3403
f 3063 3404 3405
f 3063 3062 3404
f 3146 3405 3386
f 3146 3063 3405
f 3120 3406 3407
f 3120 3407 3126
f 3408 3129 3126
f 3408 3126 3407
f 3409 3127 3129
f 3409 3129 3408
f 3127 3409 3410
f 3127 3410 3122
f 3411 3123 3122
f 3411 3122 3410
f 3412 3124 3123
f 3412 3123 3411
f 3413 3118 3124
f 3413 3124 3412
f 3118 3413 3414
f 3118 3414 3109
f 3109 3414 3415
f 3109 3415 3112
f 3121 3112 3415
f 3416 3121 3415
f 3121 3416 3417
f 3121 3417 3119
f 3417 3406 3120
f 3119 3417 3120
f 3418 3110 3104
f 3418 3104 3419
f 3418 3420 3117
f 3418 3117 3110
f 3421 3116 3117
f 3421 3117 3420
f 3421 3422 3115
f 3421 3115 3116
f 3115 3423 3114
f 3422 3423 3115
f 3424 3113 3114
f 3424 3114 3423
f 3424 3425 3107
f 3424 3107 3113
f 3107 3425 3426
f 3107 3426 3102
f 3426 3419 3104
f 3102 3426 3104
f 3147 3148 3427
f 3147 3427 3428
f 2917 3147 3428
f 3093 3428 3429
f 3093 2917 3428
f 3092 3429 3430
f 3092 3093 3429
f 3090 3430 3431
f 3090 3092 3430
f 3091 3431 3432
f 3091 3090 3431
f 3097 3432 3433
f 3097 3091 3432
f 3100 3433 3434
f 3100 3097 3433
f 3108 3434 3435
f 3108 3100 3434
f 3111 3108 3435
f 3436 3111 3435
f 3437 3105 3111
f 3437 3111 3436
f 3437 3438 3101
f 3105 3437 3101
f 3098 3438 3439
f 3098 3101 3438
f 3095 3439 3440
f 3095 3098 3439
f 3094 3095 3440
f 3087 3440 3441
f 3087 3094 3440
f 3088 3441 3442
f 3088 3087 3441
f 3089 3442 3443
f 3089 3088 3442
f 3096 3443 3444
f 3096 3089 3443
f 3086 3444 3445
f 3086 3096 3444
f 3084 3445 3446
f 3084 3086 3445
f 3084 3446 3447
f 3083 3447 3448
f 3083 3084 3447
f 3082 3448 3449
f 3082 3083 3448
f 3080 3449 3450
f 3080 3082 3449
f 3081 3450 3451
f 3081 3080 3450
f 3079 3451 3452
f 3079 3081 3451
f 3085 3079 3452
f 3453 3085 3452
f 3099 3453 3454
f 3099 3085 3453
f 3455 3106 3099
f 3455 3099 3454
f 3130 3106 3455
f 3456 3130 3455
f 3456 3457 3143
f 3130 3456 3143
f 3078 3143 3457
f 3458 3078 3457
f 3075 3458 3459
f 3075 3078 3458
f 3071 3459 3460
f 3071 3075 3459
f 3072 3460 3461
f 3072 3071 3460
f 3074 3461 3462
f 3074 3072 3461
f 2916 3462 3463
f 2916 3074 3462
f 3149 3463 3427
f 3149 2916 3463
f 3148 3149 3427
f 2566 2572 3128
f 3320 3300 3125
f 3321 3320 3125
f 3128 2583 2582
f 3128 2572 2583
f 3125 3128 3321
f 3321 3128 2581
f 2581 3128 2582
f 3103 3125 3300
f 3141 3464 3465
f 3141 3465 3077
f 3077 3465 3466
f 3077 3466 3073
f 3467 3131 3073
f 3467 3073 3466
f 3468 3469 3142
f 3468 3142 3132
f 3470 3133 3142
f 3470 3142 3469
f 3471 3134 3133
f 3471 3133 3470
f 3134 3471 3472
f 3134 3472 3140
f 3473 3464 3141
f 3473 3141 3076
f 3474 3475 3064
f 3474 3064 3055
f 3137 3476 3048
f 3477 3476 3137
f 3048 3476 3478
f 3048 3478 3049
f 3478 3479 3052
f 3478 3052 3049
f 3052 3479 3480
f 3052 3480 3051
f 3051 3481 3053
f 3480 3481 3051
f 3053 3481 3474
f 3053 3474 3055
f 3047 3482 3483
f 3047 3483 3046
f 3484 3138 3046
f 3484 3046 3483
f 3485 3050 3138
f 3485 3138 3484
f 3050 3485 3482
f 3050 3482 3047
f 3486 2639 2540
f 3486 2538 2531
f 3486 2540 2538
f 3487 2531 2527
f 3487 3486 2531
f 3488 3487 2527
f 3489 2527 3490
f 3489 3488 2527
f 3491 3490 3492
f 3491 3492 3493
f 3491 3493 3494
f 3491 3494 3495
f 3491 3489 3490
f 3496 3495 3497
f 3496 3497 3498
f 3496 3498 3499
f 3496 3499 3500
f 3496 3500 3501
f 3496 3491 3495
f 3502 3501 3503
f 3502 3496 3501
f 2649 3504 2650
f 2649 3505 3504
f 3501 2647 3503
f 2646 3503 2647
f 3500 2647 3501
f 3499 2649 2647
f 3499 2647 3500
f 3498 3505 2649
f 3498 2649 3499
f 3497 3506 3505
f 3497 3505 3498
f 3495 3506 3497
f 2522 3507 3508
f 2522 3509 3507
f 2522 3510 3509
f 2522 2518 3510
f 2523 3492 3490
f 2523 2522 3492
f 2527 2523 3490
f 3511 3512 3506
f 3511 3508 3512
f 3511 3493 3492
f 3511 3494 3493
f 3511 3495 3494
f 3511 2522 3508
f 3511 3506 3495
f 3511 3492 2522
f 3513 3504 3505
f 3513 3505 3506
f 3513 3514 3504
f 3515 3506 3512
f 3515 3513 3506
f 3516 3512 3508
f 3516 3508 3507
f 3516 3515 3512
f 3517 3507 3509
f 3517 3516 3507
f 3518 3509 3510
f 3518 3510 2518
f 3518 3517 3509
f 3519 2518 2514
f 3519 3518 2518
f 3520 2513 2509
f 3520 2514 2513
f 3520 3519 2514
f 3521 2509 3154
f 3521 3520 2509
f 3522 3154 3153
f 3522 3521 3154
f 3523 3153 3152
f 3523 3522 3153
f 3524 3152 3171
f 3524 3523 3152
f 3525 3171 3172
f 3525 3172 3151
f 3525 3151 3150
f 3525 3524 3171
f 3526 3525 3150
f 3527 2564 2501
f 2563 2564 3527
f 2562 2563 3527
f 3528 2560 2561
f 3528 2554 2560
f 3528 2536 2554
f 3528 2562 3527
f 3528 2561 2562
f 3527 2501 2498
f 3529 3527 2498
f 3529 2498 2505
f 2508 3529 2505
f 2512 3529 2508
f 3530 2526 2530
f 3530 2521 2526
f 3530 2517 2521
f 3530 3529 2512
f 3530 2512 2517
f 2536 3528 3530
f 2530 2536 3530
f 3531 2511 2504
f 2516 2511 3531
f 2520 2516 3531
f 3532 2529 2525
f 3532 2533 2529
f 3532 2537 2533
f 3532 2520 3531
f 3532 2525 2520
f 3533 3531 2504
f 3533 2504 2503
f 3533 2503 2559
f 2558 3533 2559
f 2557 3533 2558
f 3534 2553 2535
f 3534 2555 2553
f 3534 2556 2555
f 3534 3533 2557
f 3534 2557 2556
f 2537 3532 3534
f 2535 2537 3534
f 2132 2134 3535
f 3536 2157 2708
f 3536 2708 3207
f 3536 3207 3195
f 3536 2146 2151
f 3536 2151 2157
f 3537 3195 3194
f 3537 3194 3538
f 3537 2140 2146
f 3537 3536 3195
f 3537 2146 3536
f 3539 3538 3535
f 3539 2134 2140
f 3539 3537 3538
f 3539 2140 3537
f 3539 3535 2134
f 2672 3176 3177
f 2672 3175 3176
f 2672 3173 3175
f 2672 3174 3173
f 2672 2670 3174
f 2690 3187 3189
f 2690 3185 3187
f 2690 3183 3185
f 2690 3181 3183
f 2690 3180 3181
f 2690 3179 3180
f 2690 3178 3179
f 2690 3177 3178
f 2690 2672 3177
f 3193 2690 3189
f 2674 2690 3193
f 2675 2674 3193
f 2692 3193 3192
f 2675 3193 2692
f 1794 3174 2670
f 1793 3174 1794
f 3194 2638 2639
f 3194 2637 2638
f 3194 2636 2637
f 3194 2633 2636
f 3194 2630 2633
f 3194 2631 2630
f 3538 3488 3489
f 3538 3487 3488
f 3538 3486 3487
f 3538 2639 3486
f 3538 3194 2639
f 3491 3538 3489
f 3496 3538 3491
f 3502 3538 3496
f 3535 3538 3502
f 2132 3535 3502
f 3540 2127 2132
f 3540 2132 3502
f 3541 3219 3218
f 3542 3220 3219
f 3542 3219 3541
f 3543 3221 3220
f 3543 3220 3542
f 3544 3218 3217
f 3544 3541 3218
f 3545 3222 3221
f 3545 3223 3222
f 3545 3221 3543
f 3546 3544 3217
f 3216 3546 3217
f 3547 3546 3216
f 3548 3224 3223
f 3548 3223 3545
f 3549 3216 3230
f 3549 3547 3216
f 3550 3549 3230
f 3551 3224 3548
f 3552 3230 3229
f 3552 3550 3230
f 3235 3224 3551
f 3553 3552 3229
f 3554 3235 3551
f 3228 3553 3229
f 3555 3553 3228
f 3227 3555 3228
f 3556 3555 3227
f 3226 3556 3227
f 3226 3557 3556
f 3225 3557 3226
f 3225 3558 3557
f 3233 3558 3225
f 3231 3558 3233
f 3231 3559 3558
f 3232 3559 3231
f 3232 3560 3559
f 3561 3560 3232
f 3234 3561 3232
f 3234 3235 3561
f 3561 3235 3554
f 3244 3242 3243
f 3239 3242 3244
f 3241 3242 3239
f 3245 3246 3247
f 3240 3241 3239
f 3238 3244 3245
f 3238 3239 3244
f 3236 3237 3238
f 3236 3245 3247
f 3236 3238 3245
f 3248 3249 3250
f 3248 3250 3251
f 3254 3248 3251
f 3252 3254 3251
f 3253 3254 3252
f 3256 3254 3255
f 3256 3248 3254
f 3562 3303 3302
f 3562 3563 3303
f 3564 3302 3307
f 3564 3562 3302
f 3565 3307 3312
f 3565 3564 3307
f 3566 3565 3312
f 3567 1969 3280
f 3567 1970 1969
f 3567 1971 1970
f 3568 1979 1978
f 3568 1980 1979
f 3569 1980 3568
f 3569 3568 3570
f 3571 3572 1983
f 3571 1983 1980
f 3571 1980 3569
f 3573 3280 3279
f 3574 3575 3576
f 3577 3576 3573
f 3578 3279 3286
f 3578 3573 3279
f 3578 3577 3573
f 3579 3577 3578
f 3580 3577 3579
f 3581 3579 3578
f 3582 3286 3285
f 3582 3578 3286
f 3582 3581 3578
f 3583 3581 3582
f 3584 3581 3583
f 3585 3583 3582
f 3586 3585 3582
f 3587 3586 3582
f 3587 3582 3285
f 3588 3587 3285
f 3588 3589 3590
f 3588 3285 3291
f 3591 3585 3586
f 3592 3588 3590
f 3592 3587 3588
f 3593 3586 3587
f 3593 3587 3592
f 3593 3591 3586
f 3594 3592 3590
f 3594 3593 3592
f 3594 3595 3593
f 3596 3589 3588
f 3596 3588 3291
f 3596 3296 3303
f 3596 3291 3296
f 3596 3563 3589
f 3596 3303 3563
f 3597 3598 3595
f 3597 3590 3589
f 3597 3594 3590
f 3597 3595 3594
f 3599 3600 3601
f 3599 3593 3595
f 3602 3597 3589
f 3602 3598 3597
f 3603 3600 3599
f 3603 3599 3595
f 3604 3602 3589
f 3604 3598 3602
f 3604 3589 3563
f 3604 3605 3598
f 3606 3595 3598
f 3606 3607 3600
f 3606 3603 3595
f 3606 3600 3603
f 3608 3604 3563
f 3608 3605 3604
f 3609 3606 3598
f 3609 3607 3606
f 3610 3605 3608
f 3610 3563 3562
f 3610 3608 3563
f 3610 3611 3605
f 3612 3613 3607
f 3612 3607 3609
f 3612 3609 3598
f 3612 3598 3605
f 3614 3610 3562
f 3614 3611 3610
f 3615 3613 3612
f 3615 3612 3605
f 3616 3617 3611
f 3616 3611 3614
f 3616 3614 3562
f 3616 3562 3564
f 3618 3619 3613
f 3618 3613 3615
f 3618 3615 3605
f 3618 3605 3611
f 3620 3617 3616
f 3620 3616 3564
f 3621 3619 3618
f 3621 3618 3611
f 3622 3617 3620
f 3622 3620 3564
f 3622 3623 3617
f 3622 3564 3565
f 3624 3625 3619
f 3624 3611 3617
f 3624 3621 3611
f 3624 3619 3621
f 3626 3623 3622
f 3626 3622 3565
f 3627 3625 3624
f 3627 3624 3617
f 3628 3565 3566
f 3628 3629 3623
f 3628 3623 3626
f 3628 3626 3565
f 3630 3631 3625
f 3630 3625 3627
f 3630 3627 3617
f 3630 3617 3623
f 3632 3566 3312
f 3632 3311 3315
f 3632 3312 3311
f 3632 3633 3566
f 3634 3628 3566
f 3634 3629 3628
f 3635 3631 3630
f 3635 3630 3623
f 3636 3637 3629
f 3636 3629 3634
f 3636 3566 3633
f 3636 3634 3566
f 3638 3635 3623
f 3638 3639 3631
f 3638 3631 3635
f 3638 3623 3629
f 3640 3641 3633
f 3640 3633 3632
f 3640 3315 3318
f 3640 3632 3315
f 3642 3636 3633
f 3642 3637 3636
f 3643 3639 3638
f 3643 3638 3629
f 3644 3633 3641
f 3644 3642 3633
f 3644 3637 3642
f 3644 3645 3637
f 3646 3629 3637
f 3646 3647 3639
f 3646 3643 3629
f 3646 3639 3643
f 3648 3641 3640
f 3649 3644 3641
f 3649 3645 3644
f 3649 3641 3648
f 3650 3646 3637
f 3650 3647 3646
f 3651 3640 3318
f 3651 3648 3640
f 3651 3649 3648
f 3652 3653 3647
f 3652 3647 3650
f 3652 3650 3637
f 3652 3637 3645
f 3654 3652 3645
f 3654 3653 3652
f 3655 3645 3649
f 3655 3649 3651
f 3656 3651 3318
f 3656 3318 3324
f 3657 3658 3653
f 3657 3653 3654
f 3657 3654 3645
f 3657 3645 3655
f 3659 3655 3651
f 3659 3651 3656
f 3660 3658 3657
f 3660 3657 3655
f 3661 3659 3656
f 3662 3324 3323
f 3662 3656 3324
f 3663 3661 3656
f 3663 3656 3662
f 3664 3661 3663
f 3665 3663 3662
f 3666 3323 3326
f 3666 3662 3323
f 3667 3665 3662
f 3667 3662 3666
f 3668 3665 3667
f 3669 3667 3666
f 3670 1846 1845
f 3670 1845 1847
f 3670 1847 1848
f 3670 3326 1846
f 3671 3669 3672
f 3673 3670 1848
f 3674 1848 1851
f 3674 1851 1852
f 3674 1852 1853
f 3674 3673 1848
f 3674 3675 3673
f 3676 3675 3674
f 3676 3674 1853
f 3677 3676 1853
f 3677 1858 3678
f 3677 1853 1858
f 3679 1972 1971
f 3679 1978 1972
f 3679 3568 1978
f 3679 1971 3567
f 3680 3679 3567
f 3680 3568 3679
f 3681 3567 3280
f 3682 3568 3680
f 3682 3681 3575
f 3682 3570 3568
f 3682 3680 3567
f 3682 3567 3681
f 3683 3575 3681
f 3683 3681 3280
f 3684 3575 3683
f 3684 3683 3280
f 3684 3280 3573
f 3684 3576 3575
f 3684 3573 3576
f 3685 3572 3571
f 3685 3571 3569
f 3686 3687 3572
f 3686 3572 3685
f 3686 3685 3574
f 3688 3687 3686
f 3689 3690 3687
f 3689 3688 3580
f 3689 3687 3688
f 3691 3690 3689
f 3691 3692 3690
f 3693 3692 3691
f 3693 3691 3584
f 3694 3601 3692
f 3694 3692 3693
f 3695 3591 3593
f 3695 3599 3601
f 3695 3593 3599
f 3695 3601 3694
f 3695 3694 3591
f 3696 3655 3659
f 3696 3660 3655
f 3697 3698 3658
f 3697 3658 3660
f 3697 3660 3696
f 3699 3697 3696
f 3699 3698 3697
f 3699 3696 3659
f 3700 3699 3659
f 3700 3659 3661
f 3700 3661 3664
f 3701 3698 3699
f 3701 3699 3700
f 3701 3700 3664
f 3702 3703 3698
f 3702 3698 3701
f 3702 3701 3664
f 3704 3705 3703
f 3704 3703 3702
f 3706 3666 3326
f 3706 3669 3666
f 3706 3672 3669
f 3707 3672 3706
f 3707 3706 3326
f 3708 3672 3707
f 3708 3707 3326
f 3708 3326 3670
f 3708 3670 3673
f 3708 3673 3672
f 3709 3704 3668
f 3709 3705 3704
f 3710 3678 3705
f 3710 3705 3709
f 3711 3676 3677
f 3711 3677 3678
f 3711 3710 3671
f 3711 3678 3710
f 3712 3682 3575
f 3712 3570 3682
f 3712 3685 3569
f 3712 3569 3570
f 3712 3574 3685
f 3712 3575 3574
f 3713 3686 3574
f 3713 3574 3576
f 3714 3686 3713
f 3714 3688 3686
f 3714 3576 3577
f 3714 3713 3576
f 3715 3688 3714
f 3715 3580 3688
f 3715 3577 3580
f 3715 3714 3577
f 3716 3689 3580
f 3716 3580 3579
f 3717 3689 3716
f 3717 3716 3579
f 3717 3691 3689
f 3717 3579 3581
f 3718 3581 3584
f 3718 3717 3581
f 3718 3691 3717
f 3718 3584 3691
f 3719 3584 3583
f 3719 3583 3585
f 3719 3591 3694
f 3719 3694 3693
f 3719 3693 3584
f 3719 3585 3591
f 3720 3702 3664
f 3720 3664 3663
f 3721 3720 3663
f 3721 3704 3702
f 3721 3702 3720
f 3721 3663 3665
f 3722 3704 3721
f 3722 3721 3665
f 3722 3668 3704
f 3722 3665 3668
f 3723 3668 3667
f 3723 3709 3668
f 3724 3709 3723
f 3724 3723 3667
f 3724 3710 3709
f 3724 3667 3669
f 3725 3724 3669
f 3725 3671 3710
f 3725 3710 3724
f 3725 3669 3671
f 3726 3675 3676
f 3726 3676 3711
f 3726 3711 3671
f 3726 3671 3672
f 3726 3672 3673
f 3726 3673 3675
f 3344 3330 3329
f 3343 3331 3330
f 3343 3330 3344
f 3345 3329 3328
f 3345 3344 3329
f 3342 3332 3331
f 3342 3331 3343
f 3338 3345 3328
f 3341 3333 3332
f 3341 3334 3333
f 3341 3332 3342
f 3340 3334 3341
f 3339 3328 3327
f 3339 3338 3328
f 3352 3359 3334
f 3352 3334 3340
f 3337 3339 3327
f 3351 3360 3359
f 3351 3359 3352
f 3350 3360 3351
f 3361 3360 3350
f 3349 3361 3350
f 3362 3349 3348
f 3362 3361 3349
f 3363 3348 3347
f 3363 3362 3348
f 3357 3363 3347
f 3346 3357 3347
f 3358 3357 3346
f 3353 3358 3346
f 3335 3337 3327
f 3356 3358 3353
f 3336 3337 3335
f 3355 3353 3354
f 3355 3356 3353
f 3370 3367 3369
f 3364 3371 3372
f 3368 3367 3370
f 3366 3368 3370
f 3373 3365 3364
f 3373 3364 3372
f 3371 3364 3370
f 3366 3370 3364
f 3366 3005 3004
f 3366 3004 3368
f 3012 3372 3371
f 3012 3371 3011
f 2942 3374 3381
f 2942 3381 2946
f 3378 3379 3380
f 3727 3378 3380
f 3377 3375 3376
f 3728 3377 3378
f 3728 3378 3727
f 3381 3729 3727
f 3381 3727 3380
f 3374 3728 3729
f 3374 3729 3381
f 3374 3375 3377
f 3374 3377 3728
f 3383 3384 3385
f 3383 3382 3384
f 3397 3396 3730
f 3731 3397 3730
f 3732 3398 3397
f 3732 3397 3731
f 3733 3399 3398
f 3733 3400 3399
f 3733 3398 3732
f 3734 3401 3400
f 3734 3400 3733
f 3735 3401 3734
f 3402 3401 3735
f 3736 3402 3735
f 3403 3402 3736
f 3737 3730 3396
f 3738 3403 3736
f 3395 3737 3396
f 3739 3737 3395
f 3404 3738 3740
f 3404 3403 3738
f 3405 3740 3741
f 3405 3741 3742
f 3405 3404 3740
f 3394 3743 3739
f 3394 3739 3395
f 3386 3742 3744
f 3386 3405 3742
f 3745 3386 3744
f 3393 3746 3743
f 3393 3743 3394
f 3387 3745 3747
f 3387 3386 3745
f 3392 3746 3393
f 3391 3746 3392
f 3391 3748 3746
f 3388 3387 3747
f 3388 3747 3749
f 3390 3748 3391
f 3390 3750 3748
f 3389 3388 3749
f 3389 3750 3390
f 3389 3749 3750
f 3416 3415 3414
f 3413 3411 3416
f 3412 3411 3413
f 3417 3407 3406
f 3410 3417 3416
f 3410 3416 3411
f 3408 3410 3409
f 3408 3417 3410
f 3407 3417 3408
f 3413 3416 3414
f 3418 3419 3426
f 3425 3418 3426
f 3422 3418 3425
f 3420 3418 3422
f 3421 3420 3422
f 3424 3423 3422
f 3424 3422 3425
f 3450 3460 3459
f 3449 3461 3460
f 3449 3460 3450
f 3451 3459 3458
f 3451 3450 3459
f 3448 3462 3461
f 3448 3461 3449
f 3452 3451 3458
f 3447 3463 3462
f 3447 3427 3463
f 3447 3462 3448
f 3446 3427 3447
f 3453 3458 3457
f 3453 3452 3458
f 3445 3428 3427
f 3445 3427 3446
f 3454 3453 3457
f 3444 3429 3428
f 3444 3428 3445
f 3443 3429 3444
f 3430 3429 3443
f 3442 3430 3443
f 3431 3442 3441
f 3431 3430 3442
f 3432 3441 3440
f 3432 3431 3441
f 3433 3432 3440
f 3439 3433 3440
f 3434 3433 3439
f 3438 3434 3439
f 3456 3454 3457
f 3435 3434 3438
f 3455 3454 3456
f 3436 3438 3437
f 3436 3435 3438
f 3469 3473 3472
f 3471 3469 3472
f 3470 3469 3471
f 3464 3466 3465
f 3467 3466 3464
f 3467 3464 3468
f 3468 3464 3469
f 3473 3469 3464
f 3468 3132 3131
f 3468 3131 3467
f 3140 3472 3473
f 3140 3473 3076
f 3477 3137 3064
f 3477 3064 3475
f 3480 3474 3481
f 3751 3474 3480
f 3479 3478 3476
f 3479 3751 3480
f 3752 3479 3476
f 3752 3751 3479
f 3475 3751 3753
f 3475 3474 3751
f 3477 3753 3752
f 3477 3752 3476
f 3477 3475 3753
f 3484 3482 3485
f 3484 3483 3482
f 2118 3540 3502
f 2118 2119 3540
f 2640 2118 3502
f 2644 2640 3502
f 2645 2644 3502
f 2646 2645 3502
f 3503 2646 3502
f 3514 2641 2650
f 3514 2650 3504
f 2652 3516 3517
f 2652 3515 3516
f 2652 3513 3515
f 2652 3514 3513
f 2652 2641 3514
f 2653 3524 3525
f 2653 3523 3524
f 2653 3522 3523
f 2653 3521 3522
f 2653 3520 3521
f 2653 3519 3520
f 2653 3518 3519
f 2653 3517 3518
f 2653 2652 3517
f 3526 2653 3525
f 2655 2653 3526
f 2642 2655 3526
f 3526 3150 2657
f 2642 3526 2657
f 2424 3527 2425
f 2427 2425 3527
f 2421 3527 2424
f 2429 2427 3527
f 2419 3527 2421
f 2431 2429 3527
f 2417 3527 2419
f 3529 3754 2431
f 3529 2431 3527
f 2415 3527 2417
f 3755 3754 3529
f 3756 3755 3529
f 3757 3756 3529
f 3758 3757 3529
f 3759 3758 3529
f 3760 3759 3529
f 3761 3760 3529
f 2466 2413 2411
f 2464 2413 2466
f 2464 2415 2413
f 2468 2411 2409
f 2468 2466 2411
f 2462 2415 2464
f 2462 3527 2415
f 2470 2409 2405
f 2470 2468 2409
f 2472 2405 2407
f 2472 2470 2405
f 2472 2407 3762
f 3763 2472 3762
f 3764 3762 3765
f 3764 3763 3762
f 3766 3767 3768
f 3766 3765 3767
f 3766 3764 3765
f 3769 3766 3768
f 3528 3527 2462
f 3528 2452 2450
f 3528 2454 2452
f 3528 2456 2454
f 3528 2458 2456
f 3528 2460 2458
f 3528 2462 2460
f 2449 3528 2450
f 2446 3528 2449
f 3530 3770 3771
f 3530 3772 3770
f 3530 3773 3772
f 3530 3774 3773
f 3530 3775 3774
f 3530 3528 2446
f 3530 3776 3775
f 3530 3777 3776
f 3530 2446 3777
f 3530 3761 3529
f 3530 3768 3761
f 3530 3771 3768
f 3771 3769 3768
f 2383 3531 2384
f 2386 2384 3531
f 2380 3531 2383
f 2388 2386 3531
f 2378 3531 2380
f 2390 2388 3531
f 2376 3531 2378
f 3533 3778 2390
f 3533 2390 3531
f 2374 3531 2376
f 3779 3778 3533
f 3780 3779 3533
f 3781 3780 3533
f 3782 3781 3533
f 3783 3782 3533
f 3784 3783 3533
f 3785 3784 3533
f 2341 2372 2370
f 2341 2370 2343
f 2345 2370 2368
f 2345 2343 2370
f 2339 2374 2372
f 2339 2372 2341
f 2347 2345 2368
f 2347 2368 2364
f 2349 2347 2364
f 2349 2364 2366
f 2349 2366 3786
f 3787 2349 3786
f 3788 3789 3790
f 3788 3786 3789
f 3788 3787 3786
f 3791 3788 3790
f 3792 3791 3790
f 3792 3790 3793
f 3532 2329 2327
f 3532 2331 2329
f 3532 2333 2331
f 3532 2335 2333
f 3532 2337 2335
f 3532 2339 2337
f 3532 2374 2339
f 3532 3531 2374
f 2326 3532 2327
f 2323 3532 2326
f 3534 3794 3795
f 3534 3796 3794
f 3534 3797 3796
f 3534 3798 3797
f 3534 3799 3798
f 3534 3800 3799
f 3534 3801 3800
f 3534 2323 3801
f 3534 3532 2323
f 3534 3785 3533
f 3534 3793 3785
f 3534 3795 3793
f 3795 3792 3793
f 3802 3803 3804
f 3805 2695 2698
f 3806 3804 3807
f 3808 2677 2695
f 3809 3807 3810
f 3811 2676 2677
f 3812 3810 3813
f 3814 2673 2676
f 3815 3813 3816
f 3817 2671 2673
f 3818 2668 2671
f 3818 3819 2668
f 3820 3821 3822
f 3820 2668 3819
f 3820 3819 3821
f 3823 2669 2668
f 3823 3820 2669
f 3823 2668 3820
f 3824 3822 3825
f 3824 2669 3820
f 3824 3820 3822
f 3826 2687 2669
f 3826 3824 2687
f 3826 2669 3824
f 3827 3825 3828
f 3827 3824 3825
f 3827 2687 3824
f 3829 2684 2687
f 3829 2687 3827
f 3830 2158 3831
f 3830 2159 2158
f 3830 2160 2159
f 3832 2161 2160
f 3832 2160 3830
f 3832 2157 2161
f 3833 2709 2157
f 3833 3832 3830
f 3833 3830 3831
f 3833 2157 3832
f 3834 2709 3833
f 3834 3833 3831
f 3835 3831 3836
f 3835 3834 3831
f 3835 2709 3834
f 3837 2709 3835
f 3837 3835 3836
f 3838 2705 2709
f 3838 3837 3836
f 3838 2709 3837
f 3839 3838 3836
f 3839 2705 3838
f 3840 3836 3841
f 3840 3839 3836
f 3840 2705 3839
f 3842 3840 3841
f 3842 2705 3840
f 3843 2701 2705
f 3843 2705 3842
f 3843 3842 3841
f 3844 2701 3843
f 3844 3843 3841
f 3845 3841 3846
f 3845 3844 3841
f 3845 2701 3844
f 3847 3845 3846
f 3847 2701 3845
f 3848 2702 2701
f 3848 2701 3847
f 3848 3847 3846
f 3849 2702 3848
f 3849 3848 3846
f 3850 3846 3851
f 3850 3849 3846
f 3850 2702 3849
f 3852 3850 3851
f 3852 2702 3850
f 3853 2698 2702
f 3853 2702 3852
f 3853 3852 3851
f 3854 3853 3851
f 3854 2698 3853
f 3855 3854 3851
f 3855 2698 3854
f 3855 3851 3803
f 3856 2698 3855
f 3856 3855 3803
f 3857 3856 3803
f 3857 3803 3802
f 3857 3805 2698
f 3857 3802 3805
f 3857 2698 3856
f 3858 3802 3804
f 3858 2695 3805
f 3858 3805 3802
f 3859 2695 3858
f 3859 3858 3804
f 3860 3804 3806
f 3860 3806 3808
f 3860 3808 2695
f 3860 2695 3859
f 3860 3859 3804
f 3861 3806 3807
f 3861 3808 3806
f 3861 2677 3808
f 3862 2677 3861
f 3862 3861 3807
f 3863 3809 3811
f 3863 2677 3862
f 3863 3862 3807
f 3863 3811 2677
f 3863 3807 3809
f 3864 3811 3809
f 3864 2676 3811
f 3864 3809 3810
f 3865 3864 3810
f 3865 2676 3864
f 3866 3810 3812
f 3866 3814 2676
f 3866 3865 3810
f 3866 2676 3865
f 3866 3812 3814
f 3867 3812 3813
f 3867 3814 3812
f 3868 3814 3867
f 3868 2673 3814
f 3868 3867 3813
f 3869 2673 3868
f 3869 3868 3813
f 3869 3815 3817
f 3869 3817 2673
f 3869 3813 3815
f 3870 3817 3815
f 3870 3815 3816
f 3871 3870 3816
f 3871 3817 3870
f 3871 2671 3817
f 3872 3816 3821
f 3872 3819 3818
f 3872 3821 3819
f 3872 2671 3871
f 3872 3818 2671
f 3872 3871 3816
f 3873 3827 3828
f 3873 3829 3827
f 3874 2684 3829
f 3874 3829 3873
f 3875 3873 3828
f 3875 3828 3876
f 3875 3874 3873
f 3875 2684 3874
f 3877 2684 3875
f 3877 3875 3876
f 3878 2685 2684
f 3878 2684 3877
f 3878 3877 3876
f 3879 2685 3878
f 3879 3878 3876
f 3880 2685 3879
f 3880 3876 3881
f 3880 3879 3876
f 3882 2685 3880
f 3882 3880 3881
f 3883 2682 2685
f 3883 2685 3882
f 3883 3882 3881
f 3884 2682 3883
f 3884 3883 3881
f 3885 3881 3886
f 3885 2682 3884
f 3885 3884 3881
f 3887 3885 3886
f 3887 2682 3885
f 3888 2679 2682
f 3888 2682 3887
f 3888 3887 3886
f 3889 2679 3888
f 3889 3888 3886
f 3890 3886 3891
f 3890 3889 3886
f 3890 2679 3889
f 3892 2679 3890
f 3892 3890 3891
f 3893 2679 3892
f 3893 3892 3891
f 3893 2680 2679
f 3894 3893 3891
f 3894 2680 3893
f 3895 3894 3891
f 3895 2680 3894
f 3895 3891 3896
f 3897 2680 3895
f 3897 3895 3896
f 3898 2074 2680
f 3898 2680 3897
f 3898 3897 3896
f 3899 2074 3898
f 3899 2069 2068
f 3899 3898 3896
f 3899 2068 2070
f 3899 2070 2073
f 3899 2073 2074
f 3899 3896 2069
f 3540 2128 2127
f 2129 2128 3540
f 2119 2129 3540
f 3900 3551 3548
f 3900 3901 3551
f 3902 3548 3545
f 3902 3900 3548
f 3902 3545 3543
f 3903 3543 3542
f 3903 3902 3543
f 3904 3542 3541
f 3904 3903 3542
f 3905 3904 3541
f 3544 3905 3541
f 3906 3905 3544
f 3907 3544 3546
f 3907 3906 3544
f 3547 3907 3546
f 3908 3907 3547
f 3908 3547 3549
f 3909 3549 3550
f 3909 3908 3549
f 3910 3909 3550
f 3552 3910 3550
f 3911 3910 3552
f 3553 3911 3552
f 3912 3911 3553
f 3555 3912 3553
f 3913 3912 3555
f 3556 3913 3555
f 3914 3913 3556
f 3557 3914 3556
f 3915 3914 3557
f 3558 3915 3557
f 3916 3915 3558
f 3917 3558 3559
f 3917 3916 3558
f 3918 3559 3560
f 3918 3917 3559
f 3919 3918 3560
f 3561 3919 3560
f 3561 3554 3920
f 3919 3561 3920
f 3920 3554 3551
f 3920 3551 3901
f 3601 3921 3922
f 3600 3923 3921
f 3600 3921 3601
f 3692 3922 3924
f 3692 3601 3922
f 3607 3925 3923
f 3607 3923 3600
f 3690 3692 3924
f 3690 3924 3926
f 3687 3926 3927
f 3687 3690 3926
f 3613 3928 3925
f 3613 3925 3607
f 3572 3927 3929
f 3572 3687 3927
f 3619 3928 3613
f 3619 3930 3928
f 3619 3931 3930
f 1983 3929 2755
f 1983 3572 3929
f 3625 3931 3619
f 3625 3932 3931
f 1984 1983 2755
f 1984 2753 2751
f 1984 2755 2753
f 3631 3933 3932
f 3631 3932 3625
f 2008 1984 2751
f 2749 2008 2751
f 3639 3934 3933
f 3639 3933 3631
f 2006 2008 2749
f 3647 3934 3639
f 3935 3934 3647
f 2746 2006 2749
f 2001 2006 2746
f 3653 3935 3647
f 3936 3935 3653
f 2745 2001 2746
f 3658 3936 3653
f 1954 2001 2745
f 3937 3936 3658
f 2742 1954 2745
f 1948 1954 2742
f 3698 3937 3658
f 3938 3937 3698
f 2740 1948 2742
f 1942 1948 2740
f 3703 3938 3698
f 3939 3938 3703
f 2739 1933 1942
f 2739 1942 2740
f 3705 3939 3703
f 3940 3705 3678
f 3940 3939 3705
f 2736 1923 1933
f 2736 1933 2739
f 3941 3940 3678
f 2734 1923 2736
f 2734 1917 1923
f 2711 3941 3678
f 2711 3678 1858
f 2732 1911 1917
f 2732 1917 2734
f 2712 2711 1858
f 2712 1858 1859
f 2730 1911 2732
f 2728 1911 2730
f 2728 1905 1911
f 2714 2712 1859
f 2714 1859 1990
f 2716 2714 1990
f 2716 1990 1993
f 2726 1905 2728
f 2726 1899 1905
f 2718 1993 1995
f 2718 2716 1993
f 2724 1899 2726
f 2724 1892 1899
f 2720 2718 1995
f 2720 1995 1893
f 2722 1893 1892
f 2722 1892 2724
f 2722 2720 1893
f 3942 3728 3727
f 3942 3727 3943
f 3944 3727 3729
f 3944 3943 3727
f 3942 3729 3728
f 3942 3944 3729
f 3945 3739 3743
f 3945 3946 3739
f 3947 3743 3746
f 3947 3945 3743
f 3948 3746 3748
f 3948 3947 3746
f 3949 3748 3750
f 3949 3948 3748
f 3950 3750 3749
f 3950 3949 3750
f 3951 3749 3747
f 3951 3950 3749
f 3952 3747 3745
f 3952 3951 3747
f 3953 3745 3744
f 3953 3952 3745
f 3954 3744 3742
f 3954 3953 3744
f 3955 3742 3741
f 3955 3954 3742
f 3956 3741 3740
f 3956 3955 3741
f 3957 3740 3738
f 3957 3956 3740
f 3958 3738 3736
f 3958 3957 3738
f 3959 3736 3735
f 3959 3958 3736
f 3960 3735 3734
f 3960 3959 3735
f 3961 3734 3733
f 3961 3960 3734
f 3962 3733 3732
f 3962 3961 3733
f 3963 3732 3731
f 3963 3962 3732
f 3963 3731 3730
f 3963 3730 3964
f 3964 3730 3737
f 3964 3737 3965
f 3946 3965 3737
f 3739 3946 3737
f 3752 3966 3967
f 3752 3967 3751
f 3752 3753 3968
f 3752 3968 3966
f 3968 3751 3967
f 3753 3751 3968
f 3876 3969 3970
f 3828 3971 3969
f 3828 3972 3971
f 3828 3969 3876
f 3881 3876 3970
f 3825 3972 3828
f 3973 3972 3825
f 3886 3970 3974
f 3886 3881 3970
f 3822 3973 3825
f 3891 3886 3974
f 3891 3974 3975
f 3976 3973 3822
f 3821 3976 3822
f 3896 3891 3975
f 3977 3976 3821
f 3816 3977 3821
f 2069 3896 3975
f 3978 3977 3816
f 3813 3978 3816
f 3979 3978 3813
f 3980 2079 2071
f 3980 2071 2069
f 3810 3979 3813
f 2085 2079 3980
f 3981 3979 3810
f 3807 3981 3810
f 3982 2085 3980
f 2091 2085 3982
f 3983 3981 3807
f 3804 3983 3807
f 3984 2091 3982
f 2097 2091 3984
f 3803 3983 3804
f 3985 3983 3803
f 3986 2097 3984
f 2031 2097 3986
f 3851 3985 3803
f 3987 3985 3851
f 3988 2031 3986
f 2032 2031 3988
f 3989 3987 3851
f 3989 3851 3846
f 3990 2032 3988
f 2037 2032 3990
f 3991 3989 3846
f 3991 3846 3841
f 3992 2037 3990
f 2041 2037 3992
f 3993 3841 3836
f 3993 3991 3841
f 3994 2041 3992
f 2045 2041 3994
f 3831 3993 3836
f 3995 3993 3831
f 2158 3995 3831
f 3996 2045 3994
f 2052 2045 3996
f 3997 3995 2158
f 2154 3997 2158
f 3998 2052 3996
f 2053 2052 3998
f 3999 3997 2154
f 3999 2154 2148
f 4000 2057 2053
f 4000 2053 3998
f 4001 3999 2148
f 4001 2148 2143
f 4002 2057 4000
f 4002 2061 2057
f 4003 4001 2143
f 4003 2143 2137
f 4004 2061 4002
f 4004 2065 2061
f 4005 4003 2137
f 4005 2137 2121
f 4006 2065 4004
f 4006 4005 2121
f 4006 2121 2065
f 3980 2069 3975
f 3903 3904 3905
f 3906 3903 3905
f 3902 3903 3906
f 3907 3902 3906
f 3900 3907 3908
f 3900 3902 3907
f 3909 3900 3908
f 3915 3913 3914
f 3915 3912 3913
f 3916 3911 3912
f 3916 3910 3911
f 3916 3909 3910
f 3916 3900 3909
f 3916 3912 3915
f 3917 3901 3900
f 3917 3900 3916
f 3918 3920 3901
f 3918 3901 3917
f 3919 3920 3918
f 2754 2755 3929
f 4007 3929 3927
f 4007 2754 3929
f 4008 3927 3926
f 4008 4007 3927
f 4009 3926 3924
f 4009 4008 3926
f 4010 3924 3922
f 4010 4009 3924
f 4011 3922 3921
f 4011 4010 3922
f 4012 3921 3923
f 4012 4011 3921
f 4013 3923 3925
f 4013 4012 3923
f 4014 4013 3925
f 4015 3925 3928
f 4015 3928 3930
f 4015 4014 3925
f 4016 3930 3931
f 4016 4015 3930
f 4017 3931 3932
f 4017 4016 3931
f 4018 4017 3932
f 4019 4018 3932
f 4019 3932 3933
f 4019 3933 3934
f 4020 4019 3934
f 4021 4020 3934
f 4021 3934 3935
f 4021 3935 3936
f 4022 4021 3936
f 4023 4022 3936
f 4023 3936 3937
f 4024 4023 3937
f 4024 3937 3938
f 4025 3938 3939
f 4025 3939 3940
f 4025 4024 3938
f 4026 4025 3940
f 4027 3940 3941
f 4027 4026 3940
f 2710 3941 2711
f 2710 4027 3941
f 3944 3942 3943
f 3948 3949 3950
f 3951 3948 3950
f 3947 3948 3951
f 3952 3947 3951
f 3945 3952 3953
f 3945 3947 3952
f 3954 3945 3953
f 3960 3958 3959
f 3960 3957 3958
f 3961 3956 3957
f 3961 3955 3956
f 3961 3954 3955
f 3961 3945 3954
f 3961 3957 3960
f 3962 3946 3945
f 3962 3945 3961
f 3963 3965 3946
f 3963 3946 3962
f 3964 3965 3963
f 3968 3967 3966
f 3980 3975 4028
f 4029 3980 4028
f 3982 3980 4029
f 3982 4029 4030
f 3984 4030 4031
f 3984 3982 4030
f 3986 4031 4032
f 3986 3984 4031
f 3988 4032 4033
f 3988 3986 4032
f 3990 4033 4034
f 3990 3988 4033
f 3992 3990 4034
f 3992 4034 4035
f 3994 3992 4035
f 3994 4035 4036
f 3996 3994 4036
f 3996 4036 4037
f 3998 3996 4037
f 3998 4037 4038
f 4000 3998 4038
f 4000 4038 4039
f 4002 4000 4039
f 4002 4039 4040
f 4004 4002 4040
f 4004 4040 4041
f 4006 4004 4041
f 4006 4041 4042
f 4005 4006 4042
f 4005 4042 4043
f 4003 4005 4043
f 4003 4043 4044
f 4001 4003 4044
f 4001 4044 4045
f 3999 4001 4045
f 3999 4045 4046
f 3997 3999 4046
f 3997 4046 4047
f 3995 3997 4047
f 3995 4047 4048
f 3993 4048 4049
f 3993 3995 4048
f 3991 4049 4050
f 3991 3993 4049
f 3989 4050 4051
f 3989 4051 4052
f 3989 3991 4050
f 3987 4052 4053
f 3987 3989 4052
f 3985 3987 4053
f 3983 4053 4054
f 3983 3985 4053
f 3981 4054 4055
f 3981 3983 4054
f 3979 4055 4056
f 3979 4056 4057
f 3979 3981 4055
f 3978 3979 4057
f 3977 4057 4058
f 3977 4058 4059
f 3977 3978 4057
f 3976 3977 4059
f 3973 3976 4059
f 3973 4059 4060
f 3972 3973 4060
f 3972 4060 4061
f 3972 4061 4062
f 3971 3972 4062
f 3969 3971 4062
f 3969 4062 4063
f 3970 3969 4063
f 3970 4063 4064
f 3974 3970 4064
f 3974 4064 4065
f 3975 3974 4065
f 3975 4065 4028
f 4066 4011 4012
f 4067 4010 4011
f 4067 4011 4066
f 4068 4013 4014
f 4068 4012 4013
f 4068 4066 4012
f 4069 4010 4067
f 4069 4009 4010
f 4070 4014 4015
f 4070 4068 4014
f 4071 4009 4069
f 4071 4008 4009
f 4072 4015 4016
f 4072 4070 4015
f 4073 4008 4071
f 4073 4007 4008
f 4074 4016 4017
f 4074 4072 4016
f 2795 2754 4007
f 2795 2752 2754
f 2795 4007 4073
f 4075 4017 4018
f 4075 4074 4017
f 2792 2750 2752
f 2792 2752 2795
f 4076 4018 4019
f 4076 4075 4018
f 2790 2748 2750
f 2790 2750 2792
f 4077 4019 4020
f 4077 4076 4019
f 2789 2747 2748
f 2789 2748 2790
f 4078 4020 4021
f 4078 4077 4020
f 2787 2747 2789
f 2744 2747 2787
f 4022 4078 4021
f 4079 4078 4022
f 2785 2744 2787
f 4023 4079 4022
f 2743 2744 2785
f 4080 4079 4023
f 2783 2743 2785
f 2741 2743 2783
f 4024 4080 4023
f 4024 4081 4080
f 2738 2783 2780
f 2738 2741 2783
f 4025 4082 4081
f 4025 4081 4024
f 2737 2780 2778
f 2737 2738 2780
f 4026 4083 4082
f 4026 4082 4025
f 2735 2778 2777
f 2735 2737 2778
f 4027 2757 4083
f 4027 4083 4026
f 2733 2735 2777
f 2733 2777 2775
f 2710 2757 4027
f 2731 2733 2775
f 2731 2775 2773
f 2713 2758 2757
f 2713 2757 2710
f 2729 2731 2773
f 2729 2773 2771
f 2715 2758 2713
f 2715 2760 2758
f 2727 2729 2771
f 2727 2771 2768
f 2717 2760 2715
f 2717 2763 2760
f 2725 2727 2768
f 2719 2763 2717
f 2719 2765 2763
f 2723 2725 2768
f 2723 2768 2767
f 2721 2765 2719
f 2721 2723 2767
f 2721 2767 2765
f 2806 4063 4062
f 2805 4064 4063
f 2805 4063 2806
f 2808 4062 4061
f 2808 2806 4062
f 2802 4065 4064
f 2802 4064 2805
f 2810 2808 4061
f 2810 4061 4060
f 2801 4065 2802
f 2801 4028 4065
f 2813 4060 4059
f 2813 2810 4060
f 2796 4028 2801
f 2814 4059 4058
f 2814 2813 4059
f 2798 4028 2796
f 2817 2814 4058
f 2817 4058 4057
f 4029 4028 2798
f 4029 2798 4084
f 2819 2817 4057
f 2819 4057 4056
f 4085 4029 4084
f 4030 4029 4085
f 2821 4056 4055
f 2821 2819 4056
f 4086 4030 4085
f 4054 2821 4055
f 4031 4030 4086
f 2823 2821 4054
f 4087 4031 4086
f 4053 2823 4054
f 2825 2823 4053
f 4032 4031 4087
f 4088 4032 4087
f 4052 2825 4053
f 2827 2825 4052
f 4033 4032 4088
f 4089 4033 4088
f 4051 2827 4052
f 4051 2829 2827
f 4034 4033 4089
f 4090 4034 4089
f 4050 2830 2829
f 4050 2829 4051
f 4035 4034 4090
f 4091 4035 4090
f 4049 2833 2830
f 4049 2830 4050
f 4036 4091 4092
f 4036 4035 4091
f 4048 2834 2833
f 4048 2833 4049
f 4037 4092 4093
f 4037 4036 4092
f 4047 4094 2834
f 4047 2834 4048
f 4038 4093 4095
f 4038 4037 4093
f 4046 4096 4094
f 4046 4094 4047
f 4039 4095 4097
f 4039 4038 4095
f 4045 4096 4046
f 4045 4098 4096
f 4040 4039 4097
f 4044 4098 4045
f 4044 4099 4098
f 4041 4040 4097
f 4041 4097 4100
f 4043 4099 4044
f 4043 4101 4099
f 4042 4041 4100
f 4042 4101 4043
f 4042 4100 4101
f 4102 2794 2795
f 4102 2795 4073
f 4103 4073 4071
f 4103 4102 4073
f 4104 4071 4069
f 4104 4103 4071
f 4105 4069 4067
f 4105 4104 4069
f 4106 4066 4068
f 4106 4067 4066
f 4106 4105 4067
f 4107 4068 4070
f 4107 4106 4068
f 4108 4107 4070
f 4109 4070 4072
f 4109 4108 4070
f 4110 4072 4074
f 4110 4109 4072
f 4111 4074 4075
f 4111 4110 4074
f 4112 4076 4077
f 4112 4075 4076
f 4112 4111 4075
f 4113 4112 4077
f 4114 4078 4079
f 4114 4077 4078
f 4114 4113 4077
f 4115 4114 4079
f 4116 4115 4079
f 4116 4079 4080
f 4117 4116 4080
f 4117 4081 4082
f 4117 4080 4081
f 4118 4117 4082
f 4119 4082 4083
f 4119 4118 4082
f 2756 4083 2757
f 2756 4119 4083
f 2834 4120 2835
f 4094 4121 4120
f 4094 4120 2834
f 4096 4122 4121
f 4096 4121 4094
f 4098 4123 4122
f 4098 4122 4096
f 4099 4124 4123
f 4099 4123 4098
f 4101 4125 4124
f 4101 4124 4099
f 4100 4126 4125
f 4100 4125 4101
f 4097 4127 4126
f 4097 4126 4100
f 4095 4128 4127
f 4095 4127 4097
f 4093 4129 4128
f 4093 4128 4095
f 4092 4129 4093
f 4091 4130 4129
f 4091 4129 4092
f 4090 4131 4130
f 4090 4130 4091
f 4089 4132 4131
f 4089 4131 4090
f 4088 4133 4132
f 4088 4132 4089
f 4087 4133 4088
f 4087 4134 4133
f 4087 4135 4134
f 4086 4135 4087
f 4085 4135 4086
f 4085 4136 4135
f 4084 4136 4085
f 4084 4137 4136
f 2798 4137 4084
f 2798 2797 4137
f 4138 4114 4115
f 4139 4115 4116
f 4139 4138 4115
f 4140 4113 4114
f 4140 4114 4138
f 4141 4116 4117
f 4141 4139 4116
f 4142 4112 4113
f 4142 4113 4140
f 4143 4118 4119
f 4143 4117 4118
f 4143 4141 4117
f 4144 4112 4142
f 4144 4111 4112
f 4145 4119 2756
f 4145 4143 4119
f 2198 4145 2756
f 4146 4110 4111
f 4146 4111 4144
f 2759 2198 2756
f 2200 2198 2759
f 4147 4110 4146
f 4147 4109 4110
f 2761 2200 2759
f 2254 2200 2761
f 4148 4109 4147
f 4108 4109 4148
f 2762 2254 2761
f 4149 4108 4148
f 2212 2254 2762
f 4107 4108 4149
f 2764 2212 2762
f 4150 4107 4149
f 2213 2212 2764
f 4106 4107 4150
f 2766 2213 2764
f 4151 4106 4150
f 2163 2213 2766
f 4105 4106 4151
f 2769 2163 2766
f 4152 4105 4151
f 2164 2163 2769
f 4104 4105 4152
f 2770 2164 2769
f 2166 2164 2770
f 4153 4104 4152
f 4103 4104 4153
f 4154 4103 4153
f 2772 2172 2166
f 2772 2166 2770
f 4102 4103 4154
f 2238 4102 4154
f 2774 2176 2172
f 2774 2172 2772
f 2794 2238 2236
f 2794 4102 2238
f 2776 2180 2176
f 2776 2176 2774
f 2793 2236 2232
f 2793 2794 2236
f 2779 2186 2180
f 2779 2180 2776
f 2791 2793 2232
f 2781 2186 2779
f 2781 2190 2186
f 2788 2791 2232
f 2788 2232 2228
f 2782 2194 2190
f 2782 2190 2781
f 2786 2788 2228
f 2786 2228 2223
f 2784 2194 2782
f 2784 2786 2223
f 2784 2223 2194
f 2803 2804 2807
f 2812 2807 2809
f 2812 2809 2811
f 2816 2812 2815
f 2816 2807 2812
f 4137 2797 2799
f 4137 2799 2800
f 4137 2800 2803
f 2822 2816 2818
f 2822 2818 2820
f 2822 2807 2816
f 4133 4134 4135
f 4133 4135 4136
f 4133 4136 4137
f 4133 4137 2803
f 2826 2822 2824
f 2831 2826 2828
f 2831 2803 2807
f 2831 2807 2822
f 2831 2822 2826
f 4129 4130 4131
f 4129 4131 4132
f 2835 2831 2832
f 4120 2831 2835
f 4127 4128 4129
f 4121 2831 4120
f 4121 4133 2803
f 4121 2803 2831
f 4126 4132 4133
f 4126 4127 4129
f 4126 4129 4132
f 4125 4126 4133
f 4124 4133 4121
f 4124 4121 4122
f 4124 4122 4123
f 4124 4125 4133
f 4155 4150 4149
f 4156 4157 4155
f 4156 4149 4148
f 4156 4155 4149
f 4158 4159 4160
f 4158 4157 4156
f 4158 4160 4157
f 4161 4156 4148
f 4161 4148 4147
f 4162 4163 4159
f 4162 4159 4158
f 4162 4158 4156
f 4162 4156 4161
f 4164 4147 4146
f 4164 4162 4161
f 4164 4161 4147
f 4165 4166 4163
f 4165 4162 4164
f 4165 4163 4162
f 4167 4164 4146
f 4167 4146 4144
f 4168 4164 4167
f 4168 4166 4165
f 4168 4165 4164
f 4169 4167 4144
f 4170 4171 4166
f 4170 4166 4168
f 4170 4168 4167
f 4170 4167 4169
f 4172 4169 4144
f 4172 4144 4142
f 4172 4170 4169
f 4173 4174 4171
f 4173 4170 4172
f 4173 4171 4170
f 4175 4172 4142
f 4175 4142 4140
f 4176 4177 4174
f 4176 4172 4175
f 4176 4173 4172
f 4176 4174 4173
f 4178 4140 4138
f 4178 4175 4140
f 4179 4177 4176
f 4179 4175 4178
f 4179 4176 4175
f 4180 2238 4154
f 4180 2239 2238
f 4180 2240 2239
f 4181 2322 2240
f 4181 2317 2322
f 4181 2240 4180
f 4182 2318 2317
f 4182 2317 4181
f 4182 2319 2318
f 4182 2316 2319
f 4183 4184 4185
f 4186 4152 4151
f 4187 4188 4184
f 4189 4160 4188
f 4189 4188 4190
f 4189 4157 4160
f 4191 4178 4138
f 4191 4179 4178
f 4192 4179 4191
f 4192 4193 4177
f 4192 4177 4179
f 4194 4191 4138
f 4194 4195 4191
f 4194 4138 4139
f 4196 4193 4192
f 4196 4191 4195
f 4196 4192 4191
f 4197 4198 4193
f 4199 4139 4141
f 4200 4201 4198
f 4202 4141 4143
f 4203 4204 4201
f 4205 4143 4145
f 4206 2198 2197
f 4206 2197 2199
f 4206 4145 2198
f 4207 4206 2199
f 4208 4181 4180
f 4208 4180 4154
f 4208 4182 4181
f 4209 4182 4208
f 4210 4154 4211
f 4210 4211 4212
f 4210 4209 4208
f 4210 4208 4154
f 4210 4212 4209
f 4213 4182 4209
f 4213 4209 4212
f 4214 4215 2316
f 4214 2316 4182
f 4214 4182 4213
f 4216 4213 4212
f 4216 4215 4214
f 4216 4214 4213
f 4217 4212 4211
f 4217 4211 4218
f 4217 4216 4212
f 4219 4154 4153
f 4219 4211 4154
f 4219 4218 4211
f 4220 4185 4215
f 4220 4221 4185
f 4220 4218 4221
f 4220 4215 4216
f 4220 4217 4218
f 4220 4216 4217
f 4222 4221 4218
f 4222 4223 4221
f 4222 4218 4219
f 4224 4219 4153
f 4224 4153 4225
f 4224 4225 4223
f 4224 4222 4219
f 4224 4223 4222
f 4226 4185 4221
f 4226 4221 4223
f 4227 4153 4152
f 4227 4225 4153
f 4227 4228 4225
f 4229 4223 4225
f 4229 4225 4228
f 4229 4226 4223
f 4230 4228 4227
f 4230 4183 4228
f 4230 4231 4183
f 4232 4229 4228
f 4232 4185 4226
f 4232 4183 4185
f 4232 4228 4183
f 4232 4226 4229
f 4233 4230 4227
f 4233 4231 4230
f 4233 4227 4152
f 4233 4152 4186
f 4233 4186 4231
f 4234 4186 4151
f 4234 4235 4186
f 4236 4184 4183
f 4236 4183 4231
f 4237 4236 4231
f 4237 4231 4186
f 4237 4186 4235
f 4238 4235 4234
f 4238 4187 4235
f 4238 4239 4187
f 4240 4234 4151
f 4240 4239 4238
f 4240 4238 4234
f 4241 4237 4235
f 4241 4187 4184
f 4241 4236 4237
f 4241 4184 4236
f 4241 4235 4187
f 4242 4240 4151
f 4242 4151 4150
f 4242 4239 4240
f 4242 4243 4239
f 4244 4242 4150
f 4244 4243 4242
f 4244 4150 4155
f 4245 4188 4187
f 4245 4187 4239
f 4245 4190 4188
f 4245 4239 4243
f 4245 4243 4190
f 4246 4194 4139
f 4246 4247 4194
f 4248 4193 4196
f 4248 4196 4195
f 4249 4195 4194
f 4249 4194 4247
f 4249 4248 4195
f 4250 4197 4247
f 4250 4251 4197
f 4250 4247 4246
f 4252 4246 4139
f 4252 4139 4199
f 4252 4199 4251
f 4252 4250 4246
f 4252 4251 4250
f 4253 4193 4248
f 4253 4247 4197
f 4253 4197 4193
f 4253 4248 4249
f 4253 4249 4247
f 4254 4199 4141
f 4254 4255 4199
f 4256 4198 4197
f 4256 4197 4251
f 4257 4251 4199
f 4257 4199 4255
f 4257 4256 4251
f 4258 4200 4255
f 4258 4259 4200
f 4258 4255 4254
f 4260 4254 4141
f 4260 4202 4259
f 4260 4141 4202
f 4260 4258 4254
f 4260 4259 4258
f 4261 4200 4198
f 4261 4198 4256
f 4261 4256 4257
f 4261 4255 4200
f 4261 4257 4255
f 4262 4202 4143
f 4262 4263 4202
f 4264 4201 4200
f 4264 4200 4259
f 4265 4259 4202
f 4265 4202 4263
f 4265 4264 4259
f 4266 4267 4203
f 4266 4203 4263
f 4266 4263 4262
f 4268 4262 4143
f 4268 4143 4205
f 4268 4205 4267
f 4268 4266 4262
f 4268 4267 4266
f 4269 4203 4201
f 4269 4263 4203
f 4269 4201 4264
f 4269 4265 4263
f 4269 4264 4265
f 4270 4205 4145
f 4270 4271 4205
f 4272 4204 4203
f 4272 4203 4267
f 4273 4267 4205
f 4273 4205 4271
f 4273 4272 4267
f 4274 4270 4145
f 4274 4207 4275
f 4274 4145 4206
f 4274 4206 4207
f 4276 4275 4271
f 4276 4270 4274
f 4276 4271 4270
f 4276 4274 4275
f 4277 4272 4273
f 4277 4273 4271
f 4277 4204 4272
f 4278 4277 4271
f 4278 4271 4275
f 4279 4204 4277
f 4279 4278 4275
f 4279 4277 4278
f 4280 4204 4279
f 4280 2207 4204
f 4280 4279 4275
f 4280 2203 2205
f 4280 2205 2206
f 4280 2206 2207
f 4281 4189 4190
f 4281 4155 4157
f 4281 4244 4155
f 4281 4243 4244
f 4281 4157 4189
f 4281 4190 4243
f 4282 2199 2202
f 4282 2202 2203
f 4282 4280 4275
f 4282 2203 4280
f 4282 4275 4207
f 4282 4207 2199
f 4283 2852 2316
f 4283 2316 4215
f 4284 4215 4185
f 4284 4283 4215
f 4285 4185 4184
f 4285 4284 4185
f 4286 4184 4188
f 4286 4285 4184
f 4287 4188 4160
f 4287 4286 4188
f 4288 4160 4159
f 4288 4287 4160
f 4289 4159 4163
f 4289 4288 4159
f 4290 4163 4166
f 4290 4289 4163
f 4291 4166 4171
f 4291 4290 4166
f 4292 4171 4174
f 4292 4291 4171
f 4293 4174 4177
f 4293 4292 4174
f 4294 4177 4193
f 4294 4293 4177
f 4295 4193 4198
f 4295 4294 4193
f 4296 4198 4201
f 4296 4295 4198
f 4297 4201 4204
f 4297 4296 4201
f 2837 4297 4204
f 2837 4204 2207
f 2862 4286 4287
f 2860 4285 4286
f 2860 4286 2862
f 2863 4287 4288
f 2863 2862 4287
f 2858 4284 4285
f 2858 4285 2860
f 2866 4288 4289
f 2866 2863 4288
f 2856 4283 4284
f 2856 4284 2858
f 2867 4289 4290
f 2867 2866 4289
f 2853 2852 4283
f 2853 4283 2856
f 2851 2852 2853
f 2869 4290 4291
f 2869 2867 4290
f 4298 2851 2853
f 2871 2869 4291
f 4292 2871 4291
f 2850 2851 4298
f 4299 2850 4298
f 2873 2871 4292
f 4293 2873 4292
f 2849 2850 4299
f 4300 2849 4299
f 2875 2873 4293
f 4294 2875 4293
f 2848 2849 4300
f 4301 2848 4300
f 2877 2875 4294
f 4295 2877 4294
f 2847 2848 4301
f 4302 2847 4301
f 2879 2877 4295
f 4296 2879 4295
f 2846 2847 4302
f 4303 2846 4302
f 2881 2879 4296
f 4297 2881 4296
f 2845 2846 4303
f 2845 4303 4304
f 2884 2881 4297
f 2837 2884 4297
f 2844 4304 4305
f 2844 2845 4304
f 2836 2884 2837
f 2836 4306 2884
f 2843 4305 4307
f 2843 2844 4305
f 2838 4308 4306
f 2838 4306 2836
f 2842 4307 4309
f 2842 2843 4307
f 2839 4310 4308
f 2839 4308 2838
f 2841 4309 4311
f 2841 2842 4309
f 2840 4311 4310
f 2840 2841 4311
f 2840 4310 2839
f 4306 2883 2884
f 4306 4312 2883
f 4308 4313 4312
f 4308 4312 4306
f 4310 4314 4313
f 4310 4313 4308
f 4311 4315 4314
f 4311 4314 4310
f 4309 4316 4315
f 4309 4315 4311
f 4307 4317 4316
f 4307 4316 4309
f 4305 4318 4317
f 4305 4317 4307
f 4304 4319 4318
f 4304 4318 4305
f 4303 4320 4319
f 4303 4319 4304
f 4302 4321 4320
f 4302 4320 4303
f 4301 4322 4321
f 4301 4323 4322
f 4301 4321 4302
f 4300 4323 4301
f 4299 4324 4323
f 4299 4325 4324
f 4299 4323 4300
f 4298 4325 4299
f 2853 2855 4325
f 2853 4325 4298
f 2865 2861 2864
f 2854 2857 2859
f 2872 2859 2861
f 2872 2865 2868
f 2872 2868 2870
f 2872 2861 2865
f 2872 2854 2859
f 4324 4325 2855
f 4324 2855 2854
f 4322 4323 4324
f 2878 2872 2874
f 2878 2874 2876
f 2880 2872 2878
f 4319 4320 4321
f 4319 4321 4322
f 2883 2880 2882
f 4317 4318 4319
f 4317 4324 2854
f 4317 4322 4324
f 4317 4319 4322
f 4313 2883 4312
f 4313 2880 2883
f 4316 2854 2872
f 4316 2872 2880
f 4316 4317 2854
f 4315 4313 4314
f 4315 4316 2880
f 4315 2880 4313
f 4326 2475 4327
f 4328 2473 4329
f 4328 4329 4330
f 4328 4330 4331
f 4328 2475 2473
f 4328 4327 2475
f 4332 2475 4326
f 4333 4331 4334
f 4333 4334 4335
f 4333 4327 4328
f 4333 4326 4327
f 4333 4328 4331
f 4336 2475 2475
f 4336 2475 4332
f 4337 4335 4338
f 4337 4338 4339
f 4337 4326 4333
f 4337 4332 4326
f 4337 4333 4335
f 4337 4336 4332
f 4340 2475 4336
f 4341 4339 4342
f 4341 4336 4337
f 4341 4337 4339
f 4343 2475 4340
f 4344 4342 4345
f 4344 4345 4346
f 4344 4341 4342
f 4344 4340 4336
f 4344 4336 4341
f 4347 4346 4348
f 4347 4348 4349
f 4347 4349 2448
f 4347 2448 2475
f 4347 4344 4346
f 4347 2475 4343
f 4347 4343 4340
f 4347 4340 4344
f 2472 4329 2473
f 3763 4329 2472
f 3764 4330 4329
f 3764 4329 3763
f 3766 4331 4330
f 3766 4330 3764
f 3769 4334 4331
f 3769 4335 4334
f 3769 4331 3766
f 3771 4335 3769
f 3770 4338 4335
f 3770 4335 3771
f 3772 4339 4338
f 3772 4338 3770
f 3773 4342 4339
f 3773 4345 4342
f 3773 4339 3772
f 3774 4345 3773
f 3775 4346 4345
f 3775 4345 3774
f 3776 4348 4346
f 3776 4346 3775
f 3777 4349 4348
f 3777 4348 3776
f 2446 2448 4349
f 2446 4349 3777
f 4350 2434 4351
f 4352 2432 4353
f 4352 4353 4354
f 4352 4354 4355
f 4352 2434 2432
f 4352 4351 2434
f 4356 2434 4350
f 4357 4355 4358
f 4357 4358 4359
f 4357 4351 4352
f 4357 4350 4351
f 4357 4352 4355
f 4360 2434 2434
f 4360 2434 4356
f 4361 4359 4362
f 4361 4362 4363
f 4361 4350 4357
f 4361 4356 4350
f 4361 4357 4359
f 4364 2434 4360
f 4365 4363 4366
f 4365 4356 4361
f 4365 4360 4356
f 4365 4361 4363
f 4365 4364 4360
f 4367 2434 4364
f 4368 4366 4369
f 4368 4369 4370
f 4368 4365 4366
f 4368 4364 4365
f 4371 4370 4372
f 4371 4372 4373
f 4371 4373 2406
f 4371 2406 2434
f 4371 4368 4370
f 4371 2434 4367
f 4371 4367 4364
f 4371 4364 4368
f 3754 2432 2431
f 3754 4353 2432
f 3755 4354 4353
f 3755 4353 3754
f 3756 4355 4354
f 3756 4358 4355
f 3756 4354 3755
f 3757 4358 3756
f 3758 4359 4358
f 3758 4358 3757
f 3759 4362 4359
f 3759 4359 3758
f 3760 4363 4362
f 3760 4366 4363
f 3760 4362 3759
f 3761 4366 3760
f 3768 4369 4366
f 3768 4366 3761
f 3767 4370 4369
f 3767 4369 3768
f 3765 4372 4370
f 3765 4370 3767
f 3762 4373 4372
f 3762 4372 3765
f 2407 2406 4373
f 2407 4373 3762
f 4374 2393 4375
f 4376 2391 4377
f 4376 4377 4378
f 4376 4378 4379
f 4376 2393 2391
f 4376 4375 2393
f 4380 2393 4374
f 4381 4379 4382
f 4381 4382 4383
f 4381 4375 4376
f 4381 4374 4375
f 4381 4376 4379
f 4384 2393 2393
f 4384 2393 4380
f 4385 4383 4386
f 4385 4386 4387
f 4385 4374 4381
f 4385 4380 4374
f 4385 4381 4383
f 4388 2393 4384
f 4389 4387 4390
f 4389 4380 4385
f 4389 4384 4380
f 4389 4385 4387
f 4391 2393 4388
f 4392 4390 4393
f 4392 4393 4394
f 4392 4389 4390
f 4392 4388 4384
f 4392 4384 4389
f 4392 4391 4388
f 4395 4394 4396
f 4395 4396 4397
f 4395 4397 2365
f 4395 2365 2393
f 4395 4391 4392
f 4395 4392 4394
f 4395 2393 4391
f 3778 2391 2390
f 3778 4377 2391
f 3779 4378 4377
f 3779 4377 3778
f 3780 4379 4378
f 3780 4382 4379
f 3780 4378 3779
f 3781 4382 3780
f 3782 4383 4382
f 3782 4382 3781
f 3783 4386 4383
f 3783 4383 3782
f 3784 4387 4386
f 3784 4390 4387
f 3784 4386 3783
f 3785 4390 3784
f 3793 4393 4390
f 3793 4390 3785
f 3790 4394 4393
f 3790 4393 3793
f 3789 4396 4394
f 3789 4394 3790
f 3786 4397 4396
f 3786 4396 3789
f 2366 2365 4397
f 2366 4397 3786
f 4398 2352 4399
f 4400 2350 4401
f 4400 4401 4402
f 4400 4402 4403
f 4400 2352 2350
f 4400 4399 2352
f 4404 2352 4398
f 4405 4403 4406
f 4405 4406 4407
f 4405 4399 4400
f 4405 4398 4399
f 4405 4400 4403
f 4408 2352 2352
f 4408 2352 4404
f 4409 4407 4410
f 4409 4398 4405
f 4409 4404 4398
f 4409 4405 4407
f 4411 2352 4408
f 4412 4410 4413
f 4412 4413 4414
f 4412 4404 4409
f 4412 4408 4404
f 4412 4409 4410
f 4412 4411 4408
f 4415 2352 4411
f 4416 4414 4417
f 4416 4417 4418
f 4416 4412 4414
f 4416 4411 4412
f 4419 4418 4420
f 4419 4420 4421
f 4419 4421 2325
f 4419 2325 2352
f 4419 4416 4418
f 4419 2352 4415
f 4419 4415 4411
f 4419 4411 4416
f 2349 4401 2350
f 3787 4401 2349
f 3788 4402 4401
f 3788 4401 3787
f 3791 4403 4402
f 3791 4402 3788
f 3792 4406 4403
f 3792 4407 4406
f 3792 4403 3791
f 3795 4407 3792
f 3794 4410 4407
f 3794 4407 3795
f 3796 4413 4410
f 3796 4410 3794
f 3797 4414 4413
f 3797 4417 4414
f 3797 4413 3796
f 3798 4417 3797
f 3799 4418 4417
f 3799 4417 3798
f 3800 4420 4418
f 3800 4418 3799
f 3801 4421 4420
f 3801 4420 3800
f 2323 2325 4421
f 2323 4421 3801
f 4422 4423 4424
f 4422 4425 4423
f 4426 4427 4428
f 4429 4425 4422
f 4429 4422 4430
f 4429 4431 4425
f 4429 4432 4431
f 4433 4434 4435
f 4436 4434 4433
f 4436 4437 4434
f 4436 4428 4437
f 4436 4426 4428
f 4438 4429 4430
f 4439 4436 4433
f 4440 4438 4430
f 4441 4442 4443
f 4444 4441 4443
f 4445 4446 4447
f 4448 4444 4443
f 4449 4446 4445
f 4449 4445 4450
f 4449 4451 4446
f 4449 4452 4451
f 4449 4440 4452
f 4453 4448 4443
f 4453 4443 4454
f 4453 4455 4448
f 4456 4438 4440
f 4456 4440 4449
f 4457 4436 4439
f 4457 4453 4454
f 4457 4439 4458
f 4457 4454 4436
f 4459 4438 4456
f 4459 4460 4461
f 4459 4456 4460
f 4459 4457 4458
f 4459 4462 4438
f 4459 4458 4462
f 4463 4464 4465
f 4466 4467 4468
f 4466 4469 4467
f 4470 4469 4466
f 4471 4472 4463
f 4471 4473 4472
f 4471 4463 4465
f 4474 4470 4475
f 4476 4471 4465
f 4477 4469 4470
f 4477 4459 4469
f 4477 4470 4474
f 4478 4465 4479
f 4478 4476 4465
f 4480 4478 4479
f 4481 4482 4457
f 4481 4483 4482
f 4481 4459 4484
f 4481 4457 4459
f 4485 4483 4481
f 4485 4479 4483
f 4485 4480 4479
f 4486 4484 4459
f 4486 4459 4477
f 4487 4484 4486
f 4488 4480 4489
f 4488 4478 4480
f 4490 4491 4488
f 4490 4488 4489
f 4490 4489 4492
f 4493 4486 4494
f 4495 4496 4491
f 4497 4491 4490
f 4497 4495 4491
f 4498 4499 4500
f 4501 4487 4486
f 4501 4500 4487
f 4501 4486 4493
f 4501 4498 4500
f 4453 4502 4503
f 4457 4502 4453
f 4504 4454 4443
f 4505 4443 4442
f 4505 4504 4443
f 4506 4442 4441
f 4506 4505 4442
f 4507 4441 4444
f 4507 4506 4441
f 4508 4444 4448
f 4508 4507 4444
f 4509 4508 4448
f 4510 4448 4455
f 4510 4455 4453
f 4510 4509 4448
f 4503 4510 4453
f 4436 4454 4504
f 4436 4504 4511
f 4512 4433 4435
f 4513 4435 4434
f 4513 4512 4435
f 4514 4434 4437
f 4514 4513 4434
f 4515 4514 4437
f 4516 4437 4428
f 4516 4515 4437
f 4517 4428 4427
f 4517 4427 4426
f 4517 4516 4428
f 4518 4426 4436
f 4518 4517 4426
f 4511 4518 4436
f 4433 4519 4439
f 4433 4512 4519
f 4458 4519 4520
f 4458 4439 4519
f 4462 4520 4521
f 4462 4458 4520
f 4438 4521 4522
f 4438 4462 4521
f 4438 4522 4523
f 4438 4523 4429
f 4524 4430 4422
f 4524 4525 4430
f 4526 4422 4424
f 4526 4424 4423
f 4526 4524 4422
f 4527 4526 4423
f 4528 4423 4425
f 4528 4527 4423
f 4529 4425 4431
f 4529 4431 4432
f 4529 4528 4425
f 4530 4529 4432
f 4523 4432 4429
f 4523 4530 4432
f 4430 4531 4440
f 4430 4525 4531
f 4532 4449 4450
f 4533 4450 4445
f 4533 4532 4450
f 4534 4445 4447
f 4534 4533 4445
f 4535 4447 4446
f 4535 4534 4447
f 4536 4446 4451
f 4536 4535 4446
f 4537 4536 4451
f 4538 4451 4452
f 4538 4537 4451
f 4531 4452 4440
f 4531 4538 4452
f 4449 4539 4456
f 4449 4532 4539
f 4460 4539 4540
f 4460 4456 4539
f 4461 4540 4541
f 4461 4460 4540
f 4459 4541 4542
f 4459 4461 4541
f 4469 4542 4543
f 4469 4459 4542
f 4544 4477 4474
f 4544 4545 4477
f 4546 4474 4475
f 4546 4544 4474
f 4547 4475 4470
f 4547 4546 4475
f 4548 4470 4466
f 4548 4547 4470
f 4549 4466 4468
f 4549 4548 4466
f 4550 4468 4467
f 4550 4549 4468
f 4543 4467 4469
f 4543 4550 4467
f 4545 4486 4477
f 4545 4551 4486
f 4552 4487 4500
f 4552 4500 4499
f 4552 4553 4487
f 4554 4499 4498
f 4554 4552 4499
f 4555 4498 4501
f 4555 4554 4498
f 4556 4501 4493
f 4556 4555 4501
f 4557 4493 4494
f 4557 4556 4493
f 4558 4494 4486
f 4558 4557 4494
f 4551 4558 4486
f 4487 4559 4484
f 4487 4553 4559
f 4484 4559 4560
f 4481 4560 4561
f 4481 4484 4560
f 4485 4481 4561
f 4480 4561 4562
f 4480 4485 4561
f 4562 4489 4480
f 4562 4563 4489
f 4564 4488 4491
f 4564 4565 4488
f 4566 4491 4496
f 4566 4496 4495
f 4566 4564 4491
f 4567 4566 4495
f 4568 4495 4497
f 4568 4567 4495
f 4569 4497 4490
f 4569 4490 4492
f 4569 4568 4497
f 4570 4569 4492
f 4563 4492 4489
f 4563 4570 4492
f 4488 4565 4571
f 4488 4571 4478
f 4572 4465 4464
f 4572 4464 4463
f 4572 4573 4465
f 4574 4463 4472
f 4574 4572 4463
f 4575 4472 4473
f 4575 4574 4472
f 4576 4473 4471
f 4576 4575 4473
f 4577 4471 4476
f 4577 4576 4471
f 4578 4476 4478
f 4578 4577 4476
f 4571 4578 4478
f 4465 4579 4479
f 4465 4573 4579
f 4483 4579 4580
f 4483 4479 4579
f 4482 4580 4581
f 4482 4483 4580
f 4457 4581 4502
f 4457 4482 4581
f 4529 4527 4528
f 4530 4527 4529
f 4524 4527 4530
f 4524 4526 4527
f 4512 4517 4518
f 4512 4516 4517
f 4512 4515 4516
f 4512 4514 4515
f 4512 4513 4514
f 4511 4512 4518
f 4525 4530 4523
f 4525 4524 4530
f 4522 4525 4523
f 4519 4512 4511
f 4531 4525 4522
f 4537 4538 4531
f 4506 4504 4505
f 4508 4506 4507
f 4508 4504 4506
f 4534 4536 4537
f 4534 4535 4536
f 4532 4534 4537
f 4532 4537 4531
f 4532 4533 4534
f 4503 4509 4510
f 4503 4508 4509
f 4503 4504 4508
f 4539 4531 4522
f 4539 4532 4531
f 4502 4511 4504
f 4502 4519 4511
f 4502 4504 4503
f 4581 4519 4502
f 4581 4520 4519
f 4581 4521 4520
f 4580 4539 4522
f 4580 4521 4581
f 4580 4522 4521
f 4574 4573 4572
f 4546 4548 4549
f 4546 4547 4548
f 4544 4550 4543
f 4544 4549 4550
f 4544 4546 4549
f 4545 4543 4542
f 4545 4544 4543
f 4571 4579 4573
f 4571 4577 4578
f 4571 4576 4577
f 4571 4575 4576
f 4571 4574 4575
f 4571 4573 4574
f 4562 4580 4579
f 4562 4540 4539
f 4562 4541 4540
f 4562 4539 4580
f 4562 4579 4571
f 4560 4559 4542
f 4560 4542 4541
f 4561 4541 4562
f 4561 4560 4541
f 4551 4542 4559
f 4551 4559 4553
f 4551 4545 4542
f 4565 4562 4571
f 4563 4562 4565
f 4570 4563 4565
f 4567 4570 4565
f 4567 4569 4570
f 4567 4568 4569
f 4567 4564 4566
f 4567 4565 4564
f 4556 4558 4551
f 4556 4557 4558
f 4555 4551 4553
f 4555 4556 4551
f 4555 4552 4554
f 4555 4553 4552
f 4582 4583 4584
f 4585 4582 4584
f 4586 4587 4588
f 4586 4589 4587
f 4586 4590 4589
f 4586 4584 4590
f 4591 4592 4585
f 4593 4594 4591
f 4593 4584 4586
f 4593 4585 4584
f 4593 4591 4585
f 4595 4596 4597
f 4595 4586 4596
f 4595 4593 4586
f 4598 4594 4593
f 4599 4593 4595
f 4599 4598 4593
f 4600 4599 4595
f 4601 4595 4597
f 4601 4600 4595
f 4594 4602 4591
f 4598 4602 4594
f 4603 4582 4585
f 4603 4604 4582
f 4605 4585 4592
f 4605 4603 4585
f 4602 4592 4591
f 4602 4605 4592
f 4582 4604 4606
f 4582 4606 4583
f 4607 4589 4590
f 4608 4590 4584
f 4608 4607 4590
f 4609 4584 4583
f 4609 4608 4584
f 4606 4609 4583
f 4589 4610 4587
f 4607 4610 4589
f 4611 4596 4586
f 4611 4612 4596
f 4613 4586 4588
f 4613 4611 4586
f 4610 4588 4587
f 4610 4613 4588
f 4601 4597 4596
f 4601 4596 4612
f 4607 4608 4609
f 4611 4613 4610
f 4611 4610 4607
f 4605 4604 4603
f 4612 4607 4609
f 4612 4611 4607
f 4602 4606 4604
f 4602 4609 4606
f 4602 4604 4605
f 4600 4602 4598
f 4600 4598 4599
f 4600 4601 4612
f 4600 4612 4609
f 4600 4609 4602
f 4524 4527 4526
f 4524 4528 4527
f 4518 4517 4516
f 4523 4528 4524
f 4523 4524 4525
f 4523 4529 4528
f 4523 4530 4529
f 4512 4514 4513
f 4511 4514 4512
f 4511 4515 4514
f 4511 4516 4515
f 4511 4518 4516
f 4522 4523 4525
f 4519 4511 4512
f 4519 4520 4521
f 4531 4522 4525
f 4507 4506 4505
f 4508 4507 4505
f 4534 4536 4535
f 4509 4508 4505
f 4532 4536 4534
f 4532 4534 4533
f 4532 4537 4536
f 4532 4538 4537
f 4532 4531 4538
f 4503 4509 4505
f 4503 4505 4504
f 4503 4510 4509
f 4539 4522 4531
f 4539 4531 4532
f 4502 4511 4519
f 4502 4503 4504
f 4502 4504 4511
f 4581 4502 4519
f 4541 4539 4540
f 4541 4522 4539
f 4541 4521 4522
f 4542 4521 4541
f 4579 4580 4581
f 4579 4581 4519
f 4579 4519 4521
f 4574 4572 4573
f 4548 4550 4549
f 4548 4543 4550
f 4547 4543 4548
f 4577 4575 4574
f 4577 4576 4575
f 4577 4574 4573
f 4544 4547 4546
f 4578 4577 4573
f 4545 4543 4547
f 4545 4542 4543
f 4545 4547 4544
f 4571 4573 4579
f 4571 4578 4573
f 4562 4571 4579
f 4561 4562 4579
f 4560 4561 4579
f 4560 4542 4559
f 4560 4579 4521
f 4560 4521 4542
f 4551 4559 4542
f 4551 4542 4545
f 4553 4559 4551
f 4565 4571 4562
f 4565 4562 4563
f 4569 4564 4565
f 4569 4565 4563
f 4569 4563 4570
f 4557 4551 4558
f 4567 4566 4564
f 4568 4564 4569
f 4568 4567 4564
f 4555 4554 4552
f 4556 4553 4551
f 4556 4552 4553
f 4556 4551 4557
f 4556 4555 4552
f 4503 4614 4615
f 4502 4614 4503
f 4616 4504 4505
f 4617 4505 4506
f 4617 4616 4505
f 4618 4506 4507
f 4618 4617 4506
f 4619 4507 4508
f 4619 4618 4507
f 4620 4508 4509
f 4620 4619 4508
f 4621 4509 4510
f 4621 4620 4509
f 4622 4621 4510
f 4615 4510 4503
f 4615 4622 4510
f 4511 4504 4616
f 4511 4616 4623
f 4624 4512 4513
f 4625 4513 4514
f 4625 4624 4513
f 4626 4514 4515
f 4626 4625 4514
f 4627 4626 4515
f 4628 4515 4516
f 4628 4516 4517
f 4628 4627 4515
f 4629 4628 4517
f 4630 4517 4518
f 4630 4629 4517
f 4623 4518 4511
f 4623 4630 4518
f 4512 4631 4519
f 4512 4624 4631
f 4520 4631 4632
f 4520 4519 4631
f 4521 4632 4633
f 4521 4633 4634
f 4521 4520 4632
f 4522 4521 4634
f 4523 4634 4635
f 4523 4522 4634
f 4636 4637 4525
f 4636 4525 4524
f 4638 4524 4526
f 4638 4636 4524
f 4639 4526 4527
f 4639 4638 4526
f 4640 4527 4528
f 4640 4528 4529
f 4640 4639 4527
f 4641 4640 4529
f 4642 4529 4530
f 4642 4530 4523
f 4642 4641 4529
f 4635 4642 4523
f 4643 4637 4644
f 4525 4637 4643
f 4645 4525 4643
f 4646 4643 4644
f 4531 4647 4646
f 4525 4647 4531
f 4525 4645 4647
f 4531 4646 4644
f 4648 4532 4533
f 4649 4533 4534
f 4649 4648 4533
f 4650 4534 4535
f 4650 4649 4534
f 4651 4535 4536
f 4651 4650 4535
f 4652 4536 4537
f 4652 4651 4536
f 4653 4652 4537
f 4654 4537 4538
f 4654 4653 4537
f 4644 4538 4531
f 4644 4654 4538
f 4648 4539 4532
f 4648 4655 4539
f 4540 4655 4656
f 4540 4539 4655
f 4541 4656 4657
f 4541 4540 4656
f 4542 4657 4658
f 4542 4541 4657
f 4543 4658 4659
f 4542 4658 4543
f 4660 4661 4545
f 4660 4545 4544
f 4662 4544 4546
f 4662 4660 4544
f 4663 4546 4547
f 4663 4662 4546
f 4664 4547 4548
f 4664 4663 4547
f 4665 4548 4549
f 4665 4664 4548
f 4666 4549 4550
f 4666 4665 4549
f 4659 4550 4543
f 4659 4666 4550
f 4667 4551 4545
f 4661 4667 4545
f 4668 4553 4552
f 4669 4552 4554
f 4669 4668 4552
f 4670 4554 4555
f 4670 4669 4554
f 4671 4555 4556
f 4671 4670 4555
f 4672 4556 4557
f 4672 4671 4556
f 4673 4557 4558
f 4673 4672 4557
f 4674 4558 4551
f 4674 4673 4558
f 4667 4674 4551
f 4668 4559 4553
f 4668 4675 4559
f 4560 4675 4676
f 4560 4559 4675
f 4561 4676 4677
f 4561 4677 4678
f 4561 4560 4676
f 4562 4561 4678
f 4678 4563 4562
f 4678 4679 4563
f 4680 4681 4565
f 4680 4565 4564
f 4682 4564 4566
f 4682 4680 4564
f 4683 4566 4567
f 4683 4682 4566
f 4684 4567 4568
f 4684 4568 4569
f 4684 4683 4567
f 4685 4684 4569
f 4686 4569 4570
f 4686 4570 4563
f 4686 4685 4569
f 4679 4686 4563
f 4681 4571 4565
f 4681 4687 4571
f 4688 4689 4573
f 4688 4573 4572
f 4688 4572 4574
f 4690 4574 4575
f 4690 4688 4574
f 4691 4575 4576
f 4691 4690 4575
f 4692 4576 4577
f 4692 4691 4576
f 4693 4577 4578
f 4693 4692 4577
f 4694 4693 4578
f 4687 4578 4571
f 4687 4694 4578
f 4573 4689 4695
f 4579 4573 4695
f 4580 4695 4696
f 4580 4579 4695
f 4581 4696 4697
f 4581 4580 4696
f 4502 4697 4614
f 4502 4581 4697
f 4626 4627 4628
f 4625 4628 4629
f 4625 4626 4628
f 4636 4640 4641
f 4636 4639 4640
f 4636 4638 4639
f 4623 4629 4630
f 4623 4624 4625
f 4623 4625 4629
f 4637 4636 4641
f 4637 4642 4635
f 4637 4641 4642
f 4634 4637 4635
f 4631 4624 4623
f 4698 4632 4631
f 4699 4632 4698
f 4699 4633 4632
f 4699 4634 4633
f 4700 4637 4634
f 4700 4634 4699
f 4701 4631 4623
f 4701 4698 4631
f 4644 4637 4700
f 4653 4654 4644
f 4618 4616 4617
f 4620 4618 4619
f 4620 4616 4618
f 4650 4652 4653
f 4650 4651 4652
f 4648 4650 4653
f 4648 4653 4644
f 4648 4649 4650
f 4615 4621 4622
f 4615 4620 4621
f 4615 4616 4620
f 4702 4623 4616
f 4702 4701 4623
f 4703 4644 4700
f 4655 4648 4644
f 4655 4644 4703
f 4614 4702 4616
f 4614 4616 4615
f 4704 4655 4703
f 4705 4702 4614
f 4656 4655 4704
f 4697 4705 4614
f 4696 4705 4697
f 4706 4657 4656
f 4706 4656 4704
f 4707 4705 4696
f 4695 4707 4696
f 4658 4657 4706
f 4708 4658 4706
f 4709 4707 4695
f 4690 4689 4688
f 4662 4664 4665
f 4662 4663 4664
f 4660 4662 4665
f 4660 4666 4659
f 4660 4665 4666
f 4661 4658 4708
f 4661 4660 4659
f 4661 4659 4658
f 4687 4695 4689
f 4687 4693 4694
f 4687 4692 4693
f 4687 4691 4692
f 4687 4690 4691
f 4687 4689 4690
f 4687 4709 4695
f 4710 4661 4708
f 4710 4708 4711
f 4712 4711 4708
f 4712 4713 4714
f 4712 4714 4711
f 4715 4709 4687
f 4678 4716 4715
f 4675 4712 4717
f 4676 4675 4717
f 4677 4716 4678
f 4677 4676 4717
f 4677 4717 4716
f 4667 4675 4668
f 4667 4713 4712
f 4667 4712 4675
f 4681 4715 4687
f 4681 4678 4715
f 4679 4678 4681
f 4686 4679 4681
f 4683 4685 4686
f 4683 4684 4685
f 4683 4680 4682
f 4683 4681 4680
f 4683 4686 4681
f 4672 4674 4667
f 4672 4673 4674
f 4671 4669 4670
f 4671 4668 4669
f 4671 4667 4668
f 4671 4672 4667
f 4667 4661 4710
f 4667 4710 4713
f 4647 4718 4719
f 4647 4645 4718
f 4719 4646 4647
f 4719 4720 4646
f 4646 4721 4643
f 4720 4721 4646
f 4645 4721 4718
f 4645 4643 4721
f 4722 4723 4724
f 4714 4722 4724
f 4725 4722 4714
f 4713 4725 4714
f 4726 4727 4728
f 4711 4729 4710
f 4711 4726 4729
f 4711 4727 4726
f 4714 4724 4727
f 4711 4714 4727
f 4717 4730 4731
f 4717 4712 4730
f 4716 4731 4732
f 4716 4717 4731
f 4715 4732 4733
f 4715 4716 4732
f 4734 4730 4712
f 4735 4734 4708
f 4708 4734 4712
f 4704 4736 4737
f 4704 4703 4736
f 4706 4737 4738
f 4706 4704 4737
f 4708 4738 4735
f 4708 4706 4738
f 4700 4739 4740
f 4703 4741 4736
f 4703 4740 4741
f 4703 4700 4740
f 4698 4742 4743
f 4698 4701 4742
f 4699 4743 4744
f 4699 4698 4743
f 4700 4744 4739
f 4700 4699 4744
f 4745 4702 4746
f 4701 4745 4742
f 4702 4745 4701
f 4707 4747 4748
f 4707 4709 4747
f 4705 4748 4749
f 4705 4707 4748
f 4702 4749 4746
f 4702 4705 4749
f 4750 4747 4709
f 4733 4750 4715
f 4715 4750 4709
f 4720 4719 4718
f 4720 4718 4721
f 4725 4713 4710
f 4729 4725 4710
f 4722 4725 4729
f 4722 4729 4726
f 4723 4726 4728
f 4723 4722 4726
f 4728 4727 4724
f 4723 4728 4724
f 4733 4751 4752
f 4733 4752 4753
f 4730 4754 4755
f 4730 4755 4756
f 4731 4730 4756
f 4732 4756 4751
f 4732 4751 4733
f 4732 4731 4756
f 4730 4734 4754
f 4750 4733 4753
f 4736 4741 4757
f 4758 4737 4736
f 4758 4736 4757
f 4738 4737 4758
f 4759 4738 4758
f 4735 4738 4759
f 4760 4735 4759
f 4761 4735 4760
f 4734 4735 4761
f 4762 4744 4743
f 4762 4739 4744
f 4763 4743 4742
f 4763 4762 4743
f 4764 4740 4739
f 4764 4739 4762
f 4765 4763 4742
f 4766 4765 4742
f 4745 4766 4742
f 4741 4767 4768
f 4741 4740 4767
f 4746 4769 4770
f 4746 4770 4745
f 4771 4769 4746
f 4749 4771 4746
f 4772 4749 4748
f 4772 4771 4749
f 4747 4772 4748
f 4773 4772 4747
f 4774 4773 4747
f 4750 4774 4747
f 4758 4775 4776
f 4758 4757 4775
f 4759 4776 4777
f 4759 4758 4776
f 4760 4777 4778
f 4760 4759 4777
f 4761 4778 4779
f 4761 4760 4778
f 4734 4779 4780
f 4734 4761 4779
f 4754 4780 4781
f 4754 4734 4780
f 4755 4781 4782
f 4755 4754 4781
f 4756 4782 4783
f 4756 4755 4782
f 4751 4783 4784
f 4751 4756 4783
f 4752 4784 4785
f 4752 4751 4784
f 4753 4785 4786
f 4753 4752 4785
f 4750 4753 4786
f 4774 4750 4786
f 4774 4786 4787
f 4773 4774 4787
f 4773 4787 4788
f 4772 4773 4788
f 4772 4788 4789
f 4771 4789 4790
f 4771 4772 4789
f 4769 4771 4790
f 4769 4790 4791
f 4770 4791 4792
f 4770 4769 4791
f 4745 4792 4793
f 4745 4770 4792
f 4766 4793 4794
f 4766 4745 4793
f 4765 4794 4795
f 4765 4766 4794
f 4763 4795 4796
f 4763 4765 4795
f 4762 4796 4797
f 4762 4763 4796
f 4764 4762 4797
f 4741 4775 4757
f 4741 4798 4775
f 4768 4798 4741
f 4740 4799 4767
f 4740 4797 4799
f 4764 4797 4740
f 4798 4767 4799
f 4768 4767 4798
f 4797 4796 4795
f 4775 4798 4799
f 4775 4799 4797
f 4775 4793 4792
f 4775 4794 4793
f 4775 4795 4794
f 4775 4797 4795
f 4777 4776 4775
f 4778 4775 4792
f 4778 4777 4775
f 4787 4789 4788
f 4787 4790 4789
f 4779 4778 4792
f 4786 4791 4790
f 4786 4790 4787
f 4781 4780 4779
f 4781 4792 4791
f 4781 4779 4792
f 4783 4782 4781
f 4783 4785 4784
f 4783 4786 4785
f 4783 4791 4786
f 4783 4781 4791
f 4800 4801 4802
f 4800 4803 4801
f 4804 4805 4806
f 4807 4803 4800
f 4807 4800 4808
f 4807 4809 4803
f 4807 4810 4809
f 4811 4812 4813
f 4814 4812 4811
f 4814 4815 4812
f 4814 4806 4815
f 4814 4804 4806
f 4816 4807 4808
f 4817 4814 4811
f 4818 4816 4808
f 4819 4820 4821
f 4822 4819 4821
f 4823 4824 4825
f 4826 4822 4821
f 4827 4824 4823
f 4827 4823 4828
f 4827 4829 4824
f 4827 4830 4829
f 4827 4818 4830
f 4831 4826 4821
f 4831 4821 4832
f 4831 4833 4826
f 4834 4816 4818
f 4834 4818 4827
f 4835 4814 4817
f 4835 4831 4832
f 4835 4817 4836
f 4835 4832 4814
f 4837 4816 4834
f 4837 4838 4839
f 4837 4834 4838
f 4837 4835 4836
f 4837 4840 4816
f 4837 4836 4840
f 4841 4842 4843
f 4844 4845 4846
f 4844 4847 4845
f 4848 4847 4844
f 4849 4850 4841
f 4849 4851 4850
f 4849 4841 4843
f 4852 4848 4853
f 4854 4849 4843
f 4855 4847 4848
f 4855 4837 4847
f 4855 4848 4852
f 4856 4843 4857
f 4856 4854 4843
f 4858 4856 4857
f 4859 4860 4835
f 4859 4861 4860
f 4859 4837 4862
f 4859 4835 4837
f 4863 4861 4859
f 4863 4857 4861
f 4863 4858 4857
f 4864 4862 4837
f 4864 4837 4855
f 4865 4862 4864
f 4866 4858 4867
f 4866 4856 4858
f 4868 4869 4866
f 4868 4866 4867
f 4868 4867 4870
f 4871 4864 4872
f 4873 4874 4869
f 4875 4869 4868
f 4875 4873 4869
f 4876 4877 4878
f 4879 4865 4864
f 4879 4878 4865
f 4879 4864 4871
f 4879 4876 4878
f 4831 4880 4881
f 4835 4880 4831
f 4882 4832 4821
f 4883 4821 4820
f 4883 4882 4821
f 4884 4820 4819
f 4884 4883 4820
f 4885 4819 4822
f 4885 4884 4819
f 4886 4822 4826
f 4886 4885 4822
f 4887 4886 4826
f 4888 4826 4833
f 4888 4833 4831
f 4888 4887 4826
f 4881 4888 4831
f 4814 4832 4882
f 4814 4882 4889
f 4890 4811 4813
f 4891 4813 4812
f 4891 4890 4813
f 4892 4812 4815
f 4892 4891 4812
f 4893 4892 4815
f 4894 4815 4806
f 4894 4893 4815
f 4895 4806 4805
f 4895 4805 4804
f 4895 4894 4806
f 4896 4804 4814
f 4896 4895 4804
f 4889 4896 4814
f 4811 4897 4817
f 4811 4890 4897
f 4836 4897 4898
f 4836 4817 4897
f 4840 4898 4899
f 4840 4836 4898
f 4816 4899 4900
f 4816 4840 4899
f 4816 4900 4901
f 4816 4901 4807
f 4902 4808 4800
f 4902 4903 4808
f 4904 4800 4802
f 4904 4802 4801
f 4904 4902 4800
f 4905 4904 4801
f 4906 4801 4803
f 4906 4905 4801
f 4907 4803 4809
f 4907 4809 4810
f 4907 4906 4803
f 4908 4907 4810
f 4901 4810 4807
f 4901 4908 4810
f 4808 4909 4818
f 4808 4903 4909
f 4910 4827 4828
f 4911 4828 4823
f 4911 4910 4828
f 4912 4823 4825
f 4912 4911 4823
f 4913 4825 4824
f 4913 4912 4825
f 4914 4824 4829
f 4914 4913 4824
f 4915 4914 4829
f 4916 4829 4830
f 4916 4915 4829
f 4909 4830 4818
f 4909 4916 4830
f 4827 4917 4834
f 4827 4910 4917
f 4838 4917 4918
f 4838 4834 4917
f 4839 4918 4919
f 4839 4838 4918
f 4837 4919 4920
f 4837 4839 4919
f 4847 4920 4921
f 4847 4837 4920
f 4922 4855 4852
f 4922 4923 4855
f 4924 4852 4853
f 4924 4922 4852
f 4925 4853 4848
f 4925 4924 4853
f 4926 4848 4844
f 4926 4925 4848
f 4927 4844 4846
f 4927 4926 4844
f 4928 4846 4845
f 4928 4927 4846
f 4921 4845 4847
f 4921 4928 4845
f 4923 4864 4855
f 4923 4929 4864
f 4930 4865 4878
f 4930 4878 4877
f 4930 4931 4865
f 4932 4877 4876
f 4932 4930 4877
f 4933 4876 4879
f 4933 4932 4876
f 4934 4879 4871
f 4934 4933 4879
f 4935 4871 4872
f 4935 4934 4871
f 4936 4872 4864
f 4936 4935 4872
f 4929 4936 4864
f 4865 4937 4862
f 4865 4931 4937
f 4862 4937 4938
f 4859 4938 4939
f 4859 4862 4938
f 4863 4859 4939
f 4858 4939 4940
f 4858 4863 4939
f 4940 4867 4858
f 4940 4941 4867
f 4942 4866 4869
f 4942 4943 4866
f 4944 4869 4874
f 4944 4874 4873
f 4944 4942 4869
f 4945 4944 4873
f 4946 4873 4875
f 4946 4945 4873
f 4947 4875 4868
f 4947 4868 4870
f 4947 4946 4875
f 4948 4947 4870
f 4941 4870 4867
f 4941 4948 4870
f 4866 4943 4949
f 4866 4949 4856
f 4950 4843 4842
f 4950 4842 4841
f 4950 4951 4843
f 4952 4841 4850
f 4952 4950 4841
f 4953 4850 4851
f 4953 4952 4850
f 4954 4851 4849
f 4954 4953 4851
f 4955 4849 4854
f 4955 4954 4849
f 4956 4854 4856
f 4956 4955 4854
f 4949 4956 4856
f 4843 4957 4857
f 4843 4951 4957
f 4861 4957 4958
f 4861 4857 4957
f 4860 4958 4959
f 4860 4861 4958
f 4835 4959 4880
f 4835 4860 4959
f 4907 4905 4906
f 4908 4905 4907
f 4902 4905 4908
f 4902 4904 4905
f 4890 4895 4896
f 4890 4894 4895
f 4890 4893 4894
f 4890 4892 4893
f 4890 4891 4892
f 4889 4890 4896
f 4903 4908 4901
f 4903 4902 4908
f 4900 4903 4901
f 4897 4890 4889
f 4909 4903 4900
f 4915 4916 4909
f 4884 4882 4883
f 4886 4884 4885
f 4886 4882 4884
f 4912 4914 4915
f 4912 4913 4914
f 4910 4912 4915
f 4910 4915 4909
f 4910 4911 4912
f 4881 4887 4888
f 4881 4886 4887
f 4881 4882 4886
f 4917 4909 4900
f 4917 4910 4909
f 4880 4889 4882
f 4880 4897 4889
f 4880 4882 4881
f 4959 4897 4880
f 4959 4898 4897
f 4959 4899 4898
f 4958 4917 4900
f 4958 4899 4959
f 4958 4900 4899
f 4952 4951 4950
f 4924 4926 4927
f 4924 4925 4926
f 4922 4928 4921
f 4922 4927 4928
f 4922 4924 4927
f 4923 4921 4920
f 4923 4922 4921
f 4949 4957 4951
f 4949 4955 4956
f 4949 4954 4955
f 4949 4953 4954
f 4949 4952 4953
f 4949 4951 4952
f 4940 4958 4957
f 4940 4918 4917
f 4940 4919 4918
f 4940 4917 4958
f 4940 4957 4949
f 4938 4937 4920
f 4938 4920 4919
f 4939 4919 4940
f 4939 4938 4919
f 4929 4920 4937
f 4929 4937 4931
f 4929 4923 4920
f 4943 4940 4949
f 4941 4940 4943
f 4948 4941 4943
f 4945 4948 4943
f 4945 4947 4948
f 4945 4946 4947
f 4945 4942 4944
f 4945 4943 4942
f 4934 4936 4929
f 4934 4935 4936
f 4933 4929 4931
f 4933 4934 4929
f 4933 4930 4932
f 4933 4931 4930
f 4960 4961 4962
f 4963 4960 4962
f 4964 4965 4966
f 4964 4967 4965
f 4964 4968 4967
f 4964 4962 4968
f 4969 4970 4963
f 4971 4972 4969
f 4971 4962 4964
f 4971 4963 4962
f 4971 4969 4963
f 4973 4974 4975
f 4973 4964 4974
f 4973 4971 4964
f 4976 4972 4971
f 4977 4971 4973
f 4977 4976 4971
f 4978 4977 4973
f 4979 4973 4975
f 4979 4978 4973
f 4972 4980 4969
f 4976 4980 4972
f 4981 4960 4963
f 4981 4982 4960
f 4983 4963 4970
f 4983 4981 4963
f 4980 4970 4969
f 4980 4983 4970
f 4960 4982 4984
f 4960 4984 4961
f 4985 4967 4968
f 4986 4968 4962
f 4986 4985 4968
f 4987 4962 4961
f 4987 4986 4962
f 4984 4987 4961
f 4967 4988 4965
f 4985 4988 4967
f 4989 4974 4964
f 4989 4990 4974
f 4991 4964 4966
f 4991 4989 4964
f 4988 4966 4965
f 4988 4991 4966
f 4979 4975 4974
f 4979 4974 4990
f 4985 4986 4987
f 4989 4991 4988
f 4989 4988 4985
f 4983 4982 4981
f 4990 4985 4987
f 4990 4989 4985
f 4980 4984 4982
f 4980 4987 4984
f 4980 4982 4983
f 4978 4980 4976
f 4978 4976 4977
f 4978 4979 4990
f 4978 4990 4987
f 4978 4987 4980
f 4902 4905 4904
f 4902 4906 4905
f 4896 4895 4894
f 4901 4906 4902
f 4901 4902 4903
f 4901 4907 4906
f 4901 4908 4907
f 4890 4892 4891
f 4889 4892 4890
f 4889 4893 4892
f 4889 4894 4893
f 4889 4896 4894
f 4900 4901 4903
f 4897 4889 4890
f 4897 4898 4899
f 4909 4900 4903
f 4885 4884 4883
f 4886 4885 4883
f 4912 4914 4913
f 4887 4886 4883
f 4910 4914 4912
f 4910 4912 4911
f 4910 4915 4914
f 4910 4916 4915
f 4910 4909 4916
f 4881 4887 4883
f 4881 4883 4882
f 4881 4888 4887
f 4917 4900 4909
f 4917 4909 4910
f 4880 4889 4897
f 4880 4881 4882
f 4880 4882 4889
f 4959 4880 4897
f 4919 4917 4918
f 4919 4900 4917
f 4919 4899 4900
f 4920 4899 4919
f 4957 4958 4959
f 4957 4959 4897
f 4957 4897 4899
f 4952 4950 4951
f 4926 4928 4927
f 4926 4921 4928
f 4925 4921 4926
f 4955 4953 4952
f 4955 4954 4953
f 4955 4952 4951
f 4922 4925 4924
f 4956 4955 4951
f 4923 4921 4925
f 4923 4920 4921
f 4923 4925 4922
f 4949 4951 4957
f 4949 4956 4951
f 4940 4949 4957
f 4939 4940 4957
f 4938 4939 4957
f 4938 4920 4937
f 4938 4957 4899
f 4938 4899 4920
f 4929 4937 4920
f 4929 4920 4923
f 4931 4937 4929
f 4943 4949 4940
f 4943 4940 4941
f 4947 4942 4943
f 4947 4943 4941
f 4947 4941 4948
f 4935 4929 4936
f 4945 4944 4942
f 4946 4942 4947
f 4946 4945 4942
f 4933 4932 4930
f 4934 4931 4929
f 4934 4930 4931
f 4934 4929 4935
f 4934 4933 4930
f 4881 4992 4993
f 4880 4992 4881
f 4994 4882 4883
f 4995 4883 4884
f 4995 4994 4883
f 4996 4884 4885
f 4996 4995 4884
f 4997 4885 4886
f 4997 4996 4885
f 4998 4886 4887
f 4998 4997 4886
f 4999 4887 4888
f 4999 4998 4887
f 5000 4999 4888
f 4993 4888 4881
f 4993 5000 4888
f 4889 4882 4994
f 4889 4994 5001
f 5002 4890 4891
f 5003 4891 4892
f 5003 5002 4891
f 5004 4892 4893
f 5004 5003 4892
f 5005 5004 4893
f 5006 4893 4894
f 5006 4894 4895
f 5006 5005 4893
f 5007 5006 4895
f 5008 4895 4896
f 5008 5007 4895
f 5001 4896 4889
f 5001 5008 4896
f 4890 5009 4897
f 4890 5002 5009
f 4898 5009 5010
f 4898 4897 5009
f 4899 5010 5011
f 4899 5011 5012
f 4899 4898 5010
f 4900 4899 5012
f 4901 5012 5013
f 4901 4900 5012
f 5014 5015 4903
f 5014 4903 4902
f 5016 4902 4904
f 5016 5014 4902
f 5017 4904 4905
f 5017 5016 4904
f 5018 4905 4906
f 5018 4906 4907
f 5018 5017 4905
f 5019 5018 4907
f 5020 4907 4908
f 5020 4908 4901
f 5020 5019 4907
f 5013 5020 4901
f 5021 5015 5022
f 4903 5015 5021
f 5023 4903 5021
f 5024 5021 5022
f 4909 5025 5024
f 4903 5025 4909
f 4903 5023 5025
f 4909 5024 5022
f 5026 4910 4911
f 5027 4911 4912
f 5027 5026 4911
f 5028 4912 4913
f 5028 5027 4912
f 5029 4913 4914
f 5029 5028 4913
f 5030 4914 4915
f 5030 5029 4914
f 5031 5030 4915
f 5032 4915 4916
f 5032 5031 4915
f 5022 4916 4909
f 5022 5032 4916
f 5026 4917 4910
f 5026 5033 4917
f 4918 5033 5034
f 4918 4917 5033
f 4919 5034 5035
f 4919 4918 5034
f 4920 5035 5036
f 4920 4919 5035
f 4921 5036 5037
f 4920 5036 4921
f 5038 5039 4923
f 5038 4923 4922
f 5040 4922 4924
f 5040 5038 4922
f 5041 4924 4925
f 5041 5040 4924
f 5042 4925 4926
f 5042 5041 4925
f 5043 4926 4927
f 5043 5042 4926
f 5044 4927 4928
f 5044 5043 4927
f 5037 4928 4921
f 5037 5044 4928
f 5045 4929 4923
f 5039 5045 4923
f 5046 4931 4930
f 5047 4930 4932
f 5047 5046 4930
f 5048 4932 4933
f 5048 5047 4932
f 5049 4933 4934
f 5049 5048 4933
f 5050 4934 4935
f 5050 5049 4934
f 5051 4935 4936
f 5051 5050 4935
f 5052 4936 4929
f 5052 5051 4936
f 5045 5052 4929
f 5046 4937 4931
f 5046 5053 4937
f 4938 5053 5054
f 4938 4937 5053
f 4939 5054 5055
f 4939 5055 5056
f 4939 4938 5054
f 4940 4939 5056
f 5056 4941 4940
f 5056 5057 4941
f 5058 5059 4943
f 5058 4943 4942
f 5060 4942 4944
f 5060 5058 4942
f 5061 4944 4945
f 5061 5060 4944
f 5062 4945 4946
f 5062 4946 4947
f 5062 5061 4945
f 5063 5062 4947
f 5064 4947 4948
f 5064 4948 4941
f 5064 5063 4947
f 5057 5064 4941
f 5059 4949 4943
f 5059 5065 4949
f 5066 5067 4951
f 5066 4951 4950
f 5066 4950 4952
f 5068 4952 4953
f 5068 5066 4952
f 5069 4953 4954
f 5069 5068 4953
f 5070 4954 4955
f 5070 5069 4954
f 5071 4955 4956
f 5071 5070 4955
f 5072 5071 4956
f 5065 4956 4949
f 5065 5072 4956
f 4951 5067 5073
f 4957 4951 5073
f 4958 5073 5074
f 4958 4957 5073
f 4959 5074 5075
f 4959 4958 5074
f 4880 5075 4992
f 4880 4959 5075
f 5004 5005 5006
f 5003 5006 5007
f 5003 5004 5006
f 5014 5018 5019
f 5014 5017 5018
f 5014 5016 5017
f 5001 5007 5008
f 5001 5002 5003
f 5001 5003 5007
f 5015 5014 5019
f 5015 5020 5013
f 5015 5019 5020
f 5012 5015 5013
f 5009 5002 5001
f 5076 5010 5009
f 5077 5010 5076
f 5077 5011 5010
f 5077 5012 5011
f 5078 5015 5012
f 5078 5012 5077
f 5079 5009 5001
f 5079 5076 5009
f 5022 5015 5078
f 5031 5032 5022
f 4996 4994 4995
f 4998 4996 4997
f 4998 4994 4996
f 5028 5030 5031
f 5028 5029 5030
f 5026 5028 5031
f 5026 5031 5022
f 5026 5027 5028
f 4993 4999 5000
f 4993 4998 4999
f 4993 4994 4998
f 5080 5001 4994
f 5080 5079 5001
f 5081 5022 5078
f 5033 5026 5022
f 5033 5022 5081
f 4992 5080 4994
f 4992 4994 4993
f 5082 5033 5081
f 5083 5080 4992
f 5034 5033 5082
f 5075 5083 4992
f 5074 5083 5075
f 5084 5035 5034
f 5084 5034 5082
f 5085 5083 5074
f 5073 5085 5074
f 5036 5035 5084
f 5086 5036 5084
f 5087 5085 5073
f 5068 5067 5066
f 5040 5042 5043
f 5040 5041 5042
f 5038 5040 5043
f 5038 5044 5037
f 5038 5043 5044
f 5039 5036 5086
f 5039 5038 5037
f 5039 5037 5036
f 5065 5073 5067
f 5065 5071 5072
f 5065 5070 5071
f 5065 5069 5070
f 5065 5068 5069
f 5065 5067 5068
f 5065 5087 5073
f 5088 5039 5086
f 5088 5086 5089
f 5090 5089 5086
f 5090 5091 5092
f 5090 5092 5089
f 5093 5087 5065
f 5056 5094 5093
f 5053 5090 5095
f 5054 5053 5095
f 5055 5094 5056
f 5055 5054 5095
f 5055 5095 5094
f 5045 5053 5046
f 5045 5091 5090
f 5045 5090 5053
f 5059 5093 5065
f 5059 5056 5093
f 5057 5056 5059
f 5064 5057 5059
f 5061 5063 5064
f 5061 5062 5063
f 5061 5058 5060
f 5061 5059 5058
f 5061 5064 5059
f 5050 5052 5045
f 5050 5051 5052
f 5049 5047 5048
f 5049 5046 5047
f 5049 5045 5046
f 5049 5050 5045
f 5045 5039 5088
f 5045 5088 5091
f 5025 5096 5097
f 5025 5023 5096
f 5097 5024 5025
f 5097 5098 5024
f 5024 5099 5021
f 5098 5099 5024
f 5023 5099 5096
f 5023 5021 5099
f 5100 5101 5102
f 5092 5100 5102
f 5103 5100 5092
f 5091 5103 5092
f 5104 5105 5106
f 5089 5107 5088
f 5089 5104 5107
f 5089 5105 5104
f 5092 5102 5105
f 5089 5092 5105
f 5095 5108 5109
f 5095 5090 5108
f 5094 5109 5110
f 5094 5095 5109
f 5093 5110 5111
f 5093 5094 5110
f 5112 5108 5090
f 5113 5112 5086
f 5086 5112 5090
f 5082 5114 5115
f 5082 5081 5114
f 5084 5115 5116
f 5084 5082 5115
f 5086 5116 5113
f 5086 5084 5116
f 5078 5117 5118
f 5081 5119 5114
f 5081 5118 5119
f 5081 5078 5118
f 5076 5120 5121
f 5076 5079 5120
f 5077 5121 5122
f 5077 5076 5121
f 5078 5122 5117
f 5078 5077 5122
f 5123 5080 5124
f 5079 5123 5120
f 5080 5123 5079
f 5085 5125 5126
f 5085 5087 5125
f 5083 5126 5127
f 5083 5085 5126
f 5080 5127 5124
f 5080 5083 5127
f 5128 5125 5087
f 5111 5128 5093
f 5093 5128 5087
f 5098 5097 5096
f 5098 5096 5099
f 5103 5091 5088
f 5107 5103 5088
f 5100 5103 5107
f 5100 5107 5104
f 5101 5104 5106
f 5101 5100 5104
f 5106 5105 5102
f 5101 5106 5102
f 5111 5129 5130
f 5111 5130 5131
f 5108 5132 5133
f 5108 5133 5134
f 5109 5108 5134
f 5110 5134 5129
f 5110 5129 5111
f 5110 5109 5134
f 5108 5112 5132
f 5128 5111 5131
f 5114 5119 5135
f 5136 5115 5114
f 5136 5114 5135
f 5116 5115 5136
f 5137 5116 5136
f 5113 5116 5137
f 5138 5113 5137
f 5139 5113 5138
f 5112 5113 5139
f 5140 5122 5121
f 5140 5117 5122
f 5141 5121 5120
f 5141 5140 5121
f 5142 5118 5117
f 5142 5117 5140
f 5143 5141 5120
f 5144 5143 5120
f 5123 5144 5120
f 5119 5145 5146
f 5119 5118 5145
f 5124 5147 5148
f 5124 5148 5123
f 5149 5147 5124
f 5127 5149 5124
f 5150 5127 5126
f 5150 5149 5127
f 5125 5150 5126
f 5151 5150 5125
f 5152 5151 5125
f 5128 5152 5125
f 5136 5153 5154
f 5136 5135 5153
f 5137 5154 5155
f 5137 5136 5154
f 5138 5155 5156
f 5138 5137 5155
f 5139 5156 5157
f 5139 5138 5156
f 5112 5157 5158
f 5112 5139 5157
f 5132 5158 5159
f 5132 5112 5158
f 5133 5159 5160
f 5133 5132 5159
f 5134 5160 5161
f 5134 5133 5160
f 5129 5161 5162
f 5129 5134 5161
f 5130 5162 5163
f 5130 5129 5162
f 5131 5163 5164
f 5131 5130 5163
f 5128 5131 5164
f 5152 5128 5164
f 5152 5164 5165
f 5151 5152 5165
f 5151 5165 5166
f 5150 5151 5166
f 5150 5166 5167
f 5149 5167 5168
f 5149 5150 5167
f 5147 5149 5168
f 5147 5168 5169
f 5148 5169 5170
f 5148 5147 5169
f 5123 5170 5171
f 5123 5148 5170
f 5144 5171 5172
f 5144 5123 5171
f 5143 5172 5173
f 5143 5144 5172
f 5141 5173 5174
f 5141 5143 5173
f 5140 5174 5175
f 5140 5141 5174
f 5142 5140 5175
f 5119 5153 5135
f 5119 5176 5153
f 5146 5176 5119
f 5118 5177 5145
f 5118 5175 5177
f 5142 5175 5118
f 5176 5145 5177
f 5146 5145 5176
f 5175 5174 5173
f 5153 5176 5177
f 5153 5177 5175
f 5153 5171 5170
f 5153 5172 5171
f 5153 5173 5172
f 5153 5175 5173
f 5155 5154 5153
f 5156 5153 5170
f 5156 5155 5153
f 5165 5167 5166
f 5165 5168 5167
f 5157 5156 5170
f 5164 5169 5168
f 5164 5168 5165
f 5159 5158 5157
f 5159 5170 5169
f 5159 5157 5170
f 5161 5160 5159
f 5161 5163 5162
f 5161 5164 5163
f 5161 5169 5164
f 5161 5159 5169
f 5178 5179 5180
f 5178 5181 5179
f 5182 5183 5184
f 5185 5181 5178
f 5185 5178 5186
f 5185 5187 5181
f 5185 5188 5187
f 5189 5190 5191
f 5192 5190 5189
f 5192 5193 5190
f 5192 5184 5193
f 5192 5182 5184
f 5194 5185 5186
f 5195 5192 5189
f 5196 5194 5186
f 5197 5198 5199
f 5200 5197 5199
f 5201 5202 5203
f 5204 5200 5199
f 5205 5202 5201
f 5205 5201 5206
f 5205 5207 5202
f 5205 5208 5207
f 5205 5196 5208
f 5209 5204 5199
f 5209 5199 5210
f 5209 5211 5204
f 5212 5194 5196
f 5212 5196 5205
f 5213 5192 5195
f 5213 5209 5210
f 5213 5195 5214
f 5213 5210 5192
f 5215 5194 5212
f 5215 5216 5217
f 5215 5212 5216
f 5215 5213 5214
f 5215 5218 5194
f 5215 5214 5218
f 5219 5220 5221
f 5222 5223 5224
f 5222 5225 5223
f 5226 5225 5222
f 5227 5228 5219
f 5227 5229 5228
f 5227 5219 5221
f 5230 5226 5231
f 5232 5227 5221
f 5233 5225 5226
f 5233 5215 5225
f 5233 5226 5230
f 5234 5221 5235
f 5234 5232 5221
f 5236 5234 5235
f 5237 5238 5213
f 5237 5239 5238
f 5237 5215 5240
f 5237 5213 5215
f 5241 5239 5237
f 5241 5235 5239
f 5241 5236 5235
f 5242 5240 5215
f 5242 5215 5233
f 5243 5240 5242
f 5244 5236 5245
f 5244 5234 5236
f 5246 5247 5244
f 5246 5244 5245
f 5246 5245 5248
f 5249 5242 5250
f 5251 5252 5247
f 5253 5247 5246
f 5253 5251 5247
f 5254 5255 5256
f 5257 5243 5242
f 5257 5256 5243
f 5257 5242 5249
f 5257 5254 5256
f 5209 5258 5259
f 5213 5258 5209
f 5260 5210 5199
f 5261 5199 5198
f 5261 5260 5199
f 5262 5198 5197
f 5262 5261 5198
f 5263 5197 5200
f 5263 5262 5197
f 5264 5200 5204
f 5264 5263 5200
f 5265 5264 5204
f 5266 5204 5211
f 5266 5211 5209
f 5266 5265 5204
f 5259 5266 5209
f 5192 5210 5260
f 5192 5260 5267
f 5268 5189 5191
f 5269 5191 5190
f 5269 5268 5191
f 5270 5190 5193
f 5270 5269 5190
f 5271 5270 5193
f 5272 5193 5184
f 5272 5271 5193
f 5273 5184 5183
f 5273 5183 5182
f 5273 5272 5184
f 5274 5182 5192
f 5274 5273 5182
f 5267 5274 5192
f 5189 5275 5195
f 5189 5268 5275
f 5214 5275 5276
f 5214 5195 5275
f 5218 5276 5277
f 5218 5214 5276
f 5194 5277 5278
f 5194 5218 5277
f 5194 5278 5279
f 5194 5279 5185
f 5280 5186 5178
f 5280 5281 5186
f 5282 5178 5180
f 5282 5180 5179
f 5282 5280 5178
f 5283 5282 5179
f 5284 5179 5181
f 5284 5283 5179
f 5285 5181 5187
f 5285 5187 5188
f 5285 5284 5181
f 5286 5285 5188
f 5279 5188 5185
f 5279 5286 5188
f 5186 5287 5196
f 5186 5281 5287
f 5288 5205 5206
f 5289 5206 5201
f 5289 5288 5206
f 5290 5201 5203
f 5290 5289 5201
f 5291 5203 5202
f 5291 5290 5203
f 5292 5202 5207
f 5292 5291 5202
f 5293 5292 5207
f 5294 5207 5208
f 5294 5293 5207
f 5287 5208 5196
f 5287 5294 5208
f 5205 5295 5212
f 5205 5288 5295
f 5216 5295 5296
f 5216 5212 5295
f 5217 5296 5297
f 5217 5216 5296
f 5215 5297 5298
f 5215 5217 5297
f 5225 5298 5299
f 5225 5215 5298
f 5300 5233 5230
f 5300 5301 5233
f 5302 5230 5231
f 5302 5300 5230
f 5303 5231 5226
f 5303 5302 5231
f 5304 5226 5222
f 5304 5303 5226
f 5305 5222 5224
f 5305 5304 5222
f 5306 5224 5223
f 5306 5305 5224
f 5299 5223 5225
f 5299 5306 5223
f 5301 5242 5233
f 5301 5307 5242
f 5308 5243 5256
f 5308 5256 5255
f 5308 5309 5243
f 5310 5255 5254
f 5310 5308 5255
f 5311 5254 5257
f 5311 5310 5254
f 5312 5257 5249
f 5312 5311 5257
f 5313 5249 5250
f 5313 5312 5249
f 5314 5250 5242
f 5314 5313 5250
f 5307 5314 5242
f 5243 5315 5240
f 5243 5309 5315
f 5240 5315 5316
f 5237 5316 5317
f 5237 5240 5316
f 5241 5237 5317
f 5236 5317 5318
f 5236 5241 5317
f 5318 5245 5236
f 5318 5319 5245
f 5320 5244 5247
f 5320 5321 5244
f 5322 5247 5252
f 5322 5252 5251
f 5322 5320 5247
f 5323 5322 5251
f 5324 5251 5253
f 5324 5323 5251
f 5325 5253 5246
f 5325 5246 5248
f 5325 5324 5253
f 5326 5325 5248
f 5319 5248 5245
f 5319 5326 5248
f 5244 5321 5327
f 5244 5327 5234
f 5328 5221 5220
f 5328 5220 5219
f 5328 5329 5221
f 5330 5219 5228
f 5330 5328 5219
f 5331 5228 5229
f 5331 5330 5228
f 5332 5229 5227
f 5332 5331 5229
f 5333 5227 5232
f 5333 5332 5227
f 5334 5232 5234
f 5334 5333 5232
f 5327 5334 5234
f 5221 5335 5235
f 5221 5329 5335
f 5239 5335 5336
f 5239 5235 5335
f 5238 5336 5337
f 5238 5239 5336
f 5213 5337 5258
f 5213 5238 5337
f 5285 5283 5284
f 5286 5283 5285
f 5280 5283 5286
f 5280 5282 5283
f 5268 5273 5274
f 5268 5272 5273
f 5268 5271 5272
f 5268 5270 5271
f 5268 5269 5270
f 5267 5268 5274
f 5281 5286 5279
f 5281 5280 5286
f 5278 5281 5279
f 5275 5268 5267
f 5287 5281 5278
f 5293 5294 5287
f 5262 5260 5261
f 5264 5262 5263
f 5264 5260 5262
f 5290 5292 5293
f 5290 5291 5292
f 5288 5290 5293
f 5288 5293 5287
f 5288 5289 5290
f 5259 5265 5266
f 5259 5264 5265
f 5259 5260 5264
f 5295 5287 5278
f 5295 5288 5287
f 5258 5267 5260
f 5258 5275 5267
f 5258 5260 5259
f 5337 5275 5258
f 5337 5276 5275
f 5337 5277 5276
f 5336 5295 5278
f 5336 5277 5337
f 5336 5278 5277
f 5330 5329 5328
f 5302 5304 5305
f 5302 5303 5304
f 5300 5306 5299
f 5300 5305 5306
f 5300 5302 5305
f 5301 5299 5298
f 5301 5300 5299
f 5327 5335 5329
f 5327 5333 5334
f 5327 5332 5333
f 5327 5331 5332
f 5327 5330 5331
f 5327 5329 5330
f 5318 5336 5335
f 5318 5296 5295
f 5318 5297 5296
f 5318 5295 5336
f 5318 5335 5327
f 5316 5315 5298
f 5316 5298 5297
f 5317 5297 5318
f 5317 5316 5297
f 5307 5298 5315
f 5307 5315 5309
f 5307 5301 5298
f 5321 5318 5327
f 5319 5318 5321
f 5326 5319 5321
f 5323 5326 5321
f 5323 5325 5326
f 5323 5324 5325
f 5323 5320 5322
f 5323 5321 5320
f 5312 5314 5307
f 5312 5313 5314
f 5311 5307 5309
f 5311 5312 5307
f 5311 5308 5310
f 5311 5309 5308
f 5338 5339 5340
f 5341 5338 5340
f 5342 5343 5344
f 5342 5345 5343
f 5342 5346 5345
f 5342 5340 5346
f 5347 5348 5341
f 5349 5350 5347
f 5349 5340 5342
f 5349 5341 5340
f 5349 5347 5341
f 5351 5352 5353
f 5351 5342 5352
f 5351 5349 5342
f 5354 5350 5349
f 5355 5349 5351
f 5355 5354 5349
f 5356 5355 5351
f 5357 5351 5353
f 5357 5356 5351
f 5350 5358 5347
f 5354 5358 5350
f 5359 5338 5341
f 5359 5360 5338
f 5361 5341 5348
f 5361 5359 5341
f 5358 5348 5347
f 5358 5361 5348
f 5338 5360 5362
f 5338 5362 5339
f 5363 5345 5346
f 5364 5346 5340
f 5364 5363 5346
f 5365 5340 5339
f 5365 5364 5340
f 5362 5365 5339
f 5345 5366 5343
f 5363 5366 5345
f 5367 5352 5342
f 5367 5368 5352
f 5369 5342 5344
f 5369 5367 5342
f 5366 5344 5343
f 5366 5369 5344
f 5357 5353 5352
f 5357 5352 5368
f 5363 5364 5365
f 5367 5369 5366
f 5367 5366 5363
f 5361 5360 5359
f 5368 5363 5365
f 5368 5367 5363
f 5358 5362 5360
f 5358 5365 5362
f 5358 5360 5361
f 5356 5358 5354
f 5356 5354 5355
f 5356 5357 5368
f 5356 5368 5365
f 5356 5365 5358
f 5280 5283 5282
f 5280 5284 5283
f 5274 5273 5272
f 5279 5284 5280
f 5279 5280 5281
f 5279 5285 5284
f 5279 5286 5285
f 5268 5270 5269
f 5267 5270 5268
f 5267 5271 5270
f 5267 5272 5271
f 5267 5274 5272
f 5278 5279 5281
f 5275 5267 5268
f 5275 5276 5277
f 5287 5278 5281
f 5263 5262 5261
f 5264 5263 5261
f 5290 5292 5291
f 5265 5264 5261
f 5288 5292 5290
f 5288 5290 5289
f 5288 5293 5292
f 5288 5294 5293
f 5288 5287 5294
f 5259 5265 5261
f 5259 5261 5260
f 5259 5266 5265
f 5295 5278 5287
f 5295 5287 5288
f 5258 5267 5275
f 5258 5259 5260
f 5258 5260 5267
f 5337 5258 5275
f 5297 5295 5296
f 5297 5278 5295
f 5297 5277 5278
f 5298 5277 5297
f 5335 5336 5337
f 5335 5337 5275
f 5335 5275 5277
f 5330 5328 5329
f 5304 5306 5305
f 5304 5299 5306
f 5303 5299 5304
f 5333 5331 5330
f 5333 5332 5331
f 5333 5330 5329
f 5300 5303 5302
f 5334 5333 5329
f 5301 5299 5303
f 5301 5298 5299
f 5301 5303 5300
f 5327 5329 5335
f 5327 5334 5329
f 5318 5327 5335
f 5317 5318 5335
f 5316 5317 5335
f 5316 5298 5315
f 5316 5335 5277
f 5316 5277 5298
f 5307 5315 5298
f 5307 5298 5301
f 5309 5315 5307
f 5321 5327 5318
f 5321 5318 5319
f 5325 5320 5321
f 5325 5321 5319
f 5325 5319 5326
f 5313 5307 5314
f 5323 5322 5320
f 5324 5320 5325
f 5324 5323 5320
f 5311 5310 5308
f 5312 5309 5307
f 5312 5308 5309
f 5312 5307 5313
f 5312 5311 5308
f 5259 5370 5371
f 5258 5370 5259
f 5372 5260 5261
f 5373 5261 5262
f 5373 5372 5261
f 5374 5262 5263
f 5374 5373 5262
f 5375 5263 5264
f 5375 5374 5263
f 5376 5264 5265
f 5376 5375 5264
f 5377 5265 5266
f 5377 5376 5265
f 5378 5377 5266
f 5371 5266 5259
f 5371 5378 5266
f 5267 5260 5372
f 5267 5372 5379
f 5380 5268 5269
f 5381 5269 5270
f 5381 5380 5269
f 5382 5270 5271
f 5382 5381 5270
f 5383 5382 5271
f 5384 5271 5272
f 5384 5272 5273
f 5384 5383 5271
f 5385 5384 5273
f 5386 5273 5274
f 5386 5385 5273
f 5379 5274 5267
f 5379 5386 5274
f 5268 5387 5275
f 5268 5380 5387
f 5276 5387 5388
f 5276 5275 5387
f 5277 5388 5389
f 5277 5389 5390
f 5277 5276 5388
f 5278 5277 5390
f 5279 5390 5391
f 5279 5278 5390
f 5392 5393 5281
f 5392 5281 5280
f 5394 5280 5282
f 5394 5392 5280
f 5395 5282 5283
f 5395 5394 5282
f 5396 5283 5284
f 5396 5284 5285
f 5396 5395 5283
f 5397 5396 5285
f 5398 5285 5286
f 5398 5286 5279
f 5398 5397 5285
f 5391 5398 5279
f 5399 5393 5400
f 5281 5393 5399
f 5401 5281 5399
f 5402 5399 5400
f 5287 5403 5402
f 5281 5403 5287
f 5281 5401 5403
f 5287 5402 5400
f 5404 5288 5289
f 5405 5289 5290
f 5405 5404 5289
f 5406 5290 5291
f 5406 5405 5290
f 5407 5291 5292
f 5407 5406 5291
f 5408 5292 5293
f 5408 5407 5292
f 5409 5408 5293
f 5410 5293 5294
f 5410 5409 5293
f 5400 5294 5287
f 5400 5410 5294
f 5404 5295 5288
f 5404 5411 5295
f 5296 5411 5412
f 5296 5295 5411
f 5297 5412 5413
f 5297 5296 5412
f 5298 5413 5414
f 5298 5297 5413
f 5299 5414 5415
f 5298 5414 5299
f 5416 5417 5301
f 5416 5301 5300
f 5418 5300 5302
f 5418 5416 5300
f 5419 5302 5303
f 5419 5418 5302
f 5420 5303 5304
f 5420 5419 5303
f 5421 5304 5305
f 5421 5420 5304
f 5422 5305 5306
f 5422 5421 5305
f 5415 5306 5299
f 5415 5422 5306
f 5423 5307 5301
f 5417 5423 5301
f 5424 5309 5308
f 5425 5308 5310
f 5425 5424 5308
f 5426 5310 5311
f 5426 5425 5310
f 5427 5311 5312
f 5427 5426 5311
f 5428 5312 5313
f 5428 5427 5312
f 5429 5313 5314
f 5429 5428 5313
f 5430 5314 5307
f 5430 5429 5314
f 5423 5430 5307
f 5424 5315 5309
f 5424 5431 5315
f 5316 5431 5432
f 5316 5315 5431
f 5317 5432 5433
f 5317 5433 5434
f 5317 5316 5432
f 5318 5317 5434
f 5434 5319 5318
f 5434 5435 5319
f 5436 5437 5321
f 5436 5321 5320
f 5438 5320 5322
f 5438 5436 5320
f 5439 5322 5323
f 5439 5438 5322
f 5440 5323 5324
f 5440 5324 5325
f 5440 5439 5323
f 5441 5440 5325
f 5442 5325 5326
f 5442 5326 5319
f 5442 5441 5325
f 5435 5442 5319
f 5437 5327 5321
f 5437 5443 5327
f 5444 5445 5329
f 5444 5329 5328
f 5444 5328 5330
f 5446 5330 5331
f 5446 5444 5330
f 5447 5331 5332
f 5447 5446 5331
f 5448 5332 5333
f 5448 5447 5332
f 5449 5333 5334
f 5449 5448 5333
f 5450 5449 5334
f 5443 5334 5327
f 5443 5450 5334
f 5329 5445 5451
f 5335 5329 5451
f 5336 5451 5452
f 5336 5335 5451
f 5337 5452 5453
f 5337 5336 5452
f 5258 5453 5370
f 5258 5337 5453
f 5382 5383 5384
f 5381 5384 5385
f 5381 5382 5384
f 5392 5396 5397
f 5392 5395 5396
f 5392 5394 5395
f 5379 5385 5386
f 5379 5380 5381
f 5379 5381 5385
f 5393 5392 5397
f 5393 5398 5391
f 5393 5397 5398
f 5390 5393 5391
f 5387 5380 5379
f 5454 5388 5387
f 5455 5388 5454
f 5455 5389 5388
f 5455 5390 5389
f 5456 5393 5390
f 5456 5390 5455
f 5457 5387 5379
f 5457 5454 5387
f 5400 5393 5456
f 5409 5410 5400
f 5374 5372 5373
f 5376 5374 5375
f 5376 5372 5374
f 5406 5408 5409
f 5406 5407 5408
f 5404 5406 5409
f 5404 5409 5400
f 5404 5405 5406
f 5371 5377 5378
f 5371 5376 5377
f 5371 5372 5376
f 5458 5379 5372
f 5458 5457 5379
f 5459 5400 5456
f 5411 5404 5400
f 5411 5400 5459
f 5370 5458 5372
f 5370 5372 5371
f 5460 5411 5459
f 5461 5458 5370
f 5412 5411 5460
f 5453 5461 5370
f 5452 5461 5453
f 5462 5413 5412
f 5462 5412 5460
f 5463 5461 5452
f 5451 5463 5452
f 5414 5413 5462
f 5464 5414 5462
f 5465 5463 5451
f 5446 5445 5444
f 5418 5420 5421
f 5418 5419 5420
f 5416 5418 5421
f 5416 5422 5415
f 5416 5421 5422
f 5417 5414 5464
f 5417 5416 5415
f 5417 5415 5414
f 5443 5451 5445
f 5443 5449 5450
f 5443 5448 5449
f 5443 5447 5448
f 5443 5446 5447
f 5443 5445 5446
f 5443 5465 5451
f 5466 5417 5464
f 5466 5464 5467
f 5468 5467 5464
f 5468 5469 5470
f 5468 5470 5467
f 5471 5465 5443
f 5434 5472 5471
f 5431 5468 5473
f 5432 5431 5473
f 5433 5472 5434
f 5433 5432 5473
f 5433 5473 5472
f 5423 5431 5424
f 5423 5469 5468
f 5423 5468 5431
f 5437 5471 5443
f 5437 5434 5471
f 5435 5434 5437
f 5442 5435 5437
f 5439 5441 5442
f 5439 5440 5441
f 5439 5436 5438
f 5439 5437 5436
f 5439 5442 5437
f 5428 5430 5423
f 5428 5429 5430
f 5427 5425 5426
f 5427 5424 5425
f 5427 5423 5424
f 5427 5428 5423
f 5423 5417 5466
f 5423 5466 5469
f 5403 5474 5475
f 5403 5401 5474
f 5475 5402 5403
f 5475 5476 5402
f 5402 5477 5399
f 5476 5477 5402
f 5401 5477 5474
f 5401 5399 5477
f 5478 5479 5480
f 5470 5478 5480
f 5481 5478 5470
f 5469 5481 5470
f 5482 5483 5484
f 5467 5485 5466
f 5467 5482 5485
f 5467 5483 5482
f 5470 5480 5483
f 5467 5470 5483
f 5473 5486 5487
f 5473 5468 5486
f 5472 5487 5488
f 5472 5473 5487
f 5471 5488 5489
f 5471 5472 5488
f 5490 5486 5468
f 5491 5490 5464
f 5464 5490 5468
f 5460 5492 5493
f 5460 5459 5492
f 5462 5493 5494
f 5462 5460 5493
f 5464 5494 5491
f 5464 5462 5494
f 5456 5495 5496
f 5459 5497 5492
f 5459 5496 5497
f 5459 5456 5496
f 5454 5498 5499
f 5454 5457 5498
f 5455 5499 5500
f 5455 5454 5499
f 5456 5500 5495
f 5456 5455 5500
f 5501 5458 5502
f 5457 5501 5498
f 5458 5501 5457
f 5463 5503 5504
f 5463 5465 5503
f 5461 5504 5505
f 5461 5463 5504
f 5458 5505 5502
f 5458 5461 5505
f 5506 5503 5465
f 5489 5506 5471
f 5471 5506 5465
f 5476 5475 5474
f 5476 5474 5477
f 5481 5469 5466
f 5485 5481 5466
f 5478 5481 5485
f 5478 5485 5482
f 5479 5482 5484
f 5479 5478 5482
f 5484 5483 5480
f 5479 5484 5480
f 5489 5507 5508
f 5489 5508 5509
f 5486 5510 5511
f 5486 5511 5512
f 5487 5486 5512
f 5488 5512 5507
f 5488 5507 5489
f 5488 5487 5512
f 5486 5490 5510
f 5506 5489 5509
f 5492 5497 5513
f 5514 5493 5492
f 5514 5492 5513
f 5494 5493 5514
f 5515 5494 5514
f 5491 5494 5515
f 5516 5491 5515
f 5517 5491 5516
f 5490 5491 5517
f 5518 5500 5499
f 5518 5495 5500
f 5519 5499 5498
f 5519 5518 5499
f 5520 5496 5495
f 5520 5495 5518
f 5521 5519 5498
f 5522 5521 5498
f 5501 5522 5498
f 5497 5523 5524
f 5497 5496 5523
f 5502 5525 5526
f 5502 5526 5501
f 5527 5525 5502
f 5505 5527 5502
f 5528 5505 5504
f 5528 5527 5505
f 5503 5528 5504
f 5529 5528 5503
f 5530 5529 5503
f 5506 5530 5503
f 5514 5531 5532
f 5514 5513 5531
f 5515 5532 5533
f 5515 5514 5532
f 5516 5533 5534
f 5516 5515 5533
f 5517 5534 5535
f 5517 5516 5534
f 5490 5535 5536
f 5490 5517 5535
f 5510 5536 5537
f 5510 5490 5536
f 5511 5537 5538
f 5511 5510 5537
f 5512 5538 5539
f 5512 5511 5538
f 5507 5539 5540
f 5507 5512 5539
f 5508 5540 5541
f 5508 5507 5540
f 5509 5541 5542
f 5509 5508 5541
f 5506 5509 5542
f 5530 5506 5542
f 5530 5542 5543
f 5529 5530 5543
f 5529 5543 5544
f 5528 5529 5544
f 5528 5544 5545
f 5527 5545 5546
f 5527 5528 5545
f 5525 5527 5546
f 5525 5546 5547
f 5526 5547 5548
f 5526 5525 5547
f 5501 5548 5549
f 5501 5526 5548
f 5522 5549 5550
f 5522 5501 5549
f 5521 5550 5551
f 5521 5522 5550
f 5519 5551 5552
f 5519 5521 5551
f 5518 5552 5553
f 5518 5519 5552
f 5520 5518 5553
f 5497 5531 5513
f 5497 5554 5531
f 5524 5554 5497
f 5496 5555 5523
f 5496 5553 5555
f 5520 5553 5496
f 5554 5523 5555
f 5524 5523 5554
f 5553 5552 5551
f 5531 5554 5555
f 5531 5555 5553
f 5531 5549 5548
f 5531 5550 5549
f 5531 5551 5550
f 5531 5553 5551
f 5533 5532 5531
f 5534 5531 5548
f 5534 5533 5531
f 5543 5545 5544
f 5543 5546 5545
f 5535 5534 5548
f 5542 5547 5546
f 5542 5546 5543
f 5537 5536 5535
f 5537 5548 5547
f 5537 5535 5548
f 5539 5538 5537
f 5539 5541 5540
f 5539 5542 5541
f 5539 5547 5542
f 5539 5537 5547
f 5556 5557 5558
f 5556 5559 5557
f 5560 5558 5561
f 5560 5556 5558
f 5562 5561 5563
f 5562 5560 5561
f 5564 5563 5565
f 5564 5565 5566
f 5564 5562 5563
f 5567 5566 5568
f 5567 5564 5566
f 5569 5568 5570
f 5569 5567 5568
f 5571 5569 5570
f 5572 5570 5573
f 5572 5571 5570
f 5574 5573 5575
f 5574 5572 5573
f 5576 5575 5577
f 5576 5577 5578
f 5576 5574 5575
f 5579 5576 5578
f 5580 5578 5581
f 5580 5581 5582
f 5580 5579 5578
f 5583 5580 5582
f 5584 5583 5582
f 5584 5582 5585
f 5586 5584 5585
f 5586 5585 5587
f 5588 5586 5587
f 5588 5587 5589
f 5588 5589 5590
f 5591 5588 5590
f 5592 5591 5590
f 5592 5590 5593
f 5594 5592 5593
f 5594 5593 5595
f 5594 5595 5596
f 5597 5594 5596
f 5598 559 558
f 5599 558 556
f 5599 5598 558
f 5600 556 554
f 5600 5599 556
f 5601 554 551
f 5601 5600 554
f 5602 551 550
f 5602 5601 551
f 5603 550 547
f 5603 5602 550
f 5604 547 546
f 5604 5603 547
f 5605 546 543
f 5605 5604 546
f 5606 543 542
f 5606 5605 543
f 5607 542 539
f 5607 5606 542
f 5608 539 538
f 5608 5607 539
f 5609 5608 538
f 5610 5609 538
f 5610 538 536
f 5610 536 534
f 5611 5610 534
f 5611 534 531
f 5612 5611 531
f 5613 5612 531
f 5613 531 530
f 5613 530 528
f 5614 5613 528
f 5615 528 526
f 5615 5614 528
f 5616 526 524
f 5616 5615 526
f 5617 524 522
f 5617 5616 524
f 5618 522 520
f 5618 5617 522
f 5619 520 518
f 5619 518 516
f 5619 5618 520
f 5620 5619 516
f 5621 516 514
f 5621 514 511
f 5621 5620 516
f 5622 5621 511
f 5623 5624 5625
f 5623 5626 5624
f 5627 5625 5628
f 5627 5623 5625
f 5629 5628 5630
f 5629 5627 5628
f 5631 5630 5632
f 5631 5629 5630
f 5633 5632 5634
f 5633 5631 5632
f 5635 5634 5636
f 5635 5633 5634
f 5637 5636 5638
f 5637 5635 5636
f 5639 5638 5640
f 5639 5637 5638
f 5641 5640 5642
f 5641 5639 5640
f 5643 5642 5644
f 5643 5641 5642
f 5645 5644 5646
f 5645 5643 5644
f 5647 5646 5648
f 5647 5645 5646
f 5649 5647 5648
f 5649 5648 5650
f 5651 5649 5650
f 5651 5650 5652
f 5651 5652 5653
f 5654 5651 5653
f 5655 5653 5656
f 5655 5654 5653
f 5655 5656 5657
f 5658 5655 5657
f 5659 5657 5660
f 5659 5658 5657
f 5661 5660 5662
f 5661 5659 5660
f 5663 5662 5664
f 5663 5661 5662
f 5665 5664 5666
f 5665 5666 5667
f 5665 5663 5664
f 5668 5665 5667
f 5669 5667 5670
f 5669 5668 5667
f 5671 5672 5673
f 5671 5674 5672
f 5675 5673 5676
f 5675 5671 5673
f 5677 5676 5678
f 5677 5675 5676
f 5679 5678 5680
f 5679 5677 5678
f 5681 5680 5682
f 5681 5679 5680
f 5683 5682 5684
f 5683 5681 5682
f 5685 5684 5686
f 5685 5683 5684
f 5687 5686 5688
f 5687 5685 5686
f 5689 5688 5690
f 5689 5687 5688
f 5691 5690 5692
f 5691 5689 5690
f 5693 5692 5694
f 5693 5691 5692
f 5695 5694 5696
f 5695 5693 5694
f 5697 5695 5696
f 5697 5696 5698
f 5699 5697 5698
f 5699 5698 5700
f 5701 5699 5700
f 5701 5700 5702
f 5703 5702 5704
f 5703 5701 5702
f 5705 5703 5704
f 5705 5704 5706
f 5707 5706 5708
f 5707 5708 5709
f 5707 5705 5706
f 5710 5709 5711
f 5710 5707 5709
f 5712 5711 5713
f 5712 5710 5711
f 5714 5712 5713
f 5715 5713 5716
f 5715 5714 5713
f 5717 5716 5718
f 5717 5715 5716
f 5719 5720 5721
f 5722 5721 5723
f 5722 5719 5721
f 5724 5723 5725
f 5724 5722 5723
f 5726 5725 5727
f 5726 5724 5725
f 5728 5727 5729
f 5728 5726 5727
f 5730 5729 5731
f 5730 5728 5729
f 5732 5731 5733
f 5732 5730 5731
f 5734 5733 5735
f 5734 5732 5733
f 5736 5735 5737
f 5736 5734 5735
f 5738 5736 5737
f 5739 5737 5740
f 5739 5738 5737
f 5741 5740 5742
f 5741 5742 5743
f 5741 5739 5740
f 5744 5741 5743
f 5745 5743 5746
f 5745 5744 5743
f 5747 5745 5746
f 5747 5746 5748
f 5749 5747 5748
f 5749 5748 5750
f 5751 5749 5750
f 5751 5750 5752
f 5751 5752 5753
f 5754 5751 5753
f 5755 5753 5756
f 5755 5754 5753
f 5757 5756 5758
f 5757 5755 5756
f 5759 5758 5760
f 5759 5757 5758
f 5761 5760 5762
f 5761 5759 5760
f 5763 734 733
f 5763 735 734
f 5764 5763 733
f 5764 733 732
f 5765 736 735
f 5765 735 5763
f 5766 737 736
f 5766 736 5765
f 5767 732 731
f 5767 5764 732
f 5768 738 737
f 5768 737 5766
f 5769 731 730
f 5769 5767 731
f 5770 730 729
f 5770 5769 730
f 5771 739 738
f 5771 738 5768
f 5597 729 511
f 5597 5770 729
f 5597 511 514
f 5772 740 739
f 5772 741 740
f 5772 739 5771
f 5773 743 741
f 5773 741 5772
f 5594 5597 514
f 5594 514 516
f 5592 516 518
f 5592 5594 516
f 5774 745 743
f 5774 743 5773
f 5775 747 745
f 5775 745 5774
f 5591 5592 518
f 5591 518 520
f 5588 520 522
f 5588 5591 520
f 5776 749 747
f 5776 747 5775
f 5777 751 749
f 5777 749 5776
f 5586 522 524
f 5586 5588 522
f 750 751 5777
f 750 5777 5778
f 526 5586 524
f 526 5584 5586
f 748 750 5778
f 748 5778 5779
f 528 5583 5584
f 528 5584 526
f 746 5779 5780
f 746 748 5779
f 530 5580 5583
f 530 5583 528
f 744 746 5780
f 744 5780 5781
f 531 5580 530
f 531 5579 5580
f 742 744 5781
f 742 5781 5559
f 534 5579 531
f 534 5576 5579
f 536 5576 534
f 559 742 5559
f 538 5576 536
f 538 5574 5576
f 558 559 5559
f 558 5559 5556
f 539 5574 538
f 539 5572 5574
f 556 558 5556
f 556 5556 5560
f 542 5572 539
f 542 5571 5572
f 554 556 5560
f 554 5560 5562
f 543 5571 542
f 543 5569 5571
f 551 554 5562
f 551 5562 5564
f 546 5569 543
f 546 5567 5569
f 550 551 5564
f 550 5564 5567
f 547 5567 546
f 547 550 5567
f 5770 5597 5596
f 5770 5596 5782
f 5769 5782 5783
f 5769 5770 5782
f 5767 5783 5784
f 5767 5769 5783
f 5764 5784 5785
f 5764 5785 5786
f 5764 5767 5784
f 5763 5786 5787
f 5763 5764 5786
f 5765 5787 5788
f 5765 5763 5787
f 5766 5765 5788
f 5768 5788 5789
f 5768 5766 5788
f 5771 5789 5790
f 5771 5768 5789
f 5772 5790 5791
f 5772 5791 5792
f 5772 5771 5790
f 5773 5772 5792
f 5774 5792 5793
f 5774 5793 5794
f 5774 5773 5792
f 5775 5774 5794
f 5776 5775 5794
f 5776 5794 5795
f 5777 5776 5795
f 5777 5795 5796
f 5778 5777 5796
f 5778 5796 5797
f 5778 5797 5798
f 5779 5778 5798
f 5780 5779 5798
f 5780 5798 5799
f 5781 5780 5799
f 5781 5799 5800
f 5781 5800 5557
f 5559 5781 5557
f 5622 511 729
f 5801 729 730
f 5801 5622 729
f 5802 730 731
f 5802 5801 730
f 5803 731 732
f 5803 5802 731
f 5804 732 733
f 5804 5803 732
f 5805 733 734
f 5805 5804 733
f 5806 734 735
f 5806 5805 734
f 5807 735 736
f 5807 5806 735
f 5808 736 737
f 5808 5807 736
f 5809 5808 737
f 5810 737 738
f 5810 738 739
f 5810 5809 737
f 5811 5810 739
f 5812 5811 739
f 5812 739 740
f 5812 740 741
f 5813 5812 741
f 5813 741 743
f 5814 5813 743
f 5814 743 745
f 5815 5814 745
f 5815 745 747
f 5816 747 749
f 5816 5815 747
f 5817 749 751
f 5817 5816 749
f 5818 751 750
f 5818 5817 751
f 5819 5818 750
f 5820 750 748
f 5820 5819 750
f 5821 748 746
f 5821 746 744
f 5821 5820 748
f 5822 5821 744
f 5823 744 742
f 5823 742 559
f 5823 5822 744
f 5598 5823 559
f 5788 5786 5785
f 5788 5787 5786
f 5596 5783 5782
f 5596 5784 5783
f 5791 5789 5788
f 5791 5790 5789
f 5791 5788 5785
f 5590 5785 5784
f 5590 5792 5791
f 5590 5595 5593
f 5590 5596 5595
f 5590 5784 5596
f 5590 5791 5785
f 5794 5793 5792
f 5585 5589 5587
f 5585 5590 5589
f 5585 5792 5590
f 5585 5794 5792
f 5798 5796 5795
f 5798 5797 5796
f 5581 5585 5582
f 5578 5585 5581
f 5557 5800 5799
f 5577 5794 5585
f 5577 5585 5578
f 5561 5557 5799
f 5561 5558 5557
f 5570 5795 5794
f 5570 5575 5573
f 5570 5577 5575
f 5570 5794 5577
f 5568 5795 5570
f 5565 5561 5799
f 5565 5799 5798
f 5565 5795 5568
f 5565 5563 5561
f 5565 5798 5795
f 5566 5565 5568
f 5824 5817 5818
f 5825 5818 5819
f 5825 5824 5818
f 5826 5817 5824
f 5826 5816 5817
f 5827 5825 5819
f 5827 5819 5820
f 5828 5816 5826
f 5828 5815 5816
f 5829 5827 5820
f 5829 5820 5821
f 5830 5815 5828
f 5830 5814 5815
f 5831 5821 5822
f 5831 5829 5821
f 5832 5814 5830
f 5832 5813 5814
f 5833 5822 5823
f 5833 5831 5822
f 5834 5813 5832
f 5834 5812 5813
f 5624 5598 5599
f 5624 5823 5598
f 5624 5833 5823
f 5835 5812 5834
f 5835 5811 5812
f 5625 5624 5599
f 5600 5625 5599
f 5836 5811 5835
f 5836 5810 5811
f 5628 5625 5600
f 5601 5628 5600
f 5837 5810 5836
f 5837 5809 5810
f 5630 5628 5601
f 5838 5809 5837
f 5808 5809 5838
f 5602 5630 5601
f 5632 5630 5602
f 5839 5808 5838
f 5807 5808 5839
f 5603 5632 5602
f 5634 5632 5603
f 5840 5807 5839
f 5806 5807 5840
f 5604 5634 5603
f 5636 5634 5604
f 5841 5806 5840
f 5805 5806 5841
f 5605 5636 5604
f 5638 5636 5605
f 5842 5805 5841
f 5804 5805 5842
f 5606 5638 5605
f 5640 5638 5606
f 5843 5804 5842
f 5803 5804 5843
f 5607 5642 5640
f 5607 5640 5606
f 5844 5803 5843
f 5802 5803 5844
f 5608 5642 5607
f 5608 5644 5642
f 5845 5802 5844
f 5801 5802 5845
f 5801 5845 5670
f 5609 5644 5608
f 5609 5646 5644
f 5622 5801 5670
f 5610 5646 5609
f 5610 5648 5646
f 5621 5622 5670
f 5621 5670 5667
f 5611 5648 5610
f 5611 5650 5648
f 5620 5621 5667
f 5620 5667 5666
f 5612 5650 5611
f 5612 5652 5650
f 5619 5620 5666
f 5619 5666 5664
f 5613 5652 5612
f 5613 5653 5652
f 5618 5619 5664
f 5618 5664 5662
f 5614 5653 5613
f 5614 5656 5653
f 5617 5618 5662
f 5617 5662 5660
f 5615 5656 5614
f 5615 5657 5656
f 5616 5657 5615
f 5616 5617 5660
f 5616 5660 5657
f 5669 5670 5845
f 5846 5845 5844
f 5846 5669 5845
f 5847 5844 5843
f 5847 5846 5844
f 5848 5843 5842
f 5848 5847 5843
f 5849 5842 5841
f 5849 5848 5842
f 5850 5841 5840
f 5850 5849 5841
f 5851 5840 5839
f 5851 5850 5840
f 5852 5839 5838
f 5852 5851 5839
f 5853 5852 5838
f 5854 5838 5837
f 5854 5837 5836
f 5854 5853 5838
f 5855 5854 5836
f 5856 5836 5835
f 5856 5855 5836
f 5857 5835 5834
f 5857 5856 5835
f 5858 5857 5834
f 5858 5834 5832
f 5859 5858 5832
f 5859 5832 5830
f 5860 5859 5830
f 5860 5830 5828
f 5861 5828 5826
f 5861 5860 5828
f 5862 5826 5824
f 5862 5861 5826
f 5863 5824 5825
f 5863 5862 5824
f 5864 5825 5827
f 5864 5863 5825
f 5865 5827 5829
f 5865 5864 5827
f 5866 5829 5831
f 5866 5865 5829
f 5867 5831 5833
f 5867 5866 5831
f 5626 5833 5624
f 5626 5867 5833
f 5863 5868 5862
f 5869 5868 5863
f 5870 5862 5868
f 5870 5861 5862
f 5864 5869 5863
f 5871 5869 5864
f 5872 5861 5870
f 5872 5860 5861
f 5865 5871 5864
f 5873 5871 5865
f 5874 5860 5872
f 5874 5859 5860
f 5866 5873 5865
f 5875 5873 5866
f 5876 5859 5874
f 5876 5858 5859
f 5867 5875 5866
f 5877 5875 5867
f 5878 5858 5876
f 5878 5857 5858
f 5626 5877 5867
f 5672 5877 5626
f 5879 5857 5878
f 5879 5856 5857
f 5623 5672 5626
f 5673 5672 5623
f 5880 5856 5879
f 5880 5855 5856
f 5627 5673 5623
f 5676 5673 5627
f 5881 5855 5880
f 5881 5854 5855
f 5678 5627 5629
f 5678 5676 5627
f 5882 5853 5854
f 5882 5854 5881
f 5680 5629 5631
f 5680 5678 5629
f 5883 5852 5853
f 5883 5853 5882
f 5682 5680 5631
f 5682 5631 5633
f 5884 5851 5852
f 5884 5852 5883
f 5635 5684 5682
f 5635 5682 5633
f 5850 5884 5885
f 5850 5851 5884
f 5637 5686 5684
f 5637 5684 5635
f 5849 5885 5886
f 5849 5850 5885
f 5639 5688 5686
f 5639 5686 5637
f 5848 5886 5887
f 5848 5849 5886
f 5641 5688 5639
f 5641 5690 5688
f 5847 5848 5887
f 5847 5887 5888
f 5643 5690 5641
f 5643 5692 5690
f 5846 5847 5888
f 5846 5888 5889
f 5645 5692 5643
f 5645 5694 5692
f 5718 5846 5889
f 5669 5846 5718
f 5647 5694 5645
f 5647 5696 5694
f 5668 5669 5718
f 5668 5718 5716
f 5649 5696 5647
f 5649 5698 5696
f 5665 5668 5716
f 5665 5716 5713
f 5651 5698 5649
f 5651 5700 5698
f 5711 5665 5713
f 5663 5665 5711
f 5702 5700 5651
f 5654 5702 5651
f 5661 5663 5711
f 5661 5711 5709
f 5655 5702 5654
f 5655 5704 5702
f 5659 5661 5709
f 5659 5709 5708
f 5706 5704 5655
f 5658 5706 5655
f 5658 5659 5708
f 5658 5708 5706
f 5717 5718 5889
f 5890 5889 5888
f 5890 5717 5889
f 5891 5888 5887
f 5891 5890 5888
f 5892 5887 5886
f 5892 5891 5887
f 5893 5886 5885
f 5893 5892 5886
f 5894 5885 5884
f 5894 5893 5885
f 5895 5884 5883
f 5895 5894 5884
f 5896 5895 5883
f 5897 5883 5882
f 5897 5896 5883
f 5898 5882 5881
f 5898 5897 5882
f 5899 5881 5880
f 5899 5898 5881
f 5900 5880 5879
f 5900 5899 5880
f 5901 5879 5878
f 5901 5900 5879
f 5902 5901 5878
f 5902 5878 5876
f 5903 5902 5876
f 5903 5876 5874
f 5904 5903 5874
f 5904 5874 5872
f 5905 5872 5870
f 5905 5904 5872
f 5906 5870 5868
f 5906 5905 5870
f 5907 5868 5869
f 5907 5906 5868
f 5908 5869 5871
f 5908 5907 5869
f 5909 5871 5873
f 5909 5908 5871
f 5910 5873 5875
f 5910 5909 5873
f 5911 5875 5877
f 5911 5910 5875
f 5674 5877 5672
f 5674 5911 5877
f 5912 5906 5907
f 5913 5906 5912
f 5913 5905 5906
f 5914 5907 5908
f 5914 5912 5907
f 5915 5905 5913
f 5915 5904 5905
f 5916 5914 5908
f 5916 5908 5909
f 5917 5904 5915
f 5917 5903 5904
f 5918 5916 5909
f 5918 5909 5910
f 5919 5903 5917
f 5919 5902 5903
f 5920 5910 5911
f 5920 5918 5910
f 5921 5902 5919
f 5921 5901 5902
f 5921 5900 5901
f 5720 5674 5671
f 5720 5911 5674
f 5720 5920 5911
f 5922 5900 5921
f 5899 5900 5922
f 5721 5720 5671
f 5675 5721 5671
f 5923 5899 5922
f 5898 5899 5923
f 5723 5721 5675
f 5677 5723 5675
f 5924 5898 5923
f 5897 5898 5924
f 5725 5723 5677
f 5679 5725 5677
f 5925 5897 5924
f 5896 5897 5925
f 5727 5725 5679
f 5681 5727 5679
f 5926 5896 5925
f 5895 5896 5926
f 5729 5727 5681
f 5927 5895 5926
f 5683 5729 5681
f 5731 5729 5683
f 5894 5895 5927
f 5928 5894 5927
f 5685 5731 5683
f 5733 5731 5685
f 5893 5894 5928
f 5929 5893 5928
f 5687 5733 5685
f 5735 5733 5687
f 5892 5893 5929
f 5930 5892 5929
f 5689 5735 5687
f 5737 5735 5689
f 5891 5892 5930
f 5931 5891 5930
f 5691 5737 5689
f 5740 5737 5691
f 5890 5891 5931
f 5890 5931 5762
f 5693 5740 5691
f 5717 5890 5762
f 5695 5740 5693
f 5695 5742 5740
f 5715 5717 5762
f 5715 5762 5760
f 5697 5742 5695
f 5697 5743 5742
f 5714 5715 5760
f 5714 5760 5758
f 5699 5743 5697
f 5699 5746 5743
f 5712 5714 5758
f 5712 5758 5756
f 5701 5746 5699
f 5701 5748 5746
f 5710 5712 5756
f 5710 5756 5753
f 5703 5748 5701
f 5703 5750 5748
f 5707 5710 5753
f 5707 5753 5752
f 5705 5750 5703
f 5705 5707 5752
f 5705 5752 5750
f 5932 5761 5762
f 5932 5762 5931
f 5933 5931 5930
f 5933 5932 5931
f 5934 5930 5929
f 5934 5933 5930
f 5935 5929 5928
f 5935 5934 5929
f 5936 5928 5927
f 5936 5935 5928
f 5937 5927 5926
f 5937 5936 5927
f 5938 5926 5925
f 5938 5937 5926
f 5939 5925 5924
f 5939 5924 5923
f 5939 5938 5925
f 5940 5923 5922
f 5940 5939 5923
f 5941 5940 5922
f 5942 5922 5921
f 5942 5921 5919
f 5942 5941 5922
f 5943 5919 5917
f 5943 5942 5919
f 5944 5943 5917
f 5945 5944 5917
f 5945 5917 5915
f 5946 5945 5915
f 5946 5915 5913
f 5946 5913 5912
f 5947 5946 5912
f 5947 5912 5914
f 5948 5947 5914
f 5948 5914 5916
f 5949 5916 5918
f 5949 5948 5916
f 5950 5918 5920
f 5950 5949 5918
f 5951 5950 5920
f 5719 5920 5720
f 5719 5951 5920
f 5950 5948 5949
f 5950 5947 5948
f 5943 5944 5945
f 5942 5945 5946
f 5942 5943 5945
f 5941 5946 5947
f 5941 5942 5946
f 5941 5947 5950
f 5939 5940 5941
f 5726 5722 5724
f 5726 5719 5722
f 5726 5951 5719
f 5937 5938 5939
f 5730 5726 5728
f 5936 5939 5941
f 5936 5937 5939
f 5934 5935 5936
f 5934 5936 5941
f 5736 5732 5734
f 5736 5730 5732
f 5736 5726 5730
f 5933 5941 5950
f 5933 5934 5941
f 5738 5726 5736
f 5739 5726 5738
f 5761 5950 5951
f 5761 5932 5933
f 5761 5951 5726
f 5761 5933 5950
f 5741 5726 5739
f 5757 5759 5761
f 5757 5761 5726
f 5745 5741 5744
f 5745 5726 5741
f 5747 5757 5726
f 5747 5726 5745
f 5754 5755 5757
f 5751 5747 5749
f 5751 5754 5757
f 5751 5757 5747
f 5952 5953 5954
f 5952 5955 5953
f 5956 5957 5955
f 5956 5955 5952
f 5958 5959 5957
f 5958 5957 5956
f 5960 5961 5959
f 5960 5959 5958
f 5962 5963 5961
f 5962 5961 5960
f 5964 5965 5963
f 5964 5963 5962
f 5966 5967 5965
f 5966 5965 5964
f 5968 5969 5970
f 5968 5971 5969
f 5972 5970 5973
f 5972 5968 5970
f 5974 5973 5975
f 5974 5975 5976
f 5974 5972 5973
f 5977 5976 5978
f 5977 5974 5976
f 5979 5977 5978
f 5980 5978 5981
f 5980 5979 5978
f 5982 5981 5983
f 5982 5980 5981
f 5984 5983 5985
f 5984 5982 5983
f 5986 5985 5987
f 5986 5987 5988
f 5986 5984 5985
f 5989 5986 5988
f 5990 5988 5991
f 5990 5989 5988
f 5992 5991 5993
f 5992 5990 5991
f 5994 5993 5995
f 5994 5992 5993
f 5996 5995 5997
f 5996 5994 5995
f 5998 5997 5999
f 5998 5996 5997
f 6000 6001 6002
f 6000 6003 6001
f 6004 6002 6005
f 6004 6000 6002
f 6006 6005 6007
f 6006 6007 6008
f 6006 6004 6005
f 6009 6006 6008
f 6010 6008 6011
f 6010 6009 6008
f 6012 6011 6013
f 6012 6013 6014
f 6012 6010 6011
f 6015 6012 6014
f 6016 6014 6017
f 6016 6015 6014
f 6018 6017 6019
f 6018 6016 6017
f 6020 6019 6021
f 6020 6018 6019
f 6022 6021 6023
f 6022 6020 6021
f 6024 6023 6025
f 6024 6022 6023
f 6026 6025 6027
f 6026 6024 6025
f 6028 6029 6030
f 6031 6030 6032
f 6031 6028 6030
f 6033 6032 6034
f 6033 6031 6032
f 6035 6034 6036
f 6035 6033 6034
f 6037 6036 6038
f 6037 6035 6036
f 6039 6038 6040
f 6039 6037 6038
f 6041 6040 6042
f 6041 6039 6040
f 6043 6042 6044
f 6043 6041 6042
f 6045 6044 6046
f 6045 6043 6044
f 6047 6046 6048
f 6047 6045 6046
f 6049 6047 6048
f 6050 6048 6051
f 6050 6049 6048
f 6052 6051 6053
f 6052 6050 6051
f 6054 6053 6055
f 6054 6052 6053
f 6056 6057 6058
f 6056 6058 6059
f 6060 6057 6056
f 6061 6062 6057
f 6061 6057 6060
f 6063 6064 6062
f 6063 6062 6061
f 6065 6064 6063
f 6066 6064 6065
f 6067 6068 6064
f 6069 6064 6066
f 6069 6066 6070
f 6069 6067 6064
f 6071 6069 6070
f 6071 6070 6072
f 6073 6071 6072
f 6073 6072 6074
f 6075 6073 6074
f 6075 6074 6076
f 6077 6075 6076
f 6078 6079 6080
f 6078 6080 6081
f 6082 6083 5966
f 6084 5966 5964
f 6084 5964 5962
f 6084 6082 5966
f 6085 5962 5960
f 6085 6084 5962
f 6086 5960 5958
f 6086 5958 5956
f 6086 5956 5952
f 6086 6085 5960
f 6087 6078 6088
f 6089 6078 6087
f 6090 6088 6091
f 6090 6087 6088
f 6092 6078 6089
f 6092 6079 6078
f 6093 6090 6091
f 6094 6095 6079
f 6094 6079 6092
f 6096 6091 6097
f 6096 6093 6091
f 6098 6099 6095
f 6098 6095 6094
f 6100 6099 6098
f 6100 6076 6099
f 6101 6076 6100
f 6102 6096 6097
f 6103 6104 6077
f 6105 6077 6076
f 6105 6076 6101
f 6105 6103 6077
f 6106 5954 6104
f 6106 6104 6103
f 6107 6105 6101
f 6107 6101 6108
f 6109 5952 5954
f 6109 6086 5952
f 6109 5954 6106
f 6110 6108 6111
f 6110 6107 6108
f 6112 6086 6109
f 6113 6111 6114
f 6113 6110 6111
f 6115 6113 6114
f 6116 6086 6112
f 6117 6118 6119
f 6117 6119 6115
f 6117 6115 6114
f 6117 6114 6120
f 6117 6120 6121
f 6122 6123 6124
f 6125 6126 6118
f 6125 6118 6117
f 6127 6124 6128
f 6127 6128 6126
f 6127 6126 6125
f 6127 6122 6124
f 6112 6129 6130
f 6109 6131 6129
f 6109 6129 6112
f 6106 6132 6131
f 6106 6131 6109
f 6103 6133 6132
f 6103 6132 6106
f 6105 6134 6133
f 6105 6133 6103
f 6107 6135 6134
f 6107 6134 6105
f 6110 6136 6135
f 6110 6135 6107
f 6113 6137 6136
f 6113 6136 6110
f 6115 6138 6137
f 6115 6137 6113
f 6119 6139 6138
f 6119 6138 6115
f 6118 6140 6139
f 6118 6139 6119
f 6126 6141 6140
f 6126 6140 6118
f 6128 6142 6141
f 6128 6141 6126
f 6124 6142 6128
f 6123 6142 6124
f 6123 6143 6142
f 6144 6145 6086
f 6146 6147 6148
f 6146 6148 6144
f 6146 6144 6149
f 6143 6146 6149
f 6116 6144 6086
f 6116 6149 6144
f 6150 6146 6143
f 6122 6143 6123
f 6122 6150 6143
f 6125 6151 6152
f 6125 6117 6151
f 6127 6152 6153
f 6127 6153 6150
f 6127 6125 6152
f 6122 6127 6150
f 6154 6102 6097
f 6154 6097 6155
f 6156 6154 6155
f 6157 6154 6156
f 6158 6121 6157
f 6117 6121 6158
f 6151 6117 6158
f 6159 6156 6160
f 6161 6157 6156
f 6161 6156 6159
f 6162 6158 6157
f 6162 6157 6161
f 6163 6159 6164
f 6163 6161 6159
f 6165 6162 6166
f 6164 6165 6166
f 6164 6166 6163
f 6165 6158 6162
f 6121 6167 6157
f 6121 6120 6167
f 6114 6167 6120
f 6114 6168 6167
f 6111 6169 6168
f 6111 6168 6114
f 6108 6170 6169
f 6108 6169 6111
f 6101 6171 6170
f 6101 6170 6108
f 6100 6172 6171
f 6100 6171 6101
f 6098 6173 6172
f 6098 6172 6100
f 6094 6174 6173
f 6094 6173 6098
f 6092 6175 6174
f 6092 6174 6094
f 6089 6176 6175
f 6089 6175 6092
f 6087 6177 6176
f 6087 6176 6089
f 6090 6178 6177
f 6090 6177 6087
f 6093 6179 6178
f 6093 6178 6090
f 6096 6180 6179
f 6096 6179 6093
f 6154 6096 6102
f 6154 6180 6096
f 6088 6181 6182
f 6088 6078 6181
f 6091 6182 6183
f 6091 6088 6182
f 6097 6183 6155
f 6097 6091 6183
f 6184 6059 6058
f 6184 6058 6185
f 6186 6184 6185
f 6187 6184 6186
f 6188 6081 6187
f 6188 6187 6186
f 6078 6081 6188
f 6181 6078 6188
f 6189 6186 6190
f 6189 6188 6186
f 6080 6187 6081
f 6080 6191 6187
f 6079 6191 6080
f 6079 6192 6191
f 6095 6193 6192
f 6095 6192 6079
f 6099 6194 6193
f 6099 6193 6095
f 6076 6195 6194
f 6076 6194 6099
f 6074 6196 6195
f 6074 6195 6076
f 6072 6197 6196
f 6072 6196 6074
f 6070 6198 6197
f 6070 6197 6072
f 6066 6199 6198
f 6066 6198 6070
f 6065 6200 6199
f 6065 6199 6066
f 6063 6201 6200
f 6063 6200 6065
f 6061 6202 6201
f 6061 6201 6063
f 6060 6203 6202
f 6060 6202 6061
f 6056 6204 6203
f 6056 6203 6060
f 6059 6204 6056
f 6059 6184 6204
f 6062 6205 6206
f 6062 6064 6205
f 6057 6206 6207
f 6057 6062 6206
f 6058 6207 6185
f 6058 6057 6207
f 6208 6205 6064
f 6209 6210 6211
f 6209 6211 6208
f 6209 6208 6212
f 6213 6209 6212
f 6068 6208 6064
f 6068 6212 6208
f 6214 6209 6213
f 6082 6213 6083
f 6082 6214 6213
f 6215 6212 6068
f 6215 6068 6067
f 6069 6215 6067
f 6069 6216 6215
f 6071 6217 6216
f 6071 6216 6069
f 6073 6218 6217
f 6073 6217 6071
f 6075 6219 6218
f 6075 6218 6073
f 6077 6220 6219
f 6077 6219 6075
f 6104 6221 6220
f 6104 6220 6077
f 5954 5953 6221
f 5954 6221 6104
f 6083 6213 5967
f 5966 6083 5967
f 6085 6145 6222
f 6085 6086 6145
f 6084 6222 6223
f 6084 6085 6222
f 6082 6223 6214
f 6082 6084 6223
f 6112 6149 6116
f 6112 6130 6149
f 6134 6131 6132
f 6134 6132 6133
f 6130 6129 6131
f 6130 6131 6134
f 6137 6135 6136
f 6138 6135 6137
f 6141 6138 6139
f 6141 6139 6140
f 6141 6135 6138
f 6142 6134 6135
f 6142 6130 6134
f 6142 6135 6141
f 6143 6149 6130
f 6143 6130 6142
f 6214 6224 6209
f 6223 6224 6214
f 6225 6224 6223
f 6222 6225 6223
f 6226 6222 6145
f 6226 6225 6222
f 6144 6226 6145
f 6144 6227 6226
f 6144 6148 6227
f 6228 6229 6230
f 6228 6230 6231
f 6228 6231 6232
f 6228 6233 6189
f 6234 6235 6229
f 6234 6229 6228
f 6234 6228 6236
f 6237 6228 6189
f 6237 6236 6228
f 6238 6239 6240
f 6238 6240 6235
f 6238 6235 6234
f 6241 6237 6189
f 6242 6243 6244
f 6242 6244 6239
f 6242 6239 6238
f 6245 6241 6189
f 5971 6243 6242
f 5971 6164 6243
f 6246 6245 6189
f 6165 6164 5971
f 6190 6246 6189
f 5968 6165 5971
f 6247 6246 6190
f 5972 6165 5968
f 6248 6247 6190
f 6249 6165 5972
f 6249 6250 6165
f 6249 5972 5974
f 6251 6248 6190
f 6251 6190 6252
f 6251 6253 6248
f 5977 6254 6255
f 5977 6255 6249
f 5977 6249 5974
f 6256 6254 5977
f 6257 6253 6251
f 5979 6256 5977
f 6258 6257 6251
f 6211 6251 6259
f 6211 6258 6251
f 6211 6260 6258
f 6147 6261 6256
f 6147 5979 5980
f 6147 6256 5979
f 5982 6147 5980
f 5998 6260 6211
f 6262 5989 5990
f 6262 5990 5992
f 6262 5992 5994
f 6148 5982 5984
f 6148 5984 5986
f 6148 5986 5989
f 6148 6147 5982
f 6148 5989 6262
f 6210 5994 5996
f 6210 5996 5998
f 6210 5998 6211
f 6210 6262 5994
f 6263 6262 6210
f 6227 6148 6262
f 6264 6147 6146
f 6264 6261 6147
f 6151 6158 6265
f 6150 6264 6146
f 6152 6266 6267
f 6152 6268 6266
f 6152 6265 6268
f 6152 6151 6265
f 6153 6269 6264
f 6153 6267 6269
f 6153 6264 6150
f 6153 6152 6267
f 6270 6271 6161
f 6270 6161 6163
f 6272 6270 6163
f 6166 6272 6163
f 6273 6272 6166
f 6273 6166 6162
f 6273 6162 6161
f 6273 6161 6271
f 6158 6250 6265
f 6158 6165 6250
f 6274 6243 6164
f 6159 6274 6164
f 6275 6276 6277
f 6278 6275 6279
f 6280 6275 6278
f 6274 6281 6282
f 6274 6283 6281
f 6274 6280 6283
f 6274 6275 6280
f 6160 6276 6275
f 6160 6275 6274
f 6159 6160 6274
f 6156 6276 6160
f 6284 6276 6156
f 6181 6188 6285
f 6182 6181 6285
f 6286 6182 6285
f 6183 6182 6286
f 6284 6155 6183
f 6284 6183 6286
f 6156 6155 6284
f 6179 6177 6178
f 6174 6175 6176
f 6174 6176 6177
f 6174 6177 6179
f 6172 6173 6174
f 6172 6179 6180
f 6172 6174 6179
f 6168 6169 6170
f 6168 6170 6171
f 6168 6171 6172
f 6168 6172 6180
f 6167 6168 6180
f 6157 6180 6154
f 6157 6167 6180
f 6188 6233 6285
f 6188 6189 6233
f 6186 6252 6190
f 6287 6252 6186
f 6288 6206 6205
f 6287 6185 6207
f 6208 6288 6205
f 6186 6185 6287
f 6289 6207 6206
f 6289 6206 6288
f 6289 6287 6207
f 6201 6202 6203
f 6201 6203 6204
f 6191 6204 6184
f 6191 6184 6187
f 6192 6204 6191
f 6196 6197 6198
f 6196 6198 6199
f 6193 6201 6204
f 6193 6204 6192
f 6195 6199 6200
f 6195 6200 6201
f 6195 6196 6199
f 6194 6201 6193
f 6194 6195 6201
f 6208 6259 6288
f 6208 6211 6259
f 6209 6263 6210
f 6224 6263 6209
f 6218 6216 6217
f 6219 6215 6216
f 6219 6216 6218
f 6220 6215 6219
f 5967 6213 6212
f 5967 6212 6215
f 5959 6221 5953
f 5959 5953 5955
f 5959 5955 5957
f 5961 6220 6221
f 5961 5963 5965
f 5961 5965 5967
f 5961 6215 6220
f 5961 5967 6215
f 5961 6221 5959
f 6227 6225 6226
f 6227 6262 6225
f 6263 6224 6225
f 6262 6263 6225
f 6260 5998 5999
f 6260 5999 6290
f 6258 6290 6291
f 6258 6260 6290
f 6257 6291 6292
f 6257 6258 6291
f 6253 6292 6293
f 6253 6257 6292
f 6248 6293 6294
f 6248 6253 6293
f 6247 6294 6295
f 6247 6295 6296
f 6247 6248 6294
f 6246 6296 6297
f 6246 6247 6296
f 6245 6246 6297
f 6241 6297 6298
f 6241 6245 6297
f 6237 6298 6299
f 6237 6241 6298
f 6236 6299 6300
f 6236 6300 6301
f 6236 6237 6299
f 6234 6236 6301
f 6238 6301 6302
f 6238 6302 6303
f 6238 6234 6301
f 6242 6238 6303
f 5971 6303 5969
f 5971 6242 6303
f 6289 6259 6251
f 6289 6288 6259
f 6252 6287 6289
f 6251 6252 6289
f 6286 6233 6228
f 6286 6285 6233
f 6277 6228 6232
f 6286 6228 6277
f 6284 6277 6276
f 6284 6286 6277
f 6232 6275 6277
f 6231 6275 6232
f 6282 6244 6243
f 6282 6239 6244
f 6282 6243 6274
f 6281 6239 6282
f 6283 6240 6239
f 6283 6235 6240
f 6283 6239 6281
f 6280 6229 6235
f 6280 6235 6283
f 6278 6229 6280
f 6279 6230 6229
f 6279 6229 6278
f 6275 6231 6230
f 6275 6230 6279
f 6250 6249 6268
f 6250 6268 6265
f 6254 6256 6269
f 6254 6269 6267
f 6255 6267 6266
f 6255 6254 6267
f 6249 6266 6268
f 6249 6255 6266
f 6269 6256 6261
f 6264 6269 6261
f 6304 6305 6270
f 6272 6304 6270
f 6306 6270 6305
f 6271 6270 6306
f 6307 6271 6306
f 6273 6271 6307
f 6273 6304 6272
f 6273 6307 6304
f 6308 6301 6300
f 6309 6300 6299
f 6309 6308 6300
f 6310 6302 6301
f 6310 6301 6308
f 6311 6299 6298
f 6311 6309 6299
f 6312 6303 6302
f 6312 6302 6310
f 6313 6298 6297
f 6313 6311 6298
f 6296 6313 6297
f 6003 5969 6303
f 6003 6303 6312
f 5970 5969 6003
f 6314 6313 6296
f 6295 6314 6296
f 6000 5970 6003
f 5973 5970 6000
f 6315 6314 6295
f 6294 6315 6295
f 6004 5973 6000
f 5975 5973 6004
f 6316 6315 6294
f 6293 6316 6294
f 6006 5975 6004
f 6317 6316 6293
f 5976 5975 6006
f 6009 5976 6006
f 6292 6317 6293
f 6318 6317 6292
f 5978 5976 6009
f 6010 5978 6009
f 6291 6318 6292
f 6319 6318 6291
f 5981 5978 6010
f 6012 5981 6010
f 6290 6319 6291
f 6026 6319 6290
f 5983 5981 6012
f 6015 5983 6012
f 5999 6026 6290
f 5985 5983 6015
f 5997 6026 5999
f 5997 6024 6026
f 5987 6015 6016
f 5987 5985 6015
f 5995 6022 6024
f 5995 6024 5997
f 5988 6016 6018
f 5988 5987 6016
f 5993 6020 6022
f 5993 6022 5995
f 5991 6018 6020
f 5991 5988 6018
f 5991 6020 5993
f 6320 6321 6304
f 6307 6320 6304
f 6304 6321 6322
f 6304 6322 6305
f 6306 6305 6322
f 6323 6306 6322
f 6320 6307 6306
f 6320 6306 6323
f 6319 6026 6027
f 6319 6027 6324
f 6318 6324 6325
f 6318 6319 6324
f 6317 6325 6326
f 6317 6318 6325
f 6316 6326 6327
f 6316 6317 6326
f 6315 6327 6328
f 6315 6316 6327
f 6314 6328 6329
f 6314 6315 6328
f 6313 6329 6330
f 6313 6330 6331
f 6313 6314 6329
f 6311 6313 6331
f 6309 6331 6332
f 6309 6311 6331
f 6308 6332 6333
f 6308 6309 6332
f 6310 6333 6334
f 6310 6308 6333
f 6312 6334 6335
f 6312 6310 6334
f 6003 6335 6001
f 6003 6312 6335
f 6336 6337 6322
f 6338 6322 6337
f 6339 6336 6322
f 6340 6322 6338
f 6341 6339 6322
f 6028 6322 6340
f 6321 6342 6343
f 6321 6344 6342
f 6323 6033 6035
f 6323 6031 6033
f 6323 6028 6031
f 6345 6344 6321
f 6037 6323 6035
f 6346 6345 6321
f 6039 6323 6037
f 6347 6346 6321
f 6041 6323 6039
f 6320 6050 6052
f 6320 6049 6050
f 6320 6047 6049
f 6320 6045 6047
f 6320 6043 6045
f 6321 6341 6322
f 6321 6343 6341
f 6322 6028 6323
f 6323 6041 6320
f 6041 6043 6320
f 6320 6054 6321
f 6054 6347 6321
f 6320 6052 6054
f 6329 6331 6330
f 6329 6332 6331
f 6329 6333 6332
f 6329 6334 6333
f 6329 6335 6334
f 6328 6335 6329
f 6327 6335 6328
f 6007 6002 6001
f 6007 6005 6002
f 6007 6001 6335
f 6007 6335 6327
f 6324 6326 6325
f 6013 6011 6008
f 6014 6008 6007
f 6014 6007 6327
f 6014 6013 6008
f 6021 6017 6014
f 6021 6019 6017
f 6021 6025 6023
f 6021 6027 6025
f 6021 6324 6027
f 6021 6327 6326
f 6021 6326 6324
f 6021 6014 6327
f 6054 6055 6348
f 6347 6348 6349
f 6347 6054 6348
f 6346 6349 6350
f 6346 6347 6349
f 6345 6350 6351
f 6345 6346 6350
f 6344 6351 6352
f 6344 6345 6351
f 6342 6352 6353
f 6342 6344 6352
f 6343 6353 6354
f 6343 6342 6353
f 6341 6354 6355
f 6341 6343 6354
f 6339 6355 6356
f 6339 6341 6355
f 6336 6356 6357
f 6336 6339 6356
f 6337 6336 6357
f 6338 6357 6358
f 6338 6337 6357
f 6340 6358 6359
f 6340 6338 6358
f 6028 6359 6029
f 6028 6340 6359
f 6355 6357 6356
f 6029 6358 6357
f 6029 6359 6358
f 6353 6355 6354
f 6351 6353 6352
f 6351 6357 6355
f 6351 6355 6353
f 6036 6034 6032
f 6348 6350 6349
f 6348 6351 6350
f 6055 6351 6348
f 6053 6030 6029
f 6053 6032 6030
f 6053 6036 6032
f 6053 6029 6357
f 6053 6357 6351
f 6053 6351 6055
f 6044 6038 6036
f 6044 6040 6038
f 6044 6042 6040
f 6046 6044 6036
f 6048 6053 6051
f 6048 6036 6053
f 6048 6046 6036
