# https://github.com/mikedh/trimesh

o geometry_1
v 1102.00000000 -63.40176000 1561.85200000
v 1105.00000000 -64.50000000 1550.00000000
v 1105.00000000 -63.40176000 1561.85200000
v 1102.00000000 -64.50000000 1550.00000000
v 1102.00000000 -60.14446000 1573.30000000
v 1105.00000000 -60.14446000 1573.30000000
v 1102.00000000 -54.83901000 1583.95500000
v 1105.00000000 -54.83901000 1583.95500000
v 1102.00000000 -47.66608000 1593.45300000
v 1105.00000000 -47.66608000 1593.45300000
v 1102.00000000 -38.86993000 1601.47200000
v 1105.00000000 -38.86993000 1601.47200000
v 1102.00000000 -28.75012000 1607.73800000
v 1105.00000000 -28.75012000 1607.73800000
v 1102.00000000 -17.65126000 1612.03800000
v 1105.00000000 -17.65126000 1612.03800000
v 1102.00000000 -5.95130900 1614.22500000
v 1105.00000000 -5.95130900 1614.22500000
v 1102.00000000 5.95130900 1614.22500000
v 1105.00000000 5.95130900 1614.22500000
v 1102.00000000 17.65126000 1612.03800000
v 1105.00000000 17.65126000 1612.03800000
v 1105.00000000 28.75012000 1607.73800000
v 1102.00000000 28.75012000 1607.73800000
v 1105.00000000 38.86993000 1601.47200000
v 1102.00000000 38.86993000 1601.47200000
v 1102.00000000 47.66608000 1593.45300000
v 1105.00000000 47.66608000 1593.45300000
v 1105.00000000 54.83901000 1583.95500000
v 1102.00000000 54.83901000 1583.95500000
v 1105.00000000 60.14446000 1573.30000000
v 1102.00000000 60.14446000 1573.30000000
v 1102.00000000 63.40176000 1561.85200000
v 1105.00000000 63.40176000 1561.85200000
v 1102.00000000 64.50000000 1550.00000000
v 1105.00000000 64.50000000 1550.00000000
v 1105.00000000 -80.00000000 1550.00000000
v 1108.70000000 -80.00000000 1550.00000000
v 1108.70000000 -78.90890000 1563.16800000
v 1105.00000000 -78.90890000 1563.16800000
v 1108.70000000 -75.66538000 1575.97600000
v 1105.00000000 -75.66538000 1575.97600000
v 1108.70000000 -70.35790000 1588.07600000
v 1105.00000000 -70.35790000 1588.07600000
v 1108.70000000 -63.13124000 1599.13700000
v 1105.00000000 -63.13124000 1599.13700000
v 1108.70000000 -54.18253000 1608.85800000
v 1105.00000000 -54.18253000 1608.85800000
v 1108.70000000 -43.75585000 1616.97300000
v 1105.00000000 -43.75585000 1616.97300000
v 1108.70000000 -32.13563000 1623.26200000
v 1105.00000000 -32.13563000 1623.26200000
v 1108.70000000 -19.63884000 1627.55200000
v 1105.00000000 -19.63884000 1627.55200000
v 1108.70000000 -6.60634800 1629.72700000
v 1105.00000000 -6.60634800 1629.72700000
v 1108.70000000 6.60634800 1629.72700000
v 1105.00000000 6.60634800 1629.72700000
v 1105.00000000 19.63884000 1627.55200000
v 1108.70000000 19.63884000 1627.55200000
v 1108.70000000 32.13563000 1623.26200000
v 1105.00000000 32.13563000 1623.26200000
v 1108.70000000 43.75585000 1616.97300000
v 1105.00000000 43.75585000 1616.97300000
v 1105.00000000 54.18253000 1608.85800000
v 1108.70000000 54.18253000 1608.85800000
v 1108.70000000 63.13124000 1599.13700000
v 1105.00000000 63.13124000 1599.13700000
v 1105.00000000 70.35790000 1588.07600000
v 1108.70000000 70.35790000 1588.07600000
v 1105.00000000 75.66538000 1575.97600000
v 1108.70000000 75.66538000 1575.97600000
v 1105.00000000 78.90890000 1563.16800000
v 1108.70000000 78.90890000 1563.16800000
v 1105.00000000 80.00000000 1550.00000000
v 1108.70000000 80.00000000 1550.00000000
v 1108.70000000 -76.90000000 1550.00000000
v 1113.50000000 -76.90000000 1550.00000000
v 1113.50000000 -75.73172000 1563.35400000
v 1108.70000000 -75.73172000 1563.35400000
v 1113.50000000 -72.26236000 1576.30100000
v 1108.70000000 -72.26236000 1576.30100000
v 1113.50000000 -66.59735000 1588.45000000
v 1108.70000000 -66.59735000 1588.45000000
v 1113.50000000 -58.90882000 1599.43000000
v 1108.70000000 -58.90882000 1599.43000000
v 1113.50000000 -49.43037000 1608.90900000
v 1108.70000000 -49.43037000 1608.90900000
v 1113.50000000 -38.45000000 1616.59700000
v 1108.70000000 -38.45000000 1616.59700000
v 1113.50000000 -26.30135000 1622.26200000
v 1108.70000000 -26.30135000 1622.26200000
v 1113.50000000 -13.35354000 1625.73200000
v 1108.70000000 -13.35354000 1625.73200000
v 1113.50000000 -0.00000000 1626.90000000
v 1108.70000000 -0.00000000 1626.90000000
v 1113.50000000 13.35354000 1625.73200000
v 1108.70000000 13.35354000 1625.73200000
v 1108.70000000 26.30135000 1622.26200000
v 1113.50000000 26.30135000 1622.26200000
v 1108.70000000 38.45000000 1616.59700000
v 1113.50000000 38.45000000 1616.59700000
v 1113.50000000 49.43037000 1608.90900000
v 1108.70000000 49.43037000 1608.90900000
v 1108.70000000 58.90882000 1599.43000000
v 1113.50000000 58.90882000 1599.43000000
v 1108.70000000 66.59735000 1588.45000000
v 1113.50000000 66.59735000 1588.45000000
v 1113.50000000 72.26236000 1576.30100000
v 1108.70000000 72.26236000 1576.30100000
v 1108.70000000 75.73172000 1563.35400000
v 1113.50000000 75.73172000 1563.35400000
v 1108.70000000 76.90000000 1550.00000000
v 1113.50000000 76.90000000 1550.00000000
v 1113.50000000 -80.00000000 1550.00000000
v 1120.50000000 -80.00000000 1550.00000000
v 1120.50000000 -78.90890000 1563.16800000
v 1113.50000000 -78.90890000 1563.16800000
v 1120.50000000 -75.66538000 1575.97600000
v 1113.50000000 -75.66538000 1575.97600000
v 1120.50000000 -70.35790000 1588.07600000
v 1113.50000000 -70.35790000 1588.07600000
v 1120.50000000 -63.13124000 1599.13700000
v 1113.50000000 -63.13124000 1599.13700000
v 1120.50000000 -54.18253000 1608.85800000
v 1113.50000000 -54.18253000 1608.85800000
v 1120.50000000 -43.75585000 1616.97300000
v 1113.50000000 -43.75585000 1616.97300000
v 1120.50000000 -32.13563000 1623.26200000
v 1113.50000000 -32.13563000 1623.26200000
v 1120.50000000 -19.63884000 1627.55200000
v 1113.50000000 -19.63884000 1627.55200000
v 1120.50000000 -6.60634800 1629.72700000
v 1113.50000000 -6.60634800 1629.72700000
v 1120.50000000 6.60634800 1629.72700000
v 1113.50000000 6.60634800 1629.72700000
v 1113.50000000 19.63884000 1627.55200000
v 1120.50000000 19.63884000 1627.55200000
v 1120.50000000 32.13563000 1623.26200000
v 1113.50000000 32.13563000 1623.26200000
v 1113.50000000 43.75585000 1616.97300000
v 1120.50000000 43.75585000 1616.97300000
v 1120.50000000 54.18253000 1608.85800000
v 1113.50000000 54.18253000 1608.85800000
v 1113.50000000 63.13124000 1599.13700000
v 1120.50000000 63.13124000 1599.13700000
v 1120.50000000 70.35790000 1588.07600000
v 1113.50000000 70.35790000 1588.07600000
v 1113.50000000 75.66538000 1575.97600000
v 1120.50000000 75.66538000 1575.97600000
v 1113.50000000 78.90890000 1563.16800000
v 1120.50000000 78.90890000 1563.16800000
v 1113.50000000 80.00000000 1550.00000000
v 1120.50000000 80.00000000 1550.00000000
v 1120.50000000 -90.37348000 1564.31400000
v 1145.50000000 -91.50000000 1550.00000000
v 1145.50000000 -90.37348000 1564.31400000
v 1145.50000000 -87.02167000 1578.27500000
v 1120.50000000 -91.50000000 1550.00000000
v 1120.50000000 -87.02167000 1578.27500000
v 1120.50000000 -81.52710000 1591.54000000
v 1145.50000000 -81.52710000 1591.54000000
v 1145.50000000 -74.02505000 1603.78200000
v 1120.50000000 -74.02505000 1603.78200000
v 1120.50000000 -64.70027000 1614.70000000
v 1145.50000000 -64.70027000 1614.70000000
v 1120.50000000 -53.78235000 1624.02500000
v 1145.50000000 -53.78235000 1624.02500000
v 1145.50000000 -41.54013000 1631.52700000
v 1120.50000000 -41.54013000 1631.52700000
v 1120.50000000 -28.27505000 1637.02200000
v 1145.50000000 -28.27505000 1637.02200000
v 1120.50000000 -14.31375000 1640.37300000
v 1145.50000000 -14.31375000 1640.37300000
v 1120.50000000 -0.00000000 1641.50000000
v 1145.50000000 -0.00000000 1641.50000000
v 1120.50000000 14.31375000 1640.37300000
v 1145.50000000 14.31375000 1640.37300000
v 1120.50000000 28.27505000 1637.02200000
v 1145.50000000 28.27505000 1637.02200000
v 1120.50000000 41.54013000 1631.52700000
v 1145.50000000 41.54013000 1631.52700000
v 1120.50000000 53.78235000 1624.02500000
v 1145.50000000 53.78235000 1624.02500000
v 1120.50000000 64.70027000 1614.70000000
v 1145.50000000 64.70027000 1614.70000000
v 1120.50000000 74.02505000 1603.78200000
v 1145.50000000 74.02505000 1603.78200000
v 1120.50000000 81.52710000 1591.54000000
v 1145.50000000 81.52710000 1591.54000000
v 1120.50000000 87.02167000 1578.27500000
v 1145.50000000 87.02167000 1578.27500000
v 1120.50000000 90.37348000 1564.31400000
v 1145.50000000 90.37348000 1564.31400000
v 1145.50000000 91.50000000 1550.00000000
v 1120.50000000 91.50000000 1550.00000000
v 1145.50000000 -80.00000000 1550.00000000
v 1164.50000000 -80.00000000 1550.00000000
v 1164.50000000 -78.90890000 1563.16800000
v 1145.50000000 -78.90890000 1563.16800000
v 1164.50000000 -75.66538000 1575.97600000
v 1145.50000000 -75.66538000 1575.97600000
v 1164.50000000 -70.35790000 1588.07600000
v 1145.50000000 -70.35790000 1588.07600000
v 1164.50000000 -63.13124000 1599.13700000
v 1145.50000000 -63.13124000 1599.13700000
v 1164.50000000 -54.18253000 1608.85800000
v 1145.50000000 -54.18253000 1608.85800000
v 1164.50000000 -43.75585000 1616.97300000
v 1145.50000000 -43.75585000 1616.97300000
v 1164.50000000 -32.13563000 1623.26200000
v 1145.50000000 -32.13563000 1623.26200000
v 1164.50000000 -19.63884000 1627.55200000
v 1145.50000000 -19.63884000 1627.55200000
v 1145.50000000 -6.60634800 1629.72700000
v 1164.50000000 -6.60634800 1629.72700000
v 1164.50000000 6.60634800 1629.72700000
v 1145.50000000 6.60634800 1629.72700000
v 1164.50000000 19.63884000 1627.55200000
v 1145.50000000 19.63884000 1627.55200000
v 1164.50000000 32.13563000 1623.26200000
v 1145.50000000 32.13563000 1623.26200000
v 1164.50000000 43.75585000 1616.97300000
v 1145.50000000 43.75585000 1616.97300000
v 1145.50000000 54.18253000 1608.85800000
v 1164.50000000 54.18253000 1608.85800000
v 1145.50000000 63.13124000 1599.13700000
v 1164.50000000 63.13124000 1599.13700000
v 1145.50000000 70.35790000 1588.07600000
v 1164.50000000 70.35790000 1588.07600000
v 1145.50000000 75.66538000 1575.97600000
v 1164.50000000 75.66538000 1575.97600000
v 1145.50000000 78.90890000 1563.16800000
v 1164.50000000 78.90890000 1563.16800000
v 1145.50000000 80.00000000 1550.00000000
v 1164.50000000 80.00000000 1550.00000000
v 1164.50000000 -68.80812000 1562.86200000
v 1180.00000000 -70.00000000 1550.00000000
v 1180.00000000 -68.80812000 1562.86200000
v 1164.50000000 -70.00000000 1550.00000000
v 1164.50000000 -65.27306000 1575.28700000
v 1180.00000000 -65.27306000 1575.28700000
v 1164.50000000 -59.51520000 1586.85000000
v 1180.00000000 -59.51520000 1586.85000000
v 1164.50000000 -51.73062000 1597.15900000
v 1180.00000000 -51.73062000 1597.15900000
v 1164.50000000 -42.18442000 1605.86100000
v 1180.00000000 -42.18442000 1605.86100000
v 1164.50000000 -31.20168000 1612.66100000
v 1180.00000000 -31.20168000 1612.66100000
v 1164.50000000 -19.15641000 1617.32800000
v 1180.00000000 -19.15641000 1617.32800000
v 1164.50000000 -6.45878500 1619.70100000
v 1180.00000000 -6.45878500 1619.70100000
v 1164.50000000 6.45878500 1619.70100000
v 1180.00000000 6.45878500 1619.70100000
v 1164.50000000 19.15641000 1617.32800000
v 1180.00000000 19.15641000 1617.32800000
v 1164.50000000 31.20168000 1612.66100000
v 1180.00000000 31.20168000 1612.66100000
v 1164.50000000 42.18442000 1605.86100000
v 1180.00000000 42.18442000 1605.86100000
v 1164.50000000 51.73062000 1597.15900000
v 1180.00000000 51.73062000 1597.15900000
v 1180.00000000 59.51520000 1586.85000000
v 1164.50000000 59.51520000 1586.85000000
v 1164.50000000 65.27306000 1575.28700000
v 1180.00000000 65.27306000 1575.28700000
v 1164.50000000 68.80812000 1562.86200000
v 1180.00000000 68.80812000 1562.86200000
v 1164.50000000 70.00000000 1550.00000000
v 1180.00000000 70.00000000 1550.00000000
v 1177.60000000 53.94319000 1539.27000000
v 1180.00000000 55.00000000 1550.00000000
v 1177.60000000 55.00000000 1550.00000000
v 1180.00000000 53.94319000 1539.27000000
v 1177.60000000 50.81337000 1528.95200000
v 1180.00000000 50.81337000 1528.95200000
v 1177.60000000 45.73083000 1519.44400000
v 1180.00000000 38.89087000 1511.10900000
v 1180.00000000 45.73083000 1519.44400000
v 1177.60000000 38.89087000 1511.10900000
v 1177.60000000 30.55636000 1504.26900000
v 1180.00000000 30.55636000 1504.26900000
v 1177.60000000 21.04759000 1499.18700000
v 1180.00000000 21.04759000 1499.18700000
v 1177.60000000 10.72997000 1496.05700000
v 1180.00000000 10.72997000 1496.05700000
v 1177.60000000 0.00000000 1495.00000000
v 1180.00000000 0.00000000 1495.00000000
v 1177.60000000 -10.72997000 1496.05700000
v 1180.00000000 -21.04759000 1499.18700000
v 1180.00000000 -10.72997000 1496.05700000
v 1177.60000000 -21.04759000 1499.18700000
v 1180.00000000 -30.55636000 1504.26900000
v 1177.60000000 -30.55636000 1504.26900000
v 1180.00000000 -38.89087000 1511.10900000
v 1177.60000000 -38.89087000 1511.10900000
v 1177.60000000 -45.73083000 1519.44400000
v 1180.00000000 -45.73083000 1519.44400000
v 1177.60000000 -50.81337000 1528.95200000
v 1180.00000000 -50.81337000 1528.95200000
v 1177.60000000 -53.94319000 1539.27000000
v 1180.00000000 -55.00000000 1550.00000000
v 1180.00000000 -53.94319000 1539.27000000
v 1177.60000000 -55.00000000 1550.00000000
v 1177.60000000 -49.78771000 1560.58300000
v 1180.00000000 -50.90000000 1550.00000000
v 1180.00000000 -49.78771000 1560.58300000
v 1177.60000000 -50.90000000 1550.00000000
v 1177.60000000 -46.49946000 1570.70300000
v 1180.00000000 -46.49946000 1570.70300000
v 1177.60000000 -41.17897000 1579.91800000
v 1180.00000000 -41.17897000 1579.91800000
v 1177.60000000 -34.05875000 1587.82600000
v 1180.00000000 -34.05875000 1587.82600000
v 1177.60000000 -25.45000000 1594.08100000
v 1180.00000000 -25.45000000 1594.08100000
v 1177.60000000 -15.72897000 1598.40900000
v 1180.00000000 -15.72897000 1598.40900000
v 1177.60000000 -5.32049900 1600.62100000
v 1180.00000000 -5.32049900 1600.62100000
v 1177.60000000 5.32049900 1600.62100000
v 1180.00000000 5.32049900 1600.62100000
v 1177.60000000 15.72897000 1598.40900000
v 1180.00000000 15.72897000 1598.40900000
v 1177.60000000 25.45000000 1594.08100000
v 1180.00000000 25.45000000 1594.08100000
v 1180.00000000 34.05875000 1587.82600000
v 1177.60000000 34.05875000 1587.82600000
v 1177.60000000 41.17897000 1579.91800000
v 1180.00000000 41.17897000 1579.91800000
v 1180.00000000 46.49946000 1570.70300000
v 1177.60000000 46.49946000 1570.70300000
v 1180.00000000 49.78771000 1560.58300000
v 1177.60000000 49.78771000 1560.58300000
v 1177.60000000 50.90000000 1550.00000000
v 1180.00000000 50.90000000 1550.00000000
v 1173.50000000 46.30908000 1539.43000000
v 1180.00000000 47.50000000 1550.00000000
v 1173.50000000 47.50000000 1550.00000000
v 1180.00000000 46.30908000 1539.43000000
v 1173.50000000 42.79602000 1529.39100000
v 1180.00000000 37.13700000 1520.38400000
v 1180.00000000 42.79602000 1529.39100000
v 1173.50000000 37.13700000 1520.38400000
v 1173.50000000 29.61577000 1512.86300000
v 1180.00000000 29.61577000 1512.86300000
v 1173.50000000 20.60948000 1507.20400000
v 1180.00000000 10.56974000 1503.69100000
v 1180.00000000 20.60948000 1507.20400000
v 1173.50000000 10.56974000 1503.69100000
v 1173.50000000 0.00000000 1502.50000000
v 1180.00000000 0.00000000 1502.50000000
v 1173.50000000 -10.56974000 1503.69100000
v 1180.00000000 -10.56974000 1503.69100000
v 1173.50000000 -20.60948000 1507.20400000
v 1180.00000000 -20.60948000 1507.20400000
v 1173.50000000 -29.61577000 1512.86300000
v 1180.00000000 -37.13700000 1520.38400000
v 1180.00000000 -29.61577000 1512.86300000
v 1173.50000000 -37.13700000 1520.38400000
v 1173.50000000 -42.79602000 1529.39100000
v 1180.00000000 -42.79602000 1529.39100000
v 1173.50000000 -46.30908000 1539.43000000
v 1180.00000000 -47.50000000 1550.00000000
v 1180.00000000 -46.30908000 1539.43000000
v 1173.50000000 -47.50000000 1550.00000000
v 1102.00000000 -17.65126000 1487.96200000
v 1102.00000000 -28.75012000 1492.26200000
v 1102.00000000 -38.86993000 1498.52800000
v 1102.00000000 5.95130900 1485.77500000
v 1102.00000000 -47.66608000 1506.54700000
v 1102.00000000 -5.95130900 1485.77500000
v 1102.00000000 -63.40176000 1538.14800000
v 1102.00000000 28.75012000 1492.26200000
v 1102.00000000 -54.83901000 1516.04500000
v 1102.00000000 -60.14446000 1526.70000000
v 1102.00000000 17.65126000 1487.96200000
v 1102.00000000 47.66608000 1506.54700000
v 1102.00000000 38.86993000 1498.52800000
v 1102.00000000 54.83901000 1516.04500000
v 1102.00000000 60.14446000 1526.70000000
v 1102.00000000 63.40176000 1538.14800000
v 1105.00000000 63.40176000 1538.14800000
v 1105.00000000 60.14446000 1526.70000000
v 1105.00000000 54.83901000 1516.04500000
v 1105.00000000 47.66608000 1506.54700000
v 1105.00000000 38.86993000 1498.52800000
v 1105.00000000 28.75012000 1492.26200000
v 1105.00000000 17.65126000 1487.96200000
v 1105.00000000 5.95130900 1485.77500000
v 1105.00000000 -5.95130900 1485.77500000
v 1105.00000000 -17.65126000 1487.96200000
v 1105.00000000 -28.75012000 1492.26200000
v 1105.00000000 -38.86993000 1498.52800000
v 1105.00000000 -47.66608000 1506.54700000
v 1105.00000000 -54.83901000 1516.04500000
v 1105.00000000 -60.14446000 1526.70000000
v 1105.00000000 -63.40176000 1538.14800000
v 1105.00000000 -54.18253000 1491.14200000
v 1105.00000000 -63.13124000 1500.86300000
v 1105.00000000 -43.75585000 1483.02700000
v 1105.00000000 -70.35790000 1511.92400000
v 1105.00000000 -32.13563000 1476.73800000
v 1105.00000000 -75.66538000 1524.02400000
v 1105.00000000 -19.63884000 1472.44800000
v 1105.00000000 -78.90890000 1536.83200000
v 1105.00000000 -6.60634800 1470.27300000
v 1105.00000000 6.60634800 1470.27300000
v 1105.00000000 19.63884000 1472.44800000
v 1105.00000000 32.13563000 1476.73800000
v 1105.00000000 43.75585000 1483.02700000
v 1105.00000000 54.18253000 1491.14200000
v 1105.00000000 63.13124000 1500.86300000
v 1105.00000000 70.35790000 1511.92400000
v 1105.00000000 75.66538000 1524.02400000
v 1105.00000000 78.90890000 1536.83200000
v 1108.70000000 78.90890000 1536.83200000
v 1108.70000000 75.66538000 1524.02400000
v 1108.70000000 70.35790000 1511.92400000
v 1108.70000000 63.13124000 1500.86300000
v 1108.70000000 54.18253000 1491.14200000
v 1108.70000000 43.75585000 1483.02700000
v 1108.70000000 32.13563000 1476.73800000
v 1108.70000000 19.63884000 1472.44800000
v 1108.70000000 6.60634800 1470.27300000
v 1108.70000000 -6.60634800 1470.27300000
v 1108.70000000 -19.63884000 1472.44800000
v 1108.70000000 -32.13563000 1476.73800000
v 1108.70000000 -43.75585000 1483.02700000
v 1108.70000000 -54.18253000 1491.14200000
v 1108.70000000 -63.13124000 1500.86300000
v 1108.70000000 -70.35790000 1511.92400000
v 1108.70000000 -75.66538000 1524.02400000
v 1108.70000000 -78.90890000 1536.83200000
v 1108.70000000 58.90882000 1500.57000000
v 1108.70000000 49.43037000 1491.09100000
v 1108.70000000 66.59735000 1511.55000000
v 1108.70000000 38.45000000 1483.40300000
v 1108.70000000 26.30135000 1477.73800000
v 1108.70000000 72.26236000 1523.69900000
v 1108.70000000 75.73172000 1536.64600000
v 1108.70000000 13.35354000 1474.26800000
v 1108.70000000 0.00000000 1473.10000000
v 1108.70000000 -13.35354000 1474.26800000
v 1108.70000000 -26.30135000 1477.73800000
v 1108.70000000 -38.45000000 1483.40300000
v 1108.70000000 -49.43037000 1491.09100000
v 1108.70000000 -58.90882000 1500.57000000
v 1108.70000000 -66.59735000 1511.55000000
v 1108.70000000 -72.26236000 1523.69900000
v 1108.70000000 -75.73172000 1536.64600000
v 1113.50000000 75.73172000 1536.64600000
v 1113.50000000 72.26236000 1523.69900000
v 1113.50000000 66.59735000 1511.55000000
v 1113.50000000 58.90882000 1500.57000000
v 1113.50000000 49.43037000 1491.09100000
v 1113.50000000 38.45000000 1483.40300000
v 1113.50000000 26.30135000 1477.73800000
v 1113.50000000 13.35354000 1474.26800000
v 1113.50000000 0.00000000 1473.10000000
v 1113.50000000 -13.35354000 1474.26800000
v 1113.50000000 -26.30135000 1477.73800000
v 1113.50000000 -38.45000000 1483.40300000
v 1113.50000000 -49.43037000 1491.09100000
v 1113.50000000 -58.90882000 1500.57000000
v 1113.50000000 -66.59735000 1511.55000000
v 1113.50000000 -72.26236000 1523.69900000
v 1113.50000000 -75.73172000 1536.64600000
v 1113.50000000 -54.18253000 1491.14200000
v 1113.50000000 -63.13124000 1500.86300000
v 1113.50000000 -43.75585000 1483.02700000
v 1113.50000000 -70.35790000 1511.92400000
v 1113.50000000 -32.13563000 1476.73800000
v 1113.50000000 -75.66538000 1524.02400000
v 1113.50000000 -19.63884000 1472.44800000
v 1113.50000000 -78.90890000 1536.83200000
v 1113.50000000 -6.60634800 1470.27300000
v 1113.50000000 6.60634800 1470.27300000
v 1113.50000000 19.63884000 1472.44800000
v 1113.50000000 32.13563000 1476.73800000
v 1113.50000000 43.75585000 1483.02700000
v 1113.50000000 54.18253000 1491.14200000
v 1113.50000000 63.13124000 1500.86300000
v 1113.50000000 70.35790000 1511.92400000
v 1113.50000000 75.66538000 1524.02400000
v 1113.50000000 78.90890000 1536.83200000
v 1120.50000000 78.90890000 1536.83200000
v 1120.50000000 75.66538000 1524.02400000
v 1120.50000000 70.35790000 1511.92400000
v 1120.50000000 63.13124000 1500.86300000
v 1120.50000000 54.18253000 1491.14200000
v 1120.50000000 43.75585000 1483.02700000
v 1120.50000000 32.13563000 1476.73800000
v 1120.50000000 19.63884000 1472.44800000
v 1120.50000000 6.60634800 1470.27300000
v 1120.50000000 -6.60634800 1470.27300000
v 1120.50000000 -19.63884000 1472.44800000
v 1120.50000000 -32.13563000 1476.73800000
v 1120.50000000 -43.75585000 1483.02700000
v 1120.50000000 -54.18253000 1491.14200000
v 1120.50000000 -63.13124000 1500.86300000
v 1120.50000000 -70.35790000 1511.92400000
v 1120.50000000 -75.66538000 1524.02400000
v 1120.50000000 -78.90890000 1536.83200000
v 1120.50000000 -53.78235000 1475.97500000
v 1120.50000000 -64.70027000 1485.30000000
v 1120.50000000 -74.02505000 1496.21800000
v 1120.50000000 -41.54013000 1468.47300000
v 1120.50000000 -81.52710000 1508.46000000
v 1120.50000000 -28.27505000 1462.97800000
v 1120.50000000 -87.02167000 1521.72500000
v 1120.50000000 -14.31375000 1459.62700000
v 1120.50000000 -90.37348000 1535.68600000
v 1120.50000000 0.00000000 1458.50000000
v 1120.50000000 14.31375000 1459.62700000
v 1120.50000000 28.27505000 1462.97800000
v 1120.50000000 41.54013000 1468.47300000
v 1120.50000000 53.78235000 1475.97500000
v 1120.50000000 64.70027000 1485.30000000
v 1120.50000000 74.02505000 1496.21800000
v 1120.50000000 81.52710000 1508.46000000
v 1120.50000000 87.02167000 1521.72500000
v 1120.50000000 90.37348000 1535.68600000
v 1145.50000000 90.37348000 1535.68600000
v 1145.50000000 87.02167000 1521.72500000
v 1145.50000000 81.52710000 1508.46000000
v 1145.50000000 74.02505000 1496.21800000
v 1145.50000000 64.70027000 1485.30000000
v 1145.50000000 53.78235000 1475.97500000
v 1145.50000000 41.54013000 1468.47300000
v 1145.50000000 28.27505000 1462.97800000
v 1145.50000000 14.31375000 1459.62700000
v 1145.50000000 0.00000000 1458.50000000
v 1145.50000000 -14.31375000 1459.62700000
v 1145.50000000 -28.27505000 1462.97800000
v 1145.50000000 -41.54013000 1468.47300000
v 1145.50000000 -53.78235000 1475.97500000
v 1145.50000000 -64.70027000 1485.30000000
v 1145.50000000 -74.02505000 1496.21800000
v 1145.50000000 -81.52710000 1508.46000000
v 1145.50000000 -87.02167000 1521.72500000
v 1145.50000000 -90.37348000 1535.68600000
v 1145.50000000 54.18253000 1491.14200000
v 1145.50000000 63.13124000 1500.86300000
v 1145.50000000 43.75585000 1483.02700000
v 1145.50000000 70.35790000 1511.92400000
v 1145.50000000 32.13563000 1476.73800000
v 1145.50000000 75.66538000 1524.02400000
v 1145.50000000 19.63884000 1472.44800000
v 1145.50000000 78.90890000 1536.83200000
v 1145.50000000 6.60634800 1470.27300000
v 1145.50000000 -6.60634800 1470.27300000
v 1145.50000000 -19.63884000 1472.44800000
v 1145.50000000 -32.13563000 1476.73800000
v 1145.50000000 -43.75585000 1483.02700000
v 1145.50000000 -54.18253000 1491.14200000
v 1145.50000000 -63.13124000 1500.86300000
v 1145.50000000 -70.35790000 1511.92400000
v 1145.50000000 -75.66538000 1524.02400000
v 1145.50000000 -78.90890000 1536.83200000
v 1164.50000000 78.90890000 1536.83200000
v 1164.50000000 75.66538000 1524.02400000
v 1164.50000000 70.35790000 1511.92400000
v 1164.50000000 63.13124000 1500.86300000
v 1164.50000000 54.18253000 1491.14200000
v 1164.50000000 43.75585000 1483.02700000
v 1164.50000000 32.13563000 1476.73800000
v 1164.50000000 19.63884000 1472.44800000
v 1164.50000000 6.60634800 1470.27300000
v 1164.50000000 -6.60634800 1470.27300000
v 1164.50000000 -19.63884000 1472.44800000
v 1164.50000000 -32.13563000 1476.73800000
v 1164.50000000 -43.75585000 1483.02700000
v 1164.50000000 -54.18253000 1491.14200000
v 1164.50000000 -63.13124000 1500.86300000
v 1164.50000000 -70.35790000 1511.92400000
v 1164.50000000 -75.66538000 1524.02400000
v 1164.50000000 -78.90890000 1536.83200000
v 1164.50000000 51.73062000 1502.84100000
v 1164.50000000 42.18442000 1494.13900000
v 1164.50000000 59.51520000 1513.15000000
v 1164.50000000 31.20168000 1487.33900000
v 1164.50000000 65.27306000 1524.71300000
v 1164.50000000 19.15641000 1482.67200000
v 1164.50000000 68.80812000 1537.13800000
v 1164.50000000 6.45878500 1480.29900000
v 1164.50000000 -6.45878500 1480.29900000
v 1164.50000000 -19.15641000 1482.67200000
v 1164.50000000 -31.20168000 1487.33900000
v 1164.50000000 -42.18442000 1494.13900000
v 1164.50000000 -51.73062000 1502.84100000
v 1164.50000000 -59.51520000 1513.15000000
v 1164.50000000 -65.27306000 1524.71300000
v 1164.50000000 -68.80812000 1537.13800000
v 1180.00000000 68.80812000 1537.13800000
v 1180.00000000 65.27306000 1524.71300000
v 1180.00000000 59.51520000 1513.15000000
v 1180.00000000 51.73062000 1502.84100000
v 1180.00000000 42.18442000 1494.13900000
v 1180.00000000 31.20168000 1487.33900000
v 1180.00000000 19.15641000 1482.67200000
v 1180.00000000 6.45878500 1480.29900000
v 1180.00000000 -6.45878500 1480.29900000
v 1180.00000000 -19.15641000 1482.67200000
v 1180.00000000 -31.20168000 1487.33900000
v 1180.00000000 -42.18442000 1494.13900000
v 1180.00000000 -51.73062000 1502.84100000
v 1180.00000000 -59.51520000 1513.15000000
v 1180.00000000 -65.27306000 1524.71300000
v 1180.00000000 -68.80812000 1537.13800000
v 1180.00000000 53.94319000 1560.73000000
v 1180.00000000 50.81337000 1571.04800000
v 1180.00000000 45.73083000 1580.55600000
v 1180.00000000 38.89087000 1588.89100000
v 1180.00000000 30.55636000 1595.73100000
v 1180.00000000 21.04759000 1600.81300000
v 1180.00000000 10.72997000 1603.94300000
v 1180.00000000 -0.00000000 1605.00000000
v 1180.00000000 -10.72997000 1603.94300000
v 1180.00000000 -53.94319000 1560.73000000
v 1180.00000000 -21.04759000 1600.81300000
v 1180.00000000 -50.81337000 1571.04800000
v 1180.00000000 -30.55636000 1595.73100000
v 1180.00000000 -45.73083000 1580.55600000
v 1180.00000000 -38.89087000 1588.89100000
v 1177.60000000 -53.94319000 1560.73000000
v 1177.60000000 -50.81337000 1571.04800000
v 1177.60000000 -45.73083000 1580.55600000
v 1177.60000000 -38.89087000 1588.89100000
v 1177.60000000 -30.55636000 1595.73100000
v 1177.60000000 -21.04759000 1600.81300000
v 1177.60000000 -10.72997000 1603.94300000
v 1177.60000000 -0.00000000 1605.00000000
v 1177.60000000 10.72997000 1603.94300000
v 1177.60000000 21.04759000 1600.81300000
v 1177.60000000 30.55636000 1595.73100000
v 1177.60000000 38.89087000 1588.89100000
v 1177.60000000 45.73083000 1580.55600000
v 1177.60000000 50.81337000 1571.04800000
v 1177.60000000 53.94319000 1560.73000000
v 1177.60000000 34.05875000 1512.17400000
v 1177.60000000 41.17897000 1520.08200000
v 1177.60000000 25.45000000 1505.91900000
v 1177.60000000 46.49946000 1529.29700000
v 1177.60000000 15.72897000 1501.59100000
v 1177.60000000 49.78771000 1539.41700000
v 1177.60000000 5.32049900 1499.37900000
v 1177.60000000 -5.32049900 1499.37900000
v 1177.60000000 -15.72897000 1501.59100000
v 1177.60000000 -25.45000000 1505.91900000
v 1177.60000000 -34.05875000 1512.17400000
v 1177.60000000 -41.17897000 1520.08200000
v 1177.60000000 -46.49946000 1529.29700000
v 1177.60000000 -49.78771000 1539.41700000
v 1180.00000000 49.78771000 1539.41700000
v 1180.00000000 46.49946000 1529.29700000
v 1180.00000000 41.17897000 1520.08200000
v 1180.00000000 34.05875000 1512.17400000
v 1180.00000000 25.45000000 1505.91900000
v 1180.00000000 15.72897000 1501.59100000
v 1180.00000000 5.32049900 1499.37900000
v 1180.00000000 -5.32049900 1499.37900000
v 1180.00000000 -15.72897000 1501.59100000
v 1180.00000000 -25.45000000 1505.91900000
v 1180.00000000 -34.05875000 1512.17400000
v 1180.00000000 -41.17897000 1520.08200000
v 1180.00000000 -46.49946000 1529.29700000
v 1180.00000000 -49.78771000 1539.41700000
v 1180.00000000 46.30908000 1560.57000000
v 1180.00000000 42.79602000 1570.60900000
v 1180.00000000 37.13700000 1579.61600000
v 1180.00000000 29.61577000 1587.13700000
v 1180.00000000 20.60948000 1592.79600000
v 1180.00000000 10.56974000 1596.30900000
v 1180.00000000 -0.00000000 1597.50000000
v 1180.00000000 -10.56974000 1596.30900000
v 1180.00000000 -46.30908000 1560.57000000
v 1180.00000000 -20.60948000 1592.79600000
v 1180.00000000 -42.79602000 1570.60900000
v 1180.00000000 -29.61577000 1587.13700000
v 1180.00000000 -37.13700000 1579.61600000
v 1173.50000000 -46.30908000 1560.57000000
v 1173.50000000 -42.79602000 1570.60900000
v 1173.50000000 -37.13700000 1579.61600000
v 1173.50000000 -29.61577000 1587.13700000
v 1173.50000000 -20.60948000 1592.79600000
v 1173.50000000 -10.56974000 1596.30900000
v 1173.50000000 -0.00000000 1597.50000000
v 1173.50000000 10.56974000 1596.30900000
v 1173.50000000 20.60948000 1592.79600000
v 1173.50000000 29.61577000 1587.13700000
v 1173.50000000 37.13700000 1579.61600000
v 1173.50000000 42.79602000 1570.60900000
v 1173.50000000 46.30908000 1560.57000000
v 1166.00000000 -70.00000000 1550.00000000
v 1166.00000000 -68.80812000 1562.86200000
v 1166.00000000 -65.27306000 1575.28700000
v 1166.00000000 -59.51520000 1586.85000000
v 1166.00000000 -51.73062000 1597.15900000
v 1166.00000000 -42.18442000 1605.86100000
v 1166.00000000 -31.20168000 1612.66100000
v 1166.00000000 -19.15641000 1617.32800000
v 1166.00000000 -6.45878500 1619.70100000
v 1166.00000000 6.45878500 1619.70100000
v 1166.00000000 19.15641000 1617.32800000
v 1166.00000000 31.20168000 1612.66100000
v 1166.00000000 42.18442000 1605.86100000
v 1166.00000000 51.73062000 1597.15900000
v 1166.00000000 59.51520000 1586.85000000
v 1166.00000000 65.27306000 1575.28700000
v 1166.00000000 68.80812000 1562.86200000
v 1166.00000000 70.00000000 1550.00000000
v 1166.00000000 -75.07629000 1577.63200000
v 1175.00000000 -78.58117000 1565.00000000
v 1175.00000000 -75.07629000 1577.63200000
v 1166.00000000 -78.58117000 1565.00000000
v 1166.00000000 -69.55535000 1589.52300000
v 1175.00000000 -69.55535000 1589.52300000
v 1166.00000000 -62.16661000 1600.35200000
v 1175.00000000 -62.16661000 1600.35200000
v 1166.00000000 -53.10847000 1609.82900000
v 1175.00000000 -53.10847000 1609.82900000
v 1166.00000000 -42.62419000 1617.69900000
v 1175.00000000 -42.62419000 1617.69900000
v 1166.00000000 -30.99531000 1623.75200000
v 1175.00000000 -30.99531000 1623.75200000
v 1166.00000000 -18.53409000 1627.82300000
v 1175.00000000 -18.53409000 1627.82300000
v 1166.00000000 -5.57516100 1629.80500000
v 1175.00000000 -5.57516100 1629.80500000
v 1166.00000000 7.53347700 1629.64500000
v 1175.00000000 7.53347700 1629.64500000
v 1166.00000000 20.43981000 1627.34500000
v 1175.00000000 20.43981000 1627.34500000
v 1166.00000000 32.79727000 1622.96800000
v 1175.00000000 32.79727000 1622.96800000
v 1166.00000000 44.27401000 1616.63200000
v 1175.00000000 44.27401000 1616.63200000
v 1166.00000000 54.56183000 1608.50600000
v 1175.00000000 54.56183000 1608.50600000
v 1166.00000000 63.38448000 1598.81000000
v 1175.00000000 63.38448000 1598.81000000
v 1166.00000000 70.50504000 1587.80300000
v 1175.00000000 70.50504000 1587.80300000
v 1166.00000000 75.73229000 1575.78000000
v 1175.00000000 75.73229000 1575.78000000
v 1166.00000000 78.92586000 1563.06600000
v 1175.00000000 78.92586000 1563.06600000
v 1166.00000000 80.00000000 1550.00000000
v 1175.00000000 80.00000000 1550.00000000
v 1186.00000000 -76.38200000 1539.96400000
v 1186.00000000 -75.56404000 1535.00000000
v 1201.00000000 -71.89097000 1537.32400000
v 1186.00000000 -76.87417000 1544.97100000
v 1201.00000000 -73.00000000 1550.00000000
v 1175.00000000 -78.58117000 1535.00000000
v 1175.00000000 -75.07629000 1522.36800000
v 1186.00000000 -77.03846000 1550.00000000
v 1188.00000000 74.27705000 1531.69200000
v 1201.00000000 73.00000000 1550.00000000
v 1201.00000000 71.89097000 1537.32400000
v 1201.00000000 68.59756000 1525.03300000
v 1175.00000000 78.92586000 1536.93400000
v 1175.00000000 75.73229000 1524.22000000
v 1188.00000000 67.73739000 1514.44900000
v 1201.00000000 63.21985000 1513.50000000
v 1175.00000000 70.50504000 1512.19700000
v 1175.00000000 63.38448000 1501.19000000
v 1188.00000000 57.26107000 1499.27100000
v 1201.00000000 55.92124000 1503.07700000
v 1201.00000000 46.92350000 1494.07900000
v 1175.00000000 54.56183000 1491.49400000
v 1188.00000000 43.45695000 1487.04200000
v 1201.00000000 36.50000000 1486.78000000
v 1175.00000000 44.27401000 1483.36800000
v 1175.00000000 32.79727000 1477.03200000
v 1188.00000000 27.12727000 1478.47100000
v 1201.00000000 24.96747000 1481.40200000
v 1201.00000000 12.67632000 1478.10900000
v 1175.00000000 20.43981000 1472.65500000
v 1188.00000000 9.22105600 1474.05800000
v 1201.00000000 0.00000000 1477.00000000
v 1175.00000000 7.53347700 1470.35500000
v 1175.00000000 -5.57516100 1470.19500000
v 1188.00000000 -9.22105600 1474.05800000
v 1201.00000000 -12.67632000 1478.10900000
v 1175.00000000 -18.53409000 1472.17700000
v 1188.00000000 -27.12727000 1478.47100000
v 1201.00000000 -24.96747000 1481.40200000
v 1201.00000000 -36.50000000 1486.78000000
v 1175.00000000 -30.99531000 1476.24800000
v 1175.00000000 -42.62419000 1482.30100000
v 1188.00000000 -43.45695000 1487.04200000
v 1201.00000000 -46.92350000 1494.07900000
v 1175.00000000 -53.10847000 1490.17100000
v 1188.00000000 -57.26107000 1499.27100000
v 1201.00000000 -55.92124000 1503.07700000
v 1201.00000000 -63.21985000 1513.50000000
v 1175.00000000 -62.16661000 1499.64800000
v 1188.00000000 -67.73739000 1514.44900000
v 1201.00000000 -68.59756000 1525.03300000
v 1175.00000000 -69.55535000 1510.47700000
v 1188.00000000 -74.27705000 1531.69200000
v 1201.00000000 51.00000000 1550.00000000
v 1272.50000000 51.00000000 1550.00000000
v 1272.50000000 50.54059000 1543.17000000
v 1201.00000000 49.88553000 1539.39700000
v 1272.50000000 49.17063000 1536.46300000
v 1288.34000000 43.84530000 1523.95000000
v 1272.50000000 46.91482000 1530.00000000
v 1283.02300000 46.91482000 1530.00000000
v 1201.00000000 46.59082000 1529.25600000
v 1292.85900000 38.01316000 1516.00000000
v 1295.00000000 40.00000000 1518.36100000
v 1329.86900000 40.00000000 1518.36100000
v 1334.18100000 38.01316000 1516.00000000
v 1201.00000000 41.25987000 1520.02300000
v 1201.00000000 34.12566000 1512.10000000
v 1225.00000000 31.63858000 1510.00000000
v 1276.37400000 31.63858000 1510.00000000
v 1201.00000000 25.50000000 1505.83300000
v 1219.90400000 23.81880000 1504.90400000
v 1201.00000000 15.75987000 1501.49600000
v 1216.48500000 15.72659000 1501.48500000
v 1214.60400000 7.82621800 1499.60400000
v 1201.00000000 5.33095200 1499.27900000
v 1214.00100000 -0.37366590 1499.00100000
v 1201.00000000 -5.33095200 1499.27900000
v 1214.72300000 -8.55905400 1499.72300000
v 1201.00000000 -15.75987000 1501.49600000
v 1216.71500000 -16.41777000 1501.71500000
v 1219.83000000 -23.67790000 1504.83000000
v 1201.00000000 -25.50000000 1505.83300000
v 1222.26500000 -27.83387000 1507.26500000
v 1225.00000000 -31.63858000 1510.00000000
v 1294.34200000 -31.63858000 1510.00000000
v 1288.97200000 -36.04996000 1513.92500000
v 1201.00000000 -34.12566000 1512.10000000
v 1284.21200000 -40.00000000 1518.36100000
v 1270.00000000 -42.00000000 1521.06900000
v 1282.97800000 -42.00000000 1521.06900000
v 1201.00000000 -41.25987000 1520.02300000
v 1262.75200000 -46.18455000 1528.36700000
v 1201.00000000 -46.59082000 1529.25600000
v 1258.04400000 -48.90306000 1535.52600000
v 1201.00000000 -49.88553000 1539.39700000
v 1255.43800000 -50.40756000 1542.24900000
v 1254.66600000 -50.85295000 1546.13000000
v 1201.00000000 -51.00000000 1550.00000000
v 1254.41200000 -51.00000000 1550.00000000
v 1277.00000000 -47.00000000 1550.00000000
v 1277.00000000 -42.00000000 1550.00000000
v 1277.67200000 -42.00000000 1540.11500000
v 1278.10900000 -47.00000000 1537.32400000
v 1279.67700000 -42.00000000 1530.41100000
v 1281.40200000 -47.00000000 1525.03300000
v 1290.92100000 -40.00000000 1507.12100000
v 1286.78000000 -47.00000000 1513.50000000
v 1294.07900000 -47.00000000 1503.07700000
v 1299.52800000 -40.00000000 1497.25900000
v 1303.07700000 -47.00000000 1494.07900000
v 1309.75900000 -40.00000000 1489.09300000
v 1313.50000000 -47.00000000 1486.78000000
v 1321.28300000 -40.00000000 1482.88600000
v 1325.03300000 -47.00000000 1481.40200000
v 1333.73100000 -40.00000000 1478.83600000
v 1337.32400000 -47.00000000 1478.10900000
v 1346.70200000 -40.00000000 1477.07500000
v 1350.00000000 -47.00000000 1477.00000000
v 1359.77900000 -40.00000000 1477.65800000
v 1362.67600000 -47.00000000 1478.10900000
v 1372.54100000 -40.00000000 1480.56700000
v 1374.96700000 -47.00000000 1481.40200000
v 1384.57900000 -40.00000000 1485.70900000
v 1386.50000000 -47.00000000 1486.78000000
v 1395.50500000 -40.00000000 1492.91800000
v 1396.92300000 -47.00000000 1494.07900000
v 1404.96700000 -40.00000000 1501.96300000
v 1405.92100000 -47.00000000 1503.07700000
v 1412.66300000 -40.00000000 1512.55200000
v 1413.22000000 -47.00000000 1513.50000000
v 1418.34300000 -40.00000000 1524.34500000
v 1418.59800000 -47.00000000 1525.03300000
v 1421.82600000 -40.00000000 1536.96300000
v 1421.89100000 -47.00000000 1537.32400000
v 1423.00000000 -40.00000000 1550.00000000
v 1423.00000000 -47.00000000 1550.00000000
v 1313.25400000 40.00000000 1542.52000000
v 1312.50000000 40.00000000 1550.00000000
v 1312.50000000 45.00000000 1550.00000000
v 1313.59000000 45.00000000 1541.02600000
v 1315.48400000 40.00000000 1535.34000000
v 1316.79500000 45.00000000 1532.57300000
v 1319.10200000 40.00000000 1528.74900000
v 1321.93100000 45.00000000 1525.13300000
v 1323.96300000 40.00000000 1523.01300000
v 1328.69800000 45.00000000 1519.13800000
v 1336.70200000 45.00000000 1514.93700000
v 1335.70100000 29.20486000 1515.33300000
v 1334.18100000 29.44411000 1516.00000000
v 1337.20400000 28.77182000 1514.75100000
v 1339.68000000 27.56570000 1513.94800000
v 1345.48000000 45.00000000 1512.77300000
v 1341.87300000 25.80464000 1513.39100000
v 1334.18100000 -15.00000000 1516.00000000
v 1334.18100000 4.55588800 1516.00000000
v 1336.77300000 5.08299900 1514.91000000
v 1343.62900000 23.57851000 1513.04500000
v 1344.84600000 20.99099000 1512.85600000
v 1345.44400000 18.18648000 1512.77800000
v 1354.52000000 45.00000000 1512.77300000
v 1342.08900000 -15.00000000 1513.34400000
v 1339.28000000 6.19197700 1514.06500000
v 1341.52400000 7.85697700 1513.47100000
v 1343.36600000 10.01390000 1513.09200000
v 1344.68300000 12.55429000 1512.87900000
v 1350.38800000 -15.00000000 1512.50200000
v 1345.38800000 15.32835000 1512.78500000
v 1358.66900000 -15.00000000 1513.51600000
v 1363.29800000 45.00000000 1514.93700000
v 1366.52000000 -15.00000000 1516.33500000
v 1371.30200000 45.00000000 1519.13800000
v 1373.55400000 -15.00000000 1520.82000000
v 1378.06900000 45.00000000 1525.13300000
v 1379.42200000 -15.00000000 1526.75000000
v 1383.20500000 45.00000000 1532.57300000
v 1383.83400000 -15.00000000 1533.82900000
v 1386.41000000 45.00000000 1541.02600000
v 1386.57200000 -15.00000000 1541.71000000
v 1387.50000000 45.00000000 1550.00000000
v 1387.50000000 -15.00000000 1550.00000000
v 1333.39400000 4.50621400 1516.00000000
v 1333.00000000 4.50000000 1516.00000000
v 1333.00000000 4.50000000 1508.00000000
v 1333.78800000 4.52484900 1516.00000000
v 1335.99100000 4.86322700 1508.00000000
v 1338.80900000 5.93180000 1508.00000000
v 1341.28900000 7.64361600 1508.00000000
v 1343.28700000 9.89919100 1508.00000000
v 1344.68800000 12.56744000 1508.00000000
v 1345.40900000 15.49329000 1508.00000000
v 1345.40900000 18.50671000 1508.00000000
v 1344.68800000 21.43256000 1508.00000000
v 1343.28700000 24.10081000 1508.00000000
v 1341.28900000 26.35638000 1508.00000000
v 1338.80900000 28.06820000 1508.00000000
v 1335.99100000 29.13677000 1508.00000000
v 1333.00000000 29.50000000 1508.00000000
v 1333.78800000 29.47515000 1516.00000000
v 1333.39400000 29.49379000 1516.00000000
v 1333.00000000 29.50000000 1516.00000000
v 1333.39400000 29.49379000 1584.00000000
v 1333.00000000 29.50000000 1584.00000000
v 1333.00000000 29.50000000 1592.00000000
v 1333.78800000 29.47515000 1584.00000000
v 1334.18100000 29.44411000 1584.00000000
v 1335.99100000 29.13677000 1592.00000000
v 1336.77300000 28.91700000 1585.09000000
v 1338.80900000 28.06820000 1592.00000000
v 1339.28000000 27.80802000 1585.93500000
v 1341.28900000 26.35638000 1592.00000000
v 1341.52400000 26.14302000 1586.52900000
v 1343.28700000 24.10081000 1592.00000000
v 1343.36600000 23.98610000 1586.90800000
v 1344.68300000 21.44571000 1587.12100000
v 1344.68800000 21.43256000 1592.00000000
v 1345.38800000 18.67165000 1587.21500000
v 1345.40900000 18.50671000 1592.00000000
v 1345.44400000 15.81352000 1587.22200000
v 1345.40900000 15.49329000 1592.00000000
v 1344.84600000 13.00901000 1587.14400000
v 1344.68800000 12.56744000 1592.00000000
v 1343.62900000 10.42149000 1586.95500000
v 1343.28700000 9.89919100 1592.00000000
v 1341.87300000 8.19536400 1586.60900000
v 1341.28900000 7.64361600 1592.00000000
v 1339.68000000 6.43429500 1586.05200000
v 1338.80900000 5.93180000 1592.00000000
v 1337.20400000 5.22818100 1585.24900000
v 1335.99100000 4.86322700 1592.00000000
v 1335.70100000 4.79514000 1584.66700000
v 1333.00000000 4.50000000 1592.00000000
v 1333.78800000 4.52484900 1584.00000000
v 1334.18100000 4.55588800 1584.00000000
v 1333.39400000 4.50621400 1584.00000000
v 1333.00000000 4.50000000 1584.00000000
v 1413.50000000 -47.00000000 1550.00000000
v 1412.41900000 -38.00000000 1561.66800000
v 1413.50000000 -38.00000000 1550.00000000
v 1412.41900000 -47.00000000 1561.66800000
v 1409.21200000 -38.00000000 1572.93900000
v 1409.21200000 -47.00000000 1572.93900000
v 1403.98900000 -38.00000000 1583.42800000
v 1403.98900000 -47.00000000 1583.42800000
v 1396.92700000 -38.00000000 1592.78000000
v 1396.92700000 -47.00000000 1592.78000000
v 1388.26700000 -38.00000000 1600.67400000
v 1388.26700000 -47.00000000 1600.67400000
v 1378.30400000 -38.00000000 1606.84300000
v 1378.30400000 -47.00000000 1606.84300000
v 1367.37800000 -38.00000000 1611.07600000
v 1367.37800000 -47.00000000 1611.07600000
v 1355.85900000 -47.00000000 1613.22900000
v 1355.85900000 -38.00000000 1613.22900000
v 1344.14100000 -47.00000000 1613.22900000
v 1344.14100000 -38.00000000 1613.22900000
v 1332.62200000 -47.00000000 1611.07600000
v 1332.62200000 -38.00000000 1611.07600000
v 1321.69600000 -47.00000000 1606.84300000
v 1321.69600000 -38.00000000 1606.84300000
v 1311.73300000 -47.00000000 1600.67400000
v 1311.73300000 -38.00000000 1600.67400000
v 1303.07300000 -47.00000000 1592.78000000
v 1303.07300000 -38.00000000 1592.78000000
v 1296.01100000 -47.00000000 1583.42800000
v 1296.01100000 -38.00000000 1583.42800000
v 1290.78800000 -47.00000000 1572.93900000
v 1290.78800000 -38.00000000 1572.93900000
v 1287.58100000 -47.00000000 1561.66800000
v 1287.58100000 -38.00000000 1561.66800000
v 1286.50000000 -47.00000000 1550.00000000
v 1286.50000000 -38.00000000 1550.00000000
v 1321.00000000 45.00000000 1550.00000000
v 1321.84300000 37.00000000 1556.94000000
v 1321.00000000 37.00000000 1550.00000000
v 1321.84300000 45.00000000 1556.94000000
v 1324.32200000 37.00000000 1563.47700000
v 1324.32200000 45.00000000 1563.47700000
v 1328.29300000 37.00000000 1569.23100000
v 1328.29300000 45.00000000 1569.23100000
v 1333.52600000 37.00000000 1573.86700000
v 1333.52600000 45.00000000 1573.86700000
v 1339.71600000 37.00000000 1577.11500000
v 1339.71600000 45.00000000 1577.11500000
v 1346.50400000 37.00000000 1578.78900000
v 1346.50400000 45.00000000 1578.78900000
v 1353.49600000 37.00000000 1578.78900000
v 1353.49600000 45.00000000 1578.78900000
v 1360.28400000 37.00000000 1577.11500000
v 1360.28400000 45.00000000 1577.11500000
v 1366.47400000 37.00000000 1573.86700000
v 1366.47400000 45.00000000 1573.86700000
v 1371.70700000 37.00000000 1569.23100000
v 1371.70700000 45.00000000 1569.23100000
v 1375.67800000 37.00000000 1563.47700000
v 1375.67800000 45.00000000 1563.47700000
v 1378.15700000 37.00000000 1556.94000000
v 1378.15700000 45.00000000 1556.94000000
v 1379.00000000 45.00000000 1550.00000000
v 1379.00000000 37.00000000 1550.00000000
v 1330.50000000 37.00000000 1550.00000000
v 1331.06700000 28.00000000 1554.66700000
v 1330.50000000 28.00000000 1550.00000000
v 1331.06700000 37.00000000 1554.66700000
v 1332.73400000 28.00000000 1559.06200000
v 1332.73400000 37.00000000 1559.06200000
v 1335.40400000 28.00000000 1562.93100000
v 1335.40400000 37.00000000 1562.93100000
v 1338.92300000 28.00000000 1566.04800000
v 1338.92300000 37.00000000 1566.04800000
v 1343.08500000 28.00000000 1568.23300000
v 1343.08500000 37.00000000 1568.23300000
v 1347.65000000 28.00000000 1569.35800000
v 1347.65000000 37.00000000 1569.35800000
v 1352.35000000 28.00000000 1569.35800000
v 1352.35000000 37.00000000 1569.35800000
v 1356.91500000 28.00000000 1568.23300000
v 1356.91500000 37.00000000 1568.23300000
v 1361.07700000 28.00000000 1566.04800000
v 1361.07700000 37.00000000 1566.04800000
v 1364.59600000 28.00000000 1562.93100000
v 1364.59600000 37.00000000 1562.93100000
v 1367.26600000 28.00000000 1559.06200000
v 1367.26600000 37.00000000 1559.06200000
v 1368.93300000 28.00000000 1554.66700000
v 1368.93300000 37.00000000 1554.66700000
v 1369.50000000 37.00000000 1550.00000000
v 1369.50000000 28.00000000 1550.00000000
v 1166.00000000 68.80812000 1537.13800000
v 1166.00000000 65.27306000 1524.71300000
v 1166.00000000 59.51520000 1513.15000000
v 1166.00000000 51.73062000 1502.84100000
v 1166.00000000 42.18442000 1494.13900000
v 1166.00000000 31.20168000 1487.33900000
v 1166.00000000 19.15641000 1482.67200000
v 1166.00000000 6.45878500 1480.29900000
v 1166.00000000 -6.45878500 1480.29900000
v 1166.00000000 -19.15641000 1482.67200000
v 1166.00000000 -31.20168000 1487.33900000
v 1166.00000000 -42.18442000 1494.13900000
v 1166.00000000 -51.73062000 1502.84100000
v 1166.00000000 -59.51520000 1513.15000000
v 1166.00000000 -65.27306000 1524.71300000
v 1166.00000000 -68.80812000 1537.13800000
v 1166.00000000 -85.00000000 1565.00000000
v 1166.00000000 -85.00000000 1535.00000000
v 1166.00000000 -78.58117000 1535.00000000
v 1166.00000000 -75.07629000 1522.36800000
v 1166.00000000 -69.55535000 1510.47700000
v 1166.00000000 -62.16661000 1499.64800000
v 1166.00000000 -53.10847000 1490.17100000
v 1166.00000000 -42.62419000 1482.30100000
v 1166.00000000 -30.99531000 1476.24800000
v 1166.00000000 -18.53409000 1472.17700000
v 1166.00000000 -5.57516100 1470.19500000
v 1166.00000000 7.53347700 1470.35500000
v 1166.00000000 78.92586000 1536.93400000
v 1166.00000000 20.43981000 1472.65500000
v 1166.00000000 75.73229000 1524.22000000
v 1166.00000000 32.79727000 1477.03200000
v 1166.00000000 70.50504000 1512.19700000
v 1166.00000000 44.27401000 1483.36800000
v 1166.00000000 63.38448000 1501.19000000
v 1166.00000000 54.56183000 1491.49400000
v 1186.00000000 -85.00000000 1565.00000000
v 1186.00000000 -75.56404000 1565.00000000
v 1186.00000000 -85.00000000 1535.00000000
v 1186.00000000 -76.87417000 1555.02900000
v 1201.00000000 -71.89097000 1562.67600000
v 1186.00000000 -76.38200000 1560.03600000
v 1188.00000000 -74.27705000 1568.30800000
v 1201.00000000 -68.59756000 1574.96700000
v 1188.00000000 -67.73739000 1585.55100000
v 1201.00000000 -63.21985000 1586.50000000
v 1188.00000000 -57.26107000 1600.72900000
v 1201.00000000 -55.92124000 1596.92300000
v 1201.00000000 -46.92350000 1605.92100000
v 1188.00000000 -43.45695000 1612.95800000
v 1201.00000000 -36.50000000 1613.22000000
v 1188.00000000 -27.12727000 1621.52900000
v 1201.00000000 -24.96747000 1618.59800000
v 1201.00000000 -12.67632000 1621.89100000
v 1188.00000000 -9.22105600 1625.94200000
v 1201.00000000 0.00000000 1623.00000000
v 1188.00000000 9.22105600 1625.94200000
v 1201.00000000 12.67632000 1621.89100000
v 1188.00000000 27.12727000 1621.52900000
v 1201.00000000 24.96747000 1618.59800000
v 1201.00000000 36.50000000 1613.22000000
v 1188.00000000 43.45695000 1612.95800000
v 1201.00000000 46.92350000 1605.92100000
v 1188.00000000 57.26107000 1600.72900000
v 1201.00000000 55.92124000 1596.92300000
v 1201.00000000 63.21985000 1586.50000000
v 1188.00000000 67.73739000 1585.55100000
v 1201.00000000 68.59756000 1574.96700000
v 1188.00000000 74.27705000 1568.30800000
v 1201.00000000 71.89097000 1562.67600000
v 1201.00000000 -34.12566000 1587.90000000
v 1201.00000000 -41.25987000 1579.97700000
v 1201.00000000 -25.50000000 1594.16700000
v 1201.00000000 -46.59082000 1570.74400000
v 1201.00000000 -15.75987000 1598.50400000
v 1201.00000000 -49.88553000 1560.60300000
v 1201.00000000 -5.33095200 1600.72100000
v 1201.00000000 5.33095200 1600.72100000
v 1201.00000000 15.75987000 1598.50400000
v 1201.00000000 25.50000000 1594.16700000
v 1201.00000000 34.12566000 1587.90000000
v 1201.00000000 41.25987000 1579.97700000
v 1201.00000000 46.59082000 1570.74400000
v 1201.00000000 49.88553000 1560.60300000
v 1255.10400000 -50.60037000 1556.37200000
v 1257.20000000 -49.39000000 1562.71300000
v 1260.68000000 -47.38068000 1568.87000000
v 1264.87600000 -44.95818000 1574.07800000
v 1284.21200000 -40.00000000 1581.63900000
v 1270.00000000 -42.00000000 1578.93100000
v 1282.97800000 -42.00000000 1578.93100000
v 1288.97100000 -36.05017000 1586.07500000
v 1225.00000000 -31.63858000 1590.00000000
v 1294.34200000 -31.63858000 1590.00000000
v 1219.90400000 -23.81880000 1595.09600000
v 1216.48500000 -15.72659000 1598.51500000
v 1214.60400000 -7.82621800 1600.39600000
v 1214.00100000 0.37366590 1600.99900000
v 1214.72300000 8.55905400 1600.27700000
v 1216.71500000 16.41777000 1598.28500000
v 1219.83000000 23.67790000 1595.17000000
v 1222.26500000 27.83387000 1592.73500000
v 1292.85900000 38.01316000 1584.00000000
v 1225.00000000 31.63858000 1590.00000000
v 1276.37400000 31.63858000 1590.00000000
v 1334.18100000 38.01316000 1584.00000000
v 1329.86900000 40.00000000 1581.63900000
v 1295.00000000 40.00000000 1581.63900000
v 1288.34000000 43.84530000 1576.05000000
v 1272.50000000 46.91482000 1570.00000000
v 1283.02300000 46.91482000 1570.00000000
v 1272.50000000 49.17063000 1563.53700000
v 1272.50000000 50.54059000 1556.83000000
v 1279.67700000 -42.00000000 1569.58900000
v 1277.67200000 -42.00000000 1559.88500000
v 1421.89100000 -47.00000000 1562.67600000
v 1421.82600000 -40.00000000 1563.03700000
v 1418.59800000 -47.00000000 1574.96700000
v 1418.34300000 -40.00000000 1575.65500000
v 1413.22000000 -47.00000000 1586.50000000
v 1412.66300000 -40.00000000 1587.44800000
v 1405.92100000 -47.00000000 1596.92300000
v 1404.96700000 -40.00000000 1598.03700000
v 1396.92300000 -47.00000000 1605.92100000
v 1395.50500000 -40.00000000 1607.08200000
v 1386.50000000 -47.00000000 1613.22000000
v 1384.57900000 -40.00000000 1614.29100000
v 1374.96700000 -47.00000000 1618.59800000
v 1372.54100000 -40.00000000 1619.43300000
v 1362.67600000 -47.00000000 1621.89100000
v 1359.77900000 -40.00000000 1622.34200000
v 1350.00000000 -47.00000000 1623.00000000
v 1346.70200000 -40.00000000 1622.92500000
v 1337.32400000 -47.00000000 1621.89100000
v 1333.73100000 -40.00000000 1621.16400000
v 1325.03300000 -47.00000000 1618.59800000
v 1321.28300000 -40.00000000 1617.11400000
v 1313.50000000 -47.00000000 1613.22000000
v 1309.75900000 -40.00000000 1610.90700000
v 1303.07700000 -47.00000000 1605.92100000
v 1299.52800000 -40.00000000 1602.74100000
v 1294.07900000 -47.00000000 1596.92300000
v 1290.92100000 -40.00000000 1592.87900000
v 1286.78000000 -47.00000000 1586.50000000
v 1281.40200000 -47.00000000 1574.96700000
v 1278.10900000 -47.00000000 1562.67600000
v 1307.27400000 -25.00000000 1501.01500000
v 1298.76500000 -25.00000000 1510.00000000
v 1317.33200000 -25.00000000 1493.80600000
v 1328.57400000 -25.00000000 1488.63300000
v 1340.59300000 -25.00000000 1485.68400000
v 1352.95200000 -25.00000000 1485.06700000
v 1365.20400000 -25.00000000 1486.80300000
v 1376.90600000 -25.00000000 1490.83000000
v 1387.63200000 -25.00000000 1497.00100000
v 1396.99400000 -25.00000000 1505.09400000
v 1404.65300000 -25.00000000 1514.81400000
v 1410.33100000 -25.00000000 1525.80900000
v 1413.82200000 -25.00000000 1537.68100000
v 1415.00000000 -25.00000000 1550.00000000
v 1413.82200000 -25.00000000 1562.31900000
v 1410.33100000 -25.00000000 1574.19100000
v 1404.65300000 -25.00000000 1585.18600000
v 1396.99400000 -25.00000000 1594.90600000
v 1387.63200000 -25.00000000 1602.99900000
v 1376.90600000 -25.00000000 1609.17000000
v 1365.20400000 -25.00000000 1613.19700000
v 1352.95200000 -25.00000000 1614.93300000
v 1340.59300000 -25.00000000 1614.31600000
v 1328.57400000 -25.00000000 1611.36700000
v 1317.33200000 -25.00000000 1606.19400000
v 1307.27400000 -25.00000000 1598.98500000
v 1298.76500000 -25.00000000 1590.00000000
v 1301.37400000 -5.00000000 1510.00000000
v 1301.37400000 -25.00000000 1510.00000000
v 1276.37400000 -5.00000000 1510.00000000
v 1292.85900000 -5.00000000 1516.00000000
v 1311.37400000 -5.00000000 1516.00000000
v 1328.23400000 -22.01235000 1516.00000000
v 1325.10700000 -23.44127000 1516.00000000
v 1321.03400000 -24.59010000 1516.00000000
v 1316.83000000 -25.00000000 1516.00000000
v 1311.37400000 -25.00000000 1516.00000000
v 1334.05700000 -16.02247000 1516.00000000
v 1333.70900000 -16.99637000 1516.00000000
v 1333.19600000 -17.88736000 1516.00000000
v 1332.33200000 -18.95796000 1516.00000000
v 1330.81300000 -20.33255000 1516.00000000
v 1322.71300000 9.89919100 1516.00000000
v 1324.71100000 7.64361600 1516.00000000
v 1327.19100000 5.93180000 1516.00000000
v 1321.31200000 12.56744000 1516.00000000
v 1330.00900000 4.86322700 1516.00000000
v 1320.59100000 15.49329000 1516.00000000
v 1320.59100000 18.50671000 1516.00000000
v 1321.31200000 21.43256000 1516.00000000
v 1322.71300000 24.10081000 1516.00000000
v 1324.71100000 26.35638000 1516.00000000
v 1330.00900000 29.13677000 1516.00000000
v 1327.19100000 28.06820000 1516.00000000
v 1386.57200000 -15.00000000 1558.29000000
v 1386.41000000 45.00000000 1558.97400000
v 1383.83400000 -15.00000000 1566.17100000
v 1383.20500000 45.00000000 1567.42700000
v 1379.42200000 -15.00000000 1573.25000000
v 1378.06900000 45.00000000 1574.86700000
v 1373.55400000 -15.00000000 1579.18000000
v 1371.30200000 45.00000000 1580.86200000
v 1366.52000000 -15.00000000 1583.66500000
v 1363.29800000 45.00000000 1585.06300000
v 1358.66900000 -15.00000000 1586.48400000
v 1354.52000000 45.00000000 1587.22700000
v 1345.48000000 45.00000000 1587.22700000
v 1350.38800000 -15.00000000 1587.49800000
v 1336.70200000 45.00000000 1585.06300000
v 1342.08900000 -15.00000000 1586.65600000
v 1328.69800000 45.00000000 1580.86200000
v 1334.18100000 -15.00000000 1584.00000000
v 1323.96300000 40.00000000 1576.98700000
v 1321.93100000 45.00000000 1574.86700000
v 1319.10200000 40.00000000 1571.25100000
v 1316.79500000 45.00000000 1567.42700000
v 1315.48400000 40.00000000 1564.66000000
v 1313.59000000 45.00000000 1558.97400000
v 1313.25400000 40.00000000 1557.48000000
v 1292.50000000 41.44338000 1570.00000000
v 1292.50000000 41.44338000 1530.00000000
v 1272.50000000 60.00000000 1530.00000000
v 1292.50000000 60.00000000 1530.00000000
v 1272.50000000 60.00000000 1570.00000000
v 1292.50000000 60.00000000 1570.00000000
v 1324.71100000 26.35638000 1584.00000000
v 1322.71300000 24.10081000 1584.00000000
v 1327.19100000 28.06820000 1584.00000000
v 1321.31200000 21.43256000 1584.00000000
v 1330.00900000 29.13677000 1584.00000000
v 1320.59100000 18.50671000 1584.00000000
v 1320.59100000 15.49329000 1584.00000000
v 1292.85900000 -5.00000000 1584.00000000
v 1311.37400000 -5.00000000 1584.00000000
v 1322.71300000 9.89919100 1584.00000000
v 1321.31200000 12.56744000 1584.00000000
v 1324.71100000 7.64361600 1584.00000000
v 1327.19100000 5.93180000 1584.00000000
v 1330.00900000 4.86322700 1584.00000000
v 1316.83000000 -25.00000000 1584.00000000
v 1311.37400000 -25.00000000 1584.00000000
v 1322.41400000 -24.28360000 1584.00000000
v 1327.69400000 -22.29859000 1584.00000000
v 1333.77900000 -16.84326000 1584.00000000
v 1334.07500000 -15.94413000 1584.00000000
v 1332.96300000 -18.21190000 1584.00000000
v 1331.49500000 -19.76781000 1584.00000000
v 1276.37400000 -5.00000000 1590.00000000
v 1301.37400000 -5.00000000 1590.00000000
v 1301.37400000 -25.00000000 1590.00000000
v 1412.41900000 -47.00000000 1538.33200000
v 1409.21200000 -47.00000000 1527.06100000
v 1403.98900000 -47.00000000 1516.57200000
v 1396.92700000 -47.00000000 1507.22000000
v 1388.26700000 -47.00000000 1499.32600000
v 1378.30400000 -47.00000000 1493.15700000
v 1367.37800000 -47.00000000 1488.92400000
v 1355.85900000 -47.00000000 1486.77100000
v 1344.14100000 -47.00000000 1486.77100000
v 1332.62200000 -47.00000000 1488.92400000
v 1287.58100000 -47.00000000 1538.33200000
v 1321.69600000 -47.00000000 1493.15700000
v 1290.78800000 -47.00000000 1527.06100000
v 1311.73300000 -47.00000000 1499.32600000
v 1296.01100000 -47.00000000 1516.57200000
v 1303.07300000 -47.00000000 1507.22000000
v 1380.89500000 -25.00000000 1586.07900000
v 1388.02500000 -25.00000000 1578.46700000
v 1372.16100000 -25.00000000 1592.01400000
v 1393.26700000 -25.00000000 1569.60100000
v 1363.24500000 -25.00000000 1595.61600000
v 1396.44800000 -25.00000000 1559.94300000
v 1353.68300000 -25.00000000 1597.35700000
v 1397.50000000 -25.00000000 1549.96800000
v 1343.86000000 -25.00000000 1597.10100000
v 1396.38900000 -25.00000000 1539.78800000
v 1334.18600000 -25.00000000 1594.79000000
v 1393.18900000 -25.00000000 1530.22700000
v 1324.88900000 -25.00000000 1590.32000000
v 1388.12300000 -25.00000000 1521.66500000
v 1381.47500000 -25.00000000 1514.42500000
v 1373.57400000 -25.00000000 1508.76300000
v 1364.78300000 -25.00000000 1504.85900000
v 1354.44200000 -25.00000000 1502.70800000
v 1344.01200000 -25.00000000 1502.87900000
v 1320.53800000 -25.00000000 1512.74100000
v 1333.99200000 -25.00000000 1505.27900000
v 1324.83800000 -25.00000000 1509.71200000
v 1328.16500000 -23.32442000 1514.17000000
v 1326.60000000 -24.28318000 1512.99600000
v 1328.11900000 -23.84490000 1513.17600000
v 1333.27200000 -21.93470000 1513.34100000
v 1332.30000000 -22.57318000 1513.05100000
v 1336.86400000 -20.79589000 1512.90600000
v 1329.74600000 -24.50323000 1510.50300000
v 1333.69500000 -23.12196000 1511.65700000
v 1332.13100000 -23.84490000 1511.07100000
v 1333.10100000 -23.45326000 1511.37800000
v 1338.87000000 -22.07107000 1511.13300000
v 1340.33400000 -23.72260000 1508.50100000
v 1343.17000000 -22.07107000 1510.15200000
v 1347.63400000 -22.07107000 1509.64000000
v 1345.72100000 -19.89042000 1511.45900000
v 1354.32900000 -19.89042000 1511.46500000
v 1349.64600000 -23.72260000 1507.39200000
v 1352.09600000 -22.07107000 1509.62500000
v 1356.56900000 -22.07107000 1510.10800000
v 1362.75700000 -19.89042000 1513.38100000
v 1359.05300000 -23.72260000 1508.36300000
v 1360.97200000 -22.07107000 1511.08800000
v 1365.23400000 -22.07107000 1512.55100000
v 1370.33300000 -19.89042000 1516.98100000
v 1367.79100000 -23.72260000 1511.28200000
v 1368.94800000 -22.07107000 1514.28600000
v 1372.81300000 -22.07107000 1516.62300000
v 1376.97900000 -19.89042000 1522.14600000
v 1375.49400000 -23.72260000 1515.85800000
v 1376.09900000 -22.07107000 1519.12400000
v 1379.39500000 -22.07107000 1522.24300000
v 1382.11300000 -23.72260000 1521.99400000
v 1382.08800000 -22.07107000 1525.40600000
v 1382.37200000 -19.89042000 1528.65200000
v 1384.65700000 -22.07107000 1529.18100000
v 1387.32700000 -23.72260000 1529.45100000
v 1386.62000000 -22.07107000 1532.86800000
v 1386.24100000 -19.89042000 1536.20600000
v 1388.32900000 -22.07107000 1537.14100000
v 1390.86200000 -23.72260000 1537.92200000
v 1389.45600000 -22.07107000 1541.18500000
v 1389.40100000 -21.39168000 1544.31400000
v 1388.77700000 -19.89042000 1550.00000000
v 1392.37600000 -23.72260000 1545.54200000
v 1392.61000000 -23.72260000 1550.00000000
v 1389.41200000 -21.39168000 1555.61300000
v 1392.38800000 -23.72260000 1554.34300000
v 1386.25900000 -19.89042000 1563.74700000
v 1390.90100000 -23.72260000 1561.94500000
v 1389.48200000 -22.07107000 1558.70000000
v 1388.35400000 -22.07107000 1562.78600000
v 1386.65400000 -22.07107000 1567.05800000
v 1382.34800000 -19.89042000 1571.38500000
v 1387.33200000 -23.72260000 1570.53900000
v 1384.62200000 -22.07107000 1570.87700000
v 1382.04600000 -22.07107000 1574.64900000
v 1376.83000000 -19.89042000 1577.99800000
v 1381.93300000 -23.72260000 1578.21100000
v 1379.17300000 -22.07107000 1577.99000000
v 1375.84800000 -22.07107000 1581.08700000
v 1369.95900000 -19.89042000 1583.24600000
v 1374.92200000 -23.72260000 1584.56100000
v 1372.24800000 -22.07107000 1583.75700000
v 1368.33800000 -22.07107000 1586.03100000
v 1362.34200000 -19.89042000 1586.76100000
v 1366.90900000 -23.72260000 1589.11100000
v 1364.59600000 -22.07107000 1587.70200000
v 1360.31200000 -22.07107000 1589.09200000
v 1354.12200000 -19.89042000 1588.55800000
v 1358.35800000 -23.72260000 1591.78200000
v 1356.24500000 -22.07107000 1589.94400000
v 1351.77400000 -22.07107000 1590.39000000
v 1345.67900000 -19.89042000 1588.53600000
v 1349.37500000 -23.72260000 1592.60500000
v 1347.56800000 -22.07107000 1590.35600000
v 1343.10700000 -22.07107000 1589.83700000
v 1340.35300000 -23.72260000 1591.50300000
v 1338.95700000 -22.07107000 1588.89100000
v 1336.82300000 -20.89285000 1587.15300000
v 1332.88700000 -22.23731000 1586.81600000
v 1333.61100000 -23.22513000 1588.46700000
v 1332.64000000 -23.68810000 1588.84600000
v 1330.11300000 -24.43566000 1589.46000000
v 1328.56600000 -23.68810000 1586.75500000
v 1328.26100000 -23.27739000 1585.80600000
v 1326.31700000 -24.35438000 1587.04100000
v 1340.70000000 -18.68095000 1512.94700000
v 1342.73900000 -18.68095000 1512.49400000
v 1341.51000000 -19.89042000 1512.16300000
v 1349.07500000 -18.68095000 1511.80900000
v 1351.18700000 -18.68095000 1511.81600000
v 1350.04000000 -19.89042000 1511.22300000
v 1343.53200000 -24.29788000 1506.66100000
v 1359.60100000 -18.68095000 1513.02400000
v 1353.18400000 -24.29788000 1506.29700000
v 1367.36900000 -18.68095000 1515.97500000
v 1362.76700000 -24.29788000 1508.08200000
v 1374.33000000 -18.68095000 1520.54800000
v 1380.14800000 -18.68095000 1526.53700000
v 1378.66400000 -24.29788000 1516.85700000
v 1384.97500000 -24.29788000 1523.60200000
v 1384.53600000 -18.68095000 1533.66900000
v 1389.76700000 -24.29788000 1531.59500000
v 1387.27000000 -18.68095000 1541.61300000
v 1392.78000000 -24.29788000 1540.51300000
v 1387.28200000 -18.68095000 1558.33300000
v 1392.82100000 -24.29788000 1559.30100000
v 1384.55200000 -18.68095000 1566.29600000
v 1389.82200000 -24.29788000 1568.28500000
v 1380.12800000 -18.68095000 1573.48900000
v 1384.90600000 -24.29788000 1576.48900000
v 1374.21000000 -18.68095000 1579.55100000
v 1378.25900000 -24.29788000 1583.48900000
v 1367.07900000 -18.68095000 1584.17200000
v 1370.16000000 -24.29788000 1588.90600000
v 1359.28800000 -18.68095000 1587.05600000
v 1351.03500000 -18.68095000 1588.18800000
v 1352.66000000 -24.29788000 1593.73800000
v 1342.71000000 -18.68095000 1587.50000000
v 1340.74200000 -18.68095000 1587.06300000
v 1341.51900000 -19.89042000 1587.83900000
v 1343.42800000 -24.29788000 1593.32300000
v 1330.00900000 29.13677000 1508.00000000
v 1327.19100000 28.06820000 1508.00000000
v 1324.71100000 26.35638000 1508.00000000
v 1322.71300000 24.10081000 1508.00000000
v 1321.31200000 21.43256000 1508.00000000
v 1320.59100000 18.50671000 1508.00000000
v 1320.59100000 15.49329000 1508.00000000
v 1321.31200000 12.56744000 1508.00000000
v 1322.71300000 9.89919100 1508.00000000
v 1324.71100000 7.64361600 1508.00000000
v 1327.19100000 5.93180000 1508.00000000
v 1330.00900000 4.86322700 1508.00000000
v 1321.84300000 45.00000000 1543.06000000
v 1324.32200000 45.00000000 1536.52300000
v 1328.29300000 45.00000000 1530.76900000
v 1333.52600000 45.00000000 1526.13300000
v 1339.71600000 45.00000000 1522.88500000
v 1346.50400000 45.00000000 1521.21100000
v 1353.49600000 45.00000000 1521.21100000
v 1378.15700000 45.00000000 1543.06000000
v 1360.28400000 45.00000000 1522.88500000
v 1366.47400000 45.00000000 1526.13300000
v 1375.67800000 45.00000000 1536.52300000
v 1371.70700000 45.00000000 1530.76900000
v 1330.00900000 4.86322700 1592.00000000
v 1327.19100000 5.93180000 1592.00000000
v 1324.71100000 7.64361600 1592.00000000
v 1322.71300000 9.89919100 1592.00000000
v 1321.31200000 12.56744000 1592.00000000
v 1320.59100000 15.49329000 1592.00000000
v 1320.59100000 18.50671000 1592.00000000
v 1321.31200000 21.43256000 1592.00000000
v 1322.71300000 24.10081000 1592.00000000
v 1324.71100000 26.35638000 1592.00000000
v 1327.19100000 28.06820000 1592.00000000
v 1330.00900000 29.13677000 1592.00000000
v 1287.58100000 -38.00000000 1538.33200000
v 1290.78800000 -38.00000000 1527.06100000
v 1296.01100000 -38.00000000 1516.57200000
v 1303.07300000 -38.00000000 1507.22000000
v 1311.73300000 -38.00000000 1499.32600000
v 1321.69600000 -38.00000000 1493.15700000
v 1332.62200000 -38.00000000 1488.92400000
v 1344.14100000 -38.00000000 1486.77100000
v 1355.85900000 -38.00000000 1486.77100000
v 1367.37800000 -38.00000000 1488.92400000
v 1378.30400000 -38.00000000 1493.15700000
v 1388.26700000 -38.00000000 1499.32600000
v 1396.92700000 -38.00000000 1507.22000000
v 1403.98900000 -38.00000000 1516.57200000
v 1409.21200000 -38.00000000 1527.06100000
v 1412.41900000 -38.00000000 1538.33200000
v 1378.15700000 37.00000000 1543.06000000
v 1375.67800000 37.00000000 1536.52300000
v 1371.70700000 37.00000000 1530.76900000
v 1366.47400000 37.00000000 1526.13300000
v 1360.28400000 37.00000000 1522.88500000
v 1353.49600000 37.00000000 1521.21100000
v 1346.50400000 37.00000000 1521.21100000
v 1339.71600000 37.00000000 1522.88500000
v 1333.52600000 37.00000000 1526.13300000
v 1328.29300000 37.00000000 1530.76900000
v 1324.32200000 37.00000000 1536.52300000
v 1321.84300000 37.00000000 1543.06000000
v 1331.06700000 37.00000000 1545.33300000
v 1332.73400000 37.00000000 1540.93800000
v 1335.40400000 37.00000000 1537.06900000
v 1338.92300000 37.00000000 1533.95200000
v 1343.08500000 37.00000000 1531.76700000
v 1347.65000000 37.00000000 1530.64200000
v 1352.35000000 37.00000000 1530.64200000
v 1368.93300000 37.00000000 1545.33300000
v 1356.91500000 37.00000000 1531.76700000
v 1367.26600000 37.00000000 1540.93800000
v 1361.07700000 37.00000000 1533.95200000
v 1364.59600000 37.00000000 1537.06900000
v 1368.93300000 28.00000000 1545.33300000
v 1367.26600000 28.00000000 1540.93800000
v 1364.59600000 28.00000000 1537.06900000
v 1361.07700000 28.00000000 1533.95200000
v 1356.91500000 28.00000000 1531.76700000
v 1352.35000000 28.00000000 1530.64200000
v 1347.65000000 28.00000000 1530.64200000
v 1343.08500000 28.00000000 1531.76700000
v 1338.92300000 28.00000000 1533.95200000
v 1335.40400000 28.00000000 1537.06900000
v 1332.73400000 28.00000000 1540.93800000
v 1331.06700000 28.00000000 1545.33300000
v 1362.68200000 63.79562000 1575.91500000
v 1361.82000000 63.60000000 1576.26300000
v 1367.76200000 63.60000000 1572.67100000
v 1362.74900000 63.94890000 1576.05200000
v 1365.47200000 64.00000000 1574.76400000
v 1360.19600000 64.00000000 1577.36200000
v 1378.71300000 63.94890000 1554.10200000
v 1379.19600000 64.00000000 1550.48000000
v 1378.44200000 64.00000000 1556.61200000
v 1331.95700000 63.88284000 1572.59800000
v 1329.62800000 63.68901000 1570.37200000
v 1329.63500000 63.60000000 1570.36500000
v 1329.60700000 63.77355000 1570.39300000
v 1329.57400000 63.84940000 1570.42600000
v 1329.52900000 63.91273000 1570.47100000
v 1335.10100000 63.60000000 1574.64700000
v 1331.93300000 63.91613000 1572.62700000
v 1334.74200000 64.00000000 1574.89700000
v 1331.90900000 63.94261000 1572.65700000
v 1329.47500000 63.96039000 1570.52500000
v 1329.41500000 63.98997000 1570.58500000
v 1329.35200000 64.00000000 1570.64800000
v 1334.96500000 63.88284000 1574.70100000
v 1338.03600000 63.88284000 1576.32600000
v 1341.39900000 64.00000000 1577.90500000
v 1341.43200000 63.60000000 1577.49600000
v 1341.44000000 63.88284000 1577.62100000
v 1344.61800000 63.88284000 1578.41200000
v 1348.10400000 64.00000000 1579.13900000
v 1348.26100000 63.60000000 1578.74700000
v 1348.18800000 63.88284000 1578.86000000
v 1351.11700000 63.79562000 1578.82900000
v 1355.19100000 63.60000000 1578.32800000
v 1354.73000000 63.88284000 1578.52800000
v 1354.63900000 63.79562000 1578.47600000
v 1357.65600000 63.88284000 1577.88500000
v 1354.29000000 64.00000000 1578.88300000
v 1360.98600000 63.88284000 1576.74900000
v 1362.26200000 63.79562000 1576.11600000
v 1364.07300000 63.94891000 1575.36200000
v 1366.59800000 63.88284000 1573.67900000
v 1369.88900000 64.00000000 1571.37900000
v 1368.78100000 63.88284000 1571.98800000
v 1369.13100000 63.79562000 1571.59600000
v 1371.59600000 63.79562000 1569.13100000
v 1372.67100000 63.60000000 1567.76200000
v 1370.50900000 63.94890000 1570.50900000
v 1374.82300000 63.94891000 1565.00300000
v 1376.47700000 64.00000000 1562.31300000
v 1373.54100000 64.00000000 1567.27700000
v 1376.05200000 63.94890000 1562.74900000
v 1376.17700000 63.94891000 1562.49000000
v 1375.91500000 63.79562000 1562.68200000
v 1376.29600000 63.88284000 1562.03100000
v 1376.26300000 63.60000000 1561.82000000
v 1377.40800000 63.88284000 1559.22100000
v 1378.32800000 63.60000000 1555.19100000
v 1378.31300000 63.88284000 1555.87900000
v 1378.47600000 63.79562000 1554.63900000
v 1378.56100000 63.79562000 1554.08000000
v 1378.91500000 63.94890000 1552.27300000
v 1378.67600000 63.88284000 1546.27000000
v 1378.64100000 64.00000000 1544.31300000
v 1378.74700000 63.60000000 1548.26100000
v 1377.49600000 63.60000000 1541.43200000
v 1378.91000000 63.88284000 1549.35500000
v 1378.01900000 63.88284000 1542.85000000
v 1377.12400000 63.88284000 1539.97500000
v 1376.84600000 64.00000000 1538.51400000
v 1375.70500000 63.88284000 1536.75500000
v 1374.09300000 64.00000000 1533.50200000
v 1374.64700000 63.60000000 1535.10100000
v 1374.30800000 63.88284000 1534.33700000
v 1372.17600000 63.88284000 1531.44100000
v 1370.36500000 63.60000000 1529.63500000
v 1370.37200000 63.68901000 1529.62800000
v 1370.39300000 63.77355000 1529.60700000
v 1370.42600000 63.84940000 1529.57400000
v 1370.47100000 63.91273000 1529.52900000
v 1372.20500000 63.91613000 1531.41700000
v 1372.23500000 63.94261000 1531.39200000
v 1370.64800000 64.00000000 1529.35200000
v 1370.52500000 63.96039000 1529.47500000
v 1370.58500000 63.98997000 1529.41500000
v 1352.68100000 63.94891000 1578.88000000
v 1349.60300000 63.94891000 1579.00200000
v 1354.10200000 63.94890000 1578.71300000
v 1354.46300000 63.94891000 1578.65900000
v 1369.49600000 63.94891000 1571.47500000
v 1372.57200000 63.94891000 1568.21500000
v 1373.04100000 63.88284000 1567.47400000
v 1373.74800000 63.79562000 1566.38400000
v 1375.55100000 63.79562000 1563.39900000
v 1378.85000000 63.79562000 1550.23100000
v 1348.92800000 63.79562000 1578.83100000
v 1353.92800000 63.79562000 1578.58200000
v 1372.58200000 63.79562000 1567.95600000
v 1373.63100000 63.94891000 1566.81800000
v 1379.00200000 63.94891000 1550.35400000
v 1348.51800000 63.94891000 1578.96700000
v 1348.39200000 63.79562000 1578.80600000
v 1358.57300000 37.44890000 1567.51900000
v 1360.13300000 37.50000000 1566.89400000
v 1356.58100000 37.50000000 1568.56800000
v 1363.79200000 37.44890000 1563.79200000
v 1365.61700000 37.50000000 1562.00900000
v 1363.13100000 37.50000000 1564.68600000
v 1369.15700000 37.29562000 1552.73700000
v 1368.98400000 37.10000000 1553.47900000
v 1369.26500000 37.10000000 1548.83500000
v 1369.30800000 37.44890000 1552.75800000
v 1369.67500000 37.50000000 1550.99500000
v 1369.04400000 37.50000000 1555.04400000
v 1337.86100000 37.38284000 1565.15500000
v 1336.34600000 37.18901000 1563.65400000
v 1336.35300000 37.10000000 1563.64700000
v 1336.32500000 37.27355000 1563.67500000
v 1336.29100000 37.34940000 1563.70900000
v 1336.24600000 37.41273000 1563.75400000
v 1340.01500000 37.10000000 1566.51700000
v 1337.83800000 37.41613000 1565.18500000
v 1339.64900000 37.50000000 1566.76100000
v 1337.81300000 37.44261000 1565.21500000
v 1336.19300000 37.46039000 1563.80700000
v 1336.13300000 37.48997000 1563.86700000
v 1336.07000000 37.50000000 1563.93000000
v 1339.87600000 37.38284000 1566.56900000
v 1341.90900000 37.38284000 1567.65100000
v 1344.06300000 37.50000000 1568.78400000
v 1344.25800000 37.10000000 1568.42600000
v 1344.18600000 37.38284000 1568.52600000
v 1346.29100000 37.38284000 1569.06000000
v 1348.51400000 37.50000000 1569.64400000
v 1348.83500000 37.10000000 1569.26500000
v 1348.68100000 37.38284000 1569.37200000
v 1350.74900000 37.29562000 1569.33700000
v 1353.47900000 37.10000000 1568.98400000
v 1350.67800000 37.38284000 1569.40500000
v 1353.04600000 37.38284000 1569.17700000
v 1353.11200000 37.29562000 1569.09900000
v 1352.63200000 37.50000000 1569.52400000
v 1352.75800000 37.44890000 1569.30800000
v 1354.99300000 37.38284000 1568.76400000
v 1357.92100000 37.10000000 1567.60000000
v 1357.23100000 37.38284000 1568.02100000
v 1358.22500000 37.29562000 1567.51600000
v 1358.50600000 37.29562000 1567.38100000
v 1359.30900000 37.44891000 1567.14000000
v 1361.00000000 37.38284000 1566.00100000
v 1361.90300000 37.10000000 1565.19300000
v 1362.46500000 37.38284000 1564.88800000
v 1362.83100000 37.29562000 1564.48500000
v 1364.48500000 37.29562000 1562.83100000
v 1365.19300000 37.10000000 1561.90300000
v 1366.40300000 37.29562000 1560.26600000
v 1367.60000000 37.10000000 1557.92100000
v 1366.42400000 37.38284000 1560.35700000
v 1365.33900000 37.38284000 1561.90600000
v 1367.54800000 37.38284000 1558.31100000
v 1367.63700000 37.50000000 1558.77800000
v 1367.51900000 37.44890000 1558.57300000
v 1367.51600000 37.29562000 1558.22500000
v 1368.30500000 37.38284000 1556.47800000
v 1368.95000000 37.38284000 1554.23500000
v 1369.09900000 37.29562000 1553.11200000
v 1369.41500000 37.44891000 1551.86600000
v 1369.41700000 37.38284000 1549.89100000
v 1369.45200000 37.50000000 1546.88200000
v 1369.29900000 37.38284000 1547.86300000
v 1368.89700000 37.38284000 1545.53700000
v 1368.40200000 37.50000000 1542.96700000
v 1368.42600000 37.10000000 1544.25800000
v 1368.34500000 37.38284000 1543.63700000
v 1367.42200000 37.38284000 1541.42800000
v 1366.65200000 37.50000000 1539.47300000
v 1366.51700000 37.10000000 1540.01500000
v 1366.51500000 37.38284000 1539.78900000
v 1365.89800000 37.38284000 1538.85200000
v 1365.37100000 37.50000000 1537.67800000
v 1363.64700000 37.10000000 1536.35300000
v 1364.44400000 37.38284000 1537.02300000
v 1363.65400000 37.18901000 1536.34600000
v 1363.67500000 37.27355000 1536.32500000
v 1363.70900000 37.34940000 1536.29100000
v 1363.75400000 37.41273000 1536.24600000
v 1364.47200000 37.41613000 1536.99700000
v 1364.50000000 37.44261000 1536.97200000
v 1363.93000000 37.50000000 1536.07000000
v 1363.80700000 37.46039000 1536.19300000
v 1363.86700000 37.48997000 1536.13300000
v 1351.67400000 37.44891000 1569.43200000
v 1362.96700000 37.44891000 1564.57000000
v 1365.04000000 37.44891000 1562.41800000
v 1367.01900000 37.44891000 1559.52700000
v 1352.57000000 37.29562000 1569.18000000
v 1365.07900000 37.29562000 1562.12800000
v 1367.28400000 37.29562000 1558.70300000
v 1352.59800000 37.44891000 1569.33100000
v 1367.44100000 37.44891000 1558.73100000
v 1352.47400000 67.30110000 1567.32000000
v 1353.87300000 67.25000000 1566.86100000
v 1350.27500000 67.25000000 1567.29800000
v 1365.71500000 67.30110000 1557.69000000
v 1366.13200000 67.25000000 1556.25000000
v 1364.57500000 67.25000000 1559.32000000
v 1338.72600000 67.36716000 1563.49300000
v 1337.49100000 67.56099000 1562.50900000
v 1337.48400000 67.65000000 1562.51600000
v 1337.51200000 67.47645000 1562.48800000
v 1337.54600000 67.40060000 1562.45400000
v 1337.59100000 67.33727000 1562.40900000
v 1340.84300000 67.65000000 1565.14700000
v 1338.75100000 67.33387000 1563.46400000
v 1340.25000000 67.25000000 1564.29100000
v 1338.77500000 67.30739000 1563.43400000
v 1337.64400000 67.28961000 1562.35600000
v 1337.70400000 67.26003000 1562.29600000
v 1337.76700000 67.25000000 1562.23300000
v 1340.48900000 67.36716000 1564.78900000
v 1341.97300000 67.36716000 1565.64400000
v 1343.25200000 67.25000000 1565.93000000
v 1344.73400000 67.65000000 1566.89900000
v 1343.93500000 67.36716000 1566.50400000
v 1345.66500000 67.36716000 1567.04000000
v 1346.65700000 67.25000000 1566.97400000
v 1347.74600000 67.36716000 1567.43800000
v 1348.93100000 67.65000000 1567.66800000
v 1349.60300000 67.36717000 1567.57800000
v 1351.36600000 67.30110000 1567.44200000
v 1352.49600000 67.45438000 1567.47200000
v 1352.83800000 67.45438000 1567.41900000
v 1353.19100000 67.65000000 1567.41000000
v 1353.55200000 67.36717000 1567.22000000
v 1355.58400000 67.36717000 1566.67200000
v 1357.22400000 67.25000000 1565.71900000
v 1357.26400000 67.65000000 1566.14100000
v 1357.27900000 67.36717000 1566.00500000
v 1357.75800000 67.45438000 1565.85300000
v 1357.49900000 67.30111000 1565.80700000
v 1357.69000000 67.30110000 1565.71500000
v 1359.00400000 67.30111000 1565.00100000
v 1360.15000000 67.25000000 1564.00900000
v 1363.21100000 67.45438000 1561.70300000
v 1362.37100000 67.30110000 1562.37100000
v 1361.70300000 67.45438000 1563.21100000
v 1360.91600000 67.65000000 1563.93300000
v 1363.93300000 67.65000000 1560.91600000
v 1363.32400000 67.36718000 1561.47300000
v 1364.34500000 67.36719000 1560.16800000
v 1362.57200000 67.25000000 1561.88400000
v 1365.25400000 67.30112000 1558.56800000
v 1365.85300000 67.45438000 1557.75800000
v 1365.97600000 67.45438000 1557.50100000
v 1366.14100000 67.65000000 1557.26400000
v 1366.22100000 67.36720000 1556.78600000
v 1366.92600000 67.36720000 1554.76200000
v 1367.07100000 67.25000000 1552.80400000
v 1367.41000000 67.65000000 1553.19100000
v 1367.32300000 67.36720000 1553.00900000
v 1367.41900000 67.45438000 1552.83800000
v 1367.63600000 67.45438000 1550.68400000
v 1367.66800000 67.65000000 1548.93100000
v 1367.35500000 67.36721000 1547.18000000
v 1366.73300000 67.25000000 1545.60600000
v 1367.28100000 67.25000000 1549.17800000
v 1366.89900000 67.65000000 1544.73400000
v 1367.55700000 67.36721000 1549.05100000
v 1366.90000000 67.36721000 1545.14800000
v 1366.30600000 67.36721000 1543.42300000
v 1365.49800000 67.25000000 1542.31100000
v 1365.14700000 67.65000000 1540.84300000
v 1365.40700000 67.36721000 1541.52700000
v 1364.64900000 67.36717000 1540.27500000
v 1364.00900000 67.25000000 1539.85000000
v 1363.34400000 67.36717000 1538.55100000
v 1362.51600000 67.65000000 1537.48400000
v 1362.50900000 67.56099000 1537.49100000
v 1362.48800000 67.47645000 1537.51200000
v 1362.45400000 67.40060000 1537.54600000
v 1362.40900000 67.33727000 1537.59100000
v 1363.31600000 67.33388000 1538.57500000
v 1363.28600000 67.30740000 1538.60100000
v 1362.23300000 67.25000000 1537.76700000
v 1362.35600000 67.28961000 1537.64400000
v 1362.29600000 67.26003000 1537.70400000
v 1350.13900000 67.45439000 1567.64800000
v 1358.17300000 67.45439000 1565.64200000
v 1360.00000000 67.45439000 1564.54200000
v 1360.58200000 67.36717000 1564.04200000
v 1360.94500000 67.30111000 1563.64900000
v 1362.90700000 67.30111000 1561.81100000
v 1364.68600000 67.45440000 1559.78800000
v 1367.26600000 67.30113000 1552.82400000
v 1367.32000000 67.30110000 1552.47400000
v 1367.40800000 67.30113000 1551.74800000
v 1367.49500000 67.30113000 1549.91600000
v 1350.20800000 67.30111000 1567.49400000
v 1360.09000000 67.30111000 1564.29300000
v 1360.96300000 67.45439000 1563.83100000
v 1364.65000000 67.30112000 1559.56400000
v 1367.47500000 67.45441000 1552.46900000
v 1367.63900000 67.45442000 1549.42200000
v 1367.48200000 67.30114000 1549.29700000
v 1362.48000000 35.54562000 1562.48000000
v 1363.93300000 35.35000000 1560.91600000
v 1360.91600000 35.35000000 1563.93300000
v 1338.60100000 35.69260000 1563.28600000
v 1337.70400000 35.73997000 1562.29600000
v 1337.76700000 35.75000000 1562.23300000
v 1337.64400000 35.71039000 1562.35600000
v 1337.59100000 35.66273000 1562.40900000
v 1339.85000000 35.75000000 1564.00900000
v 1338.57500000 35.66612000 1563.31600000
v 1338.55100000 35.63283000 1563.34400000
v 1337.54600000 35.59940000 1562.45400000
v 1337.51200000 35.52355000 1562.48800000
v 1337.49100000 35.43901000 1562.50900000
v 1337.48400000 35.35000000 1562.51600000
v 1340.84300000 35.35000000 1565.14700000
v 1340.27500000 35.63283000 1564.64900000
v 1342.31100000 35.75000000 1565.49800000
v 1341.52700000 35.63279000 1565.40700000
v 1343.42300000 35.63279000 1566.30600000
v 1344.73400000 35.35000000 1566.89900000
v 1345.60600000 35.75000000 1566.73300000
v 1345.14800000 35.63279000 1566.90000000
v 1347.18000000 35.63279000 1567.35500000
v 1348.93100000 35.35000000 1567.66800000
v 1349.17800000 35.75000000 1567.28100000
v 1349.05100000 35.63279000 1567.55700000
v 1350.79500000 35.69887000 1567.47800000
v 1352.47400000 35.69890000 1567.32000000
v 1352.49600000 35.54562000 1567.47200000
v 1352.80400000 35.75000000 1567.07100000
v 1352.65500000 35.69887000 1567.29300000
v 1353.00900000 35.63280000 1567.32300000
v 1353.19100000 35.35000000 1567.41000000
v 1354.76200000 35.63280000 1566.92600000
v 1357.26400000 35.35000000 1566.14100000
v 1356.25000000 35.75000000 1566.13200000
v 1356.78600000 35.63280000 1566.22100000
v 1357.00900000 35.69888000 1566.03000000
v 1358.56800000 35.69888000 1565.25400000
v 1359.32000000 35.75000000 1564.57500000
v 1357.75800000 35.54562000 1565.85300000
v 1360.16800000 35.63281000 1564.34500000
v 1361.88400000 35.75000000 1562.57200000
v 1361.47300000 35.63282000 1563.32400000
v 1362.19600000 35.69889000 1562.54400000
v 1362.37100000 35.69890000 1562.37100000
v 1363.21100000 35.54562000 1561.70300000
v 1365.00100000 35.69889000 1559.00400000
v 1364.00900000 35.75000000 1560.15000000
v 1365.71900000 35.75000000 1557.22400000
v 1366.00500000 35.63283000 1557.27900000
v 1366.14100000 35.35000000 1557.26400000
v 1365.85300000 35.54562000 1557.75800000
v 1365.80700000 35.69889000 1557.49900000
v 1366.67200000 35.63283000 1555.58400000
v 1367.41000000 35.35000000 1553.19100000
v 1366.86100000 35.75000000 1553.87300000
v 1367.22000000 35.63283000 1553.55200000
v 1367.20200000 35.69889000 1553.19400000
v 1367.44200000 35.69890000 1551.36600000
v 1367.29800000 35.75000000 1550.27500000
v 1367.47200000 35.54562000 1552.49600000
v 1367.43800000 35.63284000 1547.74600000
v 1367.66800000 35.35000000 1548.93100000
v 1367.57800000 35.63283000 1549.60300000
v 1366.89900000 35.35000000 1544.73400000
v 1366.97400000 35.75000000 1546.65700000
v 1367.04000000 35.63284000 1545.66500000
v 1365.93000000 35.75000000 1543.25200000
v 1366.50400000 35.63284000 1543.93500000
v 1365.64400000 35.63284000 1541.97300000
v 1365.14700000 35.35000000 1540.84300000
v 1364.29100000 35.75000000 1540.25000000
v 1364.78900000 35.63284000 1540.48900000
v 1363.43400000 35.69261000 1538.77500000
v 1362.23300000 35.75000000 1537.76700000
v 1362.29600000 35.73997000 1537.70400000
v 1362.35600000 35.71039000 1537.64400000
v 1362.40900000 35.66273000 1537.59100000
v 1363.46400000 35.66613000 1538.75100000
v 1363.49300000 35.63284000 1538.72600000
v 1362.51600000 35.35000000 1537.48400000
v 1362.45400000 35.59940000 1537.54600000
v 1362.48800000 35.52355000 1537.51200000
v 1362.50900000 35.43901000 1537.49100000
v 1349.85700000 35.54558000 1567.64800000
v 1357.15700000 35.54559000 1566.13300000
v 1359.78800000 35.54560000 1564.68600000
v 1363.64900000 35.69889000 1560.94500000
v 1364.04200000 35.63283000 1560.58200000
v 1364.54200000 35.54561000 1560.00000000
v 1365.64200000 35.54561000 1558.17300000
v 1367.35600000 35.54561000 1553.20100000
v 1367.64800000 35.54561000 1550.13900000
v 1349.51200000 35.69886000 1567.48900000
v 1359.56400000 35.69888000 1564.65000000
v 1363.83100000 35.54561000 1560.96300000
v 1364.29300000 35.69889000 1560.09000000
v 1365.70700000 35.69889000 1557.70600000
v 1367.49400000 35.69889000 1550.20800000
v 1349.22000000 35.54557000 1567.63200000
v 1349.19800000 35.69885000 1567.47700000
v 1334.57100000 63.20000000 1574.55500000
v 1329.49400000 39.23205000 1570.50600000
v 1334.99700000 39.23205000 1574.81800000
v 1329.49400000 63.20000000 1570.50600000
v 1340.42200000 63.20000000 1577.37300000
v 1341.37200000 39.23205000 1577.68700000
v 1346.75300000 63.20000000 1578.81800000
v 1348.24900000 39.23205000 1578.94700000
v 1353.24700000 63.20000000 1578.81800000
v 1355.22700000 39.23205000 1578.52500000
v 1359.57800000 63.20000000 1577.37300000
v 1361.90200000 39.23205000 1576.44500000
v 1365.42900000 63.20000000 1574.55500000
v 1367.88500000 39.23205000 1572.82800000
v 1370.50600000 63.20000000 1570.50600000
v 1372.82800000 39.23205000 1567.88500000
v 1374.55500000 63.20000000 1565.42900000
v 1376.44500000 39.23205000 1561.90200000
v 1377.37300000 63.20000000 1559.57800000
v 1378.52500000 39.23205000 1555.22700000
v 1378.81800000 63.20000000 1553.24700000
v 1378.94700000 39.23205000 1548.24900000
v 1378.81800000 63.20000000 1546.75300000
v 1377.68700000 39.23205000 1541.37200000
v 1377.37300000 63.20000000 1540.42200000
v 1374.81800000 39.23205000 1534.99700000
v 1374.55500000 63.20000000 1534.57100000
v 1370.50600000 39.23205000 1529.49400000
v 1370.50600000 63.20000000 1529.49400000
v 1334.57100000 63.20000000 1525.44500000
v 1329.49400000 63.20000000 1529.49400000
v 1329.63500000 63.48563000 1529.63500000
v 1334.67700000 63.48563000 1525.61400000
v 1340.42200000 63.20000000 1522.62700000
v 1340.48800000 63.48563000 1522.81600000
v 1346.75300000 63.20000000 1521.18200000
v 1346.77500000 63.48563000 1521.38100000
v 1353.22500000 63.48563000 1521.38100000
v 1353.24700000 63.20000000 1521.18200000
v 1359.57800000 63.20000000 1522.62700000
v 1359.51200000 63.48563000 1522.81600000
v 1365.42900000 63.20000000 1525.44500000
v 1365.32300000 63.48563000 1525.61400000
v 1370.36500000 63.48563000 1529.63500000
v 1374.38600000 63.48563000 1534.67700000
v 1377.18400000 63.48563000 1540.48800000
v 1378.61900000 63.48563000 1546.77500000
v 1378.61900000 63.48563000 1553.22500000
v 1377.18400000 63.48563000 1559.51200000
v 1374.38600000 63.48563000 1565.32300000
v 1370.36500000 63.48563000 1570.36500000
v 1330.20100000 37.50000000 1569.79900000
v 1335.51500000 37.50000000 1573.96200000
v 1341.67000000 37.50000000 1576.73200000
v 1348.30900000 37.50000000 1577.94900000
v 1355.04700000 37.50000000 1577.54100000
v 1361.49200000 37.50000000 1575.53300000
v 1367.26800000 37.50000000 1572.04100000
v 1372.04100000 37.50000000 1567.26800000
v 1375.53300000 37.50000000 1561.49200000
v 1377.54100000 37.50000000 1555.04700000
v 1377.94900000 37.50000000 1548.30900000
v 1376.73200000 37.50000000 1541.67000000
v 1373.96200000 37.50000000 1535.51500000
v 1369.79900000 37.50000000 1530.20100000
v 1329.63500000 63.48563000 1570.36500000
v 1334.67700000 63.48563000 1574.38600000
v 1340.48800000 63.48563000 1577.18400000
v 1346.77500000 63.48563000 1578.61900000
v 1353.22500000 63.48563000 1578.61900000
v 1359.51200000 63.48563000 1577.18400000
v 1365.32300000 63.48563000 1574.38600000
v 1336.35300000 36.98563000 1563.64700000
v 1340.01500000 36.98563000 1566.51700000
v 1344.25800000 36.98563000 1568.42600000
v 1348.83500000 36.98563000 1569.26500000
v 1353.47900000 36.98563000 1568.98400000
v 1357.92100000 36.98563000 1567.60000000
v 1361.90300000 36.98563000 1565.19300000
v 1365.19300000 36.98563000 1561.90300000
v 1367.60000000 36.98563000 1557.92100000
v 1368.98400000 36.98563000 1553.47900000
v 1369.26500000 36.98563000 1548.83500000
v 1368.42600000 36.98563000 1544.25800000
v 1366.51700000 36.98563000 1540.01500000
v 1363.64700000 36.98563000 1536.35300000
v 1334.48000000 78.00000000 1575.67300000
v 1328.78700000 64.00000000 1571.21300000
v 1334.48000000 64.00000000 1575.67300000
v 1328.78700000 78.00000000 1571.21300000
v 1341.07500000 78.00000000 1578.64200000
v 1341.07500000 64.00000000 1578.64200000
v 1348.18900000 78.00000000 1579.94500000
v 1348.18900000 64.00000000 1579.94500000
v 1355.40800000 78.00000000 1579.50900000
v 1355.40800000 64.00000000 1579.50900000
v 1362.31200000 64.00000000 1577.35700000
v 1362.31200000 78.00000000 1577.35700000
v 1368.50200000 78.00000000 1573.61600000
v 1368.50200000 64.00000000 1573.61600000
v 1373.61600000 64.00000000 1568.50200000
v 1373.61600000 78.00000000 1568.50200000
v 1377.35700000 78.00000000 1562.31200000
v 1377.35700000 64.00000000 1562.31200000
v 1379.50900000 64.00000000 1555.40800000
v 1379.50900000 78.00000000 1555.40800000
v 1379.94500000 78.00000000 1548.18900000
v 1379.94500000 64.00000000 1548.18900000
v 1378.64200000 78.00000000 1541.07500000
v 1378.64200000 64.00000000 1541.07500000
v 1375.67300000 78.00000000 1534.48000000
v 1375.67300000 64.00000000 1534.48000000
v 1371.21300000 78.00000000 1528.78700000
v 1371.21300000 64.00000000 1528.78700000
v 1363.78900000 36.70000000 1536.21100000
v 1366.68800000 36.70000000 1539.91200000
v 1368.61700000 36.70000000 1544.19900000
v 1369.46400000 36.70000000 1548.82300000
v 1369.18100000 36.70000000 1553.51500000
v 1367.78200000 36.70000000 1558.00300000
v 1365.35000000 36.70000000 1562.02600000
v 1362.02600000 36.70000000 1565.35000000
v 1358.00300000 36.70000000 1567.78200000
v 1353.51500000 36.70000000 1569.18100000
v 1348.82300000 36.70000000 1569.46400000
v 1344.19900000 36.70000000 1568.61700000
v 1339.91200000 36.70000000 1566.68800000
v 1336.21100000 36.70000000 1563.78900000
v 1336.21100000 24.00000000 1563.78900000
v 1339.91200000 24.00000000 1566.68800000
v 1344.19900000 24.00000000 1568.61700000
v 1348.82300000 24.00000000 1569.46400000
v 1353.51500000 24.00000000 1569.18100000
v 1358.00300000 24.00000000 1567.78200000
v 1362.02600000 24.00000000 1565.35000000
v 1365.35000000 24.00000000 1562.02600000
v 1367.78200000 24.00000000 1558.00300000
v 1369.18100000 24.00000000 1553.51500000
v 1369.46400000 24.00000000 1548.82300000
v 1368.61700000 24.00000000 1544.19900000
v 1366.68800000 24.00000000 1539.91200000
v 1363.78900000 24.00000000 1536.21100000
v 1362.37400000 78.00000000 1537.62600000
v 1359.05300000 68.05000000 1535.02400000
v 1362.37400000 68.05000000 1537.62600000
v 1359.05300000 78.00000000 1535.02400000
v 1355.20600000 68.05000000 1533.29200000
v 1355.20600000 78.00000000 1533.29200000
v 1351.05700000 68.05000000 1532.53200000
v 1351.05700000 78.00000000 1532.53200000
v 1346.84600000 68.05000000 1532.78700000
v 1346.84600000 78.00000000 1532.78700000
v 1342.81800000 68.05000000 1534.04200000
v 1342.81800000 78.00000000 1534.04200000
v 1339.20700000 68.05000000 1536.22400000
v 1339.20700000 78.00000000 1536.22400000
v 1336.22400000 68.05000000 1539.20700000
v 1336.22400000 78.00000000 1539.20700000
v 1334.04200000 68.05000000 1542.81800000
v 1334.04200000 78.00000000 1542.81800000
v 1332.78700000 68.05000000 1546.84600000
v 1332.78700000 78.00000000 1546.84600000
v 1332.53200000 68.05000000 1551.05700000
v 1332.53200000 78.00000000 1551.05700000
v 1333.29200000 68.05000000 1555.20600000
v 1333.29200000 78.00000000 1555.20600000
v 1335.02400000 68.05000000 1559.05300000
v 1335.02400000 78.00000000 1559.05300000
v 1337.62600000 78.00000000 1562.37400000
v 1337.62600000 68.05000000 1562.37400000
v 1334.85300000 67.76437000 1559.15700000
v 1337.48400000 67.76437000 1562.51600000
v 1333.10100000 67.76437000 1555.26600000
v 1332.33200000 67.76437000 1551.06900000
v 1332.59000000 67.76437000 1546.80900000
v 1333.85900000 67.76437000 1542.73600000
v 1336.06700000 67.76437000 1539.08400000
v 1339.08400000 67.76437000 1536.06700000
v 1342.73600000 67.76437000 1533.85900000
v 1346.80900000 67.76437000 1532.59000000
v 1351.06900000 67.76437000 1532.33200000
v 1355.26600000 67.76437000 1533.10100000
v 1359.15700000 67.76437000 1534.85300000
v 1362.51600000 67.76437000 1537.48400000
v 1362.37400000 34.95000000 1537.62600000
v 1359.05300000 24.00000000 1535.02400000
v 1362.37400000 24.00000000 1537.62600000
v 1359.05300000 34.95000000 1535.02400000
v 1355.20600000 24.00000000 1533.29200000
v 1355.20600000 34.95000000 1533.29200000
v 1351.05700000 24.00000000 1532.53200000
v 1351.05700000 34.95000000 1532.53200000
v 1346.84600000 24.00000000 1532.78700000
v 1346.84600000 34.95000000 1532.78700000
v 1342.81800000 24.00000000 1534.04200000
v 1342.81800000 34.95000000 1534.04200000
v 1339.20700000 24.00000000 1536.22400000
v 1339.20700000 34.95000000 1536.22400000
v 1336.22400000 24.00000000 1539.20700000
v 1336.22400000 34.95000000 1539.20700000
v 1334.04200000 24.00000000 1542.81800000
v 1334.04200000 34.95000000 1542.81800000
v 1332.78700000 34.95000000 1546.84600000
v 1332.78700000 24.00000000 1546.84600000
v 1332.53200000 24.00000000 1551.05700000
v 1332.53200000 34.95000000 1551.05700000
v 1333.29200000 24.00000000 1555.20600000
v 1333.29200000 34.95000000 1555.20600000
v 1335.02400000 24.00000000 1559.05300000
v 1335.02400000 34.95000000 1559.05300000
v 1337.62600000 34.95000000 1562.37400000
v 1337.62600000 24.00000000 1562.37400000
v 1359.15700000 67.65000000 1534.85300000
v 1355.26600000 67.65000000 1533.10100000
v 1351.06900000 67.65000000 1532.33200000
v 1346.80900000 67.65000000 1532.59000000
v 1342.73600000 67.65000000 1533.85900000
v 1339.08400000 67.65000000 1536.06700000
v 1336.06700000 67.65000000 1539.08400000
v 1333.85900000 67.65000000 1542.73600000
v 1332.59000000 67.65000000 1546.80900000
v 1332.33200000 67.65000000 1551.06900000
v 1333.10100000 67.65000000 1555.26600000
v 1334.85300000 67.65000000 1559.15700000
v 1359.15700000 35.23563000 1534.85300000
v 1362.51600000 35.23563000 1537.48400000
v 1355.26600000 35.23563000 1533.10100000
v 1351.06900000 35.23563000 1532.33200000
v 1346.80900000 35.23563000 1532.59000000
v 1342.73600000 35.23563000 1533.85900000
v 1339.08400000 35.23563000 1536.06700000
v 1336.06700000 35.23563000 1539.08400000
v 1333.85900000 35.23563000 1542.73600000
v 1332.59000000 35.23563000 1546.80900000
v 1332.33200000 35.23563000 1551.06900000
v 1333.10100000 35.23563000 1555.26600000
v 1334.85300000 35.23563000 1559.15700000
v 1337.48400000 35.23563000 1562.51600000
v 1359.15700000 35.35000000 1534.85300000
v 1355.26600000 35.35000000 1533.10100000
v 1351.06900000 35.35000000 1532.33200000
v 1346.80900000 35.35000000 1532.59000000
v 1342.73600000 35.35000000 1533.85900000
v 1339.08400000 35.35000000 1536.06700000
v 1336.06700000 35.35000000 1539.08400000
v 1333.85900000 35.35000000 1542.73600000
v 1332.59000000 35.35000000 1546.80900000
v 1332.33200000 35.35000000 1551.06900000
v 1333.10100000 35.35000000 1555.26600000
v 1334.85300000 35.35000000 1559.15700000
v 1365.00300000 39.23205000 1525.18200000
v 1358.62800000 39.23205000 1522.31300000
v 1351.75100000 39.23205000 1521.05300000
v 1344.77300000 39.23205000 1521.47500000
v 1338.09800000 39.23205000 1523.55500000
v 1332.11500000 39.23205000 1527.17200000
v 1327.17200000 39.23205000 1532.11500000
v 1325.44500000 63.20000000 1534.57100000
v 1323.55500000 39.23205000 1538.09800000
v 1322.62700000 63.20000000 1540.42200000
v 1321.47500000 39.23205000 1544.77300000
v 1321.18200000 63.20000000 1546.75300000
v 1321.05300000 39.23205000 1551.75100000
v 1321.18200000 63.20000000 1553.24700000
v 1322.31300000 39.23205000 1558.62800000
v 1322.62700000 63.20000000 1559.57800000
v 1325.18200000 39.23205000 1565.00300000
v 1325.44500000 63.20000000 1565.42900000
v 1325.61400000 63.48563000 1565.32300000
v 1322.81600000 63.48563000 1559.51200000
v 1321.38100000 63.48563000 1553.22500000
v 1321.38100000 63.48563000 1546.77500000
v 1322.81600000 63.48563000 1540.48800000
v 1325.61400000 63.48563000 1534.67700000
v 1364.48500000 37.50000000 1526.03800000
v 1358.33000000 37.50000000 1523.26800000
v 1351.69100000 37.50000000 1522.05100000
v 1344.95300000 37.50000000 1522.45900000
v 1338.50800000 37.50000000 1524.46700000
v 1332.73200000 37.50000000 1527.95900000
v 1327.95900000 37.50000000 1532.73200000
v 1324.46700000 37.50000000 1538.50800000
v 1322.45900000 37.50000000 1544.95300000
v 1322.05100000 37.50000000 1551.69100000
v 1323.26800000 37.50000000 1558.33000000
v 1326.03800000 37.50000000 1564.48500000
v 1364.89900000 63.60000000 1525.35300000
v 1358.56800000 63.60000000 1522.50400000
v 1351.73900000 63.60000000 1521.25300000
v 1344.80900000 63.60000000 1521.67200000
v 1338.18000000 63.60000000 1523.73700000
v 1332.23800000 63.60000000 1527.32900000
v 1327.32900000 63.60000000 1532.23800000
v 1323.73700000 63.60000000 1538.18000000
v 1321.67200000 63.60000000 1544.80900000
v 1321.25300000 63.60000000 1551.73900000
v 1322.50400000 63.60000000 1558.56800000
v 1325.35300000 63.60000000 1564.89900000
v 1330.32500000 37.50000000 1549.00500000
v 1330.54800000 37.50000000 1553.11800000
v 1330.95600000 37.50000000 1544.95600000
v 1331.59800000 37.50000000 1557.03300000
v 1332.36300000 37.50000000 1541.22200000
v 1333.34800000 37.50000000 1560.52700000
v 1334.38300000 37.50000000 1537.99100000
v 1334.62900000 37.50000000 1562.32200000
v 1336.86900000 37.50000000 1535.31400000
v 1339.86700000 37.50000000 1533.10600000
v 1343.41900000 37.50000000 1531.43200000
v 1347.36800000 37.50000000 1530.47600000
v 1351.48600000 37.50000000 1530.35600000
v 1355.93700000 37.50000000 1531.21600000
v 1360.35100000 37.50000000 1533.23900000
v 1337.31800000 63.79562000 1524.08500000
v 1337.25100000 63.94890000 1523.94800000
v 1334.52800000 64.00000000 1525.23600000
v 1339.80400000 64.00000000 1522.63800000
v 1321.28700000 63.94890000 1545.89800000
v 1320.80400000 64.00000000 1549.52000000
v 1321.55800000 64.00000000 1543.38800000
v 1368.04300000 63.88284000 1527.40200000
v 1368.06700000 63.91613000 1527.37300000
v 1365.25800000 64.00000000 1525.10300000
v 1368.09100000 63.94261000 1527.34300000
v 1365.03500000 63.88284000 1525.29900000
v 1361.96400000 63.88284000 1523.67400000
v 1358.60100000 64.00000000 1522.09500000
v 1358.56000000 63.88284000 1522.37900000
v 1355.38200000 63.88284000 1521.58800000
v 1351.89600000 64.00000000 1520.86100000
v 1351.81200000 63.88284000 1521.14000000
v 1348.88300000 63.79562000 1521.17100000
v 1345.27000000 63.88284000 1521.47200000
v 1345.36100000 63.79562000 1521.52400000
v 1342.34400000 63.88284000 1522.11500000
v 1345.71000000 64.00000000 1521.11700000
v 1339.01400000 63.88284000 1523.25100000
v 1337.73800000 63.79562000 1523.88400000
v 1335.92700000 63.94891000 1524.63800000
v 1333.40200000 63.88284000 1526.32100000
v 1330.11100000 64.00000000 1528.62100000
v 1331.21900000 63.88284000 1528.01200000
v 1330.86900000 63.79562000 1528.40400000
v 1328.40400000 63.79562000 1530.86900000
v 1329.49100000 63.94890000 1529.49100000
v 1325.17700000 63.94891000 1534.99700000
v 1323.94800000 63.94890000 1537.25100000
v 1323.52300000 64.00000000 1537.68700000
v 1326.45900000 64.00000000 1532.72300000
v 1323.82300000 63.94891000 1537.51000000
v 1324.08500000 63.79562000 1537.31800000
v 1323.70400000 63.88284000 1537.96900000
v 1322.59200000 63.88284000 1540.77900000
v 1321.68700000 63.88284000 1544.12100000
v 1321.52400000 63.79562000 1545.36100000
v 1321.43900000 63.79562000 1545.92000000
v 1321.08500000 63.94890000 1547.72700000
v 1321.32400000 63.88284000 1553.73000000
v 1321.35900000 64.00000000 1555.68700000
v 1321.09000000 63.88284000 1550.64500000
v 1321.98100000 63.88284000 1557.15000000
v 1322.87600000 63.88284000 1560.02500000
v 1323.15400000 64.00000000 1561.48600000
v 1324.29500000 63.88284000 1563.24500000
v 1325.90700000 64.00000000 1566.49800000
v 1325.69200000 63.88284000 1565.66300000
v 1327.82400000 63.88284000 1568.55900000
v 1327.79500000 63.91613000 1568.58300000
v 1327.76500000 63.94261000 1568.60800000
v 1347.31900000 63.94891000 1521.12000000
v 1350.39700000 63.94891000 1520.99800000
v 1345.89800000 63.94890000 1521.28700000
v 1345.53700000 63.94891000 1521.34100000
v 1330.50400000 63.94891000 1528.52500000
v 1327.42800000 63.94891000 1531.78500000
v 1326.95900000 63.88284000 1532.52600000
v 1326.25200000 63.79562000 1533.61600000
v 1324.44900000 63.79562000 1536.60100000
v 1321.15000000 63.79562000 1549.76900000
v 1351.07200000 63.79562000 1521.16900000
v 1346.07200000 63.79562000 1521.41800000
v 1327.41800000 63.79562000 1532.04400000
v 1326.36900000 63.94891000 1533.18200000
v 1320.99800000 63.94891000 1549.64600000
v 1351.48200000 63.94891000 1521.03300000
v 1351.60800000 63.79562000 1521.19400000
v 1341.42700000 37.44890000 1532.48100000
v 1336.20800000 37.44890000 1536.20800000
v 1330.84300000 37.29562000 1547.26300000
v 1331.01600000 37.10000000 1546.52100000
v 1330.73500000 37.10000000 1551.16500000
v 1330.69200000 37.44890000 1547.24200000
v 1362.13900000 37.38284000 1534.84500000
v 1359.98500000 37.10000000 1533.48300000
v 1362.16200000 37.41613000 1534.81500000
v 1362.18700000 37.44261000 1534.78500000
v 1360.12400000 37.38284000 1533.43100000
v 1358.09100000 37.38284000 1532.34900000
v 1355.74200000 37.10000000 1531.57400000
v 1355.81400000 37.38284000 1531.47400000
v 1353.70900000 37.38284000 1530.94000000
v 1351.16500000 37.10000000 1530.73500000
v 1351.31900000 37.38284000 1530.62800000
v 1349.25100000 37.29562000 1530.66300000
v 1346.52100000 37.10000000 1531.01600000
v 1349.32200000 37.38284000 1530.59500000
v 1346.95400000 37.38284000 1530.82300000
v 1346.88800000 37.29562000 1530.90100000
v 1347.24200000 37.44890000 1530.69200000
v 1345.00700000 37.38284000 1531.23600000
v 1342.07900000 37.10000000 1532.40000000
v 1342.76900000 37.38284000 1531.97900000
v 1341.77500000 37.29562000 1532.48400000
v 1341.49400000 37.29562000 1532.61900000
v 1340.69100000 37.44891000 1532.86000000
v 1339.00000000 37.38284000 1533.99900000
v 1338.09700000 37.10000000 1534.80700000
v 1337.53500000 37.38284000 1535.11200000
v 1337.16900000 37.29562000 1535.51500000
v 1334.80700000 37.10000000 1538.09700000
v 1335.51500000 37.29562000 1537.16900000
v 1333.59700000 37.29562000 1539.73400000
v 1332.40000000 37.10000000 1542.07900000
v 1333.57600000 37.38284000 1539.64300000
v 1334.66100000 37.38284000 1538.09400000
v 1332.45200000 37.38284000 1541.68900000
v 1332.48100000 37.44890000 1541.42700000
v 1332.48400000 37.29562000 1541.77500000
v 1331.69500000 37.38284000 1543.52200000
v 1331.05000000 37.38284000 1545.76500000
v 1330.90100000 37.29562000 1546.88800000
v 1330.58500000 37.44891000 1548.13400000
v 1330.58300000 37.38284000 1550.10900000
v 1330.70100000 37.38284000 1552.13700000
v 1331.10300000 37.38284000 1554.46300000
v 1331.57400000 37.10000000 1555.74200000
v 1331.65500000 37.38284000 1556.36300000
v 1332.57800000 37.38284000 1558.57200000
v 1333.48300000 37.10000000 1559.98500000
v 1333.48500000 37.38284000 1560.21100000
v 1334.10200000 37.38284000 1561.14800000
v 1335.55600000 37.38284000 1562.97700000
v 1335.52800000 37.41613000 1563.00300000
v 1335.50000000 37.44261000 1563.02800000
v 1348.32600000 37.44891000 1530.56800000
v 1337.03300000 37.44891000 1535.43000000
v 1334.96000000 37.44891000 1537.58200000
v 1332.98100000 37.44891000 1540.47300000
v 1347.43000000 37.29562000 1530.82000000
v 1334.92100000 37.29562000 1537.87200000
v 1332.71600000 37.29562000 1541.29700000
v 1347.40200000 37.44891000 1530.66900000
v 1332.55900000 37.44891000 1541.26900000
v 1320.05500000 64.00000000 1551.81100000
v 1320.49100000 64.00000000 1544.59200000
v 1321.35800000 64.00000000 1558.92500000
v 1322.64300000 64.00000000 1537.68800000
v 1324.32700000 64.00000000 1565.52000000
v 1326.38400000 64.00000000 1531.49800000
v 1331.49800000 64.00000000 1526.38400000
v 1337.68800000 64.00000000 1522.64300000
v 1344.59200000 64.00000000 1520.49100000
v 1351.81100000 64.00000000 1520.05500000
v 1358.92500000 64.00000000 1521.35800000
v 1365.52000000 64.00000000 1524.32700000
v 1359.98500000 36.98563000 1533.48300000
v 1355.74200000 36.98563000 1531.57400000
v 1351.16500000 36.98563000 1530.73500000
v 1346.52100000 36.98563000 1531.01600000
v 1342.07900000 36.98563000 1532.40000000
v 1338.09700000 36.98563000 1534.80700000
v 1334.80700000 36.98563000 1538.09700000
v 1332.40000000 36.98563000 1542.07900000
v 1331.01600000 36.98563000 1546.52100000
v 1330.73500000 36.98563000 1551.16500000
v 1331.57400000 36.98563000 1555.74200000
v 1333.48300000 36.98563000 1559.98500000
v 1365.52000000 78.00000000 1524.32700000
v 1358.92500000 78.00000000 1521.35800000
v 1351.81100000 78.00000000 1520.05500000
v 1344.59200000 78.00000000 1520.49100000
v 1337.68800000 78.00000000 1522.64300000
v 1331.49800000 78.00000000 1526.38400000
v 1326.38400000 78.00000000 1531.49800000
v 1322.64300000 78.00000000 1537.68800000
v 1320.49100000 78.00000000 1544.59200000
v 1320.05500000 78.00000000 1551.81100000
v 1321.35800000 78.00000000 1558.92500000
v 1324.32700000 78.00000000 1565.52000000
v 1333.31200000 36.70000000 1560.08800000
v 1331.38300000 36.70000000 1555.80100000
v 1330.53600000 36.70000000 1551.17700000
v 1330.81900000 36.70000000 1546.48500000
v 1332.21800000 36.70000000 1541.99700000
v 1334.65000000 36.70000000 1537.97400000
v 1337.97400000 36.70000000 1534.65000000
v 1341.99700000 36.70000000 1532.21800000
v 1346.48500000 36.70000000 1530.81900000
v 1351.17700000 36.70000000 1530.53600000
v 1355.80100000 36.70000000 1531.38300000
v 1360.08800000 36.70000000 1533.31200000
v 1364.97600000 78.00000000 1540.94700000
v 1366.70800000 78.00000000 1544.79400000
v 1367.46800000 78.00000000 1548.94300000
v 1367.21300000 78.00000000 1553.15400000
v 1365.95800000 78.00000000 1557.18200000
v 1363.77600000 78.00000000 1560.79300000
v 1360.79300000 78.00000000 1563.77600000
v 1344.79400000 78.00000000 1566.70800000
v 1340.94700000 78.00000000 1564.97600000
v 1357.18200000 78.00000000 1565.95800000
v 1353.15400000 78.00000000 1567.21300000
v 1348.94300000 78.00000000 1567.46800000
v 1360.08800000 24.00000000 1533.31200000
v 1355.80100000 24.00000000 1531.38300000
v 1351.17700000 24.00000000 1530.53600000
v 1346.48500000 24.00000000 1530.81900000
v 1341.99700000 24.00000000 1532.21800000
v 1337.97400000 24.00000000 1534.65000000
v 1334.65000000 24.00000000 1537.97400000
v 1332.21800000 24.00000000 1541.99700000
v 1330.81900000 24.00000000 1546.48500000
v 1330.53600000 24.00000000 1551.17700000
v 1331.38300000 24.00000000 1555.80100000
v 1333.31200000 24.00000000 1560.08800000
v 1340.94700000 68.05000000 1564.97600000
v 1344.79400000 68.05000000 1566.70800000
v 1348.94300000 68.05000000 1567.46800000
v 1353.15400000 68.05000000 1567.21300000
v 1357.18200000 68.05000000 1565.95800000
v 1360.79300000 68.05000000 1563.77600000
v 1363.77600000 68.05000000 1560.79300000
v 1365.95800000 68.05000000 1557.18200000
v 1367.21300000 68.05000000 1553.15400000
v 1367.46800000 68.05000000 1548.94300000
v 1366.70800000 68.05000000 1544.79400000
v 1364.97600000 68.05000000 1540.94700000
v 1340.94700000 24.00000000 1564.97600000
v 1344.79400000 24.00000000 1566.70800000
v 1348.94300000 24.00000000 1567.46800000
v 1353.15400000 24.00000000 1567.21300000
v 1357.18200000 24.00000000 1565.95800000
v 1360.79300000 24.00000000 1563.77600000
v 1363.77600000 24.00000000 1560.79300000
v 1364.97600000 24.00000000 1540.94700000
v 1365.95800000 24.00000000 1557.18200000
v 1367.21300000 24.00000000 1553.15400000
v 1367.46800000 24.00000000 1548.94300000
v 1366.70800000 24.00000000 1544.79400000
v 1365.14700000 67.76437000 1540.84300000
v 1366.89900000 67.76437000 1544.73400000
v 1367.66800000 67.76437000 1548.93100000
v 1367.41000000 67.76437000 1553.19100000
v 1366.14100000 67.76437000 1557.26400000
v 1363.93300000 67.76437000 1560.91600000
v 1360.91600000 67.76437000 1563.93300000
v 1357.26400000 67.76437000 1566.14100000
v 1353.19100000 67.76437000 1567.41000000
v 1348.93100000 67.76437000 1567.66800000
v 1344.73400000 67.76437000 1566.89900000
v 1340.84300000 67.76437000 1565.14700000
v 1340.94700000 34.95000000 1564.97600000
v 1344.79400000 34.95000000 1566.70800000
v 1348.94300000 34.95000000 1567.46800000
v 1353.15400000 34.95000000 1567.21300000
v 1357.18200000 34.95000000 1565.95800000
v 1360.79300000 34.95000000 1563.77600000
v 1363.77600000 34.95000000 1560.79300000
v 1365.95800000 34.95000000 1557.18200000
v 1367.21300000 34.95000000 1553.15400000
v 1367.46800000 34.95000000 1548.94300000
v 1366.70800000 34.95000000 1544.79400000
v 1364.97600000 34.95000000 1540.94700000
v 1340.84300000 35.23563000 1565.14700000
v 1344.73400000 35.23563000 1566.89900000
v 1348.93100000 35.23563000 1567.66800000
v 1353.19100000 35.23563000 1567.41000000
v 1357.26400000 35.23563000 1566.14100000
v 1360.91600000 35.23563000 1563.93300000
v 1363.93300000 35.23563000 1560.91600000
v 1366.14100000 35.23563000 1557.26400000
v 1367.41000000 35.23563000 1553.19100000
v 1367.66800000 35.23563000 1548.93100000
v 1366.89900000 35.23563000 1544.73400000
v 1365.14700000 35.23563000 1540.84300000
v 1347.52600000 67.30110000 1532.68000000
v 1346.12700000 67.25000000 1533.13900000
v 1349.72500000 67.25000000 1532.70200000
v 1334.28500000 67.30110000 1542.31000000
v 1333.86800000 67.25000000 1543.75000000
v 1335.42500000 67.25000000 1540.68000000
v 1361.27400000 67.36716000 1536.50700000
v 1361.24900000 67.33387000 1536.53600000
v 1359.75000000 67.25000000 1535.70900000
v 1361.22500000 67.30739000 1536.56600000
v 1359.51100000 67.36716000 1535.21100000
v 1358.02700000 67.36716000 1534.35600000
v 1356.74800000 67.25000000 1534.07000000
v 1356.06500000 67.36716000 1533.49600000
v 1354.33500000 67.36716000 1532.96000000
v 1353.34300000 67.25000000 1533.02600000
v 1352.25400000 67.36716000 1532.56200000
v 1350.39700000 67.36717000 1532.42200000
v 1348.63400000 67.30110000 1532.55800000
v 1347.50400000 67.45438000 1532.52800000
v 1347.16200000 67.45438000 1532.58100000
v 1346.44800000 67.36717000 1532.78000000
v 1344.41600000 67.36717000 1533.32800000
v 1342.77600000 67.25000000 1534.28100000
v 1342.72100000 67.36717000 1533.99500000
v 1342.24200000 67.45438000 1534.14700000
v 1342.50100000 67.30111000 1534.19300000
v 1342.31000000 67.30110000 1534.28500000
v 1340.99600000 67.30111000 1534.99900000
v 1339.85000000 67.25000000 1535.99100000
v 1336.78900000 67.45438000 1538.29700000
v 1337.62900000 67.30110000 1537.62900000
v 1338.29700000 67.45438000 1536.78900000
v 1336.67600000 67.36718000 1538.52700000
v 1335.65500000 67.36719000 1539.83200000
v 1337.42800000 67.25000000 1538.11600000
v 1334.74600000 67.30112000 1541.43200000
v 1334.14700000 67.45438000 1542.24200000
v 1334.02400000 67.45438000 1542.49900000
v 1333.77900000 67.36720000 1543.21400000
v 1333.07400000 67.36720000 1545.23800000
v 1332.92900000 67.25000000 1547.19600000
v 1332.67700000 67.36720000 1546.99100000
v 1332.58100000 67.45438000 1547.16200000
v 1332.36400000 67.45438000 1549.31600000
v 1332.64500000 67.36721000 1552.82000000
v 1333.26700000 67.25000000 1554.39400000
v 1332.71900000 67.25000000 1550.82200000
v 1332.44300000 67.36721000 1550.94900000
v 1333.10000000 67.36721000 1554.85200000
v 1333.69400000 67.36721000 1556.57700000
v 1334.50200000 67.25000000 1557.68900000
v 1334.59300000 67.36721000 1558.47300000
v 1335.35100000 67.36717000 1559.72500000
v 1335.99100000 67.25000000 1560.15000000
v 1336.65600000 67.36717000 1561.44900000
v 1336.68400000 67.33388000 1561.42500000
v 1336.71400000 67.30740000 1561.39900000
v 1349.86100000 67.45439000 1532.35200000
v 1341.82700000 67.45439000 1534.35800000
v 1340.00000000 67.45439000 1535.45800000
v 1339.41800000 67.36717000 1535.95800000
v 1339.05500000 67.30111000 1536.35100000
v 1337.09300000 67.30111000 1538.18900000
v 1335.31400000 67.45440000 1540.21200000
v 1332.73400000 67.30113000 1547.17600000
v 1332.68000000 67.30110000 1547.52600000
v 1332.59200000 67.30113000 1548.25200000
v 1332.50500000 67.30113000 1550.08400000
v 1349.79200000 67.30111000 1532.50600000
v 1339.91000000 67.30111000 1535.70700000
v 1339.03700000 67.45439000 1536.16900000
v 1335.35000000 67.30112000 1540.43600000
v 1332.52500000 67.45441000 1547.53100000
v 1332.36100000 67.45442000 1550.57800000
v 1332.51800000 67.30114000 1550.70300000
v 1337.52000000 35.54562000 1537.52000000
v 1361.39900000 35.69260000 1536.71400000
v 1360.15000000 35.75000000 1535.99100000
v 1361.42500000 35.66612000 1536.68400000
v 1361.44900000 35.63283000 1536.65600000
v 1359.72500000 35.63283000 1535.35100000
v 1357.68900000 35.75000000 1534.50200000
v 1358.47300000 35.63279000 1534.59300000
v 1356.57700000 35.63279000 1533.69400000
v 1354.39400000 35.75000000 1533.26700000
v 1354.85200000 35.63279000 1533.10000000
v 1352.82000000 35.63279000 1532.64500000
v 1350.82200000 35.75000000 1532.71900000
v 1350.94900000 35.63279000 1532.44300000
v 1349.20500000 35.69887000 1532.52200000
v 1347.19600000 35.75000000 1532.92900000
v 1347.52600000 35.69890000 1532.68000000
v 1347.50400000 35.54562000 1532.52800000
v 1347.34500000 35.69887000 1532.70700000
v 1346.99100000 35.63280000 1532.67700000
v 1345.23800000 35.63280000 1533.07400000
v 1343.75000000 35.75000000 1533.86800000
v 1343.21400000 35.63280000 1533.77900000
v 1342.99100000 35.69888000 1533.97000000
v 1341.43200000 35.69888000 1534.74600000
v 1340.68000000 35.75000000 1535.42500000
v 1342.24200000 35.54562000 1534.14700000
v 1339.83200000 35.63281000 1535.65500000
v 1338.11600000 35.75000000 1537.42800000
v 1338.52700000 35.63282000 1536.67600000
v 1337.80400000 35.69889000 1537.45600000
v 1337.62900000 35.69890000 1537.62900000
v 1336.78900000 35.54562000 1538.29700000
v 1334.99900000 35.69889000 1540.99600000
v 1335.99100000 35.75000000 1539.85000000
v 1334.28100000 35.75000000 1542.77600000
v 1333.99500000 35.63283000 1542.72100000
v 1334.14700000 35.54562000 1542.24200000
v 1334.19300000 35.69889000 1542.50100000
v 1333.32800000 35.63283000 1544.41600000
v 1333.13900000 35.75000000 1546.12700000
v 1332.78000000 35.63283000 1546.44800000
v 1332.79800000 35.69889000 1546.80600000
v 1332.55800000 35.69890000 1548.63400000
v 1332.70200000 35.75000000 1549.72500000
v 1332.52800000 35.54562000 1547.50400000
v 1332.56200000 35.63284000 1552.25400000
v 1332.42200000 35.63283000 1550.39700000
v 1333.02600000 35.75000000 1553.34300000
v 1332.96000000 35.63284000 1554.33500000
v 1334.07000000 35.75000000 1556.74800000
v 1333.49600000 35.63284000 1556.06500000
v 1334.35600000 35.63284000 1558.02700000
v 1335.70900000 35.75000000 1559.75000000
v 1335.21100000 35.63284000 1559.51100000
v 1336.56600000 35.69261000 1561.22500000
v 1336.53600000 35.66613000 1561.24900000
v 1336.50700000 35.63284000 1561.27400000
v 1350.14300000 35.54558000 1532.35200000
v 1342.84300000 35.54559000 1533.86700000
v 1340.21200000 35.54560000 1535.31400000
v 1336.35100000 35.69889000 1539.05500000
v 1335.95800000 35.63283000 1539.41800000
v 1335.45800000 35.54561000 1540.00000000
v 1334.35800000 35.54561000 1541.82700000
v 1332.64400000 35.54561000 1546.79900000
v 1332.35200000 35.54561000 1549.86100000
v 1350.48800000 35.69886000 1532.51100000
v 1340.43600000 35.69888000 1535.35000000
v 1336.16900000 35.54561000 1539.03700000
v 1335.70700000 35.69889000 1539.91000000
v 1334.29300000 35.69889000 1542.29400000
v 1332.50600000 35.69889000 1549.79200000
v 1350.78000000 35.54557000 1532.36800000
v 1350.80200000 35.69885000 1532.52300000
f 1 2 3
f 1 4 2
f 5 3 6
f 5 1 3
f 7 6 8
f 7 5 6
f 9 8 10
f 9 7 8
f 11 10 12
f 11 9 10
f 13 12 14
f 13 11 12
f 15 14 16
f 15 13 14
f 17 16 18
f 17 15 16
f 19 18 20
f 19 17 18
f 21 20 22
f 21 22 23
f 21 19 20
f 24 23 25
f 24 21 23
f 26 24 25
f 27 25 28
f 27 28 29
f 27 26 25
f 30 29 31
f 30 27 29
f 32 30 31
f 33 32 31
f 33 31 34
f 35 33 34
f 35 34 36
f 37 38 39
f 40 39 41
f 40 37 39
f 42 41 43
f 42 40 41
f 44 43 45
f 44 42 43
f 46 45 47
f 46 44 45
f 48 47 49
f 48 46 47
f 50 49 51
f 50 48 49
f 52 51 53
f 52 50 51
f 54 53 55
f 54 52 53
f 56 55 57
f 56 54 55
f 58 56 57
f 59 57 60
f 59 60 61
f 59 58 57
f 62 61 63
f 62 59 61
f 64 62 63
f 65 63 66
f 65 66 67
f 65 64 63
f 68 65 67
f 69 68 67
f 69 67 70
f 71 69 70
f 71 70 72
f 73 71 72
f 73 72 74
f 75 73 74
f 75 74 76
f 77 78 79
f 80 79 81
f 80 77 79
f 82 81 83
f 82 80 81
f 84 83 85
f 84 82 83
f 86 85 87
f 86 84 85
f 88 87 89
f 88 86 87
f 90 89 91
f 90 88 89
f 92 91 93
f 92 90 91
f 94 93 95
f 94 92 93
f 96 95 97
f 96 94 95
f 98 96 97
f 99 97 100
f 99 98 97
f 101 100 102
f 101 102 103
f 101 99 100
f 104 101 103
f 105 103 106
f 105 104 103
f 107 105 106
f 107 106 108
f 107 108 109
f 110 107 109
f 111 110 109
f 111 109 112
f 113 111 112
f 113 112 114
f 115 116 117
f 118 117 119
f 118 115 117
f 120 119 121
f 120 118 119
f 122 121 123
f 122 120 121
f 124 123 125
f 124 122 123
f 126 125 127
f 126 124 125
f 128 127 129
f 128 126 127
f 130 129 131
f 130 128 129
f 132 131 133
f 132 130 131
f 134 133 135
f 134 132 133
f 136 134 135
f 137 135 138
f 137 138 139
f 137 136 135
f 140 137 139
f 141 139 142
f 141 142 143
f 141 140 139
f 144 141 143
f 145 144 143
f 145 143 146
f 145 146 147
f 148 145 147
f 149 148 147
f 149 147 150
f 151 149 150
f 151 150 152
f 153 151 152
f 153 152 154
f 155 156 157
f 155 157 158
f 155 159 156
f 160 155 158
f 161 158 162
f 161 162 163
f 161 160 158
f 164 161 163
f 165 163 166
f 165 164 163
f 167 166 168
f 167 168 169
f 167 165 166
f 170 167 169
f 171 169 172
f 171 170 169
f 173 172 174
f 173 171 172
f 175 174 176
f 175 173 174
f 177 176 178
f 177 175 176
f 179 178 180
f 179 177 178
f 181 180 182
f 181 179 180
f 183 181 182
f 183 182 184
f 185 183 184
f 185 184 186
f 187 185 186
f 187 186 188
f 189 187 188
f 189 188 190
f 191 190 192
f 191 189 190
f 193 191 192
f 193 192 194
f 193 194 195
f 196 193 195
f 197 198 199
f 200 199 201
f 200 197 199
f 202 201 203
f 202 200 201
f 204 203 205
f 204 202 203
f 206 205 207
f 206 204 205
f 208 207 209
f 208 206 207
f 210 209 211
f 210 208 209
f 212 211 213
f 212 210 211
f 214 212 213
f 215 213 216
f 215 216 217
f 215 214 213
f 218 217 219
f 218 215 217
f 220 219 221
f 220 218 219
f 222 221 223
f 222 220 221
f 224 222 223
f 225 223 226
f 225 224 223
f 227 225 226
f 227 226 228
f 229 227 228
f 229 228 230
f 231 229 230
f 231 230 232
f 233 231 232
f 233 232 234
f 235 233 234
f 235 234 236
f 237 238 239
f 237 240 238
f 241 239 242
f 241 237 239
f 243 242 244
f 243 241 242
f 245 244 246
f 245 243 244
f 247 246 248
f 247 245 246
f 249 248 250
f 249 247 248
f 251 250 252
f 251 249 250
f 253 252 254
f 253 251 252
f 255 254 256
f 255 253 254
f 257 256 258
f 257 255 256
f 259 258 260
f 259 257 258
f 261 260 262
f 261 259 260
f 263 262 264
f 263 264 265
f 263 261 262
f 266 263 265
f 267 265 268
f 267 266 265
f 269 267 268
f 269 268 270
f 271 269 270
f 271 270 272
f 273 274 275
f 273 276 274
f 277 278 276
f 277 276 273
f 279 280 281
f 279 281 278
f 279 278 277
f 282 280 279
f 283 284 280
f 283 280 282
f 285 286 284
f 285 284 283
f 287 288 286
f 287 286 285
f 289 290 288
f 289 288 287
f 291 292 293
f 291 293 290
f 291 290 289
f 294 295 292
f 294 292 291
f 296 297 295
f 296 295 294
f 298 297 296
f 299 300 297
f 299 297 298
f 301 302 300
f 301 300 299
f 303 304 305
f 303 305 302
f 303 302 301
f 306 304 303
f 307 308 309
f 307 310 308
f 311 309 312
f 311 307 309
f 313 312 314
f 313 311 312
f 315 314 316
f 315 313 314
f 317 316 318
f 317 315 316
f 319 318 320
f 319 317 318
f 321 320 322
f 321 319 320
f 323 322 324
f 323 321 322
f 325 324 326
f 325 323 324
f 327 326 328
f 327 328 329
f 327 325 326
f 330 327 329
f 331 329 332
f 331 332 333
f 331 330 329
f 334 333 335
f 334 331 333
f 336 334 335
f 337 335 338
f 337 336 335
f 339 340 341
f 339 342 340
f 343 344 345
f 343 345 342
f 343 342 339
f 346 344 343
f 347 348 344
f 347 344 346
f 349 350 351
f 349 351 348
f 349 348 347
f 352 350 349
f 353 354 350
f 353 350 352
f 355 356 354
f 355 354 353
f 357 358 356
f 357 356 355
f 359 360 361
f 359 361 358
f 359 358 357
f 362 360 359
f 363 364 360
f 363 360 362
f 365 366 367
f 365 367 364
f 365 364 363
f 368 366 365
f 369 370 371
f 372 371 373
f 372 374 369
f 372 369 371
f 5 4 1
f 5 375 4
f 376 377 378
f 376 373 377
f 376 379 372
f 376 372 373
f 380 381 376
f 11 7 9
f 382 378 375
f 382 380 376
f 382 376 378
f 383 382 375
f 15 11 13
f 15 7 11
f 35 384 383
f 19 15 17
f 33 35 383
f 32 375 5
f 32 383 375
f 32 33 383
f 30 5 7
f 30 32 5
f 26 21 24
f 26 19 21
f 26 7 15
f 26 15 19
f 26 30 7
f 27 30 26
f 35 36 385
f 384 385 386
f 384 35 385
f 383 386 387
f 383 384 386
f 382 387 388
f 382 383 387
f 380 388 389
f 380 382 388
f 381 389 390
f 381 380 389
f 376 381 390
f 379 390 391
f 379 376 390
f 372 391 392
f 372 379 391
f 374 392 393
f 374 372 392
f 369 393 394
f 369 374 393
f 370 394 395
f 370 369 394
f 371 395 396
f 371 370 395
f 373 396 397
f 373 371 396
f 377 397 398
f 377 373 397
f 378 398 399
f 378 377 398
f 375 378 399
f 375 399 400
f 4 375 400
f 4 400 2
f 397 401 402
f 396 403 401
f 396 401 397
f 398 402 404
f 398 397 402
f 395 405 403
f 395 403 396
f 399 404 406
f 399 398 404
f 394 407 405
f 394 405 395
f 400 399 406
f 400 406 408
f 393 409 407
f 393 407 394
f 2 400 408
f 2 37 40
f 2 408 37
f 392 410 409
f 392 409 393
f 411 410 392
f 3 2 40
f 42 3 40
f 391 411 392
f 412 411 391
f 6 3 42
f 44 6 42
f 390 412 391
f 413 412 390
f 8 6 44
f 46 8 44
f 389 413 390
f 414 413 389
f 10 8 46
f 388 414 389
f 48 10 46
f 12 10 48
f 415 414 388
f 387 415 388
f 50 12 48
f 14 12 50
f 416 415 387
f 386 416 387
f 52 14 50
f 16 14 52
f 417 416 386
f 385 417 386
f 54 16 52
f 18 16 54
f 418 385 36
f 418 417 385
f 56 20 18
f 56 18 54
f 75 418 36
f 58 20 56
f 73 36 34
f 73 75 36
f 59 22 20
f 59 20 58
f 71 34 31
f 71 73 34
f 62 22 59
f 62 23 22
f 69 71 31
f 69 31 29
f 64 25 23
f 64 23 62
f 68 69 29
f 68 29 28
f 65 68 28
f 65 25 64
f 65 28 25
f 418 75 76
f 418 76 419
f 417 419 420
f 417 418 419
f 416 420 421
f 416 417 420
f 415 421 422
f 415 416 421
f 414 422 423
f 414 423 424
f 414 415 422
f 413 414 424
f 412 424 425
f 412 413 424
f 411 425 426
f 411 426 427
f 411 412 425
f 410 411 427
f 409 427 428
f 409 428 429
f 409 410 427
f 407 429 430
f 407 409 429
f 405 430 431
f 405 407 430
f 403 431 432
f 403 405 431
f 401 403 432
f 402 401 432
f 402 432 433
f 402 433 434
f 404 402 434
f 404 434 435
f 406 404 435
f 408 406 435
f 408 435 436
f 408 436 38
f 37 408 38
f 437 423 422
f 438 424 423
f 438 423 437
f 439 422 421
f 439 437 422
f 440 425 424
f 440 424 438
f 441 425 440
f 442 421 420
f 442 439 421
f 426 425 441
f 443 420 419
f 443 442 420
f 444 426 441
f 427 426 444
f 445 427 444
f 113 419 76
f 113 443 419
f 428 427 445
f 74 113 76
f 446 428 445
f 111 113 74
f 429 428 446
f 72 111 74
f 447 429 446
f 110 111 72
f 430 429 447
f 70 110 72
f 448 430 447
f 107 110 70
f 431 430 448
f 67 107 70
f 105 107 67
f 449 431 448
f 432 431 449
f 66 105 67
f 104 105 66
f 450 432 449
f 433 432 450
f 63 104 66
f 101 104 63
f 451 433 450
f 434 433 451
f 61 101 63
f 99 101 61
f 452 434 451
f 435 434 452
f 60 99 61
f 98 99 60
f 453 435 452
f 436 435 453
f 57 98 60
f 96 98 57
f 77 436 453
f 38 436 77
f 55 96 57
f 94 96 55
f 39 77 80
f 39 38 77
f 53 94 55
f 92 94 53
f 41 80 82
f 41 39 80
f 51 92 53
f 51 90 92
f 43 41 82
f 43 82 84
f 49 90 51
f 49 88 90
f 45 43 84
f 45 84 86
f 47 88 49
f 47 45 86
f 47 86 88
f 113 114 454
f 443 454 455
f 443 113 454
f 442 455 456
f 442 443 455
f 439 456 457
f 439 442 456
f 437 457 458
f 437 439 457
f 438 458 459
f 438 437 458
f 440 459 460
f 440 438 459
f 441 460 461
f 441 440 460
f 444 461 462
f 444 441 461
f 445 462 463
f 445 444 462
f 446 445 463
f 447 463 464
f 447 464 465
f 447 446 463
f 448 465 466
f 448 447 465
f 449 466 467
f 449 448 466
f 450 449 467
f 451 450 467
f 451 467 468
f 451 468 469
f 452 451 469
f 452 469 470
f 453 452 470
f 453 470 78
f 77 453 78
f 467 471 472
f 466 473 471
f 466 471 467
f 468 472 474
f 468 467 472
f 465 475 473
f 465 473 466
f 469 474 476
f 469 468 474
f 464 475 465
f 477 475 464
f 470 476 478
f 470 469 476
f 463 477 464
f 479 477 463
f 78 470 478
f 78 478 115
f 462 479 463
f 480 479 462
f 118 78 115
f 79 78 118
f 461 480 462
f 481 480 461
f 120 79 118
f 81 79 120
f 460 481 461
f 482 481 460
f 122 81 120
f 83 81 122
f 459 482 460
f 483 482 459
f 124 83 122
f 85 83 124
f 458 483 459
f 484 483 458
f 126 85 124
f 87 85 126
f 457 484 458
f 485 484 457
f 128 87 126
f 89 87 128
f 456 485 457
f 486 485 456
f 130 89 128
f 91 89 130
f 455 486 456
f 487 486 455
f 132 91 130
f 454 487 455
f 93 91 132
f 488 487 454
f 134 93 132
f 114 488 454
f 95 93 134
f 153 488 114
f 136 95 134
f 97 95 136
f 151 114 112
f 151 153 114
f 137 97 136
f 100 97 137
f 149 112 109
f 149 151 112
f 140 102 100
f 140 100 137
f 148 149 109
f 148 109 108
f 141 102 140
f 141 103 102
f 145 148 108
f 145 108 106
f 144 103 141
f 144 145 106
f 144 106 103
f 488 153 154
f 488 154 489
f 487 489 490
f 487 488 489
f 486 490 491
f 486 491 492
f 486 487 490
f 485 486 492
f 484 492 493
f 484 485 492
f 483 493 494
f 483 484 493
f 482 494 495
f 482 495 496
f 482 483 494
f 481 482 496
f 480 496 497
f 480 497 498
f 480 481 496
f 479 498 499
f 479 480 498
f 477 499 500
f 477 479 499
f 475 500 501
f 475 477 500
f 473 475 501
f 471 501 502
f 471 502 503
f 471 473 501
f 472 471 503
f 472 503 504
f 474 472 504
f 474 504 505
f 476 474 505
f 478 476 505
f 478 505 506
f 478 506 116
f 115 478 116
f 502 507 508
f 503 508 509
f 503 502 508
f 501 510 507
f 501 507 502
f 504 509 511
f 504 503 509
f 500 510 501
f 500 512 510
f 505 511 513
f 505 504 511
f 499 512 500
f 499 514 512
f 506 505 513
f 506 513 515
f 498 514 499
f 498 516 514
f 116 506 515
f 116 515 159
f 155 116 159
f 497 516 498
f 497 517 516
f 117 116 155
f 160 117 155
f 496 517 497
f 496 518 517
f 119 117 160
f 495 518 496
f 519 518 495
f 161 119 160
f 121 119 161
f 494 519 495
f 520 519 494
f 164 121 161
f 123 121 164
f 493 520 494
f 521 520 493
f 165 123 164
f 125 123 165
f 492 521 493
f 522 521 492
f 167 125 165
f 127 125 167
f 491 522 492
f 523 522 491
f 170 127 167
f 129 127 170
f 490 523 491
f 524 523 490
f 171 129 170
f 171 131 129
f 489 524 490
f 525 524 489
f 173 133 131
f 173 131 171
f 154 525 489
f 196 525 154
f 175 135 133
f 175 133 173
f 193 196 154
f 193 154 152
f 177 135 175
f 177 138 135
f 179 138 177
f 179 139 138
f 191 193 152
f 191 152 150
f 189 191 150
f 189 150 147
f 181 139 179
f 181 142 139
f 187 189 147
f 187 147 146
f 183 142 181
f 183 143 142
f 185 143 183
f 185 187 146
f 185 146 143
f 525 196 195
f 525 195 526
f 525 526 527
f 524 525 527
f 523 527 528
f 523 528 529
f 523 524 527
f 522 523 529
f 521 529 530
f 521 522 529
f 520 530 531
f 520 531 532
f 520 521 530
f 519 520 532
f 518 532 533
f 518 519 532
f 517 533 534
f 517 518 533
f 516 534 535
f 516 517 534
f 514 535 536
f 514 516 535
f 512 536 537
f 512 514 536
f 510 537 538
f 510 512 537
f 507 510 538
f 507 538 539
f 508 507 539
f 508 539 540
f 509 508 540
f 509 540 541
f 511 509 541
f 511 541 542
f 513 542 543
f 513 511 542
f 515 543 544
f 515 544 156
f 515 513 543
f 159 515 156
f 545 531 530
f 546 530 529
f 546 545 530
f 547 532 531
f 547 531 545
f 548 529 528
f 548 546 529
f 549 532 547
f 549 533 532
f 550 528 527
f 550 548 528
f 551 533 549
f 551 534 533
f 552 527 526
f 552 550 527
f 553 534 551
f 553 535 534
f 235 526 195
f 235 552 526
f 194 235 195
f 554 536 535
f 554 535 553
f 233 235 194
f 192 233 194
f 555 537 536
f 555 536 554
f 231 233 192
f 556 537 555
f 538 537 556
f 190 231 192
f 229 231 190
f 557 538 556
f 539 538 557
f 188 229 190
f 227 229 188
f 558 539 557
f 540 539 558
f 186 227 188
f 225 227 186
f 559 540 558
f 541 540 559
f 184 225 186
f 224 225 184
f 560 541 559
f 542 541 560
f 182 224 184
f 222 224 182
f 561 542 560
f 543 542 561
f 180 220 222
f 180 222 182
f 562 543 561
f 544 543 562
f 178 218 220
f 178 220 180
f 197 544 562
f 156 544 197
f 176 215 218
f 176 218 178
f 157 197 200
f 157 156 197
f 174 215 176
f 174 214 215
f 158 157 200
f 158 200 202
f 172 214 174
f 172 212 214
f 162 158 202
f 162 202 204
f 169 212 172
f 169 210 212
f 163 162 204
f 163 204 206
f 168 210 169
f 168 208 210
f 166 208 168
f 166 163 206
f 166 206 208
f 552 235 236
f 552 236 563
f 550 563 564
f 550 564 565
f 550 552 563
f 548 550 565
f 546 565 566
f 546 566 567
f 546 548 565
f 545 546 567
f 547 567 568
f 547 545 567
f 549 568 569
f 549 569 570
f 549 547 568
f 551 570 571
f 551 549 570
f 553 571 572
f 553 551 571
f 554 553 572
f 555 572 573
f 555 573 574
f 555 554 572
f 556 574 575
f 556 555 574
f 557 575 576
f 557 556 575
f 558 576 577
f 558 557 576
f 559 558 577
f 559 577 578
f 560 559 578
f 560 578 579
f 561 560 579
f 561 579 580
f 562 561 580
f 197 562 580
f 197 580 198
f 581 567 566
f 582 568 567
f 582 567 581
f 583 566 565
f 583 581 566
f 584 569 568
f 584 568 582
f 585 565 564
f 585 583 565
f 586 570 569
f 586 569 584
f 587 564 563
f 587 585 564
f 588 571 570
f 588 570 586
f 572 571 588
f 271 587 563
f 271 563 236
f 234 271 236
f 589 572 588
f 573 572 589
f 269 271 234
f 232 269 234
f 590 573 589
f 574 573 590
f 267 269 232
f 230 267 232
f 591 574 590
f 575 574 591
f 266 267 230
f 228 266 230
f 592 575 591
f 576 575 592
f 263 266 228
f 593 576 592
f 226 263 228
f 261 263 226
f 577 576 593
f 594 577 593
f 223 261 226
f 259 261 223
f 578 577 594
f 595 578 594
f 221 259 223
f 257 259 221
f 579 578 595
f 596 579 595
f 219 257 221
f 255 257 219
f 580 579 596
f 240 580 596
f 217 255 219
f 198 580 240
f 216 253 255
f 216 255 217
f 199 240 237
f 199 198 240
f 213 251 253
f 213 253 216
f 201 237 241
f 201 199 237
f 211 251 213
f 211 249 251
f 203 201 241
f 203 241 243
f 209 249 211
f 209 247 249
f 205 203 243
f 205 243 245
f 207 247 209
f 207 205 245
f 207 245 247
f 271 272 597
f 587 597 598
f 587 271 597
f 585 598 599
f 585 587 598
f 583 599 600
f 583 585 599
f 581 600 601
f 581 583 600
f 582 601 602
f 582 581 601
f 584 582 602
f 586 602 603
f 586 584 602
f 588 603 604
f 588 586 603
f 589 604 605
f 589 588 604
f 590 605 606
f 590 589 605
f 591 606 607
f 591 590 606
f 592 607 608
f 592 591 607
f 593 608 609
f 593 592 608
f 594 609 610
f 594 593 609
f 595 610 611
f 595 594 610
f 596 595 611
f 596 611 612
f 240 596 612
f 240 612 238
f 280 601 600
f 281 600 599
f 281 280 600
f 284 602 601
f 284 601 280
f 278 599 598
f 278 281 599
f 286 603 602
f 286 602 284
f 276 598 597
f 276 278 598
f 288 604 603
f 288 603 286
f 274 597 272
f 274 272 270
f 274 276 597
f 290 605 604
f 290 604 288
f 613 274 270
f 293 606 605
f 293 605 290
f 268 613 270
f 614 613 268
f 292 606 293
f 292 607 606
f 265 614 268
f 615 614 265
f 295 607 292
f 608 607 295
f 264 615 265
f 297 608 295
f 616 615 264
f 609 608 297
f 262 616 264
f 300 609 297
f 617 616 262
f 610 609 300
f 302 610 300
f 260 618 617
f 260 617 262
f 611 610 302
f 305 611 302
f 258 619 618
f 258 618 260
f 612 305 304
f 612 611 305
f 256 620 619
f 256 619 258
f 238 612 304
f 254 621 620
f 254 620 256
f 239 304 622
f 239 238 304
f 252 623 621
f 252 621 254
f 242 622 624
f 242 239 622
f 250 625 623
f 250 623 252
f 244 624 626
f 244 242 624
f 248 627 625
f 248 625 250
f 246 626 627
f 246 627 248
f 246 244 626
f 628 304 306
f 628 622 304
f 629 624 622
f 629 622 628
f 630 626 624
f 630 624 629
f 631 627 626
f 631 626 630
f 632 623 625
f 632 625 627
f 632 627 631
f 633 623 632
f 634 621 623
f 634 623 633
f 635 620 621
f 635 621 634
f 636 618 619
f 636 619 620
f 636 620 635
f 637 618 636
f 638 617 618
f 638 618 637
f 639 616 617
f 639 617 638
f 640 615 616
f 640 616 639
f 641 614 615
f 641 615 640
f 642 274 613
f 642 613 614
f 642 614 641
f 275 274 642
f 643 283 282
f 644 282 279
f 644 643 282
f 645 285 283
f 645 283 643
f 646 279 277
f 646 644 279
f 647 287 285
f 647 285 645
f 648 277 273
f 648 646 277
f 649 287 647
f 289 287 649
f 337 273 275
f 337 648 273
f 650 289 649
f 291 289 650
f 642 337 275
f 336 337 642
f 651 291 650
f 294 291 651
f 641 336 642
f 334 336 641
f 652 294 651
f 296 294 652
f 640 334 641
f 331 334 640
f 653 296 652
f 298 296 653
f 639 331 640
f 330 331 639
f 654 298 653
f 299 298 654
f 638 330 639
f 327 330 638
f 655 299 654
f 301 299 655
f 637 327 638
f 325 327 637
f 656 301 655
f 303 301 656
f 636 325 637
f 323 325 636
f 310 303 656
f 306 303 310
f 635 323 636
f 321 323 635
f 628 310 307
f 628 306 310
f 634 319 321
f 634 321 635
f 629 307 311
f 629 628 307
f 633 317 319
f 633 319 634
f 630 311 313
f 630 629 311
f 632 315 317
f 632 317 633
f 631 313 315
f 631 315 632
f 631 630 313
f 337 338 657
f 648 657 658
f 648 337 657
f 646 658 659
f 646 648 658
f 644 659 660
f 644 646 659
f 643 644 660
f 645 660 661
f 645 643 660
f 647 661 662
f 647 645 661
f 649 662 663
f 649 647 662
f 650 663 664
f 650 664 665
f 650 649 663
f 651 650 665
f 652 665 666
f 652 651 665
f 653 666 667
f 653 652 666
f 654 667 668
f 654 653 667
f 655 668 669
f 655 654 668
f 656 669 670
f 656 655 669
f 310 670 308
f 310 656 670
f 348 661 660
f 344 660 659
f 344 348 660
f 351 662 661
f 351 661 348
f 345 659 658
f 345 344 659
f 350 662 351
f 342 658 657
f 342 345 658
f 663 662 350
f 354 663 350
f 340 657 338
f 340 342 657
f 664 663 354
f 335 340 338
f 356 664 354
f 671 340 335
f 665 664 356
f 333 671 335
f 358 665 356
f 672 671 333
f 666 665 358
f 332 672 333
f 361 666 358
f 673 672 332
f 667 666 361
f 329 673 332
f 360 667 361
f 674 673 329
f 668 667 360
f 328 674 329
f 364 668 360
f 675 674 328
f 669 668 364
f 326 675 328
f 367 669 364
f 676 675 326
f 670 669 367
f 324 676 326
f 366 670 367
f 677 676 324
f 308 670 366
f 322 677 324
f 678 677 322
f 309 366 679
f 309 308 366
f 320 680 678
f 320 678 322
f 312 679 681
f 312 309 679
f 318 682 680
f 318 680 320
f 314 681 683
f 314 312 681
f 316 683 682
f 316 314 683
f 316 682 318
f 684 366 368
f 684 679 366
f 685 683 681
f 685 681 679
f 685 679 684
f 686 683 685
f 687 682 683
f 687 683 686
f 688 678 680
f 688 680 682
f 688 682 687
f 689 678 688
f 690 677 678
f 690 678 689
f 691 676 677
f 691 677 690
f 692 675 676
f 692 676 691
f 693 673 674
f 693 674 675
f 693 675 692
f 694 673 693
f 695 672 673
f 695 673 694
f 696 340 671
f 696 671 672
f 696 672 695
f 341 340 696
f 341 343 339
f 357 355 353
f 357 353 352
f 357 352 349
f 357 349 347
f 357 347 346
f 695 341 696
f 695 346 343
f 695 343 341
f 695 357 346
f 694 357 695
f 362 359 357
f 691 693 692
f 368 365 363
f 368 363 362
f 689 694 693
f 689 691 690
f 689 357 694
f 689 693 691
f 689 362 357
f 684 368 362
f 687 689 688
f 686 685 684
f 686 362 689
f 686 689 687
f 686 684 362
f 697 239 238
f 698 242 239
f 698 239 697
f 699 244 242
f 699 242 698
f 700 246 244
f 700 244 699
f 701 248 246
f 701 246 700
f 702 250 248
f 702 248 701
f 703 250 702
f 704 252 250
f 704 250 703
f 705 254 252
f 705 252 704
f 706 256 254
f 706 254 705
f 707 258 256
f 707 256 706
f 708 260 258
f 708 258 707
f 709 262 260
f 709 260 708
f 710 264 262
f 710 262 709
f 711 265 264
f 711 264 710
f 712 268 265
f 712 265 711
f 713 268 712
f 713 270 268
f 714 270 713
f 714 272 270
f 715 716 717
f 715 718 716
f 719 717 720
f 719 715 717
f 721 720 722
f 721 719 720
f 723 722 724
f 723 721 722
f 725 724 726
f 725 723 724
f 727 726 728
f 727 725 726
f 729 728 730
f 729 727 728
f 731 730 732
f 731 729 730
f 733 732 734
f 733 731 732
f 735 734 736
f 735 733 734
f 737 736 738
f 737 735 736
f 739 738 740
f 739 737 738
f 741 740 742
f 741 739 740
f 743 742 744
f 743 741 742
f 745 743 744
f 745 744 746
f 747 745 746
f 747 746 748
f 749 747 748
f 749 748 750
f 751 749 750
f 751 750 752
f 753 754 755
f 756 753 755
f 756 755 757
f 758 759 754
f 760 756 757
f 761 762 763
f 761 763 764
f 761 765 752
f 761 766 765
f 761 752 762
f 767 764 768
f 767 769 766
f 767 770 769
f 767 761 764
f 767 766 761
f 771 768 772
f 771 772 773
f 771 774 770
f 771 767 768
f 771 770 767
f 775 773 776
f 775 771 773
f 775 774 771
f 775 777 774
f 775 778 777
f 779 776 780
f 779 780 781
f 779 782 778
f 779 775 776
f 779 778 775
f 783 782 779
f 783 781 784
f 783 785 782
f 783 786 785
f 783 779 781
f 787 784 788
f 787 786 783
f 787 783 784
f 787 789 786
f 790 788 791
f 790 791 792
f 790 793 789
f 790 794 793
f 790 787 788
f 790 789 787
f 795 792 796
f 795 797 794
f 795 790 792
f 795 794 790
f 798 796 799
f 798 799 800
f 798 801 797
f 798 797 795
f 798 795 796
f 802 800 803
f 802 804 801
f 802 759 804
f 802 798 800
f 802 801 798
f 805 803 755
f 805 755 754
f 805 802 803
f 805 759 802
f 805 754 759
f 806 807 808
f 809 808 810
f 809 806 808
f 811 812 813
f 814 810 812
f 814 809 810
f 814 812 811
f 815 816 817
f 815 817 818
f 819 811 816
f 819 814 811
f 819 816 815
f 820 819 815
f 821 815 822
f 821 820 815
f 823 821 824
f 823 820 821
f 825 824 826
f 825 823 824
f 827 825 826
f 828 825 827
f 829 828 827
f 830 828 829
f 831 830 829
f 832 831 833
f 832 830 831
f 834 832 833
f 835 832 834
f 836 835 834
f 837 838 839
f 840 835 836
f 840 837 839
f 840 836 837
f 840 839 841
f 842 841 843
f 844 840 841
f 844 841 842
f 845 844 842
f 846 845 847
f 846 844 845
f 848 847 849
f 848 846 847
f 850 848 849
f 851 850 852
f 851 848 850
f 853 854 855
f 856 855 857
f 856 853 855
f 858 857 843
f 858 856 857
f 859 843 841
f 860 843 859
f 860 858 843
f 861 859 862
f 861 860 859
f 863 862 864
f 863 861 862
f 865 864 866
f 865 863 864
f 867 866 868
f 867 865 866
f 869 868 870
f 869 867 868
f 871 870 872
f 871 869 870
f 873 872 874
f 873 871 872
f 875 874 876
f 875 873 874
f 877 876 878
f 877 875 876
f 879 878 880
f 879 877 878
f 881 880 882
f 881 879 880
f 883 881 882
f 883 882 884
f 885 883 884
f 885 884 886
f 887 885 886
f 887 886 888
f 889 887 888
f 890 891 892
f 893 890 892
f 894 890 893
f 895 894 893
f 896 894 895
f 897 896 895
f 898 896 897
f 899 898 897
f 817 898 899
f 818 817 899
f 900 818 899
f 901 902 818
f 901 818 900
f 903 901 900
f 904 903 900
f 905 904 900
f 906 904 905
f 907 908 909
f 910 906 905
f 911 910 905
f 912 911 905
f 913 912 905
f 914 909 915
f 914 915 916
f 914 916 917
f 914 917 918
f 914 907 909
f 919 914 918
f 919 918 920
f 919 920 912
f 919 912 913
f 921 919 913
f 921 913 922
f 923 922 924
f 923 921 922
f 925 924 926
f 925 923 924
f 927 926 928
f 927 925 926
f 929 928 930
f 929 927 928
f 931 930 932
f 931 929 930
f 933 931 932
f 934 935 936
f 937 934 936
f 908 936 938
f 908 937 936
f 909 938 939
f 909 908 938
f 915 939 940
f 915 909 939
f 916 940 941
f 916 915 940
f 917 916 941
f 918 941 942
f 918 917 941
f 920 942 943
f 920 918 942
f 912 943 944
f 912 920 943
f 911 944 945
f 911 912 944
f 910 945 946
f 910 911 945
f 906 946 947
f 906 910 946
f 904 947 948
f 904 906 947
f 903 948 949
f 903 904 948
f 901 949 950
f 901 903 949
f 951 902 901
f 951 901 950
f 952 951 950
f 953 952 950
f 954 955 956
f 957 954 956
f 958 956 959
f 958 957 956
f 960 959 961
f 960 958 959
f 962 961 963
f 962 960 961
f 964 963 965
f 964 962 963
f 966 964 965
f 967 965 968
f 967 966 965
f 969 968 970
f 969 967 968
f 971 970 972
f 971 969 970
f 973 972 974
f 973 971 972
f 975 974 976
f 975 973 974
f 977 976 978
f 977 975 976
f 979 978 980
f 979 977 978
f 981 980 982
f 981 979 980
f 983 982 984
f 983 981 982
f 985 986 983
f 985 983 984
f 987 985 984
f 988 987 984
f 989 990 991
f 992 993 990
f 992 990 989
f 994 995 993
f 994 993 992
f 996 997 995
f 996 995 994
f 998 999 997
f 998 997 996
f 1000 1001 999
f 1000 999 998
f 1002 1003 1001
f 1002 1001 1000
f 1004 1003 1002
f 1005 1006 1003
f 1005 1003 1004
f 1007 1008 1006
f 1007 1006 1005
f 1009 1010 1008
f 1009 1008 1007
f 1011 1012 1010
f 1011 1010 1009
f 1013 1014 1012
f 1013 1012 1011
f 1015 1016 1014
f 1015 1014 1013
f 1017 1018 1016
f 1017 1016 1015
f 1019 1020 1018
f 1019 1018 1017
f 1021 1020 1019
f 1021 1022 1020
f 1023 1022 1021
f 1023 1024 1022
f 1025 1026 1027
f 1028 1029 1026
f 1028 1026 1025
f 1030 1031 1029
f 1030 1029 1028
f 1032 1033 1031
f 1032 1031 1030
f 1034 1035 1033
f 1034 1033 1032
f 1036 1037 1035
f 1036 1035 1034
f 1038 1039 1037
f 1038 1037 1036
f 1040 1041 1039
f 1040 1039 1038
f 1042 1043 1041
f 1042 1041 1040
f 1044 1045 1043
f 1044 1043 1042
f 1046 1047 1045
f 1046 1045 1044
f 1048 1049 1047
f 1048 1047 1046
f 1050 1049 1048
f 1051 1052 1049
f 1051 1049 1050
f 1053 1054 1055
f 1056 1057 1054
f 1056 1054 1053
f 1058 1059 1057
f 1058 1057 1056
f 1060 1061 1059
f 1060 1059 1058
f 1062 1063 1061
f 1062 1061 1060
f 1064 1065 1063
f 1064 1063 1062
f 1066 1067 1065
f 1066 1065 1064
f 1068 1069 1067
f 1068 1067 1066
f 1070 1071 1069
f 1070 1069 1068
f 1072 1073 1071
f 1072 1071 1070
f 1074 1075 1073
f 1074 1073 1072
f 1076 1077 1075
f 1076 1075 1074
f 1078 1077 1076
f 1079 1080 1077
f 1079 1077 1078
f 254 250 252
f 238 239 242
f 238 242 244
f 260 256 258
f 262 246 248
f 262 248 250
f 262 254 256
f 262 250 254
f 262 256 260
f 609 610 611
f 264 244 246
f 264 246 262
f 607 608 609
f 268 264 265
f 270 244 264
f 270 264 268
f 603 604 605
f 598 272 597
f 598 611 612
f 598 612 238
f 598 270 272
f 598 238 244
f 598 609 611
f 598 244 270
f 598 607 609
f 602 605 606
f 602 603 605
f 601 602 606
f 600 601 606
f 600 598 599
f 600 606 607
f 600 607 598
f 1081 272 714
f 1081 597 272
f 1082 598 597
f 1082 597 1081
f 1083 599 598
f 1083 598 1082
f 1084 600 599
f 1084 599 1083
f 1085 601 600
f 1085 600 1084
f 1086 602 601
f 1086 601 1085
f 1087 603 602
f 1087 602 1086
f 1088 604 603
f 1088 603 1087
f 1089 605 604
f 1089 604 1088
f 1090 606 605
f 1090 607 606
f 1090 605 1089
f 1091 607 1090
f 1092 608 607
f 1092 609 608
f 1092 607 1091
f 1093 609 1092
f 1094 610 609
f 1094 609 1093
f 1095 611 610
f 1095 612 611
f 1095 610 1094
f 1096 612 1095
f 697 612 1096
f 697 238 612
f 701 721 723
f 702 723 725
f 702 701 723
f 700 719 721
f 700 721 701
f 703 725 727
f 703 702 725
f 699 715 719
f 699 719 700
f 704 727 729
f 704 703 727
f 698 718 715
f 698 715 699
f 705 729 731
f 705 704 729
f 697 718 698
f 697 1097 718
f 1098 1097 697
f 1099 1098 697
f 706 731 733
f 706 705 731
f 735 706 733
f 1096 1099 697
f 707 706 735
f 1100 1099 1096
f 737 707 735
f 1095 1100 1096
f 708 707 737
f 1101 1100 1095
f 1094 1101 1095
f 739 708 737
f 709 708 739
f 1102 1101 1094
f 1093 1102 1094
f 741 709 739
f 710 709 741
f 1103 1102 1093
f 1092 1103 1093
f 743 710 741
f 711 710 743
f 1104 1103 1092
f 1091 1104 1092
f 745 711 743
f 712 711 745
f 1105 1104 1091
f 1090 1105 1091
f 747 712 745
f 713 712 747
f 1106 1105 1090
f 1089 1106 1090
f 749 713 747
f 714 713 749
f 1107 1106 1089
f 1088 1107 1089
f 751 714 749
f 1108 1107 1088
f 1109 1081 714
f 1109 714 751
f 1110 1088 1087
f 1110 1108 1088
f 1111 1082 1081
f 1111 1081 1109
f 1112 1110 1087
f 1112 1087 1086
f 1113 1083 1082
f 1113 1082 1111
f 1114 1086 1085
f 1114 1112 1086
f 1115 1083 1113
f 1115 1084 1083
f 1116 1114 1085
f 1116 1084 1115
f 1116 1085 1084
f 716 718 1097
f 1117 1118 716
f 1117 716 1097
f 1119 1117 1097
f 1098 1119 1097
f 758 1098 1099
f 1119 1098 758
f 754 1119 758
f 1109 751 752
f 1109 752 765
f 1111 765 766
f 1111 1109 765
f 1113 766 769
f 1113 1111 766
f 1115 769 770
f 1115 770 774
f 1115 1113 769
f 1116 774 777
f 1116 1115 774
f 1114 1116 777
f 1112 777 778
f 1112 1114 777
f 1110 778 782
f 1110 782 785
f 1110 1112 778
f 1108 785 786
f 1108 1110 785
f 1107 1108 786
f 1106 786 789
f 1106 789 793
f 1106 1107 786
f 1105 1106 793
f 1104 793 794
f 1104 1105 793
f 1103 794 797
f 1103 1104 794
f 1102 1103 797
f 1102 797 801
f 1101 1102 801
f 1101 801 804
f 1101 804 759
f 1100 759 758
f 1100 1101 759
f 1099 1100 758
f 1120 760 757
f 1120 757 1121
f 1122 1120 1121
f 1118 1122 1121
f 717 716 1118
f 1123 1121 1124
f 1123 1118 1121
f 1123 717 1118
f 1125 1124 1126
f 1125 720 717
f 1125 722 720
f 1125 1123 1124
f 1125 717 1123
f 1127 1126 1128
f 1127 1128 1129
f 1127 724 722
f 1127 1125 1126
f 1127 722 1125
f 1130 1129 1131
f 1130 1127 1129
f 1130 724 1127
f 1130 726 724
f 1132 1131 1133
f 1132 1133 1134
f 1132 728 726
f 1132 730 728
f 1132 1130 1131
f 1132 726 1130
f 1135 1132 1134
f 1135 1134 1136
f 1135 730 1132
f 1135 732 730
f 1137 1136 1138
f 1137 734 732
f 1137 736 734
f 1137 1135 1136
f 1137 732 1135
f 1139 1138 1140
f 1139 1140 1141
f 1139 738 736
f 1139 1137 1138
f 1139 736 1137
f 1142 1141 1143
f 1142 740 738
f 1142 742 740
f 1142 738 1139
f 1142 1139 1141
f 1144 1143 1145
f 1144 1145 1146
f 1144 744 742
f 1144 742 1142
f 1144 1142 1143
f 1147 1146 1148
f 1147 746 744
f 1147 748 746
f 1147 744 1144
f 1147 1144 1146
f 1149 1148 1150
f 1149 1150 762
f 1149 762 752
f 1149 750 748
f 1149 752 750
f 1149 1147 1148
f 1149 748 1147
f 1122 1118 1117
f 1120 1122 1117
f 760 1120 1117
f 1119 756 760
f 1119 760 1117
f 753 756 1119
f 754 753 1119
f 1151 1129 1128
f 1152 1128 1126
f 1152 1151 1128
f 1153 1131 1129
f 1153 1133 1131
f 1153 1129 1151
f 1154 1126 1124
f 1154 1152 1126
f 1155 1134 1133
f 1155 1133 1153
f 1156 1124 1121
f 1156 1154 1124
f 1157 1136 1134
f 1157 1134 1155
f 851 1121 757
f 851 757 755
f 851 1156 1121
f 1158 1136 1157
f 1158 1138 1136
f 848 851 755
f 848 755 803
f 1159 1138 1158
f 1159 1140 1138
f 846 848 803
f 846 803 800
f 1160 1141 1140
f 1160 1140 1159
f 844 846 800
f 1143 1141 1160
f 799 844 800
f 1161 1143 1160
f 840 844 799
f 1145 1143 1161
f 796 840 799
f 1162 1145 1161
f 835 840 796
f 1146 1145 1162
f 1146 1162 1163
f 792 835 796
f 1148 1146 1163
f 1148 1163 1164
f 791 832 835
f 791 835 792
f 1150 1164 806
f 1150 1148 1164
f 788 830 832
f 788 832 791
f 762 1150 806
f 784 828 830
f 784 830 788
f 763 806 809
f 763 762 806
f 781 825 828
f 781 828 784
f 764 809 814
f 764 763 809
f 780 823 825
f 780 825 781
f 776 823 780
f 768 814 819
f 768 764 814
f 772 819 820
f 772 768 819
f 773 820 823
f 773 823 776
f 773 772 820
f 1165 851 852
f 1156 1165 1166
f 1156 851 1165
f 1154 1166 1167
f 1154 1167 1168
f 1154 1156 1166
f 1169 1170 1171
f 1152 1168 1170
f 1152 1154 1168
f 1152 1170 1169
f 1151 1169 1172
f 1151 1152 1169
f 1173 1172 1174
f 1173 1151 1172
f 1153 1173 1175
f 1153 1151 1173
f 1155 1175 1176
f 1155 1153 1175
f 1177 1155 1176
f 1157 1155 1177
f 1178 1157 1177
f 1158 1157 1178
f 1179 1158 1178
f 1159 1158 1179
f 1159 1179 1180
f 1181 1159 1180
f 1160 1159 1181
f 1182 1160 1181
f 1183 1184 1185
f 1183 1186 1187
f 1188 1183 1187
f 1161 1160 1182
f 1161 1184 1183
f 1161 1182 1184
f 1162 1161 1183
f 1162 1183 1188
f 1162 1188 1189
f 1190 1189 1191
f 1163 1162 1189
f 1163 1190 1192
f 1163 1189 1190
f 1164 1192 1193
f 1164 1163 1192
f 806 1193 807
f 806 1164 1193
f 1170 1194 1171
f 1195 1194 1170
f 854 1195 1170
f 842 843 857
f 842 857 855
f 842 855 854
f 1170 842 854
f 1196 889 888
f 1196 888 1197
f 1198 1197 1199
f 1198 1196 1197
f 1200 1199 1201
f 1200 1198 1199
f 1202 1201 1203
f 1202 1200 1201
f 1204 1203 1205
f 1204 1202 1203
f 1206 1205 1207
f 1206 1204 1205
f 1208 1207 1209
f 1208 1206 1207
f 1210 1209 1211
f 1210 1208 1209
f 1212 1211 1213
f 1212 1210 1211
f 1214 1213 1215
f 1214 1212 1213
f 1216 1215 1217
f 1216 1214 1215
f 1218 1217 1219
f 1218 1216 1217
f 1220 1219 1221
f 1220 1218 1219
f 1222 1221 1223
f 1222 1220 1221
f 1171 1223 1169
f 1224 1222 1223
f 1224 1223 1171
f 1225 1224 1171
f 1225 1171 1194
f 1226 1225 1194
f 1226 1194 1195
f 853 1195 854
f 853 1226 1195
f 1227 838 1228
f 859 839 838
f 859 841 839
f 862 859 838
f 862 838 1227
f 864 1227 1229
f 864 862 1227
f 866 1229 1230
f 866 864 1229
f 868 1230 1231
f 868 866 1230
f 870 1231 1232
f 870 868 1231
f 872 1232 1233
f 872 870 1232
f 874 1233 1234
f 874 872 1233
f 876 874 1234
f 876 1234 1235
f 878 876 1235
f 878 1235 1236
f 880 878 1236
f 880 1236 1237
f 882 1237 1238
f 882 880 1237
f 884 1238 1239
f 884 882 1238
f 886 1239 1240
f 886 884 1239
f 888 886 1240
f 1197 1240 1241
f 1197 888 1240
f 1199 1241 1242
f 1199 1197 1241
f 1201 1242 1243
f 1201 1199 1242
f 1203 1243 1244
f 1203 1201 1243
f 1205 1244 1245
f 1205 1203 1244
f 1207 1245 1246
f 1207 1205 1245
f 1209 1246 1247
f 1209 1207 1246
f 1211 1247 1248
f 1211 1209 1247
f 1213 1248 1249
f 1213 1211 1248
f 1215 1249 1250
f 1215 1213 1249
f 1217 1250 1251
f 1217 1215 1250
f 1219 1251 1252
f 1219 1217 1251
f 1221 1219 1252
f 1174 1252 1253
f 1174 1221 1252
f 1223 1221 1174
f 1172 1223 1174
f 1169 1223 1172
f 1254 1255 1228
f 1256 1228 838
f 1256 1254 1228
f 837 1256 838
f 821 822 1256
f 821 1256 837
f 827 831 829
f 826 833 831
f 826 831 827
f 824 834 833
f 824 836 834
f 824 833 826
f 821 837 836
f 821 836 824
f 822 815 1257
f 822 1257 1256
f 1258 1259 1260
f 1258 1260 1261
f 1258 1261 1262
f 1258 1262 1263
f 907 1264 1265
f 907 1265 1266
f 907 1266 1267
f 907 1267 1268
f 907 1268 1259
f 907 1259 1258
f 1269 1270 1258
f 1271 1258 1270
f 1272 1269 1258
f 1273 907 1258
f 1273 1258 1271
f 1274 1258 1257
f 1274 1257 815
f 1274 1272 1258
f 935 907 1273
f 934 907 935
f 937 907 934
f 908 907 937
f 1275 1274 815
f 1276 1275 815
f 1277 1276 815
f 1278 1277 815
f 818 902 951
f 818 951 952
f 818 952 953
f 818 953 1279
f 818 1279 1280
f 818 1280 1278
f 818 1278 815
f 1281 933 932
f 1281 932 1282
f 1283 1282 1284
f 1283 1281 1282
f 1285 1284 1286
f 1285 1283 1284
f 1287 1286 1288
f 1287 1285 1286
f 1289 1288 1290
f 1289 1287 1288
f 1291 1290 1292
f 1291 1289 1290
f 969 1292 1293
f 967 969 1293
f 971 1292 969
f 966 967 1293
f 964 966 1293
f 1294 971 973
f 1294 1291 1292
f 1294 1292 971
f 962 1293 1295
f 962 964 1293
f 960 962 1295
f 1186 960 1295
f 958 960 1186
f 1296 973 975
f 1296 975 977
f 1296 977 979
f 1296 1294 973
f 981 1296 979
f 1297 1187 1186
f 1297 1186 1295
f 1298 1296 981
f 1298 981 983
f 1298 983 986
f 1299 1187 1297
f 1300 1299 1297
f 1301 1299 1300
f 1302 1301 1300
f 1303 1301 1302
f 1304 1303 1302
f 1305 1303 1304
f 892 1305 1304
f 891 1305 892
f 1301 1188 1299
f 1187 1299 1188
f 1303 1188 1301
f 1305 1188 1303
f 891 1188 1305
f 816 891 890
f 816 1188 891
f 894 816 890
f 896 816 894
f 898 816 896
f 817 816 898
f 1306 1189 1188
f 1191 1189 1306
f 811 1307 816
f 813 1307 811
f 816 1306 1188
f 816 1307 1306
f 813 1308 1309
f 813 812 1308
f 1307 813 1309
f 1192 1190 1310
f 1193 1192 1310
f 807 1193 1310
f 1308 808 807
f 1308 807 1310
f 810 808 1308
f 812 810 1308
f 850 1165 852
f 849 1166 1165
f 849 1165 850
f 847 1167 1166
f 847 1166 849
f 845 1168 1167
f 845 1167 847
f 842 1170 1168
f 842 1168 845
f 1310 1190 1191
f 1311 1191 1306
f 1311 1310 1191
f 1312 1186 1183
f 1313 1312 1183
f 1314 1186 1312
f 1315 1313 1183
f 1316 1186 1314
f 1317 1315 1183
f 955 1186 1316
f 954 1186 955
f 957 1186 954
f 958 1186 957
f 1318 1183 1319
f 1318 1317 1183
f 1320 1321 1322
f 1320 1322 1318
f 1320 1318 1319
f 1323 1321 1320
f 1324 1323 1320
f 1325 1324 1320
f 1326 1320 1327
f 1328 1320 1326
f 1298 986 985
f 1298 985 987
f 1298 987 988
f 1298 988 1325
f 1298 1325 1320
f 1329 1320 1328
f 1329 1298 1320
f 1330 1331 1298
f 1332 1330 1298
f 1333 1332 1298
f 1333 1298 1329
f 1185 1334 1319
f 1183 1185 1319
f 1335 1253 1336
f 1334 1174 1253
f 1334 1253 1335
f 1173 1174 1334
f 1184 1334 1185
f 1184 1173 1334
f 1179 1177 1176
f 1179 1178 1177
f 1180 1176 1175
f 1180 1179 1176
f 1181 1180 1175
f 1182 1173 1184
f 1182 1175 1173
f 1182 1181 1175
f 998 1202 1204
f 1000 1204 1206
f 1000 998 1204
f 996 1200 1202
f 996 1202 998
f 1002 1206 1208
f 1002 1000 1206
f 994 1198 1200
f 994 1200 996
f 1004 1208 1210
f 1004 1002 1208
f 992 1196 1198
f 992 1198 994
f 1005 1004 1210
f 1005 1210 1212
f 989 889 1196
f 989 1196 992
f 887 889 989
f 1007 1212 1214
f 1007 1005 1212
f 1337 887 989
f 1009 1007 1214
f 885 887 1337
f 1216 1009 1214
f 1338 885 1337
f 1011 1009 1216
f 883 885 1338
f 1218 1011 1216
f 1339 883 1338
f 1013 1011 1218
f 881 883 1339
f 1220 1013 1218
f 1340 881 1339
f 1015 1013 1220
f 879 881 1340
f 1222 1015 1220
f 1341 879 1340
f 1017 1015 1222
f 877 879 1341
f 1224 1017 1222
f 1342 877 1341
f 1019 1017 1224
f 875 877 1342
f 1225 1019 1224
f 1343 875 1342
f 1021 1019 1225
f 873 1343 1344
f 873 875 1343
f 1226 1021 1225
f 1023 1021 1226
f 871 1344 1345
f 871 873 1344
f 853 1023 1226
f 869 1345 1346
f 869 871 1345
f 856 1347 1023
f 856 1023 853
f 867 1346 1348
f 867 869 1346
f 858 1349 1347
f 858 1347 856
f 865 867 1348
f 865 1348 1350
f 860 1349 858
f 860 1351 1349
f 863 865 1350
f 863 1350 1352
f 861 1351 860
f 861 863 1352
f 861 1352 1351
f 1353 1245 1244
f 1354 1244 1243
f 1354 1353 1244
f 1355 1246 1245
f 1355 1245 1353
f 1356 1243 1242
f 1356 1354 1243
f 1357 1247 1246
f 1357 1246 1355
f 1358 1242 1241
f 1358 1356 1242
f 1359 1248 1247
f 1359 1247 1357
f 1360 1240 1239
f 1360 1241 1240
f 1360 1358 1241
f 1361 1249 1248
f 1361 1248 1359
f 1362 1360 1239
f 1238 1362 1239
f 1363 1250 1249
f 1363 1249 1361
f 1251 1250 1363
f 1364 1362 1238
f 1237 1364 1238
f 1365 1251 1363
f 1366 1364 1237
f 1252 1251 1365
f 1236 1366 1237
f 1326 1252 1365
f 1367 1366 1236
f 1327 1252 1326
f 1336 1252 1327
f 1253 1252 1336
f 1235 1367 1236
f 1368 1367 1235
f 1234 1368 1235
f 1234 1369 1368
f 1233 1369 1234
f 1233 1370 1369
f 1232 1370 1233
f 1232 1371 1370
f 1263 1262 1372
f 1231 1371 1232
f 1231 1373 1371
f 1230 1373 1231
f 1229 1374 1373
f 1229 1372 1374
f 1229 1373 1230
f 1227 1255 1263
f 1227 1228 1255
f 1227 1263 1372
f 1227 1372 1229
f 1258 1263 1255
f 1258 1255 1254
f 1254 1256 1257
f 1258 1254 1257
f 1372 1261 1260
f 1372 1262 1261
f 1326 1365 1328
f 1375 1259 1268
f 1375 1260 1259
f 1376 1260 1375
f 1376 1374 1372
f 1376 1372 1260
f 1377 1376 1375
f 1378 1267 1266
f 1378 1268 1267
f 1379 1375 1268
f 1379 1268 1378
f 1379 1377 1375
f 1380 1265 1264
f 1380 1266 1265
f 1380 1378 1266
f 1381 1376 1377
f 1381 1374 1376
f 1381 1377 1379
f 1381 1373 1374
f 1382 1379 1378
f 1382 1378 1380
f 1383 1381 1379
f 1383 1373 1381
f 1384 1383 1379
f 1384 1373 1383
f 1384 1382 1373
f 1384 1379 1382
f 1385 1382 1380
f 1386 1373 1382
f 1386 1371 1373
f 1386 1382 1385
f 1386 1385 1387
f 1388 1387 1389
f 1390 919 921
f 1391 1370 1371
f 1391 1388 1392
f 1393 1392 1390
f 1394 921 923
f 1395 1393 1396
f 1395 1369 1370
f 1397 1396 1394
f 1398 923 925
f 1399 1397 1400
f 1399 1368 1369
f 1401 1400 1398
f 1402 925 927
f 1403 1399 1400
f 1403 1367 1368
f 1403 1368 1399
f 1403 1400 1401
f 1403 1401 1404
f 1405 1404 1402
f 1406 1405 1407
f 1406 1366 1367
f 1408 927 929
f 1409 1407 1408
f 1410 1364 1366
f 1411 1410 1409
f 1412 929 931
f 1413 1411 1412
f 1414 1362 1364
f 1415 1414 1413
f 1416 931 933
f 1416 933 1417
f 1418 1360 1362
f 1418 1416 1417
f 1418 1417 1419
f 1418 1419 1360
f 1420 933 1281
f 1420 1417 933
f 1421 1358 1360
f 1421 1417 1420
f 1421 1419 1417
f 1421 1360 1419
f 1422 1281 1283
f 1423 1356 1358
f 1423 1424 1425
f 1426 1425 1422
f 1427 1283 1285
f 1428 1354 1356
f 1428 1426 1429
f 1430 1429 1427
f 1431 1285 1287
f 1432 1353 1354
f 1432 1430 1433
f 1434 1433 1431
f 1435 1287 1289
f 1436 1355 1353
f 1436 1434 1437
f 1438 1437 1435
f 1439 1289 1291
f 1440 1438 1441
f 1440 1357 1355
f 1442 1441 1439
f 1442 1440 1441
f 1443 1291 1294
f 1444 1440 1442
f 1444 1442 1445
f 1444 1359 1357
f 1444 1357 1440
f 1446 1445 1443
f 1447 1294 1296
f 1448 1361 1359
f 1448 1446 1449
f 1450 1449 1447
f 1451 1363 1361
f 1451 1450 1452
f 1453 1330 1332
f 1453 1331 1330
f 1454 1453 1332
f 1454 1332 1333
f 1455 1363 1451
f 1455 1451 1452
f 1455 1453 1454
f 1455 1452 1453
f 1456 1455 1454
f 1456 1363 1455
f 1457 1365 1363
f 1457 1363 1456
f 1457 1456 1454
f 1458 1457 1454
f 1459 1333 1329
f 1459 1454 1333
f 1459 1458 1454
f 1460 1329 1328
f 1460 1459 1329
f 1460 1365 1457
f 1460 1457 1458
f 1460 1458 1459
f 1460 1328 1365
f 1461 907 914
f 1461 1264 907
f 1461 1380 1264
f 1461 1385 1380
f 1462 1389 1387
f 1462 914 1389
f 1462 1461 914
f 1463 1385 1461
f 1463 1461 1462
f 1463 1462 1387
f 1463 1387 1385
f 1464 914 919
f 1464 1389 914
f 1464 1388 1389
f 1465 919 1390
f 1465 1390 1392
f 1465 1464 919
f 1466 1388 1464
f 1466 1465 1392
f 1466 1464 1465
f 1466 1392 1388
f 1467 1371 1386
f 1467 1386 1387
f 1467 1391 1371
f 1467 1388 1391
f 1467 1387 1388
f 1468 1390 921
f 1468 1396 1393
f 1468 1393 1390
f 1468 921 1394
f 1468 1394 1396
f 1469 1395 1370
f 1469 1393 1395
f 1469 1370 1391
f 1469 1391 1392
f 1469 1392 1393
f 1470 1400 1397
f 1470 923 1398
f 1470 1397 1394
f 1470 1398 1400
f 1470 1394 923
f 1471 1395 1396
f 1471 1369 1395
f 1471 1397 1399
f 1471 1396 1397
f 1471 1399 1369
f 1472 925 1402
f 1472 1398 925
f 1472 1401 1398
f 1472 1402 1404
f 1472 1404 1401
f 1473 1405 1402
f 1473 1407 1405
f 1473 927 1408
f 1473 1408 1407
f 1473 1402 927
f 1474 1404 1405
f 1474 1406 1367
f 1474 1367 1403
f 1474 1405 1406
f 1474 1403 1404
f 1475 1410 1366
f 1475 1406 1407
f 1475 1366 1406
f 1475 1407 1409
f 1475 1409 1410
f 1476 1408 929
f 1476 1409 1408
f 1476 1411 1409
f 1476 929 1412
f 1476 1412 1411
f 1477 1411 1413
f 1477 1364 1410
f 1477 1410 1411
f 1477 1413 1414
f 1477 1414 1364
f 1478 1412 931
f 1478 1413 1412
f 1478 931 1416
f 1478 1416 1415
f 1478 1415 1413
f 1479 1414 1415
f 1479 1362 1414
f 1479 1418 1362
f 1479 1416 1418
f 1479 1415 1416
f 1480 1420 1281
f 1480 1424 1420
f 1480 1281 1422
f 1480 1425 1424
f 1480 1422 1425
f 1481 1421 1420
f 1481 1420 1424
f 1481 1424 1423
f 1481 1358 1421
f 1481 1423 1358
f 1482 1422 1283
f 1482 1426 1422
f 1482 1283 1427
f 1482 1429 1426
f 1482 1427 1429
f 1483 1428 1356
f 1483 1356 1423
f 1483 1423 1425
f 1483 1425 1426
f 1483 1426 1428
f 1484 1427 1285
f 1484 1430 1427
f 1484 1285 1431
f 1484 1431 1433
f 1484 1433 1430
f 1485 1432 1354
f 1485 1354 1428
f 1485 1428 1429
f 1485 1429 1430
f 1485 1430 1432
f 1486 1431 1287
f 1486 1434 1431
f 1486 1287 1435
f 1486 1435 1437
f 1486 1437 1434
f 1487 1436 1353
f 1487 1353 1432
f 1487 1432 1433
f 1487 1433 1434
f 1487 1434 1436
f 1488 1289 1439
f 1488 1439 1441
f 1488 1441 1438
f 1488 1435 1289
f 1488 1438 1435
f 1489 1438 1440
f 1489 1440 1355
f 1489 1355 1436
f 1489 1436 1437
f 1489 1437 1438
f 1490 1439 1291
f 1490 1445 1442
f 1490 1291 1443
f 1490 1443 1445
f 1490 1442 1439
f 1491 1446 1443
f 1491 1443 1294
f 1491 1294 1447
f 1491 1449 1446
f 1491 1447 1449
f 1492 1444 1445
f 1492 1359 1444
f 1492 1448 1359
f 1492 1446 1448
f 1492 1445 1446
f 1493 1447 1296
f 1493 1450 1447
f 1494 1331 1453
f 1494 1298 1331
f 1494 1296 1298
f 1494 1493 1296
f 1494 1453 1452
f 1495 1452 1450
f 1495 1493 1494
f 1495 1450 1493
f 1495 1494 1452
f 1496 1361 1448
f 1496 1448 1449
f 1496 1451 1361
f 1496 1450 1451
f 1496 1449 1450
f 1279 953 950
f 1279 950 1497
f 1280 1497 1498
f 1280 1498 1499
f 1280 1279 1497
f 1278 1499 1500
f 1278 1280 1499
f 1277 1278 1500
f 1276 1500 1501
f 1276 1277 1500
f 1275 1501 1502
f 1275 1276 1501
f 1274 1502 1503
f 1274 1275 1502
f 1272 1503 1504
f 1272 1274 1503
f 1269 1504 1505
f 1269 1272 1504
f 1270 1505 1506
f 1270 1506 1507
f 1270 1269 1505
f 1271 1270 1507
f 1273 1507 1508
f 1273 1271 1507
f 935 1508 936
f 935 1273 1508
f 1032 1302 1300
f 1034 1300 1297
f 1034 1032 1300
f 1030 1304 1302
f 1030 1302 1032
f 1036 1297 1295
f 1036 1034 1297
f 1028 892 1304
f 1028 1304 1030
f 1038 1295 1293
f 1038 1036 1295
f 1025 892 1028
f 1040 1293 1292
f 1040 1038 1293
f 1509 893 892
f 1509 892 1025
f 1042 1292 1290
f 1042 1040 1292
f 1510 895 893
f 1510 893 1509
f 1044 1290 1288
f 1044 1042 1290
f 1511 897 895
f 1511 895 1510
f 1286 1046 1044
f 1286 1044 1288
f 899 897 1511
f 899 1511 1512
f 1284 1048 1046
f 1284 1046 1286
f 1513 899 1512
f 1050 1048 1284
f 900 899 1513
f 1514 900 1513
f 1282 1050 1284
f 905 900 1514
f 905 1514 1515
f 932 1051 1050
f 932 1516 1051
f 932 1050 1282
f 913 905 1515
f 930 1516 932
f 922 1515 1517
f 922 913 1515
f 922 1517 1518
f 928 1516 930
f 928 1519 1516
f 924 1518 1520
f 924 922 1518
f 926 1520 1519
f 926 1519 928
f 926 924 1520
f 1309 1311 1306
f 1309 1306 1307
f 1309 1308 1310
f 1309 1310 1311
f 1325 988 984
f 1325 984 1521
f 1324 1521 1522
f 1324 1522 1523
f 1324 1325 1521
f 1323 1523 1524
f 1323 1324 1523
f 1321 1323 1524
f 1322 1524 1525
f 1322 1321 1524
f 1318 1525 1526
f 1318 1322 1525
f 1317 1526 1527
f 1317 1318 1526
f 1315 1527 1528
f 1315 1317 1527
f 1313 1528 1529
f 1313 1315 1528
f 1312 1529 1530
f 1312 1530 1531
f 1312 1313 1529
f 1314 1312 1531
f 1316 1531 1532
f 1316 1314 1531
f 955 1532 956
f 955 1316 1532
f 1335 1336 1327
f 1335 1327 1320
f 1319 1335 1320
f 1334 1335 1319
f 1347 1024 1023
f 1347 1533 1024
f 1349 1534 1533
f 1349 1533 1347
f 1351 1535 1534
f 1351 1534 1349
f 1352 1536 1535
f 1352 1535 1351
f 1350 1537 1536
f 1350 1536 1352
f 1348 1538 1537
f 1348 1537 1350
f 1346 1539 1538
f 1346 1538 1348
f 1345 1540 1539
f 1345 1539 1346
f 1344 1541 1540
f 1344 1540 1345
f 1343 1542 1541
f 1343 1541 1344
f 1342 1543 1542
f 1342 1542 1343
f 1341 1544 1543
f 1341 1545 1544
f 1341 1543 1342
f 1340 1545 1341
f 1339 1546 1545
f 1339 1545 1340
f 1338 1547 1546
f 1338 1546 1339
f 1337 1547 1338
f 1337 1548 1547
f 989 1548 1337
f 989 991 1548
f 1502 1504 1503
f 1500 1502 1501
f 1500 1504 1502
f 1499 1505 1504
f 1499 1506 1505
f 1499 1504 1500
f 1498 1507 1506
f 1498 1506 1499
f 1497 1508 1507
f 1497 1507 1498
f 943 941 940
f 943 942 941
f 950 936 1508
f 950 1508 1497
f 944 943 940
f 949 938 936
f 949 939 938
f 949 940 939
f 949 936 950
f 945 944 940
f 947 946 945
f 947 949 948
f 947 940 949
f 947 945 940
f 1051 1549 1052
f 1516 1550 1549
f 1516 1549 1051
f 1519 1551 1550
f 1519 1550 1516
f 1520 1552 1551
f 1520 1551 1519
f 1518 1553 1552
f 1518 1552 1520
f 1517 1554 1553
f 1517 1553 1518
f 1515 1555 1554
f 1515 1554 1517
f 1514 1556 1555
f 1514 1555 1515
f 1513 1556 1514
f 1512 1557 1556
f 1512 1556 1513
f 1511 1558 1557
f 1511 1557 1512
f 1510 1559 1558
f 1510 1560 1559
f 1510 1558 1511
f 1509 1560 1510
f 1025 1027 1560
f 1025 1560 1509
f 1526 1528 1527
f 1524 1526 1525
f 1524 1528 1526
f 1523 1529 1528
f 1523 1530 1529
f 1523 1528 1524
f 1522 1531 1530
f 1522 1530 1523
f 1521 1532 1531
f 1521 1531 1522
f 970 965 963
f 970 968 965
f 984 956 1532
f 984 1532 1521
f 972 970 963
f 982 959 956
f 982 961 959
f 982 963 961
f 982 956 984
f 974 972 963
f 978 976 974
f 978 982 980
f 978 963 982
f 978 974 963
f 1001 997 999
f 990 993 995
f 990 995 997
f 990 997 1001
f 1006 1001 1003
f 1006 990 1001
f 1014 1010 1012
f 1016 1008 1010
f 1016 1010 1014
f 1018 1006 1008
f 1018 1008 1016
f 1020 990 1006
f 1020 1006 1018
f 1542 1543 1544
f 1542 1544 1545
f 1540 1541 1542
f 1540 1542 1545
f 1533 1545 1546
f 1533 1546 1547
f 1533 1547 1548
f 1533 1548 991
f 1533 991 990
f 1533 1020 1022
f 1533 1022 1024
f 1533 990 1020
f 1533 1540 1545
f 1538 1539 1540
f 1536 1533 1534
f 1536 1534 1535
f 1536 1537 1538
f 1536 1540 1533
f 1536 1538 1540
f 1060 1031 1033
f 1062 1033 1035
f 1062 1060 1033
f 1058 1029 1031
f 1058 1031 1060
f 1064 1035 1037
f 1064 1062 1035
f 1056 1026 1029
f 1056 1029 1058
f 1066 1037 1039
f 1066 1064 1037
f 1053 1027 1026
f 1053 1026 1056
f 1068 1066 1039
f 1041 1068 1039
f 1561 1560 1027
f 1561 1027 1053
f 1070 1068 1041
f 1562 1559 1560
f 1562 1560 1561
f 1043 1070 1041
f 1072 1070 1043
f 1563 1558 1559
f 1563 1559 1562
f 1045 1074 1072
f 1045 1072 1043
f 1557 1563 1564
f 1557 1558 1563
f 1565 1557 1564
f 1047 1076 1074
f 1047 1074 1045
f 1556 1557 1565
f 1566 1556 1565
f 1049 1076 1047
f 1049 1078 1076
f 1555 1556 1566
f 1555 1566 1567
f 1052 1079 1078
f 1052 1078 1049
f 1554 1555 1567
f 1549 1079 1052
f 1549 1568 1079
f 1553 1554 1567
f 1553 1567 1569
f 1550 1568 1549
f 1550 1570 1568
f 1552 1569 1571
f 1552 1553 1569
f 1551 1571 1572
f 1551 1572 1570
f 1551 1552 1571
f 1551 1570 1550
f 1079 1573 1080
f 1568 1574 1573
f 1568 1573 1079
f 1570 1575 1574
f 1570 1574 1568
f 1572 1576 1575
f 1572 1575 1570
f 1571 1577 1576
f 1571 1576 1572
f 1569 1578 1577
f 1569 1577 1571
f 1567 1579 1578
f 1567 1578 1569
f 1566 1580 1579
f 1566 1579 1567
f 1565 1580 1566
f 1564 1581 1580
f 1564 1582 1581
f 1564 1580 1565
f 1563 1582 1564
f 1562 1583 1582
f 1562 1584 1583
f 1562 1582 1563
f 1561 1584 1562
f 1053 1055 1584
f 1053 1584 1561
f 1077 1071 1073
f 1077 1073 1075
f 1080 1069 1071
f 1080 1071 1077
f 1061 1063 1065
f 1575 1080 1573
f 1575 1573 1574
f 1576 1080 1575
f 1577 1080 1576
f 1054 1057 1059
f 1578 1069 1080
f 1578 1080 1577
f 1055 1059 1061
f 1055 1054 1059
f 1579 1065 1067
f 1579 1067 1069
f 1579 1061 1065
f 1579 1069 1578
f 1582 1579 1580
f 1582 1580 1581
f 1582 1583 1584
f 1582 1584 1055
f 1582 1061 1579
f 1582 1055 1061
f 1585 1586 1587
f 1588 1589 1590
f 1591 1592 1593
f 1594 1595 1596
f 1594 1597 1595
f 1594 1598 1597
f 1594 1599 1598
f 1594 1596 1600
f 1601 1594 1602
f 1601 1599 1594
f 1603 1604 1599
f 1603 1605 1604
f 1603 1606 1605
f 1603 1602 1606
f 1603 1599 1601
f 1603 1601 1602
f 1607 1602 1594
f 1607 1594 1600
f 1608 1602 1607
f 1608 1609 1602
f 1608 1600 1610
f 1608 1607 1600
f 1611 1608 1610
f 1611 1609 1608
f 1612 1613 1609
f 1612 1610 1614
f 1612 1611 1610
f 1612 1609 1611
f 1615 1612 1614
f 1615 1613 1612
f 1616 1614 1617
f 1618 1619 1617
f 1620 1590 1621
f 1620 1618 1617
f 1620 1617 1586
f 1620 1621 1618
f 1622 1590 1620
f 1622 1620 1586
f 1622 1588 1590
f 1623 1622 1586
f 1623 1588 1622
f 1623 1586 1585
f 1623 1585 1588
f 1624 1589 1588
f 1624 1588 1585
f 1625 1626 1589
f 1625 1624 1585
f 1625 1589 1624
f 1625 1585 1587
f 1627 1625 1587
f 1627 1626 1625
f 1628 1627 1587
f 1629 1587 1630
f 1629 1631 1628
f 1629 1628 1587
f 1632 1633 1634
f 1632 1635 1633
f 1636 1635 1637
f 1636 1633 1635
f 1638 1637 1639
f 1638 1636 1637
f 1638 1633 1636
f 1640 1593 1633
f 1640 1639 1641
f 1640 1633 1638
f 1640 1638 1639
f 1642 1640 1641
f 1642 1591 1593
f 1642 1593 1640
f 1643 1644 1591
f 1643 1641 1644
f 1643 1642 1641
f 1643 1591 1642
f 1645 1591 1644
f 1645 1592 1591
f 1646 1647 1592
f 1646 1648 1649
f 1646 1650 1648
f 1646 1592 1650
f 1651 1646 1649
f 1651 1647 1646
f 1652 1651 1649
f 1652 1653 1647
f 1652 1647 1651
f 1654 1655 1653
f 1654 1649 1656
f 1654 1652 1649
f 1654 1653 1652
f 1657 1654 1656
f 1657 1655 1654
f 1658 1655 1657
f 1658 1657 1656
f 1658 1659 1660
f 1658 1660 1661
f 1658 1661 1662
f 1658 1662 1663
f 1658 1656 1659
f 1664 1658 1663
f 1664 1655 1658
f 1665 1655 1664
f 1665 1664 1663
f 1665 1666 1655
f 1665 1663 1667
f 1665 1667 1668
f 1665 1668 1666
f 1669 1621 1613
f 1669 1670 1616
f 1669 1613 1670
f 1669 1671 1621
f 1672 1619 1618
f 1672 1621 1671
f 1672 1618 1621
f 1673 1626 1627
f 1673 1627 1628
f 1673 1628 1631
f 1673 1631 1626
f 1674 1634 1626
f 1674 1631 1629
f 1674 1626 1631
f 1674 1675 1634
f 1676 1675 1630
f 1677 1639 1637
f 1677 1637 1635
f 1677 1632 1676
f 1677 1676 1630
f 1677 1630 1639
f 1677 1635 1632
f 1678 1644 1641
f 1678 1645 1644
f 1678 1641 1648
f 1678 1648 1650
f 1679 1616 1670
f 1679 1614 1616
f 1680 1671 1669
f 1680 1672 1671
f 1680 1669 1616
f 1680 1617 1619
f 1680 1619 1672
f 1680 1616 1617
f 1681 1675 1674
f 1681 1630 1675
f 1681 1674 1629
f 1681 1629 1630
f 1682 1632 1634
f 1682 1676 1632
f 1682 1675 1676
f 1682 1634 1675
f 1683 1645 1678
f 1683 1678 1650
f 1683 1592 1645
f 1683 1650 1592
f 1684 1679 1670
f 1684 1670 1613
f 1684 1613 1615
f 1685 1614 1679
f 1685 1679 1684
f 1685 1684 1615
f 1685 1615 1614
f 1686 1687 1688
f 1689 1690 1691
f 1692 1693 1694
f 1695 1696 1697
f 1698 1699 1700
f 1698 1701 1699
f 1698 1702 1701
f 1698 1703 1702
f 1698 1700 1704
f 1705 1698 1706
f 1705 1703 1698
f 1707 1708 1703
f 1707 1709 1708
f 1707 1710 1709
f 1707 1706 1710
f 1707 1705 1706
f 1707 1703 1705
f 1711 1698 1704
f 1711 1706 1698
f 1712 1713 1706
f 1712 1704 1714
f 1712 1706 1711
f 1712 1711 1704
f 1715 1713 1712
f 1715 1712 1714
f 1716 1717 1713
f 1716 1714 1718
f 1716 1715 1714
f 1716 1713 1715
f 1719 1717 1716
f 1719 1716 1718
f 1720 1718 1721
f 1722 1717 1719
f 1722 1718 1720
f 1722 1719 1718
f 1723 1724 1721
f 1723 1725 1726
f 1727 1688 1725
f 1727 1721 1728
f 1727 1723 1721
f 1727 1725 1723
f 1729 1727 1728
f 1729 1686 1688
f 1729 1688 1727
f 1730 1686 1729
f 1730 1728 1731
f 1730 1731 1686
f 1730 1729 1728
f 1732 1687 1686
f 1732 1686 1731
f 1733 1691 1687
f 1733 1728 1734
f 1733 1732 1731
f 1733 1687 1732
f 1733 1731 1728
f 1735 1691 1733
f 1735 1733 1734
f 1736 1735 1734
f 1737 1734 1738
f 1737 1736 1734
f 1737 1689 1736
f 1739 1738 1740
f 1741 1742 1738
f 1741 1738 1739
f 1741 1690 1742
f 1743 1744 1745
f 1743 1746 1740
f 1747 1697 1744
f 1747 1740 1693
f 1747 1744 1743
f 1747 1743 1740
f 1748 1695 1697
f 1748 1697 1747
f 1748 1747 1693
f 1749 1695 1748
f 1749 1693 1692
f 1749 1692 1695
f 1749 1748 1693
f 1750 1695 1692
f 1750 1696 1695
f 1751 1696 1750
f 1751 1752 1696
f 1751 1692 1694
f 1751 1750 1692
f 1753 1751 1694
f 1753 1752 1751
f 1754 1753 1694
f 1754 1755 1752
f 1754 1694 1756
f 1754 1752 1753
f 1757 1755 1754
f 1757 1754 1756
f 1758 1757 1756
f 1758 1755 1757
f 1758 1759 1755
f 1758 1756 1760
f 1761 1759 1758
f 1761 1758 1760
f 1762 1759 1761
f 1762 1761 1760
f 1762 1763 1759
f 1762 1760 1764
f 1765 1763 1762
f 1765 1762 1764
f 1765 1764 1766
f 1765 1766 1767
f 1765 1767 1768
f 1765 1768 1769
f 1770 1765 1769
f 1770 1763 1765
f 1771 1763 1770
f 1771 1770 1769
f 1771 1772 1763
f 1771 1769 1773
f 1771 1773 1774
f 1771 1774 1772
f 1775 1725 1717
f 1775 1722 1720
f 1775 1717 1722
f 1776 1691 1735
f 1776 1735 1736
f 1776 1736 1689
f 1776 1689 1691
f 1777 1689 1737
f 1777 1690 1689
f 1777 1742 1690
f 1778 1744 1690
f 1778 1741 1739
f 1778 1690 1741
f 1779 1721 1724
f 1779 1724 1723
f 1779 1723 1726
f 1779 1775 1720
f 1779 1720 1721
f 1780 1742 1777
f 1780 1777 1737
f 1780 1738 1742
f 1780 1737 1738
f 1781 1739 1740
f 1781 1743 1745
f 1781 1746 1743
f 1781 1778 1739
f 1781 1740 1746
f 1782 1775 1779
f 1782 1779 1726
f 1782 1726 1725
f 1782 1725 1775
f 1783 1778 1781
f 1783 1745 1744
f 1783 1744 1778
f 1783 1781 1745
f 1784 1785 1786
f 1787 1788 1789
f 1790 1791 1792
f 1790 1793 1791
f 1790 1794 1793
f 1790 1795 1794
f 1790 1792 1796
f 1797 1790 1798
f 1797 1795 1790
f 1799 1800 1795
f 1799 1801 1800
f 1799 1802 1801
f 1799 1798 1802
f 1799 1795 1797
f 1799 1797 1798
f 1803 1798 1790
f 1803 1790 1796
f 1804 1805 1798
f 1804 1796 1806
f 1804 1803 1796
f 1804 1798 1803
f 1807 1804 1806
f 1807 1805 1804
f 1808 1807 1806
f 1808 1809 1805
f 1808 1805 1807
f 1810 1786 1809
f 1810 1806 1811
f 1810 1808 1806
f 1810 1809 1808
f 1812 1810 1811
f 1812 1786 1810
f 1813 1784 1786
f 1813 1814 1784
f 1815 1814 1816
f 1815 1784 1814
f 1817 1784 1815
f 1817 1785 1784
f 1817 1815 1816
f 1818 1819 1785
f 1818 1816 1820
f 1818 1785 1817
f 1818 1817 1816
f 1821 1818 1820
f 1821 1820 1822
f 1821 1819 1818
f 1823 1821 1822
f 1823 1819 1821
f 1823 1824 1819
f 1823 1822 1824
f 1825 1826 1819
f 1825 1819 1824
f 1827 1828 1829
f 1827 1830 1831
f 1827 1829 1830
f 1832 1827 1831
f 1833 1789 1834
f 1833 1832 1831
f 1833 1834 1832
f 1835 1836 1787
f 1835 1787 1789
f 1837 1836 1838
f 1837 1787 1836
f 1839 1788 1787
f 1839 1837 1838
f 1839 1787 1837
f 1840 1841 1788
f 1840 1838 1842
f 1840 1788 1839
f 1840 1839 1838
f 1843 1840 1842
f 1843 1841 1840
f 1844 1843 1842
f 1845 1842 1846
f 1847 1848 1849
f 1847 1846 1850
f 1847 1851 1846
f 1847 1849 1851
f 1852 1848 1847
f 1852 1847 1850
f 1853 1854 1848
f 1853 1850 1855
f 1853 1848 1852
f 1853 1852 1850
f 1856 1854 1853
f 1856 1853 1855
f 1857 1854 1856
f 1857 1856 1855
f 1857 1858 1854
f 1859 1857 1855
f 1859 1858 1857
f 1859 1860 1861
f 1859 1861 1862
f 1859 1862 1863
f 1859 1863 1864
f 1859 1855 1860
f 1865 1859 1864
f 1865 1858 1859
f 1866 1858 1865
f 1866 1865 1864
f 1866 1867 1858
f 1866 1864 1868
f 1866 1868 1869
f 1866 1869 1867
f 1870 1811 1816
f 1870 1814 1813
f 1870 1816 1814
f 1870 1812 1811
f 1871 1825 1824
f 1871 1822 1820
f 1871 1824 1822
f 1872 1825 1871
f 1872 1820 1830
f 1872 1871 1820
f 1872 1830 1873
f 1874 1828 1834
f 1874 1829 1828
f 1874 1834 1826
f 1874 1826 1873
f 1875 1834 1828
f 1875 1828 1827
f 1875 1827 1832
f 1875 1832 1834
f 1876 1836 1835
f 1876 1838 1836
f 1876 1831 1838
f 1876 1833 1831
f 1877 1878 1841
f 1877 1844 1878
f 1877 1843 1844
f 1877 1841 1843
f 1879 1849 1841
f 1879 1841 1878
f 1880 1879 1845
f 1880 1849 1879
f 1881 1870 1813
f 1881 1786 1812
f 1881 1812 1870
f 1881 1813 1786
f 1882 1872 1873
f 1882 1873 1826
f 1882 1825 1872
f 1882 1826 1825
f 1883 1874 1873
f 1883 1873 1830
f 1883 1830 1829
f 1883 1829 1874
f 1884 1833 1876
f 1884 1835 1789
f 1884 1876 1835
f 1884 1789 1833
f 1885 1879 1878
f 1885 1845 1879
f 1885 1844 1842
f 1885 1878 1844
f 1885 1842 1845
f 1886 1880 1845
f 1886 1845 1846
f 1886 1846 1851
f 1887 1849 1880
f 1887 1880 1886
f 1887 1886 1851
f 1887 1851 1849
f 1888 1889 1890
f 1891 1892 1893
f 1891 1894 1892
f 1891 1895 1894
f 1891 1893 1896
f 1897 1891 1896
f 1897 1895 1891
f 1898 1899 1895
f 1898 1900 1899
f 1898 1901 1900
f 1898 1902 1901
f 1898 1903 1902
f 1898 1897 1896
f 1898 1895 1897
f 1904 1896 1905
f 1904 1903 1898
f 1904 1898 1896
f 1906 1903 1904
f 1906 1904 1905
f 1907 1908 1903
f 1907 1905 1909
f 1907 1906 1905
f 1907 1903 1906
f 1910 1908 1907
f 1910 1907 1909
f 1911 1912 1908
f 1911 1910 1909
f 1911 1909 1913
f 1911 1908 1910
f 1914 1912 1911
f 1914 1911 1913
f 1915 1916 1917
f 1915 1913 1918
f 1915 1918 1916
f 1919 1917 1916
f 1919 1916 1918
f 1920 1921 1917
f 1920 1917 1919
f 1920 1919 1918
f 1922 1923 1921
f 1922 1921 1920
f 1922 1920 1918
f 1922 1918 1924
f 1925 1922 1924
f 1925 1923 1922
f 1926 1925 1924
f 1927 1924 1928
f 1927 1929 1926
f 1927 1926 1924
f 1930 1928 1931
f 1932 1890 1930
f 1932 1888 1890
f 1932 1930 1931
f 1933 1934 1888
f 1933 1932 1931
f 1933 1931 1934
f 1933 1888 1932
f 1935 1889 1888
f 1935 1888 1934
f 1936 1937 1938
f 1939 1940 1941
f 1939 1941 1942
f 1939 1942 1938
f 1943 1944 1940
f 1943 1938 1945
f 1943 1940 1939
f 1943 1939 1938
f 1946 1944 1943
f 1946 1943 1945
f 1947 1946 1945
f 1948 1945 1949
f 1948 1947 1945
f 1948 1950 1947
f 1951 1952 1953
f 1951 1954 1952
f 1951 1949 1955
f 1951 1953 1949
f 1956 1951 1955
f 1956 1955 1957
f 1956 1954 1951
f 1958 1954 1956
f 1958 1956 1957
f 1959 1960 1954
f 1959 1954 1958
f 1959 1957 1961
f 1959 1958 1957
f 1962 1959 1961
f 1962 1960 1959
f 1963 1964 1965
f 1963 1965 1966
f 1963 1966 1967
f 1963 1961 1964
f 1968 1963 1967
f 1968 1961 1963
f 1969 1960 1962
f 1969 1961 1968
f 1969 1970 1960
f 1969 1968 1967
f 1969 1962 1961
f 1969 1967 1971
f 1969 1971 1972
f 1969 1972 1973
f 1969 1973 1970
f 1974 1917 1921
f 1974 1921 1912
f 1974 1915 1917
f 1975 1923 1925
f 1975 1925 1926
f 1975 1926 1929
f 1975 1929 1923
f 1976 1890 1923
f 1976 1929 1927
f 1976 1930 1890
f 1976 1923 1929
f 1977 1931 1937
f 1977 1934 1931
f 1977 1935 1934
f 1977 1937 1978
f 1979 1940 1889
f 1979 1889 1978
f 1980 1940 1979
f 1980 1979 1936
f 1980 1941 1940
f 1981 1950 1944
f 1981 1944 1946
f 1981 1946 1947
f 1981 1947 1950
f 1982 1944 1950
f 1982 1953 1952
f 1982 1952 1944
f 1982 1950 1948
f 1983 1915 1974
f 1983 1913 1915
f 1984 1930 1976
f 1984 1928 1930
f 1984 1927 1928
f 1984 1976 1927
f 1985 1977 1978
f 1985 1889 1935
f 1985 1978 1889
f 1985 1935 1977
f 1986 1936 1979
f 1986 1979 1978
f 1986 1978 1937
f 1986 1937 1936
f 1987 1941 1980
f 1987 1980 1936
f 1987 1936 1938
f 1987 1942 1941
f 1987 1938 1942
f 1988 1953 1982
f 1988 1982 1948
f 1988 1948 1949
f 1988 1949 1953
f 1989 1983 1974
f 1989 1912 1914
f 1989 1974 1912
f 1990 1983 1989
f 1990 1913 1983
f 1990 1989 1914
f 1990 1914 1913
f 1991 1992 1993
f 1991 1994 1992
f 1995 1993 1996
f 1995 1991 1993
f 1997 1996 1998
f 1997 1995 1996
f 1999 1998 2000
f 1999 1997 1998
f 2001 2000 2002
f 2001 1999 2000
f 2003 2002 2004
f 2003 2001 2002
f 2005 2004 2006
f 2005 2003 2004
f 2007 2006 2008
f 2007 2005 2006
f 2009 2008 2010
f 2009 2007 2008
f 2011 2010 2012
f 2011 2009 2010
f 2013 2012 2014
f 2013 2011 2012
f 2015 2014 2016
f 2015 2013 2014
f 2017 2016 2018
f 2017 2015 2016
f 2019 2017 2018
f 2020 2021 2022
f 2020 2022 2023
f 2024 2023 2025
f 2024 2020 2023
f 2026 2025 2027
f 2026 2024 2025
f 2028 2026 2027
f 2029 2026 2028
f 2030 2028 2031
f 2030 2029 2028
f 2032 2031 2033
f 2032 2030 2031
f 2019 2033 2034
f 2019 2032 2033
f 2035 2019 2034
f 2017 2019 2035
f 2015 2035 2036
f 2015 2017 2035
f 2037 2015 2036
f 2013 2015 2037
f 2011 2037 2038
f 2011 2013 2037
f 2009 2038 2039
f 2009 2011 2038
f 2007 2039 2040
f 2007 2009 2039
f 2041 2007 2040
f 2005 2007 2041
f 1993 2042 2043
f 1993 1992 2042
f 1996 2043 2044
f 1996 1993 2043
f 1998 2044 2045
f 1998 1996 2044
f 2046 1998 2045
f 2000 1998 2046
f 2002 2046 2047
f 2002 2000 2046
f 2004 2047 2048
f 2004 2002 2047
f 2006 2048 2049
f 2006 2004 2048
f 2008 2049 2050
f 2008 2006 2049
f 2051 2008 2050
f 2010 2008 2051
f 2012 2051 2052
f 2012 2010 2051
f 2053 2012 2052
f 2014 2012 2053
f 2016 2053 2054
f 2016 2014 2053
f 2055 2016 2054
f 2018 2016 2055
f 1596 2056 2057
f 1600 2057 2058
f 1600 1596 2057
f 1610 2058 2059
f 1610 1600 2058
f 1614 2059 2060
f 1614 1610 2059
f 1617 2060 2061
f 1617 1614 2060
f 1586 2061 2062
f 1586 1617 2061
f 1587 2062 2041
f 1587 1586 2062
f 1630 2041 2040
f 1630 1587 2041
f 1639 2040 2039
f 1639 1630 2040
f 1641 2039 2038
f 1641 1639 2039
f 1648 2038 2037
f 1648 1641 2038
f 1649 2037 2036
f 1649 1648 2037
f 1656 2036 2035
f 1656 1649 2036
f 1659 2035 2034
f 1659 1656 2035
f 1704 2063 2064
f 1704 2064 2065
f 1704 1700 2063
f 1714 1704 2065
f 1718 2065 2066
f 1718 1714 2065
f 1721 2066 2067
f 1721 1718 2066
f 1728 2067 2068
f 1728 1721 2067
f 1734 2068 2069
f 1734 1728 2068
f 1738 2069 2070
f 1738 1734 2069
f 1740 2070 2071
f 1740 1738 2070
f 1693 2071 2072
f 1693 1740 2071
f 1694 2072 2073
f 1694 1693 2072
f 1756 2073 2074
f 1756 1694 2073
f 1760 2074 2075
f 1760 1756 2074
f 1764 2075 2076
f 1764 1760 2075
f 2077 2078 2079
f 2077 2080 2078
f 2081 2079 2082
f 2081 2077 2079
f 2083 2082 2084
f 2083 2081 2082
f 2085 2086 2087
f 2085 2084 2086
f 2085 2083 2084
f 2088 2085 2087
f 2089 2090 2091
f 2089 2087 2090
f 2089 2088 2087
f 2092 2089 2091
f 2093 2094 2095
f 2093 2091 2094
f 2093 2092 2091
f 2096 2093 2095
f 2097 2095 2098
f 2097 2096 2095
f 2099 2098 2100
f 2099 2097 2098
f 2101 2100 2102
f 2101 2099 2100
f 2103 2102 2104
f 2103 2101 2102
f 2075 2105 2076
f 2106 2105 2075
f 2074 2106 2075
f 2107 2106 2074
f 2073 2107 2074
f 2108 2107 2073
f 2072 2108 2073
f 2109 2108 2072
f 2071 2109 2072
f 2110 2109 2071
f 2070 2110 2071
f 2111 2110 2070
f 2112 2070 2069
f 2112 2111 2070
f 2068 2112 2069
f 2113 2112 2068
f 2067 2113 2068
f 2114 2113 2067
f 2066 2114 2067
f 2115 2114 2066
f 2116 2066 2065
f 2116 2115 2066
f 2064 2116 2065
f 2117 2116 2064
f 2118 2064 2063
f 2118 2117 2064
f 2117 2119 2120
f 2117 2118 2119
f 2116 2120 2121
f 2116 2117 2120
f 2115 2121 2122
f 2115 2116 2121
f 2114 2122 2123
f 2114 2115 2122
f 2113 2123 2124
f 2113 2114 2123
f 2112 2124 2125
f 2112 2113 2124
f 2111 2125 2126
f 2111 2112 2125
f 2110 2126 2127
f 2110 2111 2126
f 2109 2127 2128
f 2109 2110 2127
f 2108 2128 2129
f 2108 2109 2128
f 2107 2129 2130
f 2107 2108 2129
f 2106 2130 2131
f 2106 2107 2130
f 2105 2131 2132
f 2105 2106 2131
f 2133 2134 2135
f 2136 2137 2134
f 2136 2134 2133
f 2138 2139 2137
f 2138 2137 2136
f 2140 2141 2139
f 2140 2139 2138
f 2142 2143 2141
f 2142 2141 2140
f 2144 2145 2143
f 2144 2143 2142
f 2146 2147 2145
f 2146 2145 2144
f 2148 2149 2147
f 2148 2147 2146
f 2150 2151 2149
f 2150 2149 2148
f 2152 2153 2151
f 2152 2151 2150
f 2154 2155 2153
f 2154 2153 2152
f 2156 2157 2155
f 2156 2155 2154
f 2158 2157 2156
f 2159 2160 2157
f 2159 2157 2158
f 2161 2160 2162
f 2161 2157 2160
f 2163 2155 2157
f 2163 2157 2161
f 2164 2153 2155
f 2164 2155 2163
f 2165 2151 2153
f 2165 2153 2164
f 2166 2149 2151
f 2166 2151 2165
f 2167 2147 2149
f 2167 2149 2166
f 2168 2145 2147
f 2168 2147 2167
f 2169 2143 2145
f 2169 2145 2168
f 2170 2141 2143
f 2170 2143 2169
f 2171 2139 2141
f 2171 2141 2170
f 2172 2137 2139
f 2172 2139 2171
f 2134 2137 2172
f 2173 2134 2172
f 2174 2135 2134
f 2174 2134 2173
f 2175 2176 2177
f 2178 2179 2176
f 2178 2176 2175
f 2180 2181 2179
f 2180 2179 2178
f 2182 2183 2181
f 2182 2181 2180
f 2184 2185 2183
f 2184 2183 2182
f 2186 2187 2185
f 2186 2185 2184
f 2188 2189 2187
f 2188 2187 2186
f 2190 2191 2189
f 2190 2189 2188
f 2192 2191 2190
f 2193 2194 2191
f 2193 2195 2194
f 2193 2191 2192
f 2196 2197 2195
f 2196 2195 2193
f 2198 2199 2197
f 2198 2197 2196
f 2200 2199 2198
f 2201 2202 2199
f 2201 2199 2200
f 2173 1860 2174
f 2173 2203 1860
f 2172 2204 2203
f 2172 2203 2173
f 2171 2205 2204
f 2171 2204 2172
f 2170 2206 2205
f 2170 2205 2171
f 2169 2207 2206
f 2169 2206 2170
f 2168 2208 2207
f 2168 2207 2169
f 2167 2209 2208
f 2167 2208 2168
f 2166 2210 2209
f 2166 2209 2167
f 2165 2211 2210
f 2165 2210 2166
f 2164 2212 2211
f 2164 2211 2165
f 2163 2213 2212
f 2163 2214 2213
f 2163 2212 2164
f 2161 2214 2163
f 2162 1792 2214
f 2162 2214 2161
f 2215 2175 2216
f 2215 2178 2175
f 2217 2180 2178
f 2217 2178 2215
f 2218 2182 2180
f 2218 2180 2217
f 2184 2182 2218
f 2219 2184 2218
f 2220 2186 2184
f 2220 2184 2219
f 2221 2188 2186
f 2221 2186 2220
f 2222 2190 2188
f 2222 2188 2221
f 2192 2190 2222
f 2223 2192 2222
f 2224 2193 2192
f 2224 2192 2223
f 2225 2196 2193
f 2225 2193 2224
f 2198 2196 2225
f 2226 2198 2225
f 2227 2200 2198
f 2227 2198 2226
f 2201 2200 2227
f 2228 2201 2227
f 2229 2216 1970
f 2229 2215 2216
f 2230 2217 2215
f 2230 2215 2229
f 2231 2218 2217
f 2231 2217 2230
f 2232 2219 2218
f 2232 2218 2231
f 2233 2220 2219
f 2233 2219 2232
f 2234 2221 2220
f 2234 2220 2233
f 2235 2222 2221
f 2235 2221 2234
f 2236 2223 2222
f 2236 2222 2235
f 2237 2224 2223
f 2237 2223 2236
f 2238 2225 2224
f 2238 2224 2237
f 2239 2226 2225
f 2239 2225 2238
f 2240 2227 2226
f 2240 2226 2239
f 1902 2228 2227
f 1902 2227 2240
f 2032 2019 2018
f 2032 2018 2241
f 2030 2241 2242
f 2030 2032 2241
f 2029 2242 2243
f 2029 2030 2242
f 2026 2243 2244
f 2026 2029 2243
f 2024 2244 2245
f 2024 2026 2244
f 2020 2245 2246
f 2020 2024 2245
f 2021 2246 2247
f 2021 2020 2246
f 2248 2247 2249
f 2248 2021 2247
f 2250 2249 2251
f 2250 2248 2249
f 2252 2251 2253
f 2252 2250 2251
f 2254 2253 2255
f 2254 2252 2253
f 2256 2255 2257
f 2256 2254 2255
f 2258 2257 1992
f 2258 2256 2257
f 1994 2258 1992
f 2003 2005 2041
f 2003 2041 2062
f 2001 2062 2061
f 2001 2003 2062
f 1999 2061 2060
f 1999 2001 2061
f 2059 1999 2060
f 1997 1999 2059
f 2058 1997 2059
f 1995 1997 2058
f 1991 2058 2057
f 1991 1995 2058
f 1994 2057 2056
f 1994 1991 2057
f 2258 2056 2259
f 2258 1994 2056
f 2260 2258 2259
f 2256 2258 2260
f 2261 2256 2260
f 2254 2256 2261
f 2252 2261 2262
f 2252 2254 2261
f 2250 2262 2263
f 2250 2252 2262
f 2264 2250 2263
f 2248 2250 2264
f 2021 2264 2022
f 2021 2248 2264
f 2241 2018 2055
f 2241 2055 2265
f 2242 2265 2266
f 2242 2241 2265
f 2243 2266 2267
f 2243 2242 2266
f 2244 2267 2268
f 2244 2243 2267
f 2245 2268 2269
f 2245 2244 2268
f 2270 2245 2269
f 2246 2245 2270
f 2247 2270 2271
f 2247 2246 2270
f 2272 2247 2271
f 2249 2247 2272
f 2251 2272 2273
f 2251 2249 2272
f 2253 2273 2274
f 2253 2251 2273
f 2255 2274 2275
f 2255 2253 2274
f 2276 2255 2275
f 2257 2255 2276
f 2042 2257 2276
f 1992 2257 2042
f 1659 2034 2033
f 2277 2033 2031
f 2277 1659 2033
f 2278 2031 2028
f 2278 2277 2031
f 2279 2028 2027
f 2279 2278 2028
f 2280 2027 2025
f 2280 2279 2027
f 2281 2025 2023
f 2281 2280 2025
f 2282 2023 2022
f 2282 2281 2023
f 2283 2022 2264
f 2283 2282 2022
f 2284 2264 2263
f 2284 2283 2264
f 2285 2263 2262
f 2285 2284 2263
f 2286 2262 2261
f 2286 2285 2262
f 2287 2261 2260
f 2287 2286 2261
f 2288 2260 2259
f 2288 2287 2260
f 1596 2259 2056
f 1596 2288 2259
f 2289 2274 2273
f 2290 2275 2274
f 2290 2274 2289
f 2291 2273 2272
f 2291 2289 2273
f 2292 2276 2275
f 2292 2275 2290
f 2293 2272 2271
f 2293 2291 2272
f 2294 2276 2292
f 2295 2293 2271
f 2296 2042 2276
f 2296 2276 2294
f 1710 2042 2296
f 2297 2271 2270
f 2297 2295 2271
f 1706 2043 2042
f 1706 2042 1710
f 2298 2270 2269
f 2298 2297 2270
f 2299 2298 2269
f 1713 2044 2043
f 1713 2043 1706
f 2268 2299 2269
f 2300 2299 2268
f 1717 2044 1713
f 1717 2045 2044
f 2267 2300 2268
f 2267 2301 2300
f 1725 2045 1717
f 2046 2045 1725
f 1688 2046 1725
f 2266 2301 2267
f 2266 2302 2301
f 2047 2046 1688
f 2047 1688 1687
f 2265 2302 2266
f 2265 2303 2302
f 2048 2047 1687
f 2048 1687 1691
f 2055 1763 1772
f 2055 1772 2303
f 2055 2303 2265
f 2049 2048 1691
f 2049 1691 1690
f 2049 1690 1744
f 2054 1755 1759
f 2054 1759 1763
f 2054 1763 2055
f 2050 1744 1697
f 2050 2049 1744
f 2053 1755 2054
f 2053 1752 1755
f 2051 1697 1696
f 2051 2050 1697
f 2052 1696 1752
f 2052 2051 1696
f 2052 1752 2053
f 2304 2281 2282
f 2305 2306 2307
f 2308 2309 2310
f 2311 1659 2277
f 2311 1660 1659
f 2311 1661 1660
f 2311 1662 1661
f 2311 1663 1662
f 2312 2311 2313
f 2312 1663 2311
f 2314 2313 1666
f 2314 2312 2313
f 2314 1667 1663
f 2314 1668 1667
f 2314 1666 1668
f 2314 1663 2312
f 2315 2313 2311
f 2315 2311 2277
f 2316 2313 2315
f 2316 2317 2313
f 2316 2277 2278
f 2316 2315 2277
f 2318 2316 2278
f 2318 2317 2316
f 2319 2320 2317
f 2319 2318 2278
f 2319 2278 2279
f 2319 2317 2318
f 2321 2320 2319
f 2321 2319 2279
f 2322 2279 2280
f 2323 2324 2280
f 2325 2307 2326
f 2325 2280 2281
f 2325 2323 2280
f 2325 2326 2323
f 2327 2307 2325
f 2327 2325 2281
f 2327 2305 2307
f 2328 2304 2305
f 2328 2327 2281
f 2328 2305 2327
f 2328 2281 2304
f 2329 2305 2304
f 2329 2306 2305
f 2330 2331 2306
f 2330 2306 2329
f 2330 2329 2304
f 2330 2304 2282
f 2332 2330 2282
f 2332 2331 2330
f 2333 2332 2282
f 2334 2335 2333
f 2334 2282 2283
f 2334 2333 2282
f 2336 2337 2338
f 2336 2338 2339
f 2340 2337 2341
f 2340 2338 2337
f 2342 2340 2341
f 2342 2341 2284
f 2342 2338 2340
f 2343 2310 2338
f 2343 2284 2285
f 2343 2342 2284
f 2343 2338 2342
f 2344 2343 2285
f 2344 2308 2310
f 2344 2310 2343
f 2345 2346 2308
f 2345 2344 2285
f 2345 2285 2346
f 2345 2308 2344
f 2347 2308 2346
f 2347 2309 2308
f 2348 2349 2309
f 2348 2286 2287
f 2348 2350 2286
f 2348 2309 2350
f 2351 2349 2348
f 2351 2348 2287
f 2352 2353 2349
f 2352 2349 2351
f 2352 2351 2287
f 2354 2355 2353
f 2354 2287 2288
f 2354 2353 2352
f 2354 2352 2287
f 2356 2354 2288
f 2356 2355 2354
f 2357 2355 2356
f 2357 2356 2288
f 2357 1596 1595
f 2357 1595 1597
f 2357 1597 1598
f 2357 1598 1599
f 2357 2288 1596
f 2358 2355 2357
f 2358 2357 1599
f 2359 2358 1599
f 2359 2355 2358
f 2359 1606 2355
f 2359 1599 1604
f 2359 1604 1605
f 2359 1605 1606
f 2360 2326 2320
f 2360 2361 2322
f 2360 2320 2361
f 2360 2362 2326
f 2363 2324 2323
f 2363 2326 2362
f 2363 2323 2326
f 2364 2335 2331
f 2364 2333 2335
f 2364 2332 2333
f 2364 2331 2332
f 2365 2331 2335
f 2365 2339 2331
f 2365 2335 2334
f 2365 2366 2339
f 2367 2366 2283
f 2368 2341 2337
f 2368 2284 2341
f 2368 2367 2283
f 2368 2283 2284
f 2368 2337 2336
f 2368 2336 2367
f 2369 2285 2286
f 2369 2346 2285
f 2369 2347 2346
f 2369 2286 2350
f 2370 2322 2361
f 2370 2279 2322
f 2371 2362 2360
f 2371 2363 2362
f 2371 2322 2280
f 2371 2360 2322
f 2371 2324 2363
f 2371 2280 2324
f 2372 2365 2334
f 2372 2366 2365
f 2372 2334 2283
f 2372 2283 2366
f 2373 2336 2339
f 2373 2366 2367
f 2373 2339 2366
f 2373 2367 2336
f 2374 2347 2369
f 2374 2369 2350
f 2374 2350 2309
f 2374 2309 2347
f 2375 2320 2321
f 2375 2370 2361
f 2375 2361 2320
f 2376 2375 2321
f 2376 2279 2370
f 2376 2370 2375
f 2376 2321 2279
f 2377 2298 2299
f 2378 2295 2297
f 2379 2380 2381
f 2382 2289 2291
f 2383 1764 2384
f 2383 1766 1764
f 2383 1767 1766
f 2383 1768 1767
f 2383 1769 1768
f 2385 1769 2383
f 2385 2383 2303
f 2386 2303 1772
f 2386 1773 1769
f 2386 1774 1773
f 2386 1772 1774
f 2386 2385 2303
f 2386 1769 2385
f 2387 2383 2384
f 2387 2303 2383
f 2388 2302 2303
f 2388 2384 2389
f 2388 2303 2387
f 2388 2387 2384
f 2390 2302 2388
f 2390 2388 2389
f 2391 2301 2302
f 2391 2389 2392
f 2391 2302 2390
f 2391 2390 2389
f 2393 2391 2392
f 2393 2301 2391
f 2394 2392 2395
f 2396 2301 2393
f 2396 2392 2394
f 2396 2393 2392
f 2397 2398 2395
f 2397 2300 2399
f 2400 2299 2300
f 2400 2395 2401
f 2400 2397 2395
f 2400 2300 2397
f 2402 2400 2401
f 2402 2299 2400
f 2402 2377 2299
f 2403 2402 2401
f 2403 2377 2402
f 2403 2401 2404
f 2403 2404 2377
f 2405 2298 2377
f 2405 2377 2404
f 2406 2297 2298
f 2406 2401 2407
f 2406 2405 2404
f 2406 2298 2405
f 2406 2404 2401
f 2408 2297 2406
f 2408 2406 2407
f 2409 2407 2410
f 2409 2408 2407
f 2411 2378 2409
f 2411 2409 2410
f 2412 2410 2413
f 2414 2415 2410
f 2414 2410 2412
f 2414 2295 2415
f 2416 2293 2417
f 2416 2418 2413
f 2419 2291 2293
f 2419 2413 2380
f 2419 2416 2413
f 2419 2293 2416
f 2420 2382 2291
f 2420 2291 2419
f 2420 2419 2380
f 2421 2380 2379
f 2421 2382 2420
f 2421 2420 2380
f 2421 2379 2382
f 2422 2382 2379
f 2422 2289 2382
f 2423 2379 2381
f 2423 2290 2289
f 2423 2289 2422
f 2423 2422 2379
f 2424 2290 2423
f 2424 2423 2381
f 2425 2292 2290
f 2425 2381 2426
f 2425 2290 2424
f 2425 2424 2381
f 2427 2292 2425
f 2427 2425 2426
f 2428 2427 2426
f 2428 2294 2292
f 2428 2426 2429
f 2428 2292 2427
f 2430 2294 2428
f 2430 2428 2429
f 2431 2294 2430
f 2431 2430 2429
f 2431 2296 2294
f 2431 2429 1700
f 2432 2296 2431
f 2432 2431 1700
f 2432 1700 1699
f 2432 1699 1701
f 2432 1701 1702
f 2432 1702 1703
f 2433 2432 1703
f 2433 2296 2432
f 2434 2296 2433
f 2434 1710 2296
f 2434 2433 1703
f 2434 1703 1708
f 2434 1708 1709
f 2434 1709 1710
f 2435 2300 2301
f 2435 2301 2396
f 2435 2396 2394
f 2436 2409 2378
f 2436 2297 2408
f 2436 2408 2409
f 2436 2378 2297
f 2437 2295 2378
f 2437 2378 2411
f 2437 2415 2295
f 2438 2293 2295
f 2438 2295 2414
f 2438 2414 2412
f 2439 2435 2394
f 2439 2395 2398
f 2439 2398 2397
f 2439 2397 2399
f 2439 2394 2395
f 2440 2437 2411
f 2440 2415 2437
f 2440 2411 2410
f 2440 2410 2415
f 2441 2438 2412
f 2441 2412 2413
f 2441 2413 2418
f 2441 2416 2417
f 2441 2418 2416
f 2442 2439 2399
f 2442 2300 2435
f 2442 2399 2300
f 2442 2435 2439
f 2443 2417 2293
f 2443 2441 2417
f 2443 2438 2441
f 2443 2293 2438
f 2309 2444 2445
f 2349 2446 2444
f 2349 2444 2309
f 2310 2309 2445
f 2447 2310 2445
f 2353 2446 2349
f 2338 2310 2447
f 2448 2446 2353
f 2355 2448 2353
f 2339 2447 2449
f 2339 2338 2447
f 2078 2448 2355
f 1606 2078 2355
f 2331 2339 2449
f 2450 2331 2449
f 2306 2331 2450
f 1602 2079 2078
f 1602 2078 1606
f 2451 2306 2450
f 2307 2306 2451
f 1609 2082 2079
f 1609 2079 1602
f 2452 2307 2451
f 2326 2307 2452
f 1613 2082 1609
f 2084 2082 1613
f 2453 2326 2452
f 2320 2326 2453
f 1621 2084 1613
f 2086 2084 1621
f 2454 2317 2320
f 2454 2320 2453
f 1590 2086 1621
f 2087 2086 1590
f 1589 2087 1590
f 2455 2317 2454
f 2455 2313 2317
f 2090 2087 1589
f 1626 2090 1589
f 2104 2313 2455
f 2104 1666 2313
f 2091 1626 1634
f 2091 2090 1626
f 1655 1666 2104
f 2102 1655 2104
f 1653 1655 2102
f 2094 1634 1633
f 2094 2091 1634
f 1593 2094 1633
f 2100 1647 1653
f 2100 1653 2102
f 2095 1593 1592
f 2095 2094 1593
f 2098 1592 1647
f 2098 1647 2100
f 2098 2095 1592
f 2384 1764 2076
f 2384 2076 2456
f 2389 2456 2457
f 2389 2384 2456
f 2392 2457 2458
f 2392 2389 2457
f 2395 2458 2459
f 2395 2392 2458
f 2401 2459 2460
f 2401 2395 2459
f 2407 2460 2461
f 2407 2401 2460
f 2410 2461 2462
f 2410 2407 2461
f 2413 2462 2463
f 2413 2410 2462
f 2380 2463 2464
f 2380 2413 2463
f 2381 2464 2465
f 2381 2380 2464
f 2426 2465 2466
f 2426 2381 2465
f 2429 2466 2467
f 2429 2426 2466
f 1700 2467 2063
f 1700 2429 2467
f 2468 2103 2104
f 2468 2455 2454
f 2468 2104 2455
f 2469 2454 2453
f 2469 2468 2454
f 2470 2469 2453
f 2471 2453 2452
f 2471 2470 2453
f 2472 2451 2450
f 2472 2452 2451
f 2472 2471 2452
f 2473 2472 2450
f 2474 2449 2447
f 2474 2450 2449
f 2474 2473 2450
f 2475 2474 2447
f 2476 2447 2445
f 2476 2475 2447
f 2477 2444 2446
f 2477 2445 2444
f 2477 2476 2445
f 2478 2477 2446
f 2479 2446 2448
f 2479 2478 2446
f 2080 2448 2078
f 2080 2479 2448
f 2480 2118 2063
f 2480 2063 2467
f 2481 2467 2466
f 2481 2480 2467
f 2482 2466 2465
f 2482 2481 2466
f 2483 2465 2464
f 2483 2482 2465
f 2484 2464 2463
f 2484 2483 2464
f 2485 2463 2462
f 2485 2484 2463
f 2486 2462 2461
f 2486 2485 2462
f 2487 2461 2460
f 2487 2486 2461
f 2488 2460 2459
f 2488 2487 2460
f 2489 2459 2458
f 2489 2488 2459
f 2490 2458 2457
f 2490 2489 2458
f 2491 2457 2456
f 2491 2490 2457
f 2105 2456 2076
f 2105 2491 2456
f 2142 2470 2471
f 2142 2140 2470
f 2138 2469 2470
f 2138 2470 2140
f 2144 2472 2473
f 2144 2471 2472
f 2144 2142 2471
f 2136 2468 2469
f 2136 2103 2468
f 2136 2469 2138
f 2146 2144 2473
f 2133 2103 2136
f 2148 2473 2474
f 2148 2146 2473
f 2492 2101 2103
f 2492 2103 2133
f 2150 2474 2475
f 2150 2148 2474
f 2493 2099 2101
f 2493 2101 2492
f 2152 2475 2476
f 2152 2150 2475
f 2494 2097 2099
f 2494 2099 2493
f 2477 2154 2152
f 2477 2152 2476
f 2096 2097 2494
f 2096 2494 2495
f 2496 2096 2495
f 2478 2154 2477
f 2478 2156 2154
f 2158 2156 2478
f 2093 2096 2496
f 2479 2158 2478
f 2479 2159 2158
f 2092 2093 2496
f 2092 2496 2497
f 2080 2159 2479
f 2089 2092 2497
f 2089 2497 2498
f 2077 2159 2080
f 2077 2499 2500
f 2077 2500 2159
f 2088 2089 2498
f 2088 2498 2501
f 2081 2499 2077
f 2085 2501 2502
f 2085 2088 2501
f 2083 2502 2503
f 2083 2503 2499
f 2083 2085 2502
f 2083 2499 2081
f 2491 2105 2132
f 2491 2132 2504
f 2491 2504 2505
f 2490 2505 2506
f 2490 2491 2505
f 2489 2506 2507
f 2489 2490 2506
f 2488 2507 2508
f 2488 2489 2507
f 2487 2508 2509
f 2487 2488 2508
f 2486 2509 2510
f 2486 2487 2509
f 2485 2486 2510
f 2484 2510 2511
f 2484 2511 2512
f 2484 2485 2510
f 2483 2512 2513
f 2483 2484 2512
f 2482 2483 2513
f 2481 2513 2514
f 2481 2514 2515
f 2481 2482 2513
f 2480 2515 2119
f 2480 2481 2515
f 2118 2480 2119
f 2159 2516 2160
f 2500 2517 2516
f 2500 2516 2159
f 2499 2518 2517
f 2499 2517 2500
f 2503 2519 2518
f 2503 2518 2499
f 2502 2520 2519
f 2502 2519 2503
f 2501 2521 2520
f 2501 2520 2502
f 2498 2522 2521
f 2498 2521 2501
f 2497 2523 2522
f 2497 2522 2498
f 2496 2524 2523
f 2496 2523 2497
f 2495 2525 2524
f 2495 2524 2496
f 2494 2525 2495
f 2493 2526 2525
f 2493 2527 2526
f 2493 2525 2494
f 2492 2527 2493
f 2133 2135 2527
f 2133 2527 2492
f 2195 2514 2513
f 2194 2513 2512
f 2194 2195 2513
f 2197 2514 2195
f 2515 2514 2197
f 2191 2512 2511
f 2191 2194 2512
f 2199 2515 2197
f 2189 2511 2510
f 2189 2191 2511
f 2202 2119 2515
f 2202 2515 2199
f 2187 2510 2509
f 2187 2189 2510
f 2528 2120 2119
f 2528 2119 2202
f 2185 2509 2508
f 2185 2187 2509
f 2121 2120 2528
f 2529 2121 2528
f 2183 2508 2507
f 2183 2185 2508
f 2530 2121 2529
f 2530 2122 2121
f 2181 2183 2507
f 2506 2181 2507
f 2123 2530 2531
f 2123 2122 2530
f 2505 2181 2506
f 2505 2179 2181
f 2124 2123 2531
f 2124 2531 2532
f 2176 2179 2505
f 2504 2176 2505
f 2125 2124 2532
f 2125 2532 2533
f 2534 2125 2533
f 2132 2176 2504
f 2132 2177 2176
f 2126 2125 2534
f 2131 2177 2132
f 2131 2535 2177
f 2127 2534 2536
f 2127 2536 2537
f 2127 2126 2534
f 2130 2535 2131
f 2130 2538 2539
f 2130 2539 2535
f 2128 2127 2537
f 2129 2537 2538
f 2129 2538 2130
f 2129 2128 2537
f 2527 2135 2174
f 2540 2527 2174
f 2526 2527 2540
f 2541 2526 2540
f 2525 2526 2541
f 2542 2525 2541
f 2524 2525 2542
f 2543 2524 2542
f 2523 2524 2543
f 2544 2523 2543
f 2522 2523 2544
f 2545 2522 2544
f 2546 2521 2522
f 2546 2522 2545
f 2520 2521 2546
f 2547 2520 2546
f 2548 2519 2520
f 2548 2520 2547
f 2518 2519 2548
f 2549 2518 2548
f 2550 2517 2518
f 2550 2518 2549
f 2516 2517 2550
f 2551 2516 2550
f 2162 2160 2516
f 2162 2516 2551
f 2201 2528 2202
f 2552 2529 2528
f 2552 2528 2201
f 2553 2530 2529
f 2553 2529 2552
f 2554 2531 2530
f 2554 2530 2553
f 2555 2532 2531
f 2555 2531 2554
f 2556 2533 2532
f 2556 2532 2555
f 2557 2534 2533
f 2557 2533 2556
f 2558 2536 2534
f 2558 2534 2557
f 2559 2536 2558
f 2560 2537 2536
f 2560 2538 2537
f 2560 2536 2559
f 2561 2538 2560
f 2562 2539 2538
f 2562 2538 2561
f 2563 2535 2539
f 2563 2539 2562
f 2175 2177 2535
f 2175 2535 2563
f 2551 1792 2162
f 2551 1796 1792
f 2550 1806 1796
f 2550 1796 2551
f 2549 1811 1806
f 2549 1806 2550
f 2548 1816 1811
f 2548 1811 2549
f 2547 1820 1816
f 2547 1816 2548
f 2546 1830 1820
f 2546 1820 2547
f 2545 1831 1830
f 2545 1830 2546
f 2544 1838 1831
f 2544 1831 2545
f 2543 1842 1838
f 2543 1838 2544
f 2542 1846 1842
f 2542 1842 2543
f 2541 1850 1846
f 2541 1846 2542
f 2540 1855 1850
f 2540 1850 2541
f 2174 1860 1855
f 2174 1855 2540
f 2564 2201 2228
f 2564 2552 2201
f 2565 2553 2552
f 2565 2552 2564
f 2566 2554 2553
f 2566 2553 2565
f 2567 2555 2554
f 2567 2554 2566
f 2568 2556 2555
f 2568 2555 2567
f 2569 2557 2556
f 2569 2556 2568
f 2558 2557 2569
f 2570 2558 2569
f 2571 2559 2558
f 2571 2558 2570
f 2572 2560 2559
f 2572 2559 2571
f 2573 2561 2560
f 2573 2560 2572
f 2574 2562 2561
f 2574 2561 2573
f 2563 2562 2574
f 2575 2563 2574
f 2175 2563 2575
f 2216 2175 2575
f 2576 2577 2578
f 2579 2580 2581
f 2582 1860 2203
f 2582 1861 1860
f 2582 1862 1861
f 2582 1863 1862
f 2582 1864 1863
f 2583 2582 2584
f 2583 1864 2582
f 2585 2584 1867
f 2585 2583 2584
f 2585 1868 1864
f 2585 1869 1868
f 2585 1867 1869
f 2585 1864 2583
f 2586 2584 2582
f 2586 2582 2203
f 2587 2588 2584
f 2587 2203 2204
f 2587 2586 2203
f 2587 2584 2586
f 2589 2587 2204
f 2589 2588 2587
f 2590 2591 2588
f 2590 2589 2204
f 2590 2588 2589
f 2592 2578 2591
f 2592 2204 2205
f 2592 2590 2204
f 2592 2591 2590
f 2593 2592 2205
f 2593 2578 2592
f 2594 2576 2578
f 2594 2595 2576
f 2596 2595 2206
f 2596 2576 2595
f 2597 2576 2596
f 2597 2577 2576
f 2597 2596 2206
f 2598 2599 2577
f 2598 2206 2207
f 2598 2577 2597
f 2598 2597 2206
f 2600 2207 2601
f 2600 2598 2207
f 2600 2599 2598
f 2602 2603 2599
f 2602 2601 2603
f 2602 2599 2600
f 2602 2600 2601
f 2604 2599 2603
f 2604 2605 2599
f 2606 2208 2209
f 2606 2607 2608
f 2606 2608 2208
f 2609 2606 2209
f 2610 2581 2611
f 2610 2609 2209
f 2610 2611 2609
f 2612 2579 2581
f 2612 2613 2579
f 2614 2613 2210
f 2614 2579 2613
f 2615 2580 2579
f 2615 2579 2614
f 2615 2614 2210
f 2616 2617 2580
f 2616 2210 2211
f 2616 2615 2210
f 2616 2580 2615
f 2618 2617 2616
f 2618 2616 2211
f 2619 2618 2211
f 2620 2211 2212
f 2621 2622 2623
f 2621 2212 2213
f 2621 2624 2212
f 2621 2623 2624
f 2625 2622 2621
f 2625 2621 2213
f 2626 2627 2622
f 2626 2213 2214
f 2626 2622 2625
f 2626 2625 2213
f 2628 2626 2214
f 2628 2627 2626
f 2629 2627 2628
f 2629 2628 2214
f 2629 2630 2627
f 2631 2629 2214
f 2631 2630 2629
f 2631 1792 1791
f 2631 1791 1793
f 2631 1793 1794
f 2631 1794 1795
f 2631 2214 1792
f 2632 2631 1795
f 2632 2630 2631
f 2633 2630 2632
f 2633 1802 2630
f 2633 2632 1795
f 2633 1795 1800
f 2633 1800 1801
f 2633 1801 1802
f 2634 2205 2206
f 2634 2595 2594
f 2634 2206 2595
f 2634 2593 2205
f 2635 2604 2603
f 2635 2601 2207
f 2635 2603 2601
f 2636 2604 2635
f 2636 2635 2207
f 2636 2207 2208
f 2636 2208 2637
f 2638 2611 2605
f 2638 2607 2611
f 2638 2608 2607
f 2638 2605 2637
f 2639 2611 2607
f 2639 2607 2606
f 2639 2606 2609
f 2639 2609 2611
f 2640 2209 2210
f 2640 2210 2613
f 2640 2613 2612
f 2640 2610 2209
f 2641 2617 2618
f 2641 2618 2619
f 2641 2619 2642
f 2641 2642 2617
f 2643 2623 2617
f 2643 2617 2642
f 2644 2623 2643
f 2644 2643 2620
f 2645 2634 2594
f 2645 2578 2593
f 2645 2594 2578
f 2645 2593 2634
f 2646 2604 2636
f 2646 2636 2637
f 2646 2605 2604
f 2646 2637 2605
f 2647 2608 2638
f 2647 2638 2637
f 2647 2637 2208
f 2647 2208 2608
f 2648 2640 2612
f 2648 2610 2640
f 2648 2612 2581
f 2648 2581 2610
f 2649 2619 2211
f 2649 2643 2642
f 2649 2620 2643
f 2649 2642 2619
f 2649 2211 2620
f 2650 2644 2620
f 2650 2620 2212
f 2650 2212 2624
f 2651 2644 2650
f 2651 2650 2624
f 2651 2624 2623
f 2651 2623 2644
f 1903 2228 1902
f 1903 2564 2228
f 1908 2565 2564
f 1908 2564 1903
f 1912 2566 2565
f 1912 2565 1908
f 1921 2567 2566
f 1921 2566 1912
f 1923 2568 2567
f 1923 2567 1921
f 1890 2569 2568
f 1890 2568 1923
f 1889 2570 2569
f 1889 2569 1890
f 1940 2571 2570
f 1940 2570 1889
f 1944 2572 2571
f 1944 2571 1940
f 1952 2573 2572
f 1952 2572 1944
f 1954 2574 2573
f 1954 2573 1952
f 1960 2575 2574
f 1960 2574 1954
f 1970 2216 2575
f 1970 2575 1960
f 2605 2591 2578
f 2605 2578 2577
f 2605 2577 2599
f 1848 1854 1858
f 2617 2581 2580
f 1849 1848 1858
f 1841 1858 1867
f 1841 1849 1858
f 1789 1788 1841
f 1789 1841 1867
f 2630 2617 2623
f 2630 2623 2622
f 2630 2622 2627
f 1834 1789 1867
f 1802 1867 2584
f 1802 2584 2588
f 1802 2588 2591
f 1802 2605 2611
f 1802 2611 2581
f 1802 2591 2605
f 1802 2581 2617
f 1802 2617 2630
f 1826 1834 1867
f 1798 1867 1802
f 1805 1867 1798
f 1785 1819 1826
f 1809 1826 1867
f 1809 1867 1805
f 1786 1785 1826
f 1786 1826 1809
f 2652 2235 2234
f 2653 1964 2654
f 2653 1965 1964
f 2653 1966 1965
f 2653 1967 1966
f 2655 1967 2653
f 2655 2653 2654
f 2656 2229 1970
f 2656 1967 2655
f 2656 1971 1967
f 2656 1972 1971
f 2656 1973 1972
f 2656 1970 1973
f 2656 2655 2654
f 2657 2656 2654
f 2657 2654 2658
f 2657 2229 2656
f 2659 2657 2658
f 2659 2229 2657
f 2660 2230 2229
f 2660 2658 2661
f 2660 2659 2658
f 2660 2229 2659
f 2662 2230 2660
f 2662 2660 2661
f 2663 2231 2230
f 2663 2661 2664
f 2663 2662 2661
f 2663 2230 2662
f 2665 2231 2663
f 2665 2663 2664
f 2666 2667 2668
f 2666 2664 2667
f 2666 2668 2669
f 2670 2668 2667
f 2670 2669 2668
f 2671 2669 2670
f 2671 2232 2669
f 2671 2670 2667
f 2672 2233 2232
f 2672 2667 2673
f 2672 2232 2671
f 2672 2671 2667
f 2674 2672 2673
f 2674 2233 2672
f 2675 2674 2673
f 2676 2675 2673
f 2676 2673 2677
f 2676 2678 2675
f 2679 2677 2680
f 2681 2652 2234
f 2681 2234 2679
f 2681 2679 2680
f 2682 2683 2652
f 2682 2680 2683
f 2682 2681 2680
f 2682 2652 2681
f 2684 2652 2683
f 2684 2235 2652
f 2685 2686 2687
f 2688 2689 2690
f 2688 2690 2687
f 2688 2236 2689
f 2691 2237 2236
f 2691 2687 2692
f 2691 2236 2688
f 2691 2688 2687
f 2693 2691 2692
f 2693 2237 2691
f 2694 2693 2692
f 2695 2692 2696
f 2695 2694 2692
f 2695 2697 2694
f 2698 2239 2238
f 2698 2238 2699
f 2698 2696 2700
f 2698 2699 2696
f 2701 2698 2700
f 2701 2700 2702
f 2701 2239 2698
f 2703 2239 2701
f 2703 2701 2702
f 2704 2240 2239
f 2704 2239 2703
f 2704 2702 2705
f 2704 2703 2702
f 2706 2704 2705
f 2706 2240 2704
f 2707 1893 1892
f 2707 1892 1894
f 2707 1894 1895
f 2707 2705 1893
f 2708 2707 1895
f 2708 2705 2707
f 2709 1902 2240
f 2709 2240 2706
f 2709 2708 1895
f 2709 2705 2708
f 2709 2706 2705
f 2709 1895 1899
f 2709 1899 1900
f 2709 1900 1901
f 2709 1901 1902
f 2710 2232 2231
f 2710 2666 2669
f 2710 2669 2232
f 2711 2233 2674
f 2711 2674 2675
f 2711 2675 2678
f 2711 2678 2233
f 2712 2234 2233
f 2712 2678 2676
f 2712 2679 2234
f 2712 2233 2678
f 2713 2684 2683
f 2713 2683 2680
f 2713 2680 2686
f 2713 2686 2714
f 2715 2236 2235
f 2715 2235 2714
f 2716 2715 2685
f 2716 2236 2715
f 2716 2689 2236
f 2717 2237 2693
f 2717 2694 2697
f 2717 2693 2694
f 2717 2697 2237
f 2718 2238 2237
f 2718 2699 2238
f 2718 2237 2697
f 2718 2697 2695
f 2719 2666 2710
f 2719 2664 2666
f 2720 2712 2676
f 2720 2679 2712
f 2720 2676 2677
f 2720 2677 2679
f 2721 2713 2714
f 2721 2235 2684
f 2721 2684 2713
f 2721 2714 2235
f 2722 2715 2714
f 2722 2685 2715
f 2722 2714 2686
f 2722 2686 2685
f 2723 2685 2687
f 2723 2689 2716
f 2723 2716 2685
f 2723 2690 2689
f 2723 2687 2690
f 2724 2718 2695
f 2724 2695 2696
f 2724 2699 2718
f 2724 2696 2699
f 2725 2710 2231
f 2725 2719 2710
f 2725 2231 2665
f 2726 2725 2665
f 2726 2665 2664
f 2726 2719 2725
f 2726 2664 2719
f 2686 2700 2696
f 2686 2696 2692
f 2686 2692 2687
f 1909 1905 1896
f 2667 2677 2673
f 1913 1909 1896
f 1918 1896 1893
f 1918 1913 1896
f 1928 1924 1918
f 1928 1918 1893
f 2654 2667 2664
f 2654 2664 2661
f 2654 2661 2658
f 1931 1928 1893
f 1964 1893 2705
f 1964 2705 2702
f 1964 2702 2700
f 1964 2686 2680
f 1964 2680 2677
f 1964 2700 2686
f 1964 2677 2667
f 1964 2667 2654
f 1937 1931 1893
f 1961 1893 1964
f 1957 1893 1961
f 1945 1938 1937
f 1955 1937 1893
f 1955 1893 1957
f 1949 1945 1937
f 1949 1937 1955
