# https://github.com/mikedh/trimesh

o geometry_1
v 1535.00000000 -39.30127000 1525.00000000
v 1522.00000000 -39.41750000 1525.95700000
v 1522.00000000 -39.30127000 1525.00000000
v 1535.00000000 -39.41750000 1525.95700000
v 1522.00000000 -39.75945000 1526.85900000
v 1535.00000000 -39.75945000 1526.85900000
v 1535.00000000 -40.30723000 1527.65200000
v 1522.00000000 -40.30723000 1527.65200000
v 1522.00000000 -41.02901000 1528.29200000
v 1535.00000000 -41.02901000 1528.29200000
v 1535.00000000 -41.88285000 1528.74000000
v 1522.00000000 -41.88285000 1528.74000000
v 1535.00000000 -42.81912000 1528.97100000
v 1522.00000000 -42.81912000 1528.97100000
v 1535.00000000 -43.78342000 1528.97100000
v 1522.00000000 -43.78342000 1528.97100000
v 1522.00000000 -44.71969000 1528.74000000
v 1535.00000000 -44.71969000 1528.74000000
v 1535.00000000 -45.57353000 1528.29200000
v 1522.00000000 -45.57353000 1528.29200000
v 1522.00000000 -46.29531000 1527.65200000
v 1535.00000000 -46.29531000 1527.65200000
v 1535.00000000 -46.84309000 1526.85900000
v 1522.00000000 -46.84309000 1526.85900000
v 1535.00000000 -47.18504000 1525.95700000
v 1522.00000000 -47.18504000 1525.95700000
v 1535.00000000 -47.30127000 1525.00000000
v 1522.00000000 -47.30127000 1525.00000000
v 1529.00000000 -30.58467000 1557.53800000
v 1535.00000000 -31.50000000 1550.00000000
v 1529.00000000 -31.50000000 1550.00000000
v 1535.00000000 -30.58467000 1557.53800000
v 1529.00000000 -27.89186000 1564.63900000
v 1535.00000000 -27.89186000 1564.63900000
v 1529.00000000 -23.57809000 1570.88800000
v 1535.00000000 -23.57809000 1570.88800000
v 1529.00000000 -17.89404000 1575.92400000
v 1535.00000000 -17.89404000 1575.92400000
v 1529.00000000 -11.17005000 1579.45300000
v 1535.00000000 -3.79690500 1581.27000000
v 1535.00000000 -11.17005000 1579.45300000
v 1529.00000000 -3.79690500 1581.27000000
v 1529.00000000 3.79690500 1581.27000000
v 1535.00000000 3.79690500 1581.27000000
v 1529.00000000 11.17005000 1579.45300000
v 1535.00000000 11.17005000 1579.45300000
v 1529.00000000 17.89404000 1575.92400000
v 1535.00000000 17.89404000 1575.92400000
v 1529.00000000 23.57809000 1570.88800000
v 1535.00000000 23.57809000 1570.88800000
v 1529.00000000 27.89186000 1564.63900000
v 1535.00000000 27.89186000 1564.63900000
v 1529.00000000 30.58467000 1557.53800000
v 1535.00000000 31.50000000 1550.00000000
v 1535.00000000 30.58467000 1557.53800000
v 1529.00000000 31.50000000 1550.00000000
v 1529.00000000 61.43582000 1538.51600000
v 1535.00000000 62.50000000 1550.00000000
v 1535.00000000 61.43582000 1538.51600000
v 1529.00000000 62.50000000 1550.00000000
v 1529.00000000 58.27951000 1527.42200000
v 1535.00000000 58.27951000 1527.42200000
v 1529.00000000 53.13857000 1517.09800000
v 1535.00000000 53.13857000 1517.09800000
v 1529.00000000 46.18806000 1507.89400000
v 1535.00000000 46.18806000 1507.89400000
v 1529.00000000 37.66466000 1500.12400000
v 1535.00000000 37.66466000 1500.12400000
v 1529.00000000 27.85865000 1494.05200000
v 1535.00000000 27.85865000 1494.05200000
v 1529.00000000 17.10394000 1489.88600000
v 1535.00000000 17.10394000 1489.88600000
v 1529.00000000 5.76677200 1487.76700000
v 1535.00000000 5.76677200 1487.76700000
v 1529.00000000 -5.76677200 1487.76700000
v 1535.00000000 -5.76677200 1487.76700000
v 1529.00000000 -17.10394000 1489.88600000
v 1535.00000000 -17.10394000 1489.88600000
v 1529.00000000 -27.85865000 1494.05200000
v 1535.00000000 -27.85865000 1494.05200000
v 1535.00000000 -37.66466000 1500.12400000
v 1529.00000000 -37.66466000 1500.12400000
v 1535.00000000 -46.18806000 1507.89400000
v 1529.00000000 -46.18806000 1507.89400000
v 1529.00000000 -53.13857000 1517.09800000
v 1535.00000000 -53.13857000 1517.09800000
v 1529.00000000 -58.27951000 1527.42200000
v 1535.00000000 -58.27951000 1527.42200000
v 1529.00000000 -61.43582000 1538.51600000
v 1535.00000000 -61.43582000 1538.51600000
v 1529.00000000 -62.50000000 1550.00000000
v 1535.00000000 -62.50000000 1550.00000000
v 1535.00000000 4.00000000 1500.00000000
v 1522.00000000 3.88376700 1500.95700000
v 1522.00000000 4.00000000 1500.00000000
v 1535.00000000 3.88376700 1500.95700000
v 1522.00000000 3.54182400 1501.85900000
v 1535.00000000 3.54182400 1501.85900000
v 1535.00000000 2.99404300 1502.65200000
v 1522.00000000 2.99404300 1502.65200000
v 1522.00000000 2.27225900 1503.29200000
v 1535.00000000 2.27225900 1503.29200000
v 1535.00000000 1.41842000 1503.74000000
v 1522.00000000 1.41842000 1503.74000000
v 1535.00000000 0.48214670 1503.97100000
v 1522.00000000 0.48214670 1503.97100000
v 1535.00000000 -0.48214670 1503.97100000
v 1522.00000000 -0.48214670 1503.97100000
v 1522.00000000 -1.41842000 1503.74000000
v 1535.00000000 -1.41842000 1503.74000000
v 1535.00000000 -2.27225900 1503.29200000
v 1522.00000000 -2.27225900 1503.29200000
v 1522.00000000 -2.99404300 1502.65200000
v 1535.00000000 -2.99404300 1502.65200000
v 1535.00000000 -3.54182400 1501.85900000
v 1522.00000000 -3.54182400 1501.85900000
v 1535.00000000 -3.88376700 1500.95700000
v 1522.00000000 -3.88376700 1500.95700000
v 1535.00000000 -4.00000000 1500.00000000
v 1522.00000000 -4.00000000 1500.00000000
v 1535.00000000 29.00000000 1506.69900000
v 1522.00000000 28.88377000 1507.65600000
v 1522.00000000 29.00000000 1506.69900000
v 1535.00000000 28.88377000 1507.65600000
v 1522.00000000 28.54182000 1508.55800000
v 1535.00000000 28.54182000 1508.55800000
v 1535.00000000 27.99404000 1509.35100000
v 1522.00000000 27.99404000 1509.35100000
v 1522.00000000 27.27226000 1509.99100000
v 1535.00000000 27.27226000 1509.99100000
v 1535.00000000 26.41842000 1510.43900000
v 1522.00000000 26.41842000 1510.43900000
v 1535.00000000 25.48215000 1510.67000000
v 1522.00000000 25.48215000 1510.67000000
v 1535.00000000 24.51785000 1510.67000000
v 1522.00000000 24.51785000 1510.67000000
v 1522.00000000 23.58158000 1510.43900000
v 1535.00000000 23.58158000 1510.43900000
v 1535.00000000 22.72774000 1509.99100000
v 1522.00000000 22.72774000 1509.99100000
v 1522.00000000 22.00596000 1509.35100000
v 1535.00000000 22.00596000 1509.35100000
v 1535.00000000 21.45818000 1508.55800000
v 1522.00000000 21.45818000 1508.55800000
v 1535.00000000 21.11623000 1507.65600000
v 1522.00000000 21.11623000 1507.65600000
v 1535.00000000 21.00000000 1506.69900000
v 1522.00000000 21.00000000 1506.69900000
v 1535.00000000 47.30127000 1525.00000000
v 1522.00000000 47.18504000 1525.95700000
v 1522.00000000 47.30127000 1525.00000000
v 1535.00000000 47.18504000 1525.95700000
v 1522.00000000 46.84309000 1526.85900000
v 1535.00000000 46.84309000 1526.85900000
v 1535.00000000 46.29531000 1527.65200000
v 1522.00000000 46.29531000 1527.65200000
v 1522.00000000 45.57353000 1528.29200000
v 1535.00000000 45.57353000 1528.29200000
v 1535.00000000 44.71969000 1528.74000000
v 1522.00000000 44.71969000 1528.74000000
v 1535.00000000 43.78342000 1528.97100000
v 1522.00000000 43.78342000 1528.97100000
v 1535.00000000 42.81912000 1528.97100000
v 1522.00000000 42.81912000 1528.97100000
v 1522.00000000 41.88285000 1528.74000000
v 1535.00000000 41.88285000 1528.74000000
v 1535.00000000 41.02901000 1528.29200000
v 1522.00000000 41.02901000 1528.29200000
v 1522.00000000 40.30723000 1527.65200000
v 1535.00000000 40.30723000 1527.65200000
v 1535.00000000 39.75945000 1526.85900000
v 1522.00000000 39.75945000 1526.85900000
v 1535.00000000 39.41750000 1525.95700000
v 1522.00000000 39.41750000 1525.95700000
v 1535.00000000 39.30127000 1525.00000000
v 1522.00000000 39.30127000 1525.00000000
v 1535.00000000 47.30127000 1575.00000000
v 1522.00000000 47.18504000 1575.95700000
v 1522.00000000 47.30127000 1575.00000000
v 1535.00000000 47.18504000 1575.95700000
v 1522.00000000 46.84309000 1576.85900000
v 1535.00000000 46.84309000 1576.85900000
v 1535.00000000 46.29531000 1577.65200000
v 1522.00000000 46.29531000 1577.65200000
v 1522.00000000 45.57353000 1578.29200000
v 1535.00000000 45.57353000 1578.29200000
v 1535.00000000 44.71969000 1578.74000000
v 1522.00000000 44.71969000 1578.74000000
v 1535.00000000 43.78342000 1578.97100000
v 1522.00000000 43.78342000 1578.97100000
v 1535.00000000 42.81912000 1578.97100000
v 1522.00000000 42.81912000 1578.97100000
v 1522.00000000 41.88285000 1578.74000000
v 1535.00000000 41.88285000 1578.74000000
v 1535.00000000 41.02901000 1578.29200000
v 1522.00000000 41.02901000 1578.29200000
v 1522.00000000 40.30723000 1577.65200000
v 1535.00000000 40.30723000 1577.65200000
v 1535.00000000 39.75945000 1576.85900000
v 1522.00000000 39.75945000 1576.85900000
v 1535.00000000 39.41750000 1575.95700000
v 1522.00000000 39.41750000 1575.95700000
v 1535.00000000 39.30127000 1575.00000000
v 1522.00000000 39.30127000 1575.00000000
v 1535.00000000 29.00000000 1593.30100000
v 1522.00000000 28.88377000 1594.25900000
v 1522.00000000 29.00000000 1593.30100000
v 1535.00000000 28.88377000 1594.25900000
v 1522.00000000 28.54182000 1595.16000000
v 1535.00000000 28.54182000 1595.16000000
v 1535.00000000 27.99404000 1595.95400000
v 1522.00000000 27.99404000 1595.95400000
v 1522.00000000 27.27226000 1596.59300000
v 1535.00000000 27.27226000 1596.59300000
v 1535.00000000 26.41842000 1597.04100000
v 1522.00000000 26.41842000 1597.04100000
v 1535.00000000 25.48215000 1597.27200000
v 1522.00000000 25.48215000 1597.27200000
v 1535.00000000 24.51785000 1597.27200000
v 1522.00000000 24.51785000 1597.27200000
v 1522.00000000 23.58158000 1597.04100000
v 1535.00000000 23.58158000 1597.04100000
v 1535.00000000 22.72774000 1596.59300000
v 1522.00000000 22.72774000 1596.59300000
v 1522.00000000 22.00596000 1595.95400000
v 1535.00000000 22.00596000 1595.95400000
v 1535.00000000 21.45818000 1595.16000000
v 1522.00000000 21.45818000 1595.16000000
v 1535.00000000 21.11623000 1594.25900000
v 1522.00000000 21.11623000 1594.25900000
v 1535.00000000 21.00000000 1593.30100000
v 1522.00000000 21.00000000 1593.30100000
v 1535.00000000 4.00000000 1600.00000000
v 1522.00000000 3.88376700 1600.95700000
v 1522.00000000 4.00000000 1600.00000000
v 1535.00000000 3.88376700 1600.95700000
v 1522.00000000 3.54182400 1601.85900000
v 1535.00000000 3.54182400 1601.85900000
v 1535.00000000 2.99404300 1602.65200000
v 1522.00000000 2.99404300 1602.65200000
v 1522.00000000 2.27225900 1603.29200000
v 1535.00000000 2.27225900 1603.29200000
v 1535.00000000 1.41842000 1603.74000000
v 1522.00000000 1.41842000 1603.74000000
v 1535.00000000 0.48214670 1603.97100000
v 1522.00000000 0.48214670 1603.97100000
v 1535.00000000 -0.48214670 1603.97100000
v 1522.00000000 -0.48214670 1603.97100000
v 1522.00000000 -1.41842000 1603.74000000
v 1535.00000000 -1.41842000 1603.74000000
v 1535.00000000 -2.27225900 1603.29200000
v 1522.00000000 -2.27225900 1603.29200000
v 1522.00000000 -2.99404300 1602.65200000
v 1535.00000000 -2.99404300 1602.65200000
v 1535.00000000 -3.54182400 1601.85900000
v 1522.00000000 -3.54182400 1601.85900000
v 1535.00000000 -3.88376700 1600.95700000
v 1522.00000000 -3.88376700 1600.95700000
v 1535.00000000 -4.00000000 1600.00000000
v 1522.00000000 -4.00000000 1600.00000000
v 1535.00000000 -21.00000000 1593.30100000
v 1522.00000000 -21.11623000 1594.25900000
v 1522.00000000 -21.00000000 1593.30100000
v 1535.00000000 -21.11623000 1594.25900000
v 1522.00000000 -21.45818000 1595.16000000
v 1535.00000000 -21.45818000 1595.16000000
v 1535.00000000 -22.00596000 1595.95400000
v 1522.00000000 -22.00596000 1595.95400000
v 1522.00000000 -22.72774000 1596.59300000
v 1535.00000000 -22.72774000 1596.59300000
v 1535.00000000 -23.58158000 1597.04100000
v 1522.00000000 -23.58158000 1597.04100000
v 1535.00000000 -24.51785000 1597.27200000
v 1522.00000000 -24.51785000 1597.27200000
v 1535.00000000 -25.48215000 1597.27200000
v 1522.00000000 -25.48215000 1597.27200000
v 1522.00000000 -26.41842000 1597.04100000
v 1535.00000000 -26.41842000 1597.04100000
v 1535.00000000 -27.27226000 1596.59300000
v 1522.00000000 -27.27226000 1596.59300000
v 1522.00000000 -27.99404000 1595.95400000
v 1535.00000000 -27.99404000 1595.95400000
v 1535.00000000 -28.54182000 1595.16000000
v 1522.00000000 -28.54182000 1595.16000000
v 1535.00000000 -28.88377000 1594.25900000
v 1522.00000000 -28.88377000 1594.25900000
v 1535.00000000 -29.00000000 1593.30100000
v 1522.00000000 -29.00000000 1593.30100000
v 1535.00000000 -39.30127000 1575.00000000
v 1522.00000000 -39.41750000 1575.95700000
v 1522.00000000 -39.30127000 1575.00000000
v 1535.00000000 -39.41750000 1575.95700000
v 1522.00000000 -39.75945000 1576.85900000
v 1535.00000000 -39.75945000 1576.85900000
v 1535.00000000 -40.30723000 1577.65200000
v 1522.00000000 -40.30723000 1577.65200000
v 1522.00000000 -41.02901000 1578.29200000
v 1535.00000000 -41.02901000 1578.29200000
v 1535.00000000 -41.88285000 1578.74000000
v 1522.00000000 -41.88285000 1578.74000000
v 1535.00000000 -42.81912000 1578.97100000
v 1522.00000000 -42.81912000 1578.97100000
v 1535.00000000 -43.78342000 1578.97100000
v 1522.00000000 -43.78342000 1578.97100000
v 1522.00000000 -44.71969000 1578.74000000
v 1535.00000000 -44.71969000 1578.74000000
v 1535.00000000 -45.57353000 1578.29200000
v 1522.00000000 -45.57353000 1578.29200000
v 1522.00000000 -46.29531000 1577.65200000
v 1535.00000000 -46.29531000 1577.65200000
v 1535.00000000 -46.84309000 1576.85900000
v 1522.00000000 -46.84309000 1576.85900000
v 1535.00000000 -47.18504000 1575.95700000
v 1522.00000000 -47.18504000 1575.95700000
v 1535.00000000 -47.30127000 1575.00000000
v 1522.00000000 -47.30127000 1575.00000000
v 1535.00000000 -21.00000000 1506.69900000
v 1522.00000000 -21.11623000 1507.65600000
v 1522.00000000 -21.00000000 1506.69900000
v 1535.00000000 -21.11623000 1507.65600000
v 1522.00000000 -21.45818000 1508.55800000
v 1535.00000000 -21.45818000 1508.55800000
v 1535.00000000 -22.00596000 1509.35100000
v 1522.00000000 -22.00596000 1509.35100000
v 1522.00000000 -22.72774000 1509.99100000
v 1535.00000000 -22.72774000 1509.99100000
v 1535.00000000 -23.58158000 1510.43900000
v 1522.00000000 -23.58158000 1510.43900000
v 1535.00000000 -24.51785000 1510.67000000
v 1522.00000000 -24.51785000 1510.67000000
v 1535.00000000 -25.48215000 1510.67000000
v 1522.00000000 -25.48215000 1510.67000000
v 1522.00000000 -26.41842000 1510.43900000
v 1535.00000000 -26.41842000 1510.43900000
v 1535.00000000 -27.27226000 1509.99100000
v 1522.00000000 -27.27226000 1509.99100000
v 1522.00000000 -27.99404000 1509.35100000
v 1535.00000000 -27.99404000 1509.35100000
v 1535.00000000 -28.54182000 1508.55800000
v 1522.00000000 -28.54182000 1508.55800000
v 1535.00000000 -28.88377000 1507.65600000
v 1522.00000000 -28.88377000 1507.65600000
v 1535.00000000 -29.00000000 1506.69900000
v 1522.00000000 -29.00000000 1506.69900000
v 1535.00000000 -46.00000000 1550.00000000
v 1525.00000000 -46.11623000 1550.95700000
v 1525.00000000 -46.00000000 1550.00000000
v 1535.00000000 -46.11623000 1550.95700000
v 1535.00000000 -46.45818000 1551.85900000
v 1525.00000000 -46.45818000 1551.85900000
v 1525.00000000 -47.00596000 1552.65200000
v 1535.00000000 -47.00596000 1552.65200000
v 1535.00000000 -47.72774000 1553.29200000
v 1525.00000000 -47.72774000 1553.29200000
v 1535.00000000 -48.58158000 1553.74000000
v 1525.00000000 -48.58158000 1553.74000000
v 1525.00000000 -49.51785000 1553.97100000
v 1535.00000000 -49.51785000 1553.97100000
v 1535.00000000 -50.48215000 1553.97100000
v 1525.00000000 -50.48215000 1553.97100000
v 1535.00000000 -51.41842000 1553.74000000
v 1525.00000000 -51.41842000 1553.74000000
v 1535.00000000 -52.27226000 1553.29200000
v 1525.00000000 -52.27226000 1553.29200000
v 1535.00000000 -52.99404000 1552.65200000
v 1525.00000000 -52.99404000 1552.65200000
v 1535.00000000 -53.54182000 1551.85900000
v 1525.00000000 -53.54182000 1551.85900000
v 1525.00000000 -53.88377000 1550.95700000
v 1535.00000000 -53.88377000 1550.95700000
v 1535.00000000 -54.00000000 1550.00000000
v 1525.00000000 -54.00000000 1550.00000000
v 1535.00000000 54.00000000 1550.00000000
v 1525.00000000 53.88377000 1550.95700000
v 1525.00000000 54.00000000 1550.00000000
v 1535.00000000 53.88377000 1550.95700000
v 1535.00000000 53.54182000 1551.85900000
v 1525.00000000 53.54182000 1551.85900000
v 1525.00000000 52.99404000 1552.65200000
v 1535.00000000 52.99404000 1552.65200000
v 1535.00000000 52.27226000 1553.29200000
v 1525.00000000 52.27226000 1553.29200000
v 1535.00000000 51.41842000 1553.74000000
v 1525.00000000 51.41842000 1553.74000000
v 1525.00000000 50.48215000 1553.97100000
v 1535.00000000 50.48215000 1553.97100000
v 1535.00000000 49.51785000 1553.97100000
v 1525.00000000 49.51785000 1553.97100000
v 1535.00000000 48.58158000 1553.74000000
v 1525.00000000 48.58158000 1553.74000000
v 1535.00000000 47.72774000 1553.29200000
v 1525.00000000 47.72774000 1553.29200000
v 1535.00000000 47.00596000 1552.65200000
v 1525.00000000 47.00596000 1552.65200000
v 1535.00000000 46.45818000 1551.85900000
v 1525.00000000 46.45818000 1551.85900000
v 1525.00000000 46.11623000 1550.95700000
v 1535.00000000 46.11623000 1550.95700000
v 1535.00000000 46.00000000 1550.00000000
v 1525.00000000 46.00000000 1550.00000000
v 1523.39800000 -49.16868000 1551.04200000
v 1522.59700000 -50.00000000 1550.00000000
v 1523.39800000 -48.79871000 1550.57900000
v 1524.19900000 -47.59742000 1551.15700000
v 1523.39800000 -49.70331000 1551.30000000
v 1524.19900000 -48.33736000 1552.08500000
v 1523.39800000 -50.29669000 1551.30000000
v 1524.19900000 -49.40661000 1552.60000000
v 1523.39800000 -50.83132000 1551.04200000
v 1524.19900000 -50.59339000 1552.60000000
v 1523.39800000 -51.20129000 1550.57900000
v 1524.19900000 -51.66264000 1552.08500000
v 1524.19900000 -52.40258000 1551.15700000
v 1523.39800000 50.83132000 1551.04200000
v 1522.59700000 50.00000000 1550.00000000
v 1523.39800000 51.20129000 1550.57900000
v 1524.19900000 52.40258000 1551.15700000
v 1523.39800000 50.29669000 1551.30000000
v 1524.19900000 51.66264000 1552.08500000
v 1523.39800000 49.70331000 1551.30000000
v 1524.19900000 50.59339000 1552.60000000
v 1523.39800000 49.16868000 1551.04200000
v 1524.19900000 49.40661000 1552.60000000
v 1523.39800000 48.79871000 1550.57900000
v 1524.19900000 48.33736000 1552.08500000
v 1524.19900000 47.59742000 1551.15700000
v 1522.00000000 -40.00007000 1525.81400000
v 1518.25000000 -39.90127000 1525.00000000
v 1522.00000000 -39.90127000 1525.00000000
v 1518.25000000 -40.00007000 1525.81400000
v 1522.00000000 -40.29072000 1526.58000000
v 1518.25000000 -40.29072000 1526.58000000
v 1522.00000000 -40.75633000 1527.25500000
v 1518.25000000 -40.75633000 1527.25500000
v 1522.00000000 -41.36985000 1527.79800000
v 1518.25000000 -41.36985000 1527.79800000
v 1522.00000000 -42.09561000 1528.17900000
v 1518.25000000 -42.09561000 1528.17900000
v 1522.00000000 -42.89145000 1528.37500000
v 1518.25000000 -42.89145000 1528.37500000
v 1522.00000000 -43.71109000 1528.37500000
v 1518.25000000 -43.71109000 1528.37500000
v 1522.00000000 -44.50693000 1528.17900000
v 1518.25000000 -44.50693000 1528.17900000
v 1522.00000000 -45.23269000 1527.79800000
v 1518.25000000 -45.23269000 1527.79800000
v 1522.00000000 -45.84621000 1527.25500000
v 1518.25000000 -45.84621000 1527.25500000
v 1522.00000000 -46.31182000 1526.58000000
v 1518.25000000 -46.31182000 1526.58000000
v 1522.00000000 -46.60247000 1525.81400000
v 1518.25000000 -46.60247000 1525.81400000
v 1522.00000000 -46.70127000 1525.00000000
v 1518.25000000 -46.70127000 1525.00000000
v 1524.90000000 57.86633000 1538.49000000
v 1529.00000000 59.00000000 1550.00000000
v 1529.00000000 57.86633000 1538.49000000
v 1524.90000000 59.00000000 1550.00000000
v 1524.90000000 54.50889000 1527.42200000
v 1529.00000000 54.50889000 1527.42200000
v 1524.90000000 49.05671000 1517.22100000
v 1529.00000000 49.05671000 1517.22100000
v 1524.90000000 41.71930000 1508.28100000
v 1529.00000000 41.71930000 1508.28100000
v 1524.90000000 32.77864000 1500.94300000
v 1529.00000000 32.77864000 1500.94300000
v 1524.90000000 22.57832000 1495.49100000
v 1529.00000000 22.57832000 1495.49100000
v 1524.90000000 11.51033000 1492.13400000
v 1529.00000000 11.51033000 1492.13400000
v 1524.90000000 -0.00000000 1491.00000000
v 1529.00000000 -0.00000000 1491.00000000
v 1524.90000000 -11.51033000 1492.13400000
v 1529.00000000 -11.51033000 1492.13400000
v 1524.90000000 -22.57832000 1495.49100000
v 1529.00000000 -22.57832000 1495.49100000
v 1524.90000000 -32.77864000 1500.94300000
v 1529.00000000 -32.77864000 1500.94300000
v 1524.90000000 -41.71930000 1508.28100000
v 1529.00000000 -41.71930000 1508.28100000
v 1524.90000000 -49.05671000 1517.22100000
v 1529.00000000 -49.05671000 1517.22100000
v 1529.00000000 -54.50889000 1527.42200000
v 1524.90000000 -54.50889000 1527.42200000
v 1529.00000000 -57.86633000 1538.49000000
v 1524.90000000 -57.86633000 1538.49000000
v 1524.90000000 -59.00000000 1550.00000000
v 1529.00000000 -59.00000000 1550.00000000
v 1522.00000000 3.30120200 1500.81400000
v 1518.25000000 3.40000000 1500.00000000
v 1522.00000000 3.40000000 1500.00000000
v 1518.25000000 3.30120200 1500.81400000
v 1522.00000000 3.01055000 1501.58000000
v 1518.25000000 3.01055000 1501.58000000
v 1522.00000000 2.54493700 1502.25500000
v 1518.25000000 2.54493700 1502.25500000
v 1522.00000000 1.93142000 1502.79800000
v 1518.25000000 1.93142000 1502.79800000
v 1522.00000000 1.20565700 1503.17900000
v 1518.25000000 1.20565700 1503.17900000
v 1522.00000000 0.40982470 1503.37500000
v 1518.25000000 0.40982470 1503.37500000
v 1522.00000000 -0.40982470 1503.37500000
v 1518.25000000 -0.40982470 1503.37500000
v 1522.00000000 -1.20565700 1503.17900000
v 1518.25000000 -1.20565700 1503.17900000
v 1522.00000000 -1.93142000 1502.79800000
v 1518.25000000 -1.93142000 1502.79800000
v 1522.00000000 -2.54493700 1502.25500000
v 1518.25000000 -2.54493700 1502.25500000
v 1522.00000000 -3.01055000 1501.58000000
v 1518.25000000 -3.01055000 1501.58000000
v 1522.00000000 -3.30120200 1500.81400000
v 1518.25000000 -3.30120200 1500.81400000
v 1522.00000000 -3.40000000 1500.00000000
v 1518.25000000 -3.40000000 1500.00000000
v 1522.00000000 28.30120000 1507.51200000
v 1518.25000000 28.40000000 1506.69900000
v 1522.00000000 28.40000000 1506.69900000
v 1518.25000000 28.30120000 1507.51200000
v 1522.00000000 28.01055000 1508.27900000
v 1518.25000000 28.01055000 1508.27900000
v 1522.00000000 27.54494000 1508.95300000
v 1518.25000000 27.54494000 1508.95300000
v 1522.00000000 26.93142000 1509.49700000
v 1518.25000000 26.93142000 1509.49700000
v 1522.00000000 26.20566000 1509.87800000
v 1518.25000000 26.20566000 1509.87800000
v 1522.00000000 25.40982000 1510.07400000
v 1518.25000000 25.40982000 1510.07400000
v 1522.00000000 24.59018000 1510.07400000
v 1518.25000000 24.59018000 1510.07400000
v 1522.00000000 23.79434000 1509.87800000
v 1518.25000000 23.79434000 1509.87800000
v 1522.00000000 23.06858000 1509.49700000
v 1518.25000000 23.06858000 1509.49700000
v 1522.00000000 22.45506000 1508.95300000
v 1518.25000000 22.45506000 1508.95300000
v 1522.00000000 21.98945000 1508.27900000
v 1518.25000000 21.98945000 1508.27900000
v 1522.00000000 21.69880000 1507.51200000
v 1518.25000000 21.69880000 1507.51200000
v 1522.00000000 21.60000000 1506.69900000
v 1518.25000000 21.60000000 1506.69900000
v 1522.00000000 46.60247000 1525.81400000
v 1518.25000000 46.70127000 1525.00000000
v 1522.00000000 46.70127000 1525.00000000
v 1518.25000000 46.60247000 1525.81400000
v 1522.00000000 46.31182000 1526.58000000
v 1518.25000000 46.31182000 1526.58000000
v 1522.00000000 45.84621000 1527.25500000
v 1518.25000000 45.84621000 1527.25500000
v 1522.00000000 45.23269000 1527.79800000
v 1518.25000000 45.23269000 1527.79800000
v 1522.00000000 44.50693000 1528.17900000
v 1518.25000000 44.50693000 1528.17900000
v 1522.00000000 43.71109000 1528.37500000
v 1518.25000000 43.71109000 1528.37500000
v 1522.00000000 42.89145000 1528.37500000
v 1518.25000000 42.89145000 1528.37500000
v 1522.00000000 42.09561000 1528.17900000
v 1518.25000000 42.09561000 1528.17900000
v 1522.00000000 41.36985000 1527.79800000
v 1518.25000000 41.36985000 1527.79800000
v 1522.00000000 40.75633000 1527.25500000
v 1518.25000000 40.75633000 1527.25500000
v 1522.00000000 40.29072000 1526.58000000
v 1518.25000000 40.29072000 1526.58000000
v 1522.00000000 40.00007000 1525.81400000
v 1518.25000000 40.00007000 1525.81400000
v 1522.00000000 39.90127000 1525.00000000
v 1518.25000000 39.90127000 1525.00000000
v 1522.00000000 46.60247000 1575.81400000
v 1518.25000000 46.70127000 1575.00000000
v 1522.00000000 46.70127000 1575.00000000
v 1518.25000000 46.60247000 1575.81400000
v 1522.00000000 46.31182000 1576.58000000
v 1518.25000000 46.31182000 1576.58000000
v 1522.00000000 45.84621000 1577.25500000
v 1518.25000000 45.84621000 1577.25500000
v 1522.00000000 45.23269000 1577.79800000
v 1518.25000000 45.23269000 1577.79800000
v 1522.00000000 44.50693000 1578.17900000
v 1518.25000000 44.50693000 1578.17900000
v 1522.00000000 43.71109000 1578.37500000
v 1518.25000000 43.71109000 1578.37500000
v 1522.00000000 42.89145000 1578.37500000
v 1518.25000000 42.89145000 1578.37500000
v 1522.00000000 42.09561000 1578.17900000
v 1518.25000000 42.09561000 1578.17900000
v 1522.00000000 41.36985000 1577.79800000
v 1518.25000000 41.36985000 1577.79800000
v 1522.00000000 40.75633000 1577.25500000
v 1518.25000000 40.75633000 1577.25500000
v 1522.00000000 40.29072000 1576.58000000
v 1518.25000000 40.29072000 1576.58000000
v 1522.00000000 40.00007000 1575.81400000
v 1518.25000000 40.00007000 1575.81400000
v 1522.00000000 39.90127000 1575.00000000
v 1518.25000000 39.90127000 1575.00000000
v 1522.00000000 28.30120000 1594.11500000
v 1518.25000000 28.40000000 1593.30100000
v 1522.00000000 28.40000000 1593.30100000
v 1518.25000000 28.30120000 1594.11500000
v 1522.00000000 28.01055000 1594.88100000
v 1518.25000000 28.01055000 1594.88100000
v 1522.00000000 27.54494000 1595.55600000
v 1518.25000000 27.54494000 1595.55600000
v 1522.00000000 26.93142000 1596.09900000
v 1518.25000000 26.93142000 1596.09900000
v 1522.00000000 26.20566000 1596.48000000
v 1518.25000000 26.20566000 1596.48000000
v 1522.00000000 25.40982000 1596.67600000
v 1518.25000000 25.40982000 1596.67600000
v 1522.00000000 24.59018000 1596.67600000
v 1518.25000000 24.59018000 1596.67600000
v 1522.00000000 23.79434000 1596.48000000
v 1518.25000000 23.79434000 1596.48000000
v 1522.00000000 23.06858000 1596.09900000
v 1518.25000000 23.06858000 1596.09900000
v 1522.00000000 22.45506000 1595.55600000
v 1518.25000000 22.45506000 1595.55600000
v 1522.00000000 21.98945000 1594.88100000
v 1518.25000000 21.98945000 1594.88100000
v 1522.00000000 21.69880000 1594.11500000
v 1518.25000000 21.69880000 1594.11500000
v 1522.00000000 21.60000000 1593.30100000
v 1518.25000000 21.60000000 1593.30100000
v 1522.00000000 3.30120200 1600.81400000
v 1518.25000000 3.40000000 1600.00000000
v 1522.00000000 3.40000000 1600.00000000
v 1518.25000000 3.30120200 1600.81400000
v 1522.00000000 3.01055000 1601.58000000
v 1518.25000000 3.01055000 1601.58000000
v 1522.00000000 2.54493700 1602.25500000
v 1518.25000000 2.54493700 1602.25500000
v 1522.00000000 1.93142000 1602.79800000
v 1518.25000000 1.93142000 1602.79800000
v 1522.00000000 1.20565700 1603.17900000
v 1518.25000000 1.20565700 1603.17900000
v 1522.00000000 0.40982470 1603.37500000
v 1518.25000000 0.40982470 1603.37500000
v 1522.00000000 -0.40982470 1603.37500000
v 1518.25000000 -0.40982470 1603.37500000
v 1522.00000000 -1.20565700 1603.17900000
v 1518.25000000 -1.20565700 1603.17900000
v 1522.00000000 -1.93142000 1602.79800000
v 1518.25000000 -1.93142000 1602.79800000
v 1522.00000000 -2.54493700 1602.25500000
v 1518.25000000 -2.54493700 1602.25500000
v 1522.00000000 -3.01055000 1601.58000000
v 1518.25000000 -3.01055000 1601.58000000
v 1522.00000000 -3.30120200 1600.81400000
v 1518.25000000 -3.30120200 1600.81400000
v 1522.00000000 -3.40000000 1600.00000000
v 1518.25000000 -3.40000000 1600.00000000
v 1522.00000000 -21.69880000 1594.11500000
v 1518.25000000 -21.60000000 1593.30100000
v 1522.00000000 -21.60000000 1593.30100000
v 1518.25000000 -21.69880000 1594.11500000
v 1522.00000000 -21.98945000 1594.88100000
v 1518.25000000 -21.98945000 1594.88100000
v 1522.00000000 -22.45506000 1595.55600000
v 1518.25000000 -22.45506000 1595.55600000
v 1522.00000000 -23.06858000 1596.09900000
v 1518.25000000 -23.06858000 1596.09900000
v 1522.00000000 -23.79434000 1596.48000000
v 1518.25000000 -23.79434000 1596.48000000
v 1522.00000000 -24.59018000 1596.67600000
v 1518.25000000 -24.59018000 1596.67600000
v 1522.00000000 -25.40982000 1596.67600000
v 1518.25000000 -25.40982000 1596.67600000
v 1522.00000000 -26.20566000 1596.48000000
v 1518.25000000 -26.20566000 1596.48000000
v 1522.00000000 -26.93142000 1596.09900000
v 1518.25000000 -26.93142000 1596.09900000
v 1522.00000000 -27.54494000 1595.55600000
v 1518.25000000 -27.54494000 1595.55600000
v 1522.00000000 -28.01055000 1594.88100000
v 1518.25000000 -28.01055000 1594.88100000
v 1522.00000000 -28.30120000 1594.11500000
v 1518.25000000 -28.30120000 1594.11500000
v 1522.00000000 -28.40000000 1593.30100000
v 1518.25000000 -28.40000000 1593.30100000
v 1522.00000000 -40.00007000 1575.81400000
v 1518.25000000 -39.90127000 1575.00000000
v 1522.00000000 -39.90127000 1575.00000000
v 1518.25000000 -40.00007000 1575.81400000
v 1522.00000000 -40.29072000 1576.58000000
v 1518.25000000 -40.29072000 1576.58000000
v 1522.00000000 -40.75633000 1577.25500000
v 1518.25000000 -40.75633000 1577.25500000
v 1522.00000000 -41.36985000 1577.79800000
v 1518.25000000 -41.36985000 1577.79800000
v 1522.00000000 -42.09561000 1578.17900000
v 1518.25000000 -42.09561000 1578.17900000
v 1522.00000000 -42.89145000 1578.37500000
v 1518.25000000 -42.89145000 1578.37500000
v 1522.00000000 -43.71109000 1578.37500000
v 1518.25000000 -43.71109000 1578.37500000
v 1522.00000000 -44.50693000 1578.17900000
v 1518.25000000 -44.50693000 1578.17900000
v 1522.00000000 -45.23269000 1577.79800000
v 1518.25000000 -45.23269000 1577.79800000
v 1522.00000000 -45.84621000 1577.25500000
v 1518.25000000 -45.84621000 1577.25500000
v 1522.00000000 -46.31182000 1576.58000000
v 1518.25000000 -46.31182000 1576.58000000
v 1522.00000000 -46.60247000 1575.81400000
v 1518.25000000 -46.60247000 1575.81400000
v 1522.00000000 -46.70127000 1575.00000000
v 1518.25000000 -46.70127000 1575.00000000
v 1522.00000000 -21.69880000 1507.51200000
v 1518.25000000 -21.60000000 1506.69900000
v 1522.00000000 -21.60000000 1506.69900000
v 1518.25000000 -21.69880000 1507.51200000
v 1522.00000000 -21.98945000 1508.27900000
v 1518.25000000 -21.98945000 1508.27900000
v 1522.00000000 -22.45506000 1508.95300000
v 1518.25000000 -22.45506000 1508.95300000
v 1522.00000000 -23.06858000 1509.49700000
v 1518.25000000 -23.06858000 1509.49700000
v 1522.00000000 -23.79434000 1509.87800000
v 1518.25000000 -23.79434000 1509.87800000
v 1522.00000000 -24.59018000 1510.07400000
v 1518.25000000 -24.59018000 1510.07400000
v 1522.00000000 -25.40982000 1510.07400000
v 1518.25000000 -25.40982000 1510.07400000
v 1522.00000000 -26.20566000 1509.87800000
v 1518.25000000 -26.20566000 1509.87800000
v 1522.00000000 -26.93142000 1509.49700000
v 1518.25000000 -26.93142000 1509.49700000
v 1522.00000000 -27.54494000 1508.95300000
v 1518.25000000 -27.54494000 1508.95300000
v 1522.00000000 -28.01055000 1508.27900000
v 1518.25000000 -28.01055000 1508.27900000
v 1522.00000000 -28.30120000 1507.51200000
v 1518.25000000 -28.30120000 1507.51200000
v 1522.00000000 -28.40000000 1506.69900000
v 1518.25000000 -28.40000000 1506.69900000
v 1516.88800000 -42.28017000 1525.49200000
v 1516.20700000 -43.30127000 1525.00000000
v 1516.88800000 -42.59465000 1525.88600000
v 1517.56900000 -41.25907000 1525.98300000
v 1516.88800000 -43.04908000 1526.10500000
v 1517.56900000 -41.88803000 1526.77200000
v 1516.88800000 -43.55346000 1526.10500000
v 1517.56900000 -42.79689000 1527.21000000
v 1516.88800000 -44.00789000 1525.88600000
v 1517.56900000 -43.80565000 1527.21000000
v 1516.88800000 -44.32237000 1525.49200000
v 1517.56900000 -44.71451000 1526.77200000
v 1517.56900000 -45.34347000 1525.98300000
v 1516.88800000 0.70662180 1500.88600000
v 1516.20700000 0.00000000 1500.00000000
v 1516.88800000 1.02109800 1500.49200000
v 1517.56900000 2.04219600 1500.98300000
v 1516.88800000 0.25219040 1501.10500000
v 1517.56900000 1.41324400 1501.77200000
v 1516.88800000 -0.25219040 1501.10500000
v 1517.56900000 0.50438080 1502.21000000
v 1516.88800000 -0.70662180 1500.88600000
v 1517.56900000 -0.50438080 1502.21000000
v 1516.88800000 -1.02109800 1500.49200000
v 1517.56900000 -1.41324400 1501.77200000
v 1517.56900000 -2.04219600 1500.98300000
v 1516.88800000 25.70662000 1507.58500000
v 1516.20700000 25.00000000 1506.69900000
v 1516.88800000 26.02110000 1507.19000000
v 1517.56900000 27.04220000 1507.68200000
v 1516.88800000 25.25219000 1507.80400000
v 1517.56900000 26.41324000 1508.47100000
v 1516.88800000 24.74781000 1507.80400000
v 1517.56900000 25.50438000 1508.90900000
v 1516.88800000 24.29338000 1507.58500000
v 1517.56900000 24.49562000 1508.90900000
v 1516.88800000 23.97890000 1507.19000000
v 1517.56900000 23.58676000 1508.47100000
v 1517.56900000 22.95780000 1507.68200000
v 1516.88800000 44.32237000 1525.49200000
v 1516.20700000 43.30127000 1525.00000000
v 1516.88800000 44.00789000 1525.88600000
v 1517.56900000 45.34347000 1525.98300000
v 1516.88800000 43.55346000 1526.10500000
v 1517.56900000 44.71451000 1526.77200000
v 1516.88800000 43.04908000 1526.10500000
v 1517.56900000 43.80565000 1527.21000000
v 1516.88800000 42.59465000 1525.88600000
v 1517.56900000 42.79689000 1527.21000000
v 1516.88800000 42.28017000 1525.49200000
v 1517.56900000 41.88803000 1526.77200000
v 1517.56900000 41.25907000 1525.98300000
v 1516.88800000 44.32237000 1575.49200000
v 1516.20700000 43.30127000 1575.00000000
v 1516.88800000 44.00789000 1575.88600000
v 1517.56900000 45.34347000 1575.98300000
v 1516.88800000 43.55346000 1576.10500000
v 1517.56900000 44.71451000 1576.77200000
v 1516.88800000 43.04908000 1576.10500000
v 1517.56900000 43.80565000 1577.21000000
v 1516.88800000 42.59465000 1575.88600000
v 1517.56900000 42.79689000 1577.21000000
v 1516.88800000 42.28017000 1575.49200000
v 1517.56900000 41.88803000 1576.77200000
v 1517.56900000 41.25907000 1575.98300000
v 1516.88800000 26.02110000 1593.79300000
v 1516.20700000 25.00000000 1593.30100000
v 1516.88800000 25.70662000 1594.18700000
v 1517.56900000 27.04220000 1594.28500000
v 1516.88800000 25.25219000 1594.40600000
v 1517.56900000 26.41324000 1595.07300000
v 1516.88800000 24.74781000 1594.40600000
v 1517.56900000 25.50438000 1595.51100000
v 1516.88800000 24.29338000 1594.18700000
v 1517.56900000 24.49562000 1595.51100000
v 1516.88800000 23.97890000 1593.79300000
v 1517.56900000 23.58676000 1595.07300000
v 1517.56900000 22.95780000 1594.28500000
v 1516.88800000 0.70662180 1600.88600000
v 1516.20700000 0.00000000 1600.00000000
v 1516.88800000 1.02109800 1600.49200000
v 1517.56900000 2.04219600 1600.98300000
v 1516.88800000 0.25219040 1601.10500000
v 1517.56900000 1.41324400 1601.77200000
v 1516.88800000 -0.25219040 1601.10500000
v 1517.56900000 0.50438080 1602.21000000
v 1516.88800000 -0.70662180 1600.88600000
v 1517.56900000 -0.50438080 1602.21000000
v 1516.88800000 -1.02109800 1600.49200000
v 1517.56900000 -1.41324400 1601.77200000
v 1517.56900000 -2.04219600 1600.98300000
v 1516.88800000 -24.29338000 1594.18700000
v 1516.20700000 -25.00000000 1593.30100000
v 1516.88800000 -23.97890000 1593.79300000
v 1517.56900000 -22.95780000 1594.28500000
v 1516.88800000 -24.74781000 1594.40600000
v 1517.56900000 -23.58676000 1595.07300000
v 1516.88800000 -25.25219000 1594.40600000
v 1517.56900000 -24.49562000 1595.51100000
v 1516.88800000 -25.70662000 1594.18700000
v 1517.56900000 -25.50438000 1595.51100000
v 1516.88800000 -26.02110000 1593.79300000
v 1517.56900000 -26.41324000 1595.07300000
v 1517.56900000 -27.04220000 1594.28500000
v 1516.88800000 -42.59465000 1575.88600000
v 1516.20700000 -43.30127000 1575.00000000
v 1516.88800000 -42.28017000 1575.49200000
v 1517.56900000 -41.25907000 1575.98300000
v 1516.88800000 -43.04908000 1576.10500000
v 1517.56900000 -41.88803000 1576.77200000
v 1516.88800000 -43.55346000 1576.10500000
v 1517.56900000 -42.79689000 1577.21000000
v 1516.88800000 -44.00789000 1575.88600000
v 1517.56900000 -43.80565000 1577.21000000
v 1516.88800000 -44.32237000 1575.49200000
v 1517.56900000 -44.71451000 1576.77200000
v 1517.56900000 -45.34347000 1575.98300000
v 1516.88800000 -24.29338000 1507.58500000
v 1516.20700000 -25.00000000 1506.69900000
v 1516.88800000 -23.97890000 1507.19000000
v 1517.56900000 -22.95780000 1507.68200000
v 1516.88800000 -24.74781000 1507.80400000
v 1517.56900000 -23.58676000 1508.47100000
v 1516.88800000 -25.25219000 1507.80400000
v 1517.56900000 -24.49562000 1508.90900000
v 1516.88800000 -25.70662000 1507.58500000
v 1517.56900000 -25.50438000 1508.90900000
v 1516.88800000 -26.02110000 1507.19000000
v 1517.56900000 -26.41324000 1508.47100000
v 1517.56900000 -27.04220000 1507.68200000
v 1500.00000000 66.84217000 1537.50500000
v 1524.90000000 68.00000000 1550.00000000
v 1524.90000000 66.84217000 1537.50500000
v 1500.00000000 68.00000000 1550.00000000
v 1500.00000000 63.40811000 1525.43600000
v 1524.90000000 63.40811000 1525.43600000
v 1500.00000000 57.81477000 1514.20300000
v 1524.90000000 57.81477000 1514.20300000
v 1500.00000000 50.25261000 1504.18900000
v 1524.90000000 50.25261000 1504.18900000
v 1500.00000000 40.97916000 1495.73500000
v 1524.90000000 40.97916000 1495.73500000
v 1500.00000000 30.31021000 1489.12900000
v 1524.90000000 30.31021000 1489.12900000
v 1500.00000000 18.60908000 1484.59600000
v 1524.90000000 18.60908000 1484.59600000
v 1500.00000000 6.27424800 1482.29000000
v 1524.90000000 6.27424800 1482.29000000
v 1500.00000000 -6.27424800 1482.29000000
v 1524.90000000 -6.27424800 1482.29000000
v 1500.00000000 -18.60908000 1484.59600000
v 1524.90000000 -18.60908000 1484.59600000
v 1500.00000000 -30.31021000 1489.12900000
v 1524.90000000 -30.31021000 1489.12900000
v 1524.90000000 -40.97916000 1495.73500000
v 1500.00000000 -40.97916000 1495.73500000
v 1500.00000000 -50.25261000 1504.18900000
v 1524.90000000 -50.25261000 1504.18900000
v 1500.00000000 -57.81477000 1514.20300000
v 1524.90000000 -57.81477000 1514.20300000
v 1500.00000000 -63.40811000 1525.43600000
v 1524.90000000 -63.40811000 1525.43600000
v 1524.90000000 -66.84217000 1537.50500000
v 1500.00000000 -66.84217000 1537.50500000
v 1500.00000000 -68.00000000 1550.00000000
v 1524.90000000 -68.00000000 1550.00000000
v 1472.00000000 62.41879000 1538.33200000
v 1480.00000000 63.50000000 1550.00000000
v 1480.00000000 62.41879000 1538.33200000
v 1472.00000000 63.50000000 1550.00000000
v 1472.00000000 59.21199000 1527.06100000
v 1480.00000000 59.21199000 1527.06100000
v 1472.00000000 53.98879000 1516.57200000
v 1480.00000000 53.98879000 1516.57200000
v 1472.00000000 46.92707000 1507.22000000
v 1480.00000000 46.92707000 1507.22000000
v 1472.00000000 38.26730000 1499.32600000
v 1480.00000000 38.26730000 1499.32600000
v 1472.00000000 28.30439000 1493.15700000
v 1480.00000000 28.30439000 1493.15700000
v 1472.00000000 17.37760000 1488.92400000
v 1480.00000000 17.37760000 1488.92400000
v 1472.00000000 5.85904100 1486.77100000
v 1480.00000000 5.85904100 1486.77100000
v 1472.00000000 -5.85904100 1486.77100000
v 1480.00000000 -5.85904100 1486.77100000
v 1472.00000000 -17.37760000 1488.92400000
v 1480.00000000 -17.37760000 1488.92400000
v 1472.00000000 -28.30439000 1493.15700000
v 1480.00000000 -28.30439000 1493.15700000
v 1480.00000000 -38.26730000 1499.32600000
v 1472.00000000 -38.26730000 1499.32600000
v 1472.00000000 -46.92707000 1507.22000000
v 1480.00000000 -46.92707000 1507.22000000
v 1472.00000000 -53.98879000 1516.57200000
v 1480.00000000 -53.98879000 1516.57200000
v 1480.00000000 -59.21199000 1527.06100000
v 1472.00000000 -59.21199000 1527.06100000
v 1480.00000000 -62.41879000 1538.33200000
v 1472.00000000 -62.41879000 1538.33200000
v 1472.00000000 -63.50000000 1550.00000000
v 1480.00000000 -63.50000000 1550.00000000
v 1468.40000000 60.07310000 1538.05100000
v 1472.00000000 61.25000000 1550.00000000
v 1472.00000000 60.07310000 1538.05100000
v 1468.40000000 61.25000000 1550.00000000
v 1468.40000000 56.58762000 1526.56100000
v 1472.00000000 56.58762000 1526.56100000
v 1468.40000000 50.92751000 1515.97100000
v 1472.00000000 50.92751000 1515.97100000
v 1468.40000000 43.31029000 1506.69000000
v 1472.00000000 43.31029000 1506.69000000
v 1468.40000000 34.02868000 1499.07200000
v 1472.00000000 34.02868000 1499.07200000
v 1468.40000000 23.43936000 1493.41200000
v 1472.00000000 23.43936000 1493.41200000
v 1468.40000000 11.94928000 1489.92700000
v 1472.00000000 11.94928000 1489.92700000
v 1468.40000000 -0.00000000 1488.75000000
v 1472.00000000 -0.00000000 1488.75000000
v 1468.40000000 -11.94928000 1489.92700000
v 1472.00000000 -11.94928000 1489.92700000
v 1468.40000000 -23.43936000 1493.41200000
v 1472.00000000 -23.43936000 1493.41200000
v 1468.40000000 -34.02868000 1499.07200000
v 1472.00000000 -34.02868000 1499.07200000
v 1468.40000000 -43.31029000 1506.69000000
v 1472.00000000 -43.31029000 1506.69000000
v 1468.40000000 -50.92751000 1515.97100000
v 1472.00000000 -50.92751000 1515.97100000
v 1468.40000000 -56.58762000 1526.56100000
v 1472.00000000 -56.58762000 1526.56100000
v 1468.40000000 -60.07310000 1538.05100000
v 1472.00000000 -60.07310000 1538.05100000
v 1472.00000000 -61.25000000 1550.00000000
v 1468.40000000 -61.25000000 1550.00000000
v 1465.50000000 62.41879000 1538.33200000
v 1468.40000000 63.50000000 1550.00000000
v 1468.40000000 62.41879000 1538.33200000
v 1465.50000000 63.50000000 1550.00000000
v 1465.50000000 59.21199000 1527.06100000
v 1468.40000000 59.21199000 1527.06100000
v 1465.50000000 53.98879000 1516.57200000
v 1468.40000000 53.98879000 1516.57200000
v 1465.50000000 46.92707000 1507.22000000
v 1468.40000000 46.92707000 1507.22000000
v 1465.50000000 38.26730000 1499.32600000
v 1468.40000000 38.26730000 1499.32600000
v 1465.50000000 28.30439000 1493.15700000
v 1468.40000000 28.30439000 1493.15700000
v 1465.50000000 17.37760000 1488.92400000
v 1468.40000000 17.37760000 1488.92400000
v 1465.50000000 5.85904100 1486.77100000
v 1468.40000000 5.85904100 1486.77100000
v 1465.50000000 -5.85904100 1486.77100000
v 1468.40000000 -5.85904100 1486.77100000
v 1465.50000000 -17.37760000 1488.92400000
v 1468.40000000 -17.37760000 1488.92400000
v 1465.50000000 -28.30439000 1493.15700000
v 1468.40000000 -28.30439000 1493.15700000
v 1468.40000000 -38.26730000 1499.32600000
v 1465.50000000 -38.26730000 1499.32600000
v 1465.50000000 -46.92707000 1507.22000000
v 1468.40000000 -46.92707000 1507.22000000
v 1465.50000000 -53.98879000 1516.57200000
v 1468.40000000 -53.98879000 1516.57200000
v 1468.40000000 -59.21199000 1527.06100000
v 1465.50000000 -59.21199000 1527.06100000
v 1465.50000000 -62.41879000 1538.33200000
v 1468.40000000 -62.41879000 1538.33200000
v 1465.50000000 -63.50000000 1550.00000000
v 1468.40000000 -63.50000000 1550.00000000
v 1462.00000000 49.88553000 1539.39700000
v 1465.50000000 51.00000000 1550.00000000
v 1465.50000000 49.88553000 1539.39700000
v 1462.00000000 51.00000000 1550.00000000
v 1462.00000000 46.59082000 1529.25600000
v 1465.50000000 46.59082000 1529.25600000
v 1462.00000000 41.25987000 1520.02300000
v 1465.50000000 41.25987000 1520.02300000
v 1462.00000000 34.12566000 1512.10000000
v 1465.50000000 34.12566000 1512.10000000
v 1462.00000000 25.50000000 1505.83300000
v 1465.50000000 25.50000000 1505.83300000
v 1462.00000000 15.75987000 1501.49600000
v 1465.50000000 15.75987000 1501.49600000
v 1462.00000000 5.33095200 1499.27900000
v 1465.50000000 5.33095200 1499.27900000
v 1462.00000000 -5.33095200 1499.27900000
v 1465.50000000 -5.33095200 1499.27900000
v 1462.00000000 -15.75987000 1501.49600000
v 1465.50000000 -15.75987000 1501.49600000
v 1462.00000000 -25.50000000 1505.83300000
v 1465.50000000 -25.50000000 1505.83300000
v 1462.00000000 -34.12566000 1512.10000000
v 1465.50000000 -34.12566000 1512.10000000
v 1465.50000000 -41.25987000 1520.02300000
v 1462.00000000 -41.25987000 1520.02300000
v 1465.50000000 -46.59082000 1529.25600000
v 1462.00000000 -46.59082000 1529.25600000
v 1462.00000000 -49.88553000 1539.39700000
v 1465.50000000 -49.88553000 1539.39700000
v 1462.00000000 -51.00000000 1550.00000000
v 1465.50000000 -51.00000000 1550.00000000
v 1535.00000000 -27.85865000 1605.94800000
v 1535.00000000 -37.66466000 1599.87600000
v 1535.00000000 -53.13857000 1582.90200000
v 1535.00000000 -46.18806000 1592.10600000
v 1535.00000000 -58.27951000 1572.57800000
v 1535.00000000 -28.88377000 1592.34400000
v 1535.00000000 -47.18504000 1574.04300000
v 1535.00000000 -17.10394000 1610.11400000
v 1535.00000000 -28.54182000 1591.44200000
v 1535.00000000 -46.84309000 1573.14100000
v 1535.00000000 -27.99404000 1590.64900000
v 1535.00000000 -46.29531000 1572.34800000
v 1535.00000000 -61.43582000 1561.48400000
v 1535.00000000 -27.27226000 1590.00900000
v 1535.00000000 -45.57353000 1571.70800000
v 1535.00000000 -26.41842000 1589.56100000
v 1535.00000000 -5.76677200 1612.23300000
v 1535.00000000 5.76677200 1612.23300000
v 1535.00000000 -44.71969000 1571.26000000
v 1535.00000000 -3.88376700 1599.04300000
v 1535.00000000 -53.88377000 1549.04300000
v 1535.00000000 -43.78342000 1571.02900000
v 1535.00000000 -3.54182400 1598.14100000
v 1535.00000000 -53.54182000 1548.14100000
v 1535.00000000 -42.81912000 1571.02900000
v 1535.00000000 -2.99404300 1597.34800000
v 1535.00000000 -21.11623000 1592.34400000
v 1535.00000000 -52.99404000 1547.34800000
v 1535.00000000 -52.27226000 1546.70800000
v 1535.00000000 -51.41842000 1546.26000000
v 1535.00000000 -50.48215000 1546.02900000
v 1535.00000000 -25.48215000 1589.33000000
v 1535.00000000 -39.41750000 1574.04300000
v 1535.00000000 -24.51785000 1589.33000000
v 1535.00000000 -23.58158000 1589.56100000
v 1535.00000000 -22.72774000 1590.00900000
v 1535.00000000 17.10394000 1610.11400000
v 1535.00000000 -40.30723000 1572.34800000
v 1535.00000000 -41.02901000 1571.70800000
v 1535.00000000 -39.75945000 1573.14100000
v 1535.00000000 -22.00596000 1590.64900000
v 1535.00000000 -21.45818000 1591.44200000
v 1535.00000000 -41.88285000 1571.26000000
v 1535.00000000 -2.27225900 1596.70800000
v 1535.00000000 -1.41842000 1596.26000000
v 1535.00000000 -0.48214670 1596.02900000
v 1535.00000000 0.48214670 1596.02900000
v 1535.00000000 -46.11623000 1549.04300000
v 1535.00000000 -46.45818000 1548.14100000
v 1535.00000000 1.41842000 1596.26000000
v 1535.00000000 2.27225900 1596.70800000
v 1535.00000000 2.99404300 1597.34800000
v 1535.00000000 -49.51785000 1546.02900000
v 1535.00000000 3.88376700 1599.04300000
v 1535.00000000 27.85865000 1605.94800000
v 1535.00000000 -48.58158000 1546.26000000
v 1535.00000000 3.54182400 1598.14100000
v 1535.00000000 -30.58467000 1542.46200000
v 1535.00000000 -47.00596000 1547.34800000
v 1535.00000000 -47.72774000 1546.70800000
v 1535.00000000 21.11623000 1592.34400000
v 1535.00000000 -47.18504000 1524.04300000
v 1535.00000000 -46.84309000 1523.14100000
v 1535.00000000 -46.29531000 1522.34800000
v 1535.00000000 21.45818000 1591.44200000
v 1535.00000000 22.00596000 1590.64900000
v 1535.00000000 22.72774000 1590.00900000
v 1535.00000000 -45.57353000 1521.70800000
v 1535.00000000 -44.71969000 1521.26000000
v 1535.00000000 -27.89186000 1535.36100000
v 1535.00000000 37.66466000 1599.87600000
v 1535.00000000 28.88377000 1592.34400000
v 1535.00000000 23.58158000 1589.56100000
v 1535.00000000 24.51785000 1589.33000000
v 1535.00000000 25.48215000 1589.33000000
v 1535.00000000 -43.78342000 1521.02900000
v 1535.00000000 -42.81912000 1521.02900000
v 1535.00000000 -41.88285000 1521.26000000
v 1535.00000000 -23.57809000 1529.11200000
v 1535.00000000 -39.41750000 1524.04300000
v 1535.00000000 26.41842000 1589.56100000
v 1535.00000000 46.18806000 1592.10600000
v 1535.00000000 28.54182000 1591.44200000
v 1535.00000000 27.99404000 1590.64900000
v 1535.00000000 27.27226000 1590.00900000
v 1535.00000000 -40.30723000 1522.34800000
v 1535.00000000 -41.02901000 1521.70800000
v 1535.00000000 -39.75945000 1523.14100000
v 1535.00000000 -17.89404000 1524.07600000
v 1535.00000000 39.41750000 1574.04300000
v 1535.00000000 -28.88377000 1505.74100000
v 1535.00000000 39.75945000 1573.14100000
v 1535.00000000 -28.54182000 1504.84000000
v 1535.00000000 40.30723000 1572.34800000
v 1535.00000000 -27.99404000 1504.04600000
v 1535.00000000 -11.17005000 1520.54700000
v 1535.00000000 41.02901000 1571.70800000
v 1535.00000000 -27.27226000 1503.40700000
v 1535.00000000 53.13857000 1582.90200000
v 1535.00000000 41.88285000 1571.26000000
v 1535.00000000 42.81912000 1571.02900000
v 1535.00000000 -26.41842000 1502.95900000
v 1535.00000000 -25.48215000 1502.72800000
v 1535.00000000 -24.51785000 1502.72800000
v 1535.00000000 -23.58158000 1502.95900000
v 1535.00000000 58.27951000 1572.57800000
v 1535.00000000 46.84309000 1573.14100000
v 1535.00000000 46.29531000 1572.34800000
v 1535.00000000 47.18504000 1574.04300000
v 1535.00000000 -22.72774000 1503.40700000
v 1535.00000000 -22.00596000 1504.04600000
v 1535.00000000 -21.45818000 1504.84000000
v 1535.00000000 -3.79690500 1518.73000000
v 1535.00000000 43.78342000 1571.02900000
v 1535.00000000 -21.11623000 1505.74100000
v 1535.00000000 44.71969000 1571.26000000
v 1535.00000000 45.57353000 1571.70800000
v 1535.00000000 3.79690500 1518.73000000
v 1535.00000000 46.11623000 1549.04300000
v 1535.00000000 -3.88376700 1499.04300000
v 1535.00000000 46.45818000 1548.14100000
v 1535.00000000 30.58467000 1542.46200000
v 1535.00000000 -3.54182400 1498.14100000
v 1535.00000000 47.00596000 1547.34800000
v 1535.00000000 61.43582000 1561.48400000
v 1535.00000000 11.17005000 1520.54700000
v 1535.00000000 47.72774000 1546.70800000
v 1535.00000000 -2.99404300 1497.34800000
v 1535.00000000 -2.27225900 1496.70800000
v 1535.00000000 -1.41842000 1496.26000000
v 1535.00000000 -0.48214670 1496.02900000
v 1535.00000000 53.88377000 1549.04300000
v 1535.00000000 53.54182000 1548.14100000
v 1535.00000000 27.89186000 1535.36100000
v 1535.00000000 17.89404000 1524.07600000
v 1535.00000000 23.57809000 1529.11200000
v 1535.00000000 48.58158000 1546.26000000
v 1535.00000000 39.41750000 1524.04300000
v 1535.00000000 21.11623000 1505.74100000
v 1535.00000000 49.51785000 1546.02900000
v 1535.00000000 39.75945000 1523.14100000
v 1535.00000000 21.45818000 1504.84000000
v 1535.00000000 50.48215000 1546.02900000
v 1535.00000000 40.30723000 1522.34800000
v 1535.00000000 0.48214670 1496.02900000
v 1535.00000000 1.41842000 1496.26000000
v 1535.00000000 2.27225900 1496.70800000
v 1535.00000000 2.99404300 1497.34800000
v 1535.00000000 3.54182400 1498.14100000
v 1535.00000000 41.02901000 1521.70800000
v 1535.00000000 41.88285000 1521.26000000
v 1535.00000000 51.41842000 1546.26000000
v 1535.00000000 52.27226000 1546.70800000
v 1535.00000000 52.99404000 1547.34800000
v 1535.00000000 3.88376700 1499.04300000
v 1535.00000000 22.00596000 1504.04600000
v 1535.00000000 22.72774000 1503.40700000
v 1535.00000000 23.58158000 1502.95900000
v 1535.00000000 47.18504000 1524.04300000
v 1535.00000000 24.51785000 1502.72800000
v 1535.00000000 25.48215000 1502.72800000
v 1535.00000000 26.41842000 1502.95900000
v 1535.00000000 27.27226000 1503.40700000
v 1535.00000000 45.57353000 1521.70800000
v 1535.00000000 44.71969000 1521.26000000
v 1535.00000000 46.29531000 1522.34800000
v 1535.00000000 46.84309000 1523.14100000
v 1535.00000000 27.99404000 1504.04600000
v 1535.00000000 28.54182000 1504.84000000
v 1535.00000000 28.88377000 1505.74100000
v 1535.00000000 42.81912000 1521.02900000
v 1535.00000000 43.78342000 1521.02900000
v 1522.00000000 -47.18504000 1524.04300000
v 1522.00000000 -46.84309000 1523.14100000
v 1522.00000000 -46.29531000 1522.34800000
v 1522.00000000 -45.57353000 1521.70800000
v 1522.00000000 -44.71969000 1521.26000000
v 1522.00000000 -43.78342000 1521.02900000
v 1522.00000000 -42.81912000 1521.02900000
v 1522.00000000 -41.88285000 1521.26000000
v 1522.00000000 -41.02901000 1521.70800000
v 1522.00000000 -40.30723000 1522.34800000
v 1522.00000000 -39.75945000 1523.14100000
v 1522.00000000 -39.41750000 1524.04300000
v 1529.00000000 30.58467000 1542.46200000
v 1529.00000000 27.89186000 1535.36100000
v 1529.00000000 23.57809000 1529.11200000
v 1529.00000000 17.89404000 1524.07600000
v 1529.00000000 11.17005000 1520.54700000
v 1529.00000000 3.79690500 1518.73000000
v 1529.00000000 -3.79690500 1518.73000000
v 1529.00000000 -11.17005000 1520.54700000
v 1529.00000000 -17.89404000 1524.07600000
v 1529.00000000 -23.57809000 1529.11200000
v 1529.00000000 -27.89186000 1535.36100000
v 1529.00000000 -30.58467000 1542.46200000
v 1529.00000000 -61.43582000 1561.48400000
v 1529.00000000 -58.27951000 1572.57800000
v 1529.00000000 -53.13857000 1582.90200000
v 1529.00000000 -46.18806000 1592.10600000
v 1529.00000000 -37.66466000 1599.87600000
v 1529.00000000 -27.85865000 1605.94800000
v 1529.00000000 -17.10394000 1610.11400000
v 1529.00000000 -5.76677200 1612.23300000
v 1529.00000000 5.76677200 1612.23300000
v 1529.00000000 17.10394000 1610.11400000
v 1529.00000000 27.85865000 1605.94800000
v 1529.00000000 37.66466000 1599.87600000
v 1529.00000000 46.18806000 1592.10600000
v 1529.00000000 53.13857000 1582.90200000
v 1529.00000000 58.27951000 1572.57800000
v 1529.00000000 61.43582000 1561.48400000
v 1522.00000000 -3.88376700 1499.04300000
v 1522.00000000 -3.54182400 1498.14100000
v 1522.00000000 -2.99404300 1497.34800000
v 1522.00000000 -2.27225900 1496.70800000
v 1522.00000000 -1.41842000 1496.26000000
v 1522.00000000 -0.48214670 1496.02900000
v 1522.00000000 0.48214670 1496.02900000
v 1522.00000000 1.41842000 1496.26000000
v 1522.00000000 2.27225900 1496.70800000
v 1522.00000000 2.99404300 1497.34800000
v 1522.00000000 3.54182400 1498.14100000
v 1522.00000000 3.88376700 1499.04300000
v 1522.00000000 21.11623000 1505.74100000
v 1522.00000000 21.45818000 1504.84000000
v 1522.00000000 22.00596000 1504.04600000
v 1522.00000000 22.72774000 1503.40700000
v 1522.00000000 23.58158000 1502.95900000
v 1522.00000000 24.51785000 1502.72800000
v 1522.00000000 25.48215000 1502.72800000
v 1522.00000000 26.41842000 1502.95900000
v 1522.00000000 27.27226000 1503.40700000
v 1522.00000000 27.99404000 1504.04600000
v 1522.00000000 28.54182000 1504.84000000
v 1522.00000000 28.88377000 1505.74100000
v 1522.00000000 39.41750000 1524.04300000
v 1522.00000000 39.75945000 1523.14100000
v 1522.00000000 40.30723000 1522.34800000
v 1522.00000000 41.02901000 1521.70800000
v 1522.00000000 41.88285000 1521.26000000
v 1522.00000000 42.81912000 1521.02900000
v 1522.00000000 43.78342000 1521.02900000
v 1522.00000000 44.71969000 1521.26000000
v 1522.00000000 45.57353000 1521.70800000
v 1522.00000000 46.29531000 1522.34800000
v 1522.00000000 46.84309000 1523.14100000
v 1522.00000000 47.18504000 1524.04300000
v 1522.00000000 39.41750000 1574.04300000
v 1522.00000000 39.75945000 1573.14100000
v 1522.00000000 40.30723000 1572.34800000
v 1522.00000000 41.02901000 1571.70800000
v 1522.00000000 41.88285000 1571.26000000
v 1522.00000000 42.81912000 1571.02900000
v 1522.00000000 43.78342000 1571.02900000
v 1522.00000000 44.71969000 1571.26000000
v 1522.00000000 45.57353000 1571.70800000
v 1522.00000000 46.29531000 1572.34800000
v 1522.00000000 46.84309000 1573.14100000
v 1522.00000000 47.18504000 1574.04300000
v 1522.00000000 21.11623000 1592.34400000
v 1522.00000000 21.45818000 1591.44200000
v 1522.00000000 22.00596000 1590.64900000
v 1522.00000000 22.72774000 1590.00900000
v 1522.00000000 23.58158000 1589.56100000
v 1522.00000000 24.51785000 1589.33000000
v 1522.00000000 25.48215000 1589.33000000
v 1522.00000000 26.41842000 1589.56100000
v 1522.00000000 27.27226000 1590.00900000
v 1522.00000000 27.99404000 1590.64900000
v 1522.00000000 28.54182000 1591.44200000
v 1522.00000000 28.88377000 1592.34400000
v 1522.00000000 -3.88376700 1599.04300000
v 1522.00000000 -3.54182400 1598.14100000
v 1522.00000000 -2.99404300 1597.34800000
v 1522.00000000 -2.27225900 1596.70800000
v 1522.00000000 -1.41842000 1596.26000000
v 1522.00000000 -0.48214670 1596.02900000
v 1522.00000000 0.48214670 1596.02900000
v 1522.00000000 1.41842000 1596.26000000
v 1522.00000000 2.27225900 1596.70800000
v 1522.00000000 2.99404300 1597.34800000
v 1522.00000000 3.54182400 1598.14100000
v 1522.00000000 3.88376700 1599.04300000
v 1522.00000000 -28.88377000 1592.34400000
v 1522.00000000 -28.54182000 1591.44200000
v 1522.00000000 -27.99404000 1590.64900000
v 1522.00000000 -27.27226000 1590.00900000
v 1522.00000000 -26.41842000 1589.56100000
v 1522.00000000 -25.48215000 1589.33000000
v 1522.00000000 -24.51785000 1589.33000000
v 1522.00000000 -23.58158000 1589.56100000
v 1522.00000000 -22.72774000 1590.00900000
v 1522.00000000 -22.00596000 1590.64900000
v 1522.00000000 -21.45818000 1591.44200000
v 1522.00000000 -21.11623000 1592.34400000
v 1522.00000000 -47.18504000 1574.04300000
v 1522.00000000 -46.84309000 1573.14100000
v 1522.00000000 -46.29531000 1572.34800000
v 1522.00000000 -45.57353000 1571.70800000
v 1522.00000000 -44.71969000 1571.26000000
v 1522.00000000 -43.78342000 1571.02900000
v 1522.00000000 -42.81912000 1571.02900000
v 1522.00000000 -41.88285000 1571.26000000
v 1522.00000000 -41.02901000 1571.70800000
v 1522.00000000 -40.30723000 1572.34800000
v 1522.00000000 -39.75945000 1573.14100000
v 1522.00000000 -39.41750000 1574.04300000
v 1522.00000000 -28.88377000 1505.74100000
v 1522.00000000 -28.54182000 1504.84000000
v 1522.00000000 -27.99404000 1504.04600000
v 1522.00000000 -27.27226000 1503.40700000
v 1522.00000000 -26.41842000 1502.95900000
v 1522.00000000 -25.48215000 1502.72800000
v 1522.00000000 -24.51785000 1502.72800000
v 1522.00000000 -23.58158000 1502.95900000
v 1522.00000000 -22.72774000 1503.40700000
v 1522.00000000 -22.00596000 1504.04600000
v 1522.00000000 -21.45818000 1504.84000000
v 1522.00000000 -21.11623000 1505.74100000
v 1525.00000000 -53.88377000 1549.04300000
v 1525.00000000 -53.54182000 1548.14100000
v 1525.00000000 -52.99404000 1547.34800000
v 1525.00000000 -52.27226000 1546.70800000
v 1525.00000000 -51.41842000 1546.26000000
v 1525.00000000 -50.48215000 1546.02900000
v 1525.00000000 -49.51785000 1546.02900000
v 1525.00000000 -48.58158000 1546.26000000
v 1525.00000000 -47.72774000 1546.70800000
v 1525.00000000 -47.00596000 1547.34800000
v 1525.00000000 -46.45818000 1548.14100000
v 1525.00000000 -46.11623000 1549.04300000
v 1525.00000000 46.11623000 1549.04300000
v 1525.00000000 46.45818000 1548.14100000
v 1525.00000000 47.00596000 1547.34800000
v 1525.00000000 47.72774000 1546.70800000
v 1525.00000000 48.58158000 1546.26000000
v 1525.00000000 49.51785000 1546.02900000
v 1525.00000000 50.48215000 1546.02900000
v 1525.00000000 51.41842000 1546.26000000
v 1525.00000000 52.27226000 1546.70800000
v 1525.00000000 52.99404000 1547.34800000
v 1525.00000000 53.54182000 1548.14100000
v 1525.00000000 53.88377000 1549.04300000
v 1522.00000000 -46.60247000 1524.18600000
v 1522.00000000 -46.31182000 1523.42000000
v 1522.00000000 -45.84621000 1522.74500000
v 1522.00000000 -45.23269000 1522.20200000
v 1522.00000000 -44.50693000 1521.82100000
v 1522.00000000 -43.71109000 1521.62500000
v 1522.00000000 -42.89145000 1521.62500000
v 1522.00000000 -40.00007000 1524.18600000
v 1522.00000000 -42.09561000 1521.82100000
v 1522.00000000 -41.36985000 1522.20200000
v 1522.00000000 -40.29072000 1523.42000000
v 1522.00000000 -40.75633000 1522.74500000
v 1529.00000000 41.71930000 1591.71900000
v 1529.00000000 32.77864000 1599.05700000
v 1529.00000000 49.05671000 1582.77900000
v 1529.00000000 22.57832000 1604.50900000
v 1529.00000000 54.50889000 1572.57800000
v 1529.00000000 11.51033000 1607.86600000
v 1529.00000000 57.86633000 1561.51000000
v 1529.00000000 -0.00000000 1609.00000000
v 1529.00000000 -11.51033000 1607.86600000
v 1529.00000000 -22.57832000 1604.50900000
v 1529.00000000 -32.77864000 1599.05700000
v 1529.00000000 -41.71930000 1591.71900000
v 1529.00000000 -49.05671000 1582.77900000
v 1529.00000000 -54.50889000 1572.57800000
v 1529.00000000 -57.86633000 1561.51000000
v 1522.00000000 -3.30120200 1499.18600000
v 1522.00000000 -3.01055000 1498.42000000
v 1522.00000000 -2.54493700 1497.74500000
v 1522.00000000 -1.93142000 1497.20200000
v 1522.00000000 -1.20565700 1496.82100000
v 1522.00000000 -0.40982470 1496.62500000
v 1522.00000000 0.40982470 1496.62500000
v 1522.00000000 3.30120200 1499.18600000
v 1522.00000000 3.01055000 1498.42000000
v 1522.00000000 1.20565700 1496.82100000
v 1522.00000000 2.54493700 1497.74500000
v 1522.00000000 1.93142000 1497.20200000
v 1522.00000000 21.69880000 1505.88500000
v 1522.00000000 21.98945000 1505.11900000
v 1522.00000000 22.45506000 1504.44400000
v 1522.00000000 23.06858000 1503.90100000
v 1522.00000000 23.79434000 1503.52000000
v 1522.00000000 24.59018000 1503.32400000
v 1522.00000000 28.30120000 1505.88500000
v 1522.00000000 25.40982000 1503.32400000
v 1522.00000000 26.20566000 1503.52000000
v 1522.00000000 28.01055000 1505.11900000
v 1522.00000000 26.93142000 1503.90100000
v 1522.00000000 27.54494000 1504.44400000
v 1522.00000000 40.00007000 1524.18600000
v 1522.00000000 40.29072000 1523.42000000
v 1522.00000000 40.75633000 1522.74500000
v 1522.00000000 41.36985000 1522.20200000
v 1522.00000000 42.09561000 1521.82100000
v 1522.00000000 42.89145000 1521.62500000
v 1522.00000000 43.71109000 1521.62500000
v 1522.00000000 46.60247000 1524.18600000
v 1522.00000000 44.50693000 1521.82100000
v 1522.00000000 45.23269000 1522.20200000
v 1522.00000000 46.31182000 1523.42000000
v 1522.00000000 45.84621000 1522.74500000
v 1522.00000000 40.00007000 1574.18600000
v 1522.00000000 40.29072000 1573.42000000
v 1522.00000000 40.75633000 1572.74500000
v 1522.00000000 41.36985000 1572.20200000
v 1522.00000000 42.09561000 1571.82100000
v 1522.00000000 42.89145000 1571.62500000
v 1522.00000000 43.71109000 1571.62500000
v 1522.00000000 46.60247000 1574.18600000
v 1522.00000000 44.50693000 1571.82100000
v 1522.00000000 46.31182000 1573.42000000
v 1522.00000000 45.23269000 1572.20200000
v 1522.00000000 45.84621000 1572.74500000
v 1522.00000000 21.69880000 1592.48800000
v 1522.00000000 21.98945000 1591.72100000
v 1522.00000000 22.45506000 1591.04700000
v 1522.00000000 23.06858000 1590.50300000
v 1522.00000000 23.79434000 1590.12200000
v 1522.00000000 24.59018000 1589.92600000
v 1522.00000000 25.40982000 1589.92600000
v 1522.00000000 28.30120000 1592.48800000
v 1522.00000000 26.20566000 1590.12200000
v 1522.00000000 26.93142000 1590.50300000
v 1522.00000000 28.01055000 1591.72100000
v 1522.00000000 27.54494000 1591.04700000
v 1522.00000000 -3.30120200 1599.18600000
v 1522.00000000 -3.01055000 1598.42000000
v 1522.00000000 -2.54493700 1597.74500000
v 1522.00000000 -1.93142000 1597.20200000
v 1522.00000000 -1.20565700 1596.82100000
v 1522.00000000 -0.40982470 1596.62500000
v 1522.00000000 3.30120200 1599.18600000
v 1522.00000000 0.40982470 1596.62500000
v 1522.00000000 1.20565700 1596.82100000
v 1522.00000000 3.01055000 1598.42000000
v 1522.00000000 2.54493700 1597.74500000
v 1522.00000000 1.93142000 1597.20200000
v 1522.00000000 -28.30120000 1592.48800000
v 1522.00000000 -28.01055000 1591.72100000
v 1522.00000000 -27.54494000 1591.04700000
v 1522.00000000 -26.93142000 1590.50300000
v 1522.00000000 -26.20566000 1590.12200000
v 1522.00000000 -25.40982000 1589.92600000
v 1522.00000000 -24.59018000 1589.92600000
v 1522.00000000 -23.79434000 1590.12200000
v 1522.00000000 -21.69880000 1592.48800000
v 1522.00000000 -21.98945000 1591.72100000
v 1522.00000000 -23.06858000 1590.50300000
v 1522.00000000 -22.45506000 1591.04700000
v 1522.00000000 -46.60247000 1574.18600000
v 1522.00000000 -46.31182000 1573.42000000
v 1522.00000000 -45.84621000 1572.74500000
v 1522.00000000 -45.23269000 1572.20200000
v 1522.00000000 -44.50693000 1571.82100000
v 1522.00000000 -43.71109000 1571.62500000
v 1522.00000000 -42.89145000 1571.62500000
v 1522.00000000 -40.00007000 1574.18600000
v 1522.00000000 -42.09561000 1571.82100000
v 1522.00000000 -40.29072000 1573.42000000
v 1522.00000000 -41.36985000 1572.20200000
v 1522.00000000 -40.75633000 1572.74500000
v 1522.00000000 -28.30120000 1505.88500000
v 1522.00000000 -28.01055000 1505.11900000
v 1522.00000000 -27.54494000 1504.44400000
v 1522.00000000 -26.93142000 1503.90100000
v 1522.00000000 -26.20566000 1503.52000000
v 1522.00000000 -25.40982000 1503.32400000
v 1522.00000000 -24.59018000 1503.32400000
v 1522.00000000 -21.69880000 1505.88500000
v 1522.00000000 -23.79434000 1503.52000000
v 1522.00000000 -23.06858000 1503.90100000
v 1522.00000000 -21.98945000 1505.11900000
v 1522.00000000 -22.45506000 1504.44400000
v 1523.39800000 -51.20129000 1549.42100000
v 1523.39800000 -50.83132000 1548.95800000
v 1524.19900000 -52.40258000 1548.84300000
v 1523.39800000 -50.29669000 1548.70000000
v 1524.19900000 -51.66264000 1547.91500000
v 1523.39800000 -49.70331000 1548.70000000
v 1524.19900000 -50.59339000 1547.40000000
v 1523.39800000 -49.16868000 1548.95800000
v 1524.19900000 -49.40661000 1547.40000000
v 1523.39800000 -48.79871000 1549.42100000
v 1524.19900000 -48.33736000 1547.91500000
v 1524.19900000 -47.59742000 1548.84300000
v 1523.39800000 48.79871000 1549.42100000
v 1523.39800000 49.16868000 1548.95800000
v 1524.19900000 47.59742000 1548.84300000
v 1523.39800000 49.70331000 1548.70000000
v 1524.19900000 48.33736000 1547.91500000
v 1523.39800000 50.29669000 1548.70000000
v 1524.19900000 49.40661000 1547.40000000
v 1523.39800000 50.83132000 1548.95800000
v 1524.19900000 50.59339000 1547.40000000
v 1523.39800000 51.20129000 1549.42100000
v 1524.19900000 51.66264000 1547.91500000
v 1524.19900000 52.40258000 1548.84300000
v 1518.25000000 -46.60247000 1524.18600000
v 1518.25000000 -46.31182000 1523.42000000
v 1518.25000000 -45.84621000 1522.74500000
v 1518.25000000 -45.23269000 1522.20200000
v 1518.25000000 -44.50693000 1521.82100000
v 1518.25000000 -43.71109000 1521.62500000
v 1518.25000000 -42.89145000 1521.62500000
v 1518.25000000 -42.09561000 1521.82100000
v 1518.25000000 -41.36985000 1522.20200000
v 1518.25000000 -40.75633000 1522.74500000
v 1518.25000000 -40.29072000 1523.42000000
v 1518.25000000 -40.00007000 1524.18600000
v 1524.90000000 -57.86633000 1561.51000000
v 1524.90000000 -54.50889000 1572.57800000
v 1524.90000000 -49.05671000 1582.77900000
v 1524.90000000 -41.71930000 1591.71900000
v 1524.90000000 -32.77864000 1599.05700000
v 1524.90000000 -22.57832000 1604.50900000
v 1524.90000000 -11.51033000 1607.86600000
v 1524.90000000 -0.00000000 1609.00000000
v 1524.90000000 11.51033000 1607.86600000
v 1524.90000000 22.57832000 1604.50900000
v 1524.90000000 32.77864000 1599.05700000
v 1524.90000000 41.71930000 1591.71900000
v 1524.90000000 49.05671000 1582.77900000
v 1524.90000000 54.50889000 1572.57800000
v 1524.90000000 57.86633000 1561.51000000
v 1518.25000000 -3.30120200 1499.18600000
v 1518.25000000 -3.01055000 1498.42000000
v 1518.25000000 -2.54493700 1497.74500000
v 1518.25000000 -1.93142000 1497.20200000
v 1518.25000000 -1.20565700 1496.82100000
v 1518.25000000 -0.40982470 1496.62500000
v 1518.25000000 0.40982470 1496.62500000
v 1518.25000000 1.20565700 1496.82100000
v 1518.25000000 1.93142000 1497.20200000
v 1518.25000000 2.54493700 1497.74500000
v 1518.25000000 3.01055000 1498.42000000
v 1518.25000000 3.30120200 1499.18600000
v 1518.25000000 21.69880000 1505.88500000
v 1518.25000000 21.98945000 1505.11900000
v 1518.25000000 22.45506000 1504.44400000
v 1518.25000000 23.06858000 1503.90100000
v 1518.25000000 23.79434000 1503.52000000
v 1518.25000000 24.59018000 1503.32400000
v 1518.25000000 25.40982000 1503.32400000
v 1518.25000000 26.20566000 1503.52000000
v 1518.25000000 26.93142000 1503.90100000
v 1518.25000000 27.54494000 1504.44400000
v 1518.25000000 28.01055000 1505.11900000
v 1518.25000000 28.30120000 1505.88500000
v 1518.25000000 40.00007000 1524.18600000
v 1518.25000000 40.29072000 1523.42000000
v 1518.25000000 40.75633000 1522.74500000
v 1518.25000000 41.36985000 1522.20200000
v 1518.25000000 42.09561000 1521.82100000
v 1518.25000000 42.89145000 1521.62500000
v 1518.25000000 43.71109000 1521.62500000
v 1518.25000000 44.50693000 1521.82100000
v 1518.25000000 45.23269000 1522.20200000
v 1518.25000000 45.84621000 1522.74500000
v 1518.25000000 46.31182000 1523.42000000
v 1518.25000000 46.60247000 1524.18600000
v 1518.25000000 40.00007000 1574.18600000
v 1518.25000000 40.29072000 1573.42000000
v 1518.25000000 40.75633000 1572.74500000
v 1518.25000000 41.36985000 1572.20200000
v 1518.25000000 42.09561000 1571.82100000
v 1518.25000000 42.89145000 1571.62500000
v 1518.25000000 43.71109000 1571.62500000
v 1518.25000000 44.50693000 1571.82100000
v 1518.25000000 45.23269000 1572.20200000
v 1518.25000000 45.84621000 1572.74500000
v 1518.25000000 46.31182000 1573.42000000
v 1518.25000000 46.60247000 1574.18600000
v 1518.25000000 21.69880000 1592.48800000
v 1518.25000000 21.98945000 1591.72100000
v 1518.25000000 22.45506000 1591.04700000
v 1518.25000000 23.06858000 1590.50300000
v 1518.25000000 23.79434000 1590.12200000
v 1518.25000000 24.59018000 1589.92600000
v 1518.25000000 25.40982000 1589.92600000
v 1518.25000000 26.20566000 1590.12200000
v 1518.25000000 26.93142000 1590.50300000
v 1518.25000000 27.54494000 1591.04700000
v 1518.25000000 28.01055000 1591.72100000
v 1518.25000000 28.30120000 1592.48800000
v 1518.25000000 -3.30120200 1599.18600000
v 1518.25000000 -3.01055000 1598.42000000
v 1518.25000000 -2.54493700 1597.74500000
v 1518.25000000 -1.93142000 1597.20200000
v 1518.25000000 -1.20565700 1596.82100000
v 1518.25000000 -0.40982470 1596.62500000
v 1518.25000000 0.40982470 1596.62500000
v 1518.25000000 1.20565700 1596.82100000
v 1518.25000000 1.93142000 1597.20200000
v 1518.25000000 2.54493700 1597.74500000
v 1518.25000000 3.01055000 1598.42000000
v 1518.25000000 3.30120200 1599.18600000
v 1518.25000000 -28.30120000 1592.48800000
v 1518.25000000 -28.01055000 1591.72100000
v 1518.25000000 -27.54494000 1591.04700000
v 1518.25000000 -26.93142000 1590.50300000
v 1518.25000000 -26.20566000 1590.12200000
v 1518.25000000 -25.40982000 1589.92600000
v 1518.25000000 -24.59018000 1589.92600000
v 1518.25000000 -23.79434000 1590.12200000
v 1518.25000000 -23.06858000 1590.50300000
v 1518.25000000 -22.45506000 1591.04700000
v 1518.25000000 -21.98945000 1591.72100000
v 1518.25000000 -21.69880000 1592.48800000
v 1518.25000000 -46.60247000 1574.18600000
v 1518.25000000 -46.31182000 1573.42000000
v 1518.25000000 -45.84621000 1572.74500000
v 1518.25000000 -45.23269000 1572.20200000
v 1518.25000000 -44.50693000 1571.82100000
v 1518.25000000 -43.71109000 1571.62500000
v 1518.25000000 -42.89145000 1571.62500000
v 1518.25000000 -42.09561000 1571.82100000
v 1518.25000000 -41.36985000 1572.20200000
v 1518.25000000 -40.75633000 1572.74500000
v 1518.25000000 -40.29072000 1573.42000000
v 1518.25000000 -40.00007000 1574.18600000
v 1518.25000000 -28.30120000 1505.88500000
v 1518.25000000 -28.01055000 1505.11900000
v 1518.25000000 -27.54494000 1504.44400000
v 1518.25000000 -26.93142000 1503.90100000
v 1518.25000000 -26.20566000 1503.52000000
v 1518.25000000 -25.40982000 1503.32400000
v 1518.25000000 -24.59018000 1503.32400000
v 1518.25000000 -23.79434000 1503.52000000
v 1518.25000000 -23.06858000 1503.90100000
v 1518.25000000 -22.45506000 1504.44400000
v 1518.25000000 -21.98945000 1505.11900000
v 1518.25000000 -21.69880000 1505.88500000
v 1516.88800000 -44.00789000 1524.11400000
v 1516.88800000 -44.32237000 1524.50800000
v 1517.56900000 -45.34347000 1524.01700000
v 1516.88800000 -43.55346000 1523.89500000
v 1517.56900000 -44.71451000 1523.22800000
v 1516.88800000 -43.04908000 1523.89500000
v 1517.56900000 -43.80565000 1522.79000000
v 1516.88800000 -42.59465000 1524.11400000
v 1517.56900000 -42.79689000 1522.79000000
v 1516.88800000 -42.28017000 1524.50800000
v 1517.56900000 -41.88803000 1523.22800000
v 1517.56900000 -41.25907000 1524.01700000
v 1524.90000000 -40.97916000 1604.26500000
v 1524.90000000 -50.25261000 1595.81100000
v 1524.90000000 -30.31021000 1610.87100000
v 1524.90000000 -57.81477000 1585.79700000
v 1524.90000000 -18.60908000 1615.40400000
v 1524.90000000 -63.40811000 1574.56400000
v 1524.90000000 -6.27424800 1617.71000000
v 1524.90000000 -66.84217000 1562.49500000
v 1524.90000000 6.27424800 1617.71000000
v 1524.90000000 18.60908000 1615.40400000
v 1524.90000000 30.31021000 1610.87100000
v 1524.90000000 40.97916000 1604.26500000
v 1524.90000000 50.25261000 1595.81100000
v 1524.90000000 57.81477000 1585.79700000
v 1524.90000000 63.40811000 1574.56400000
v 1524.90000000 66.84217000 1562.49500000
v 1516.88800000 -0.70662180 1499.11400000
v 1516.88800000 -1.02109800 1499.50800000
v 1517.56900000 -2.04219600 1499.01700000
v 1516.88800000 -0.25219040 1498.89500000
v 1517.56900000 -1.41324400 1498.22800000
v 1516.88800000 0.25219040 1498.89500000
v 1517.56900000 -0.50438080 1497.79000000
v 1516.88800000 0.70662180 1499.11400000
v 1517.56900000 0.50438080 1497.79000000
v 1516.88800000 1.02109800 1499.50800000
v 1517.56900000 1.41324400 1498.22800000
v 1517.56900000 2.04219600 1499.01700000
v 1516.88800000 23.97890000 1506.20700000
v 1516.88800000 24.29338000 1505.81300000
v 1517.56900000 22.95780000 1505.71500000
v 1516.88800000 24.74781000 1505.59400000
v 1517.56900000 23.58676000 1504.92700000
v 1516.88800000 25.25219000 1505.59400000
v 1517.56900000 24.49562000 1504.48900000
v 1516.88800000 25.70662000 1505.81300000
v 1517.56900000 25.50438000 1504.48900000
v 1516.88800000 26.02110000 1506.20700000
v 1517.56900000 26.41324000 1504.92700000
v 1517.56900000 27.04220000 1505.71500000
v 1516.88800000 42.28017000 1524.50800000
v 1516.88800000 42.59465000 1524.11400000
v 1517.56900000 41.25907000 1524.01700000
v 1516.88800000 43.04908000 1523.89500000
v 1517.56900000 41.88803000 1523.22800000
v 1516.88800000 43.55346000 1523.89500000
v 1517.56900000 42.79689000 1522.79000000
v 1516.88800000 44.00789000 1524.11400000
v 1517.56900000 43.80565000 1522.79000000
v 1516.88800000 44.32237000 1524.50800000
v 1517.56900000 44.71451000 1523.22800000
v 1517.56900000 45.34347000 1524.01700000
v 1516.88800000 42.28017000 1574.50800000
v 1516.88800000 42.59465000 1574.11400000
v 1517.56900000 41.25907000 1574.01700000
v 1516.88800000 43.04908000 1573.89500000
v 1517.56900000 41.88803000 1573.22800000
v 1516.88800000 43.55346000 1573.89500000
v 1517.56900000 42.79689000 1572.79000000
v 1516.88800000 44.00789000 1574.11400000
v 1517.56900000 43.80565000 1572.79000000
v 1516.88800000 44.32237000 1574.50800000
v 1517.56900000 44.71451000 1573.22800000
v 1517.56900000 45.34347000 1574.01700000
v 1516.88800000 24.29338000 1592.41500000
v 1516.88800000 23.97890000 1592.81000000
v 1517.56900000 22.95780000 1592.31800000
v 1516.88800000 24.74781000 1592.19600000
v 1517.56900000 23.58676000 1591.52900000
v 1516.88800000 25.25219000 1592.19600000
v 1517.56900000 24.49562000 1591.09100000
v 1516.88800000 25.70662000 1592.41500000
v 1517.56900000 25.50438000 1591.09100000
v 1516.88800000 26.02110000 1592.81000000
v 1517.56900000 26.41324000 1591.52900000
v 1517.56900000 27.04220000 1592.31800000
v 1516.88800000 -0.70662180 1599.11400000
v 1516.88800000 -1.02109800 1599.50800000
v 1517.56900000 -2.04219600 1599.01700000
v 1516.88800000 -0.25219040 1598.89500000
v 1517.56900000 -1.41324400 1598.22800000
v 1516.88800000 0.25219040 1598.89500000
v 1517.56900000 -0.50438080 1597.79000000
v 1516.88800000 0.70662180 1599.11400000
v 1517.56900000 0.50438080 1597.79000000
v 1516.88800000 1.02109800 1599.50800000
v 1517.56900000 1.41324400 1598.22800000
v 1517.56900000 2.04219600 1599.01700000
v 1516.88800000 -25.70662000 1592.41500000
v 1516.88800000 -26.02110000 1592.81000000
v 1517.56900000 -27.04220000 1592.31800000
v 1516.88800000 -25.25219000 1592.19600000
v 1517.56900000 -26.41324000 1591.52900000
v 1516.88800000 -24.74781000 1592.19600000
v 1517.56900000 -25.50438000 1591.09100000
v 1516.88800000 -24.29338000 1592.41500000
v 1517.56900000 -24.49562000 1591.09100000
v 1516.88800000 -23.97890000 1592.81000000
v 1517.56900000 -23.58676000 1591.52900000
v 1517.56900000 -22.95780000 1592.31800000
v 1516.88800000 -44.00789000 1574.11400000
v 1516.88800000 -44.32237000 1574.50800000
v 1517.56900000 -45.34347000 1574.01700000
v 1516.88800000 -43.55346000 1573.89500000
v 1517.56900000 -44.71451000 1573.22800000
v 1516.88800000 -43.04908000 1573.89500000
v 1517.56900000 -43.80565000 1572.79000000
v 1516.88800000 -42.59465000 1574.11400000
v 1517.56900000 -42.79689000 1572.79000000
v 1516.88800000 -42.28017000 1574.50800000
v 1517.56900000 -41.88803000 1573.22800000
v 1517.56900000 -41.25907000 1574.01700000
v 1516.88800000 -25.70662000 1505.81300000
v 1516.88800000 -26.02110000 1506.20700000
v 1517.56900000 -27.04220000 1505.71500000
v 1516.88800000 -25.25219000 1505.59400000
v 1517.56900000 -26.41324000 1504.92700000
v 1516.88800000 -24.74781000 1505.59400000
v 1517.56900000 -25.50438000 1504.48900000
v 1516.88800000 -24.29338000 1505.81300000
v 1517.56900000 -24.49562000 1504.48900000
v 1516.88800000 -23.97890000 1506.20700000
v 1517.56900000 -23.58676000 1504.92700000
v 1517.56900000 -22.95780000 1505.71500000
v 1500.00000000 -66.84217000 1562.49500000
v 1500.00000000 -63.40811000 1574.56400000
v 1500.00000000 -57.81477000 1585.79700000
v 1500.00000000 -50.25261000 1595.81100000
v 1500.00000000 -40.97916000 1604.26500000
v 1500.00000000 -30.31021000 1610.87100000
v 1500.00000000 -18.60908000 1615.40400000
v 1500.00000000 -6.27424800 1617.71000000
v 1500.00000000 6.27424800 1617.71000000
v 1500.00000000 18.60908000 1615.40400000
v 1500.00000000 30.31021000 1610.87100000
v 1500.00000000 40.97916000 1604.26500000
v 1500.00000000 50.25261000 1595.81100000
v 1500.00000000 57.81477000 1585.79700000
v 1500.00000000 63.40811000 1574.56400000
v 1500.00000000 66.84217000 1562.49500000
v 1500.00000000 -63.25615000 1606.77700000
v 1500.00000000 -69.00000000 1599.63900000
v 1500.00000000 -56.77728000 1613.25600000
v 1500.00000000 -49.63869000 1619.00000000
v 1500.00000000 49.63869000 1619.00000000
v 1500.00000000 -69.00000000 1500.36100000
v 1500.00000000 56.77728000 1613.25600000
v 1500.00000000 -63.25615000 1493.22300000
v 1500.00000000 63.25615000 1606.77700000
v 1500.00000000 -56.77728000 1486.74400000
v 1500.00000000 69.00000000 1599.63900000
v 1500.00000000 -49.63869000 1481.00000000
v 1500.00000000 69.00000000 1500.36100000
v 1500.00000000 49.63869000 1481.00000000
v 1500.00000000 63.25615000 1493.22300000
v 1500.00000000 56.77728000 1486.74400000
v 1480.00000000 -69.00000000 1599.63900000
v 1480.00000000 -69.00000000 1500.36100000
v 1480.00000000 -49.63869000 1481.00000000
v 1480.00000000 -56.77728000 1486.74400000
v 1480.00000000 -63.25615000 1493.22300000
v 1480.00000000 49.63869000 1481.00000000
v 1480.00000000 63.25615000 1493.22300000
v 1480.00000000 69.00000000 1500.36100000
v 1480.00000000 56.77728000 1486.74400000
v 1480.00000000 69.00000000 1599.63900000
v 1480.00000000 56.77728000 1613.25600000
v 1480.00000000 49.63869000 1619.00000000
v 1480.00000000 63.25615000 1606.77700000
v 1480.00000000 -49.63869000 1619.00000000
v 1480.00000000 -63.25615000 1606.77700000
v 1480.00000000 -56.77728000 1613.25600000
v 1480.00000000 46.92707000 1592.78000000
v 1480.00000000 38.26730000 1600.67400000
v 1480.00000000 53.98879000 1583.42800000
v 1480.00000000 28.30439000 1606.84300000
v 1480.00000000 59.21199000 1572.93900000
v 1480.00000000 17.37760000 1611.07600000
v 1480.00000000 62.41879000 1561.66800000
v 1480.00000000 5.85904100 1613.22900000
v 1480.00000000 -5.85904100 1613.22900000
v 1480.00000000 -17.37760000 1611.07600000
v 1480.00000000 -28.30439000 1606.84300000
v 1480.00000000 -38.26730000 1600.67400000
v 1480.00000000 -46.92707000 1592.78000000
v 1480.00000000 -53.98879000 1583.42800000
v 1480.00000000 -59.21199000 1572.93900000
v 1480.00000000 -62.41879000 1561.66800000
v 1472.00000000 -62.41879000 1561.66800000
v 1472.00000000 -59.21199000 1572.93900000
v 1472.00000000 -53.98879000 1583.42800000
v 1472.00000000 -46.92707000 1592.78000000
v 1472.00000000 -38.26730000 1600.67400000
v 1472.00000000 -28.30439000 1606.84300000
v 1472.00000000 -17.37760000 1611.07600000
v 1472.00000000 -5.85904100 1613.22900000
v 1472.00000000 5.85904100 1613.22900000
v 1472.00000000 17.37760000 1611.07600000
v 1472.00000000 28.30439000 1606.84300000
v 1472.00000000 38.26730000 1600.67400000
v 1472.00000000 46.92707000 1592.78000000
v 1472.00000000 53.98879000 1583.42800000
v 1472.00000000 59.21199000 1572.93900000
v 1472.00000000 62.41879000 1561.66800000
v 1472.00000000 43.31029000 1593.31000000
v 1472.00000000 34.02868000 1600.92800000
v 1472.00000000 50.92751000 1584.02900000
v 1472.00000000 23.43936000 1606.58800000
v 1472.00000000 56.58762000 1573.43900000
v 1472.00000000 11.94928000 1610.07300000
v 1472.00000000 60.07310000 1561.94900000
v 1472.00000000 -0.00000000 1611.25000000
v 1472.00000000 -11.94928000 1610.07300000
v 1472.00000000 -23.43936000 1606.58800000
v 1472.00000000 -34.02868000 1600.92800000
v 1472.00000000 -43.31029000 1593.31000000
v 1472.00000000 -50.92751000 1584.02900000
v 1472.00000000 -56.58762000 1573.43900000
v 1472.00000000 -60.07310000 1561.94900000
v 1468.40000000 -60.07310000 1561.94900000
v 1468.40000000 -56.58762000 1573.43900000
v 1468.40000000 -50.92751000 1584.02900000
v 1468.40000000 -43.31029000 1593.31000000
v 1468.40000000 -34.02868000 1600.92800000
v 1468.40000000 -23.43936000 1606.58800000
v 1468.40000000 -11.94928000 1610.07300000
v 1468.40000000 -0.00000000 1611.25000000
v 1468.40000000 11.94928000 1610.07300000
v 1468.40000000 23.43936000 1606.58800000
v 1468.40000000 34.02868000 1600.92800000
v 1468.40000000 43.31029000 1593.31000000
v 1468.40000000 50.92751000 1584.02900000
v 1468.40000000 56.58762000 1573.43900000
v 1468.40000000 60.07310000 1561.94900000
v 1468.40000000 -38.26730000 1600.67400000
v 1468.40000000 -46.92707000 1592.78000000
v 1468.40000000 -53.98879000 1583.42800000
v 1468.40000000 -28.30439000 1606.84300000
v 1468.40000000 -59.21199000 1572.93900000
v 1468.40000000 -17.37760000 1611.07600000
v 1468.40000000 -62.41879000 1561.66800000
v 1468.40000000 -5.85904100 1613.22900000
v 1468.40000000 5.85904100 1613.22900000
v 1468.40000000 17.37760000 1611.07600000
v 1468.40000000 28.30439000 1606.84300000
v 1468.40000000 38.26730000 1600.67400000
v 1468.40000000 46.92707000 1592.78000000
v 1468.40000000 53.98879000 1583.42800000
v 1468.40000000 59.21199000 1572.93900000
v 1468.40000000 62.41879000 1561.66800000
v 1465.50000000 -62.41879000 1561.66800000
v 1465.50000000 -59.21199000 1572.93900000
v 1465.50000000 -53.98879000 1583.42800000
v 1465.50000000 -46.92707000 1592.78000000
v 1465.50000000 -38.26730000 1600.67400000
v 1465.50000000 -28.30439000 1606.84300000
v 1465.50000000 -17.37760000 1611.07600000
v 1465.50000000 -5.85904100 1613.22900000
v 1465.50000000 5.85904100 1613.22900000
v 1465.50000000 17.37760000 1611.07600000
v 1465.50000000 28.30439000 1606.84300000
v 1465.50000000 38.26730000 1600.67400000
v 1465.50000000 46.92707000 1592.78000000
v 1465.50000000 53.98879000 1583.42800000
v 1465.50000000 59.21199000 1572.93900000
v 1465.50000000 62.41879000 1561.66800000
v 1465.50000000 34.12566000 1587.90000000
v 1465.50000000 41.25987000 1579.97700000
v 1465.50000000 25.50000000 1594.16700000
v 1465.50000000 46.59082000 1570.74400000
v 1465.50000000 15.75987000 1598.50400000
v 1465.50000000 49.88553000 1560.60300000
v 1465.50000000 5.33095200 1600.72100000
v 1465.50000000 -5.33095200 1600.72100000
v 1465.50000000 -15.75987000 1598.50400000
v 1465.50000000 -25.50000000 1594.16700000
v 1465.50000000 -34.12566000 1587.90000000
v 1465.50000000 -41.25987000 1579.97700000
v 1465.50000000 -46.59082000 1570.74400000
v 1465.50000000 -49.88553000 1560.60300000
v 1462.00000000 -49.88553000 1560.60300000
v 1462.00000000 -46.59082000 1570.74400000
v 1462.00000000 -41.25987000 1579.97700000
v 1462.00000000 -34.12566000 1587.90000000
v 1462.00000000 -25.50000000 1594.16700000
v 1462.00000000 -15.75987000 1598.50400000
v 1462.00000000 -5.33095200 1600.72100000
v 1462.00000000 5.33095200 1600.72100000
v 1462.00000000 15.75987000 1598.50400000
v 1462.00000000 25.50000000 1594.16700000
v 1462.00000000 34.12566000 1587.90000000
v 1462.00000000 41.25987000 1579.97700000
v 1462.00000000 46.59082000 1570.74400000
v 1462.00000000 49.88553000 1560.60300000
v 1370.46000000 -119.79810000 1504.04500000
v 1379.56800000 -119.79810000 1509.30300000
v 1379.28900000 -120.01910000 1509.68700000
v 1378.99200000 -120.15440000 1510.09500000
v 1378.68600000 -120.20000000 1510.51700000
v 1369.34200000 -120.20000000 1505.19300000
v 1360.45900000 -119.79810000 1500.79500000
v 1359.42700000 -120.20000000 1502.11500000
v 1350.00000000 -119.79810000 1499.69600000
v 1349.12200000 -120.20000000 1501.20400000
v 1339.54100000 -119.79810000 1500.79500000
v 1339.00500000 -120.20000000 1502.45100000
v 1302.15800000 -119.79810000 1565.54500000
v 1299.97200000 -119.79810000 1555.25800000
v 1301.54900000 -120.20000000 1555.85500000
v 1303.86100000 -120.20000000 1565.90500000
v 1306.43600000 -119.79810000 1575.15200000
v 1308.16200000 -120.20000000 1575.12800000
v 1312.61700000 -119.79810000 1583.66000000
v 1314.56600000 -120.20000000 1583.56000000
v 1320.43200000 -119.79810000 1590.69700000
v 1320.71100000 -120.01910000 1590.31300000
v 1321.00800000 -120.15440000 1589.90500000
v 1321.31400000 -120.20000000 1589.48300000
v 1335.32300000 -120.01860000 1502.37900000
v 1329.54000000 -119.79810000 1504.04500000
v 1335.47200000 -120.15470000 1502.86500000
v 1329.48600000 -120.20000000 1505.71700000
v 1328.43400000 -120.15470000 1505.64100000
v 1321.36400000 -120.01860000 1509.21800000
v 1320.43200000 -119.79810000 1509.30300000
v 1321.65600000 -120.15470000 1509.63400000
v 1320.93300000 -120.20000000 1510.79600000
v 1315.09000000 -120.01860000 1514.44100000
v 1312.61700000 -119.79810000 1516.34000000
v 1315.44500000 -120.15470000 1514.80400000
v 1313.65900000 -120.20000000 1517.42500000
v 1309.68600000 -120.01860000 1520.71000000
v 1306.43600000 -119.79810000 1524.84800000
v 1307.91300000 -120.20000000 1525.29200000
v 1310.09600000 -120.15470000 1521.00800000
v 1305.39400000 -120.01860000 1527.78700000
v 1302.15800000 -119.79810000 1534.45500000
v 1305.84800000 -120.15470000 1528.01300000
v 1303.54000000 -120.20000000 1535.05700000
v 1302.85100000 -120.15470000 1535.51700000
v 1300.64500000 -120.01860000 1543.12700000
v 1299.97200000 -119.79810000 1544.74200000
v 1301.14800000 -120.15470000 1543.19700000
v 1301.41200000 -120.20000000 1545.41200000
v 1300.17500000 -120.01860000 1550.75700000
v 1300.68200000 -120.15470000 1550.74900000
v 1317.99900000 -100.20000000 1615.61200000
v 1307.09200000 -108.20000000 1609.05800000
v 1317.99900000 -108.20000000 1615.61200000
v 1307.09200000 -100.20000000 1609.05800000
v 1329.87800000 -100.20000000 1620.17200000
v 1329.87800000 -108.20000000 1620.17200000
v 1342.36900000 -100.20000000 1622.60000000
v 1342.36900000 -108.20000000 1622.60000000
v 1355.09200000 -100.20000000 1622.82200000
v 1355.09200000 -108.20000000 1622.82200000
v 1367.66000000 -100.20000000 1620.83200000
v 1367.66000000 -108.20000000 1620.83200000
v 1379.69200000 -100.20000000 1616.68900000
v 1379.69200000 -108.20000000 1616.68900000
v 1390.82100000 -100.20000000 1610.52000000
v 1390.82100000 -108.20000000 1610.52000000
v 1400.71000000 -100.20000000 1602.51200000
v 1400.71000000 -108.20000000 1602.51200000
v 1409.05800000 -100.20000000 1592.90800000
v 1409.05800000 -108.20000000 1592.90800000
v 1415.61200000 -100.20000000 1582.00100000
v 1415.61200000 -108.20000000 1582.00100000
v 1420.17200000 -100.20000000 1570.12200000
v 1420.17200000 -108.20000000 1570.12200000
v 1422.60000000 -100.20000000 1557.63100000
v 1422.60000000 -108.20000000 1557.63100000
v 1422.82200000 -100.20000000 1544.90800000
v 1422.82200000 -108.20000000 1544.90800000
v 1420.83200000 -100.20000000 1532.34000000
v 1420.83200000 -108.20000000 1532.34000000
v 1416.68900000 -100.20000000 1520.30800000
v 1416.68900000 -108.20000000 1520.30800000
v 1410.52000000 -100.20000000 1509.17900000
v 1410.52000000 -108.20000000 1509.17900000
v 1402.51200000 -100.20000000 1499.29000000
v 1402.51200000 -108.20000000 1499.29000000
v 1392.90800000 -108.20000000 1490.94200000
v 1392.90800000 -100.20000000 1490.94200000
v 1324.04300000 -108.20000000 1606.30500000
v 1313.55700000 -113.04530000 1600.15900000
v 1324.04300000 -113.04530000 1606.30500000
v 1313.55700000 -108.20000000 1600.15900000
v 1335.52600000 -108.20000000 1610.28700000
v 1335.52600000 -113.04530000 1610.28700000
v 1347.56600000 -108.20000000 1611.95200000
v 1347.56600000 -113.04530000 1611.95200000
v 1359.69900000 -108.20000000 1611.23700000
v 1359.69900000 -113.04530000 1611.23700000
v 1371.45900000 -108.20000000 1608.16800000
v 1371.45900000 -113.04530000 1608.16800000
v 1382.39500000 -108.20000000 1602.86400000
v 1382.39500000 -113.04530000 1602.86400000
v 1392.08600000 -108.20000000 1595.52800000
v 1392.08600000 -113.04530000 1595.52800000
v 1400.15900000 -108.20000000 1586.44300000
v 1400.15900000 -113.04530000 1586.44300000
v 1406.30500000 -108.20000000 1575.95700000
v 1406.30500000 -113.04530000 1575.95700000
v 1410.28700000 -108.20000000 1564.47400000
v 1410.28700000 -113.04530000 1564.47400000
v 1411.95200000 -108.20000000 1552.43400000
v 1411.95200000 -113.04530000 1552.43400000
v 1411.23700000 -108.20000000 1540.30100000
v 1411.23700000 -113.04530000 1540.30100000
v 1408.16800000 -108.20000000 1528.54100000
v 1408.16800000 -113.04530000 1528.54100000
v 1402.86400000 -108.20000000 1517.60500000
v 1402.86400000 -113.04530000 1517.60500000
v 1395.52800000 -108.20000000 1507.91400000
v 1395.52800000 -113.04530000 1507.91400000
v 1386.44300000 -113.04530000 1499.84100000
v 1386.44300000 -108.20000000 1499.84100000
v 1329.54000000 -119.79810000 1595.95500000
v 1339.54100000 -119.79810000 1599.20500000
v 1350.00000000 -119.79810000 1600.30400000
v 1360.45900000 -119.79810000 1599.20500000
v 1370.46000000 -119.79810000 1595.95500000
v 1379.56800000 -119.79810000 1590.69700000
v 1387.38300000 -119.79810000 1583.66000000
v 1393.56400000 -119.79810000 1575.15200000
v 1397.84200000 -119.79810000 1565.54500000
v 1400.02800000 -119.79810000 1555.25800000
v 1400.02800000 -119.79810000 1544.74200000
v 1397.84200000 -119.79810000 1534.45500000
v 1393.56400000 -119.79810000 1524.84800000
v 1387.38300000 -119.79810000 1516.34000000
v 1320.30800000 -100.20000000 1483.31100000
v 1344.90800000 -100.20000000 1477.17800000
v 1332.34000000 -100.20000000 1479.16800000
v 1284.38800000 -100.20000000 1517.99900000
v 1309.17900000 -100.20000000 1489.48000000
v 1299.29000000 -100.20000000 1497.48800000
v 1290.94200000 -100.20000000 1507.09200000
v 1382.00100000 -100.20000000 1484.38800000
v 1370.12200000 -100.20000000 1479.82800000
v 1357.63100000 -100.20000000 1477.40000000
v 1277.40000000 -100.20000000 1542.36900000
v 1279.82800000 -100.20000000 1529.87800000
v 1297.48800000 -100.20000000 1600.71000000
v 1283.31100000 -100.20000000 1579.69200000
v 1289.48000000 -100.20000000 1590.82100000
v 1277.17800000 -100.20000000 1555.09200000
v 1279.16800000 -100.20000000 1567.66000000
v 1382.00100000 -108.20000000 1484.38800000
v 1370.12200000 -108.20000000 1479.82800000
v 1357.63100000 -108.20000000 1477.40000000
v 1344.90800000 -108.20000000 1477.17800000
v 1332.34000000 -108.20000000 1479.16800000
v 1320.30800000 -108.20000000 1483.31100000
v 1309.17900000 -108.20000000 1489.48000000
v 1299.29000000 -108.20000000 1497.48800000
v 1290.94200000 -108.20000000 1507.09200000
v 1284.38800000 -108.20000000 1517.99900000
v 1279.82800000 -108.20000000 1529.87800000
v 1277.40000000 -108.20000000 1542.36900000
v 1277.17800000 -108.20000000 1555.09200000
v 1279.16800000 -108.20000000 1567.66000000
v 1283.31100000 -108.20000000 1579.69200000
v 1289.48000000 -108.20000000 1590.82100000
v 1297.48800000 -108.20000000 1600.71000000
v 1340.30100000 -108.20000000 1488.76300000
v 1352.43400000 -108.20000000 1488.04800000
v 1328.54100000 -108.20000000 1491.83200000
v 1317.60500000 -108.20000000 1497.13600000
v 1364.47400000 -108.20000000 1489.71300000
v 1307.91400000 -108.20000000 1504.47200000
v 1375.95700000 -108.20000000 1493.69500000
v 1299.84100000 -108.20000000 1513.55700000
v 1293.69500000 -108.20000000 1524.04300000
v 1289.71300000 -108.20000000 1535.52600000
v 1288.04800000 -108.20000000 1547.56600000
v 1288.76300000 -108.20000000 1559.69900000
v 1291.83200000 -108.20000000 1571.45900000
v 1297.13600000 -108.20000000 1582.39500000
v 1304.47200000 -108.20000000 1592.08600000
v 1375.95700000 -113.04530000 1493.69500000
v 1364.47400000 -113.04530000 1489.71300000
v 1352.43400000 -113.04530000 1488.04800000
v 1340.30100000 -113.04530000 1488.76300000
v 1328.54100000 -113.04530000 1491.83200000
v 1317.60500000 -113.04530000 1497.13600000
v 1307.91400000 -113.04530000 1504.47200000
v 1299.84100000 -113.04530000 1513.55700000
v 1293.69500000 -113.04530000 1524.04300000
v 1289.71300000 -113.04530000 1535.52600000
v 1288.04800000 -113.04530000 1547.56600000
v 1288.76300000 -113.04530000 1559.69900000
v 1291.83200000 -113.04530000 1571.45900000
v 1297.13600000 -113.04530000 1582.39500000
v 1304.47200000 -113.04530000 1592.08600000
v 1330.65800000 -120.20000000 1594.80700000
v 1340.57300000 -120.20000000 1597.88500000
v 1350.87800000 -120.20000000 1598.79600000
v 1360.99500000 -120.20000000 1597.54900000
v 1398.45100000 -120.20000000 1544.14500000
v 1396.13900000 -120.20000000 1534.09500000
v 1391.83800000 -120.20000000 1524.87200000
v 1385.43400000 -120.20000000 1516.44000000
v 1364.67700000 -120.01860000 1597.62100000
v 1364.52800000 -120.15470000 1597.13500000
v 1370.51400000 -120.20000000 1594.28300000
v 1371.56600000 -120.15470000 1594.35900000
v 1378.63600000 -120.01860000 1590.78200000
v 1378.34400000 -120.15470000 1590.36600000
v 1379.06700000 -120.20000000 1589.20400000
v 1384.91000000 -120.01860000 1585.55900000
v 1384.55500000 -120.15470000 1585.19600000
v 1386.34100000 -120.20000000 1582.57500000
v 1390.31400000 -120.01860000 1579.29000000
v 1392.08700000 -120.20000000 1574.70800000
v 1389.90400000 -120.15470000 1578.99200000
v 1394.60600000 -120.01860000 1572.21300000
v 1394.15200000 -120.15470000 1571.98700000
v 1396.46000000 -120.20000000 1564.94300000
v 1397.14900000 -120.15470000 1564.48300000
v 1399.35500000 -120.01860000 1556.87300000
v 1398.85200000 -120.15470000 1556.80300000
v 1398.58800000 -120.20000000 1554.58800000
v 1399.82500000 -120.01860000 1549.24300000
v 1399.31800000 -120.15470000 1549.25100000
v 1382.00000000 95.00000000 1595.00000000
v 1382.08700000 96.00000000 1594.28200000
v 1382.00000000 96.00000000 1595.00000000
v 1382.08700000 95.00000000 1594.28200000
v 1382.34400000 96.00000000 1593.60600000
v 1382.34400000 95.00000000 1593.60600000
v 1382.75400000 96.00000000 1593.01100000
v 1382.75400000 95.00000000 1593.01100000
v 1383.29600000 96.00000000 1592.53100000
v 1383.29600000 95.00000000 1592.53100000
v 1383.93600000 96.00000000 1592.19500000
v 1383.93600000 95.00000000 1592.19500000
v 1384.63800000 96.00000000 1592.02200000
v 1384.63800000 95.00000000 1592.02200000
v 1385.36200000 96.00000000 1592.02200000
v 1385.36200000 95.00000000 1592.02200000
v 1386.06400000 96.00000000 1592.19500000
v 1386.06400000 95.00000000 1592.19500000
v 1386.70400000 96.00000000 1592.53100000
v 1386.70400000 95.00000000 1592.53100000
v 1387.24600000 96.00000000 1593.01100000
v 1387.24600000 95.00000000 1593.01100000
v 1387.65600000 96.00000000 1593.60600000
v 1387.65600000 95.00000000 1593.60600000
v 1387.91300000 96.00000000 1594.28200000
v 1387.91300000 95.00000000 1594.28200000
v 1388.00000000 96.00000000 1595.00000000
v 1388.00000000 95.00000000 1595.00000000
v 1309.50000000 95.00000000 1512.50000000
v 1309.58700000 96.00000000 1511.78200000
v 1309.50000000 96.00000000 1512.50000000
v 1309.58700000 95.00000000 1511.78200000
v 1309.84400000 96.00000000 1511.10600000
v 1309.84400000 95.00000000 1511.10600000
v 1310.25400000 96.00000000 1510.51100000
v 1310.25400000 95.00000000 1510.51100000
v 1310.79600000 96.00000000 1510.03100000
v 1310.79600000 95.00000000 1510.03100000
v 1311.43600000 96.00000000 1509.69500000
v 1311.43600000 95.00000000 1509.69500000
v 1312.13800000 96.00000000 1509.52200000
v 1312.13800000 95.00000000 1509.52200000
v 1312.86200000 96.00000000 1509.52200000
v 1312.86200000 95.00000000 1509.52200000
v 1313.56400000 96.00000000 1509.69500000
v 1313.56400000 95.00000000 1509.69500000
v 1314.20400000 96.00000000 1510.03100000
v 1314.20400000 95.00000000 1510.03100000
v 1314.74600000 96.00000000 1510.51100000
v 1314.74600000 95.00000000 1510.51100000
v 1315.15600000 96.00000000 1511.10600000
v 1315.15600000 95.00000000 1511.10600000
v 1315.41300000 96.00000000 1511.78200000
v 1315.41300000 95.00000000 1511.78200000
v 1315.50000000 96.00000000 1512.50000000
v 1315.50000000 95.00000000 1512.50000000
v 1457.00000000 95.00000000 1512.50000000
v 1457.08700000 96.00000000 1511.78200000
v 1457.00000000 96.00000000 1512.50000000
v 1457.08700000 95.00000000 1511.78200000
v 1457.34400000 96.00000000 1511.10600000
v 1457.34400000 95.00000000 1511.10600000
v 1457.75400000 96.00000000 1510.51100000
v 1457.75400000 95.00000000 1510.51100000
v 1458.29600000 96.00000000 1510.03100000
v 1458.29600000 95.00000000 1510.03100000
v 1458.93600000 96.00000000 1509.69500000
v 1458.93600000 95.00000000 1509.69500000
v 1459.63800000 96.00000000 1509.52200000
v 1459.63800000 95.00000000 1509.52200000
v 1460.36200000 96.00000000 1509.52200000
v 1460.36200000 95.00000000 1509.52200000
v 1461.06400000 96.00000000 1509.69500000
v 1461.06400000 95.00000000 1509.69500000
v 1461.70400000 96.00000000 1510.03100000
v 1461.70400000 95.00000000 1510.03100000
v 1462.24600000 96.00000000 1510.51100000
v 1462.24600000 95.00000000 1510.51100000
v 1462.65600000 96.00000000 1511.10600000
v 1462.65600000 95.00000000 1511.10600000
v 1462.91300000 96.00000000 1511.78200000
v 1462.91300000 95.00000000 1511.78200000
v 1463.00000000 96.00000000 1512.50000000
v 1463.00000000 95.00000000 1512.50000000
v 1382.00000000 95.00000000 1505.00000000
v 1382.08700000 96.00000000 1504.28200000
v 1382.00000000 96.00000000 1505.00000000
v 1382.08700000 95.00000000 1504.28200000
v 1382.34400000 96.00000000 1503.60600000
v 1382.34400000 95.00000000 1503.60600000
v 1382.75400000 96.00000000 1503.01100000
v 1382.75400000 95.00000000 1503.01100000
v 1383.29600000 96.00000000 1502.53100000
v 1383.29600000 95.00000000 1502.53100000
v 1383.93600000 96.00000000 1502.19500000
v 1383.93600000 95.00000000 1502.19500000
v 1384.63800000 96.00000000 1502.02200000
v 1384.63800000 95.00000000 1502.02200000
v 1385.36200000 96.00000000 1502.02200000
v 1385.36200000 95.00000000 1502.02200000
v 1386.06400000 96.00000000 1502.19500000
v 1386.06400000 95.00000000 1502.19500000
v 1386.70400000 96.00000000 1502.53100000
v 1386.70400000 95.00000000 1502.53100000
v 1387.24600000 96.00000000 1503.01100000
v 1387.24600000 95.00000000 1503.01100000
v 1387.65600000 96.00000000 1503.60600000
v 1387.65600000 95.00000000 1503.60600000
v 1387.91300000 96.00000000 1504.28200000
v 1387.91300000 95.00000000 1504.28200000
v 1388.00000000 96.00000000 1505.00000000
v 1388.00000000 95.00000000 1505.00000000
v 1457.00000000 95.00000000 1587.50000000
v 1457.08700000 96.00000000 1586.78200000
v 1457.00000000 96.00000000 1587.50000000
v 1457.08700000 95.00000000 1586.78200000
v 1457.34400000 96.00000000 1586.10600000
v 1457.34400000 95.00000000 1586.10600000
v 1457.75400000 96.00000000 1585.51100000
v 1457.75400000 95.00000000 1585.51100000
v 1458.29600000 96.00000000 1585.03100000
v 1458.29600000 95.00000000 1585.03100000
v 1458.93600000 96.00000000 1584.69500000
v 1458.93600000 95.00000000 1584.69500000
v 1459.63800000 96.00000000 1584.52200000
v 1459.63800000 95.00000000 1584.52200000
v 1460.36200000 96.00000000 1584.52200000
v 1460.36200000 95.00000000 1584.52200000
v 1461.06400000 96.00000000 1584.69500000
v 1461.06400000 95.00000000 1584.69500000
v 1461.70400000 96.00000000 1585.03100000
v 1461.70400000 95.00000000 1585.03100000
v 1462.24600000 96.00000000 1585.51100000
v 1462.24600000 95.00000000 1585.51100000
v 1462.65600000 96.00000000 1586.10600000
v 1462.65600000 95.00000000 1586.10600000
v 1462.91300000 96.00000000 1586.78200000
v 1462.91300000 95.00000000 1586.78200000
v 1463.00000000 96.00000000 1587.50000000
v 1463.00000000 95.00000000 1587.50000000
v 1309.50000000 95.00000000 1587.50000000
v 1309.58700000 96.00000000 1586.78200000
v 1309.50000000 96.00000000 1587.50000000
v 1309.58700000 95.00000000 1586.78200000
v 1309.84400000 96.00000000 1586.10600000
v 1309.84400000 95.00000000 1586.10600000
v 1310.25400000 96.00000000 1585.51100000
v 1310.25400000 95.00000000 1585.51100000
v 1310.79600000 96.00000000 1585.03100000
v 1310.79600000 95.00000000 1585.03100000
v 1311.43600000 96.00000000 1584.69500000
v 1311.43600000 95.00000000 1584.69500000
v 1312.13800000 96.00000000 1584.52200000
v 1312.13800000 95.00000000 1584.52200000
v 1312.86200000 96.00000000 1584.52200000
v 1312.86200000 95.00000000 1584.52200000
v 1313.56400000 96.00000000 1584.69500000
v 1313.56400000 95.00000000 1584.69500000
v 1314.20400000 96.00000000 1585.03100000
v 1314.20400000 95.00000000 1585.03100000
v 1314.74600000 96.00000000 1585.51100000
v 1314.74600000 95.00000000 1585.51100000
v 1315.15600000 96.00000000 1586.10600000
v 1315.15600000 95.00000000 1586.10600000
v 1315.41300000 96.00000000 1586.78200000
v 1315.41300000 95.00000000 1586.78200000
v 1315.50000000 96.00000000 1587.50000000
v 1315.50000000 95.00000000 1587.50000000
v 1305.13600000 95.00000000 1510.67800000
v 1310.67800000 95.00000000 1505.13600000
v 1309.58700000 95.00000000 1513.21800000
v 1317.31400000 95.00000000 1500.96600000
v 1309.84400000 95.00000000 1513.89400000
v 1300.96600000 95.00000000 1517.31400000
v 1310.25400000 95.00000000 1514.48900000
v 1310.79600000 95.00000000 1514.96900000
v 1311.43600000 95.00000000 1515.30500000
v 1320.65400000 95.00000000 1517.64500000
v 1314.74600000 95.00000000 1514.48900000
v 1315.15600000 95.00000000 1513.89400000
v 1315.41300000 95.00000000 1513.21800000
v 1317.64500000 95.00000000 1520.65400000
v 1312.86200000 95.00000000 1515.47800000
v 1313.56400000 95.00000000 1515.30500000
v 1314.20400000 95.00000000 1514.96900000
v 1315.38200000 95.00000000 1524.25600000
v 1312.13800000 95.00000000 1515.47800000
v 1324.25600000 95.00000000 1515.38200000
v 1313.97600000 95.00000000 1528.27200000
v 1298.37800000 95.00000000 1524.71200000
v 1328.27200000 95.00000000 1513.97600000
v 1324.71200000 95.00000000 1498.37800000
v 1332.50000000 95.00000000 1497.50000000
v 1313.50000000 95.00000000 1532.50000000
v 1297.50000000 95.00000000 1532.50000000
v 1332.50000000 95.00000000 1513.50000000
v 1313.50000000 95.00000000 1567.50000000
v 1297.50000000 95.00000000 1567.50000000
v 1313.97600000 95.00000000 1571.72800000
v 1298.37800000 95.00000000 1575.28800000
v 1382.08700000 95.00000000 1505.71800000
v 1382.34400000 95.00000000 1506.39400000
v 1382.75400000 95.00000000 1506.98900000
v 1383.29600000 95.00000000 1507.46900000
v 1315.38200000 95.00000000 1575.74400000
v 1300.96600000 95.00000000 1582.68600000
v 1383.93600000 95.00000000 1507.80500000
v 1305.13600000 95.00000000 1589.32200000
v 1317.64500000 95.00000000 1579.34600000
v 1309.58700000 95.00000000 1588.21800000
v 1309.84400000 95.00000000 1588.89400000
v 1310.25400000 95.00000000 1589.48900000
v 1320.65400000 95.00000000 1582.35500000
v 1310.67800000 95.00000000 1594.86400000
v 1310.79600000 95.00000000 1589.96900000
v 1311.43600000 95.00000000 1590.30500000
v 1312.13800000 95.00000000 1590.47800000
v 1312.86200000 95.00000000 1590.47800000
v 1313.56400000 95.00000000 1590.30500000
v 1324.25600000 95.00000000 1584.61800000
v 1315.15600000 95.00000000 1588.89400000
v 1315.41300000 95.00000000 1588.21800000
v 1317.31400000 95.00000000 1599.03400000
v 1314.20400000 95.00000000 1589.96900000
v 1314.74600000 95.00000000 1589.48900000
v 1328.27200000 95.00000000 1586.02400000
v 1324.71200000 95.00000000 1601.62200000
v 1332.50000000 95.00000000 1586.50000000
v 1332.50000000 95.00000000 1602.50000000
v 1440.00000000 95.00000000 1497.50000000
v 1440.00000000 95.00000000 1513.50000000
v 1386.70400000 95.00000000 1507.46900000
v 1387.24600000 95.00000000 1506.98900000
v 1387.65600000 95.00000000 1506.39400000
v 1387.91300000 95.00000000 1505.71800000
v 1444.22800000 95.00000000 1513.97600000
v 1447.78800000 95.00000000 1498.37800000
v 1448.24400000 95.00000000 1515.38200000
v 1455.18600000 95.00000000 1500.96600000
v 1461.82200000 95.00000000 1505.13600000
v 1451.84600000 95.00000000 1517.64500000
v 1457.08700000 95.00000000 1513.21800000
v 1457.34400000 95.00000000 1513.89400000
v 1457.75400000 95.00000000 1514.48900000
v 1454.85500000 95.00000000 1520.65400000
v 1458.29600000 95.00000000 1514.96900000
v 1458.93600000 95.00000000 1515.30500000
v 1459.63800000 95.00000000 1515.47800000
v 1382.08700000 95.00000000 1595.71800000
v 1467.36400000 95.00000000 1510.67800000
v 1462.65600000 95.00000000 1513.89400000
v 1462.91300000 95.00000000 1513.21800000
v 1382.34400000 95.00000000 1596.39400000
v 1382.75400000 95.00000000 1596.98900000
v 1383.29600000 95.00000000 1597.46900000
v 1457.11800000 95.00000000 1524.25600000
v 1460.36200000 95.00000000 1515.47800000
v 1461.06400000 95.00000000 1515.30500000
v 1383.93600000 95.00000000 1597.80500000
v 1384.63800000 95.00000000 1597.97800000
v 1471.53400000 95.00000000 1517.31400000
v 1461.70400000 95.00000000 1514.96900000
v 1462.24600000 95.00000000 1514.48900000
v 1474.12200000 95.00000000 1524.71200000
v 1458.52400000 95.00000000 1528.27200000
v 1475.00000000 95.00000000 1532.50000000
v 1459.00000000 95.00000000 1532.50000000
v 1440.00000000 95.00000000 1586.50000000
v 1475.00000000 95.00000000 1567.50000000
v 1458.52400000 95.00000000 1571.72800000
v 1459.00000000 95.00000000 1567.50000000
v 1440.00000000 95.00000000 1602.50000000
v 1385.36200000 95.00000000 1597.97800000
v 1386.06400000 95.00000000 1597.80500000
v 1386.70400000 95.00000000 1597.46900000
v 1387.24600000 95.00000000 1596.98900000
v 1387.65600000 95.00000000 1596.39400000
v 1387.91300000 95.00000000 1595.71800000
v 1451.84600000 95.00000000 1582.35500000
v 1454.85500000 95.00000000 1579.34600000
v 1457.11800000 95.00000000 1575.74400000
v 1448.24400000 95.00000000 1584.61800000
v 1457.08700000 95.00000000 1588.21800000
v 1457.34400000 95.00000000 1588.89400000
v 1474.12200000 95.00000000 1575.28800000
v 1447.78800000 95.00000000 1601.62200000
v 1444.22800000 95.00000000 1586.02400000
v 1471.53400000 95.00000000 1582.68600000
v 1455.18600000 95.00000000 1599.03400000
v 1457.75400000 95.00000000 1589.48900000
v 1458.29600000 95.00000000 1589.96900000
v 1458.93600000 95.00000000 1590.30500000
v 1467.36400000 95.00000000 1589.32200000
v 1462.24600000 95.00000000 1589.48900000
v 1462.65600000 95.00000000 1588.89400000
v 1462.91300000 95.00000000 1588.21800000
v 1461.82200000 95.00000000 1594.86400000
v 1459.63800000 95.00000000 1590.47800000
v 1460.36200000 95.00000000 1590.47800000
v 1461.06400000 95.00000000 1590.30500000
v 1461.70400000 95.00000000 1589.96900000
v 1384.63800000 95.00000000 1507.97800000
v 1385.36200000 95.00000000 1507.97800000
v 1386.06400000 95.00000000 1507.80500000
v 1313.97600000 96.00000000 1571.72800000
v 1313.50000000 96.00000000 1567.50000000
v 1315.38200000 96.00000000 1575.74400000
v 1317.64500000 96.00000000 1579.34600000
v 1320.65400000 96.00000000 1582.35500000
v 1324.25600000 96.00000000 1584.61800000
v 1328.27200000 96.00000000 1586.02400000
v 1332.50000000 96.00000000 1586.50000000
v 1313.50000000 96.00000000 1532.50000000
v 1328.27200000 96.00000000 1513.97600000
v 1332.50000000 96.00000000 1513.50000000
v 1324.25600000 96.00000000 1515.38200000
v 1320.65400000 96.00000000 1517.64500000
v 1317.64500000 96.00000000 1520.65400000
v 1315.38200000 96.00000000 1524.25600000
v 1313.97600000 96.00000000 1528.27200000
v 1440.00000000 96.00000000 1513.50000000
v 1458.52400000 96.00000000 1528.27200000
v 1459.00000000 96.00000000 1532.50000000
v 1457.11800000 96.00000000 1524.25600000
v 1454.85500000 96.00000000 1520.65400000
v 1451.84600000 96.00000000 1517.64500000
v 1448.24400000 96.00000000 1515.38200000
v 1444.22800000 96.00000000 1513.97600000
v 1459.00000000 96.00000000 1567.50000000
v 1444.22800000 96.00000000 1586.02400000
v 1440.00000000 96.00000000 1586.50000000
v 1448.24400000 96.00000000 1584.61800000
v 1451.84600000 96.00000000 1582.35500000
v 1454.85500000 96.00000000 1579.34600000
v 1457.11800000 96.00000000 1575.74400000
v 1458.52400000 96.00000000 1571.72800000
v 1440.00000000 96.00000000 1602.50000000
v 1332.50000000 96.00000000 1602.50000000
v 1447.78800000 96.00000000 1601.62200000
v 1455.18600000 96.00000000 1599.03400000
v 1461.82200000 96.00000000 1594.86400000
v 1467.36400000 96.00000000 1589.32200000
v 1471.53400000 96.00000000 1582.68600000
v 1474.12200000 96.00000000 1575.28800000
v 1475.00000000 96.00000000 1567.50000000
v 1475.00000000 96.00000000 1532.50000000
v 1474.12200000 96.00000000 1524.71200000
v 1471.53400000 96.00000000 1517.31400000
v 1467.36400000 96.00000000 1510.67800000
v 1461.82200000 96.00000000 1505.13600000
v 1455.18600000 96.00000000 1500.96600000
v 1447.78800000 96.00000000 1498.37800000
v 1440.00000000 96.00000000 1497.50000000
v 1332.50000000 96.00000000 1497.50000000
v 1324.71200000 96.00000000 1498.37800000
v 1317.31400000 96.00000000 1500.96600000
v 1310.67800000 96.00000000 1505.13600000
v 1305.13600000 96.00000000 1510.67800000
v 1300.96600000 96.00000000 1517.31400000
v 1298.37800000 96.00000000 1524.71200000
v 1297.50000000 96.00000000 1532.50000000
v 1297.50000000 96.00000000 1567.50000000
v 1298.37800000 96.00000000 1575.28800000
v 1300.96600000 96.00000000 1582.68600000
v 1305.13600000 96.00000000 1589.32200000
v 1310.67800000 96.00000000 1594.86400000
v 1317.31400000 96.00000000 1599.03400000
v 1324.71200000 96.00000000 1601.62200000
v 1387.91300000 96.00000000 1595.71800000
v 1387.65600000 96.00000000 1596.39400000
v 1387.24600000 96.00000000 1596.98900000
v 1386.70400000 96.00000000 1597.46900000
v 1386.06400000 96.00000000 1597.80500000
v 1385.36200000 96.00000000 1597.97800000
v 1384.63800000 96.00000000 1597.97800000
v 1383.93600000 96.00000000 1597.80500000
v 1383.29600000 96.00000000 1597.46900000
v 1382.75400000 96.00000000 1596.98900000
v 1382.34400000 96.00000000 1596.39400000
v 1382.08700000 96.00000000 1595.71800000
v 1315.41300000 96.00000000 1513.21800000
v 1315.15600000 96.00000000 1513.89400000
v 1314.74600000 96.00000000 1514.48900000
v 1314.20400000 96.00000000 1514.96900000
v 1313.56400000 96.00000000 1515.30500000
v 1312.86200000 96.00000000 1515.47800000
v 1312.13800000 96.00000000 1515.47800000
v 1311.43600000 96.00000000 1515.30500000
v 1310.79600000 96.00000000 1514.96900000
v 1310.25400000 96.00000000 1514.48900000
v 1309.84400000 96.00000000 1513.89400000
v 1309.58700000 96.00000000 1513.21800000
v 1462.91300000 96.00000000 1513.21800000
v 1462.65600000 96.00000000 1513.89400000
v 1462.24600000 96.00000000 1514.48900000
v 1461.70400000 96.00000000 1514.96900000
v 1461.06400000 96.00000000 1515.30500000
v 1460.36200000 96.00000000 1515.47800000
v 1459.63800000 96.00000000 1515.47800000
v 1458.93600000 96.00000000 1515.30500000
v 1458.29600000 96.00000000 1514.96900000
v 1457.75400000 96.00000000 1514.48900000
v 1457.34400000 96.00000000 1513.89400000
v 1457.08700000 96.00000000 1513.21800000
v 1387.91300000 96.00000000 1505.71800000
v 1387.65600000 96.00000000 1506.39400000
v 1387.24600000 96.00000000 1506.98900000
v 1386.70400000 96.00000000 1507.46900000
v 1386.06400000 96.00000000 1507.80500000
v 1385.36200000 96.00000000 1507.97800000
v 1384.63800000 96.00000000 1507.97800000
v 1383.93600000 96.00000000 1507.80500000
v 1383.29600000 96.00000000 1507.46900000
v 1382.75400000 96.00000000 1506.98900000
v 1382.34400000 96.00000000 1506.39400000
v 1382.08700000 96.00000000 1505.71800000
v 1462.91300000 96.00000000 1588.21800000
v 1462.65600000 96.00000000 1588.89400000
v 1462.24600000 96.00000000 1589.48900000
v 1461.70400000 96.00000000 1589.96900000
v 1461.06400000 96.00000000 1590.30500000
v 1460.36200000 96.00000000 1590.47800000
v 1459.63800000 96.00000000 1590.47800000
v 1458.93600000 96.00000000 1590.30500000
v 1458.29600000 96.00000000 1589.96900000
v 1457.75400000 96.00000000 1589.48900000
v 1457.34400000 96.00000000 1588.89400000
v 1457.08700000 96.00000000 1588.21800000
v 1315.41300000 96.00000000 1588.21800000
v 1315.15600000 96.00000000 1588.89400000
v 1314.74600000 96.00000000 1589.48900000
v 1314.20400000 96.00000000 1589.96900000
v 1313.56400000 96.00000000 1590.30500000
v 1312.86200000 96.00000000 1590.47800000
v 1312.13800000 96.00000000 1590.47800000
v 1311.43600000 96.00000000 1590.30500000
v 1310.79600000 96.00000000 1589.96900000
v 1310.25400000 96.00000000 1589.48900000
v 1309.84400000 96.00000000 1588.89400000
v 1309.58700000 96.00000000 1588.21800000
f 1 2 3
f 4 5 2
f 4 2 1
f 6 5 4
f 7 8 5
f 7 9 8
f 7 5 6
f 10 9 7
f 11 12 9
f 11 9 10
f 13 14 12
f 13 12 11
f 15 16 14
f 15 17 16
f 15 14 13
f 18 17 15
f 19 20 17
f 19 21 20
f 19 17 18
f 22 21 19
f 23 24 21
f 23 21 22
f 25 26 24
f 25 24 23
f 27 28 26
f 27 26 25
f 29 30 31
f 29 32 30
f 33 34 32
f 33 32 29
f 35 36 34
f 35 34 33
f 37 38 36
f 37 36 35
f 39 40 41
f 39 41 38
f 39 38 37
f 42 40 39
f 43 44 40
f 43 40 42
f 45 46 44
f 45 44 43
f 47 48 46
f 47 46 45
f 49 50 48
f 49 48 47
f 51 52 50
f 51 50 49
f 53 54 55
f 53 55 52
f 53 52 51
f 56 54 53
f 57 58 59
f 57 60 58
f 61 59 62
f 61 57 59
f 63 62 64
f 63 61 62
f 65 64 66
f 65 63 64
f 67 66 68
f 67 65 66
f 69 68 70
f 69 67 68
f 71 70 72
f 71 69 70
f 73 72 74
f 73 71 72
f 75 74 76
f 75 73 74
f 77 76 78
f 77 75 76
f 79 78 80
f 79 80 81
f 79 77 78
f 82 81 83
f 82 79 81
f 84 82 83
f 85 83 86
f 85 84 83
f 87 86 88
f 87 85 86
f 89 87 88
f 89 88 90
f 91 89 90
f 91 90 92
f 93 94 95
f 96 97 94
f 96 94 93
f 98 97 96
f 99 100 97
f 99 101 100
f 99 97 98
f 102 101 99
f 103 104 101
f 103 101 102
f 105 106 104
f 105 104 103
f 107 108 106
f 107 109 108
f 107 106 105
f 110 109 107
f 111 112 109
f 111 113 112
f 111 109 110
f 114 113 111
f 115 116 113
f 115 113 114
f 117 118 116
f 117 116 115
f 119 120 118
f 119 118 117
f 121 122 123
f 124 125 122
f 124 122 121
f 126 125 124
f 127 128 125
f 127 129 128
f 127 125 126
f 130 129 127
f 131 132 129
f 131 129 130
f 133 134 132
f 133 132 131
f 135 136 134
f 135 137 136
f 135 134 133
f 138 137 135
f 139 140 137
f 139 141 140
f 139 137 138
f 142 141 139
f 143 144 141
f 143 141 142
f 145 146 144
f 145 144 143
f 147 148 146
f 147 146 145
f 149 150 151
f 152 153 150
f 152 150 149
f 154 153 152
f 155 156 153
f 155 157 156
f 155 153 154
f 158 157 155
f 159 160 157
f 159 157 158
f 161 162 160
f 161 160 159
f 163 164 162
f 163 165 164
f 163 162 161
f 166 165 163
f 167 168 165
f 167 169 168
f 167 165 166
f 170 169 167
f 171 172 169
f 171 169 170
f 173 174 172
f 173 172 171
f 175 176 174
f 175 174 173
f 177 178 179
f 180 181 178
f 180 178 177
f 182 181 180
f 183 184 181
f 183 185 184
f 183 181 182
f 186 185 183
f 187 188 185
f 187 185 186
f 189 190 188
f 189 188 187
f 191 192 190
f 191 193 192
f 191 190 189
f 194 193 191
f 195 196 193
f 195 197 196
f 195 193 194
f 198 197 195
f 199 200 197
f 199 197 198
f 201 202 200
f 201 200 199
f 203 204 202
f 203 202 201
f 205 206 207
f 208 209 206
f 208 206 205
f 210 209 208
f 211 212 209
f 211 213 212
f 211 209 210
f 214 213 211
f 215 216 213
f 215 213 214
f 217 218 216
f 217 216 215
f 219 220 218
f 219 221 220
f 219 218 217
f 222 221 219
f 223 224 221
f 223 225 224
f 223 221 222
f 226 225 223
f 227 228 225
f 227 225 226
f 229 230 228
f 229 228 227
f 231 232 230
f 231 230 229
f 233 234 235
f 236 237 234
f 236 234 233
f 238 237 236
f 239 240 237
f 239 241 240
f 239 237 238
f 242 241 239
f 243 244 241
f 243 241 242
f 245 246 244
f 245 244 243
f 247 248 246
f 247 249 248
f 247 246 245
f 250 249 247
f 251 252 249
f 251 253 252
f 251 249 250
f 254 253 251
f 255 256 253
f 255 253 254
f 257 258 256
f 257 256 255
f 259 260 258
f 259 258 257
f 261 262 263
f 264 265 262
f 264 262 261
f 266 265 264
f 267 268 265
f 267 269 268
f 267 265 266
f 270 269 267
f 271 272 269
f 271 269 270
f 273 274 272
f 273 272 271
f 275 276 274
f 275 277 276
f 275 274 273
f 278 277 275
f 279 280 277
f 279 281 280
f 279 277 278
f 282 281 279
f 283 284 281
f 283 281 282
f 285 286 284
f 285 284 283
f 287 288 286
f 287 286 285
f 289 290 291
f 292 293 290
f 292 290 289
f 294 293 292
f 295 296 293
f 295 297 296
f 295 293 294
f 298 297 295
f 299 300 297
f 299 297 298
f 301 302 300
f 301 300 299
f 303 304 302
f 303 305 304
f 303 302 301
f 306 305 303
f 307 308 305
f 307 309 308
f 307 305 306
f 310 309 307
f 311 312 309
f 311 309 310
f 313 314 312
f 313 312 311
f 315 316 314
f 315 314 313
f 317 318 319
f 320 321 318
f 320 318 317
f 322 321 320
f 323 324 321
f 323 325 324
f 323 321 322
f 326 325 323
f 327 328 325
f 327 325 326
f 329 330 328
f 329 328 327
f 331 332 330
f 331 333 332
f 331 330 329
f 334 333 331
f 335 336 333
f 335 337 336
f 335 333 334
f 338 337 335
f 339 340 337
f 339 337 338
f 341 342 340
f 341 340 339
f 343 344 342
f 343 342 341
f 345 346 347
f 348 346 345
f 349 350 346
f 349 351 350
f 349 346 348
f 352 351 349
f 353 354 351
f 353 351 352
f 355 356 354
f 355 357 356
f 355 354 353
f 358 357 355
f 359 360 357
f 359 357 358
f 361 362 360
f 361 360 359
f 363 364 362
f 363 362 361
f 365 366 364
f 365 364 363
f 367 368 366
f 367 369 368
f 367 366 365
f 370 369 367
f 371 372 369
f 371 369 370
f 373 374 375
f 376 374 373
f 377 378 374
f 377 379 378
f 377 374 376
f 380 379 377
f 381 382 379
f 381 379 380
f 383 384 382
f 383 385 384
f 383 382 381
f 386 385 383
f 387 388 385
f 387 385 386
f 389 390 388
f 389 388 387
f 391 392 390
f 391 390 389
f 393 394 392
f 393 392 391
f 395 396 394
f 395 397 396
f 395 394 393
f 398 397 395
f 399 400 397
f 399 397 398
f 401 402 403
f 404 347 346
f 404 346 350
f 404 350 351
f 404 402 347
f 404 403 402
f 405 402 402
f 405 402 401
f 406 351 354
f 406 354 356
f 406 403 404
f 406 401 403
f 406 404 351
f 407 402 405
f 408 356 357
f 408 401 406
f 408 405 401
f 408 406 356
f 409 402 407
f 410 357 360
f 410 360 362
f 410 405 408
f 410 408 357
f 410 407 405
f 411 372 402
f 411 402 409
f 412 362 364
f 412 364 366
f 412 410 362
f 412 409 407
f 412 407 410
f 413 366 368
f 413 368 369
f 413 369 372
f 413 372 411
f 413 412 366
f 413 411 409
f 413 409 412
f 414 415 416
f 417 375 374
f 417 374 378
f 417 378 379
f 417 415 375
f 417 416 415
f 418 415 415
f 418 415 414
f 419 379 382
f 419 382 384
f 419 416 417
f 419 414 416
f 419 417 379
f 420 415 418
f 421 384 385
f 421 414 419
f 421 418 414
f 421 419 384
f 421 420 418
f 422 415 420
f 423 385 388
f 423 388 390
f 423 420 421
f 423 421 385
f 424 400 415
f 424 415 422
f 425 390 392
f 425 392 394
f 425 423 390
f 425 422 420
f 425 420 423
f 426 394 396
f 426 396 397
f 426 397 400
f 426 400 424
f 426 425 394
f 426 424 422
f 426 422 425
f 427 428 429
f 427 430 428
f 431 432 430
f 431 430 427
f 433 434 432
f 433 432 431
f 435 436 434
f 435 434 433
f 437 438 436
f 437 436 435
f 439 440 438
f 439 438 437
f 441 442 440
f 441 440 439
f 443 444 442
f 443 442 441
f 445 446 444
f 445 444 443
f 447 448 446
f 447 446 445
f 449 450 448
f 449 448 447
f 451 452 450
f 451 450 449
f 453 454 452
f 453 452 451
f 455 456 457
f 455 458 456
f 459 457 460
f 459 455 457
f 461 460 462
f 461 459 460
f 463 462 464
f 463 461 462
f 465 464 466
f 465 463 464
f 467 466 468
f 467 465 466
f 469 468 470
f 469 467 468
f 471 470 472
f 471 469 470
f 473 472 474
f 473 471 472
f 475 474 476
f 475 473 474
f 477 476 478
f 477 475 476
f 479 478 480
f 479 477 478
f 481 480 482
f 481 482 483
f 481 479 480
f 484 483 485
f 484 481 483
f 486 484 485
f 487 486 485
f 487 485 488
f 489 490 491
f 489 492 490
f 493 494 492
f 493 492 489
f 495 496 494
f 495 494 493
f 497 498 496
f 497 496 495
f 499 500 498
f 499 498 497
f 501 502 500
f 501 500 499
f 503 504 502
f 503 502 501
f 505 506 504
f 505 504 503
f 507 508 506
f 507 506 505
f 509 510 508
f 509 508 507
f 511 512 510
f 511 510 509
f 513 514 512
f 513 512 511
f 515 516 514
f 515 514 513
f 517 518 519
f 517 520 518
f 521 522 520
f 521 520 517
f 523 524 522
f 523 522 521
f 525 526 524
f 525 524 523
f 527 528 526
f 527 526 525
f 529 530 528
f 529 528 527
f 531 532 530
f 531 530 529
f 533 534 532
f 533 532 531
f 535 536 534
f 535 534 533
f 537 538 536
f 537 536 535
f 539 540 538
f 539 538 537
f 541 542 540
f 541 540 539
f 543 544 542
f 543 542 541
f 545 546 547
f 545 548 546
f 549 550 548
f 549 548 545
f 551 552 550
f 551 550 549
f 553 554 552
f 553 552 551
f 555 556 554
f 555 554 553
f 557 558 556
f 557 556 555
f 559 560 558
f 559 558 557
f 561 562 560
f 561 560 559
f 563 564 562
f 563 562 561
f 565 566 564
f 565 564 563
f 567 568 566
f 567 566 565
f 569 570 568
f 569 568 567
f 571 572 570
f 571 570 569
f 573 574 575
f 573 576 574
f 577 578 576
f 577 576 573
f 579 580 578
f 579 578 577
f 581 582 580
f 581 580 579
f 583 584 582
f 583 582 581
f 585 586 584
f 585 584 583
f 587 588 586
f 587 586 585
f 589 590 588
f 589 588 587
f 591 592 590
f 591 590 589
f 593 594 592
f 593 592 591
f 595 596 594
f 595 594 593
f 597 598 596
f 597 596 595
f 599 600 598
f 599 598 597
f 601 602 603
f 601 604 602
f 605 606 604
f 605 604 601
f 607 608 606
f 607 606 605
f 609 610 608
f 609 608 607
f 611 612 610
f 611 610 609
f 613 614 612
f 613 612 611
f 615 616 614
f 615 614 613
f 617 618 616
f 617 616 615
f 619 620 618
f 619 618 617
f 621 622 620
f 621 620 619
f 623 624 622
f 623 622 621
f 625 626 624
f 625 624 623
f 627 628 626
f 627 626 625
f 629 630 631
f 629 632 630
f 633 634 632
f 633 632 629
f 635 636 634
f 635 634 633
f 637 638 636
f 637 636 635
f 639 640 638
f 639 638 637
f 641 642 640
f 641 640 639
f 643 644 642
f 643 642 641
f 645 646 644
f 645 644 643
f 647 648 646
f 647 646 645
f 649 650 648
f 649 648 647
f 651 652 650
f 651 650 649
f 653 654 652
f 653 652 651
f 655 656 654
f 655 654 653
f 657 658 659
f 657 660 658
f 661 662 660
f 661 660 657
f 663 664 662
f 663 662 661
f 665 666 664
f 665 664 663
f 667 668 666
f 667 666 665
f 669 670 668
f 669 668 667
f 671 672 670
f 671 670 669
f 673 674 672
f 673 672 671
f 675 676 674
f 675 674 673
f 677 678 676
f 677 676 675
f 679 680 678
f 679 678 677
f 681 682 680
f 681 680 679
f 683 684 682
f 683 682 681
f 685 686 687
f 685 688 686
f 689 690 688
f 689 688 685
f 691 692 690
f 691 690 689
f 693 694 692
f 693 692 691
f 695 696 694
f 695 694 693
f 697 698 696
f 697 696 695
f 699 700 698
f 699 698 697
f 701 702 700
f 701 700 699
f 703 704 702
f 703 702 701
f 705 706 704
f 705 704 703
f 707 708 706
f 707 706 705
f 709 710 708
f 709 708 707
f 711 712 710
f 711 710 709
f 713 714 715
f 713 716 714
f 717 718 716
f 717 716 713
f 719 720 718
f 719 718 717
f 721 722 720
f 721 720 719
f 723 724 722
f 723 722 721
f 725 726 724
f 725 724 723
f 727 728 726
f 727 726 725
f 729 730 728
f 729 728 727
f 731 732 730
f 731 730 729
f 733 734 732
f 733 732 731
f 735 736 734
f 735 734 733
f 737 738 736
f 737 736 735
f 739 740 738
f 739 738 737
f 741 742 428
f 743 742 741
f 744 428 430
f 744 430 432
f 744 432 434
f 744 741 428
f 745 742 743
f 746 434 436
f 746 436 438
f 746 741 744
f 746 743 741
f 746 744 434
f 747 742 742
f 747 742 745
f 748 438 440
f 748 743 746
f 748 746 438
f 748 745 743
f 749 742 747
f 750 440 442
f 750 442 444
f 750 747 745
f 750 748 440
f 750 745 748
f 751 742 749
f 752 444 446
f 752 446 448
f 752 750 444
f 752 749 747
f 752 747 750
f 753 448 450
f 753 450 452
f 753 452 454
f 753 454 742
f 753 752 448
f 753 742 751
f 753 751 749
f 753 749 752
f 754 755 756
f 757 490 492
f 757 492 494
f 757 494 496
f 757 755 490
f 757 756 755
f 758 755 755
f 758 755 754
f 759 496 498
f 759 498 500
f 759 758 754
f 759 756 757
f 759 754 756
f 759 757 496
f 760 755 758
f 761 500 502
f 761 758 759
f 761 759 500
f 762 755 760
f 763 502 504
f 763 504 506
f 763 761 502
f 763 760 758
f 763 758 761
f 763 762 760
f 764 755 762
f 765 506 508
f 765 508 510
f 765 763 506
f 765 762 763
f 765 764 762
f 766 510 512
f 766 512 514
f 766 514 516
f 766 516 755
f 766 765 510
f 766 755 764
f 766 764 765
f 767 768 769
f 770 518 520
f 770 520 522
f 770 522 524
f 770 768 518
f 770 769 768
f 771 768 768
f 771 768 767
f 772 524 526
f 772 526 528
f 772 769 770
f 772 767 769
f 772 770 524
f 773 768 771
f 774 528 530
f 774 767 772
f 774 771 767
f 774 772 528
f 775 768 773
f 776 530 532
f 776 532 534
f 776 771 774
f 776 774 530
f 776 773 771
f 776 775 773
f 777 544 768
f 777 768 775
f 778 534 536
f 778 536 538
f 778 776 534
f 778 775 776
f 779 538 540
f 779 540 542
f 779 542 544
f 779 544 777
f 779 778 538
f 779 777 775
f 779 775 778
f 780 781 546
f 782 781 780
f 783 546 548
f 783 548 550
f 783 550 552
f 783 780 546
f 784 781 782
f 785 552 554
f 785 554 556
f 785 780 783
f 785 782 780
f 785 783 552
f 786 781 781
f 786 781 784
f 787 556 558
f 787 782 785
f 787 785 556
f 787 784 782
f 788 781 786
f 789 558 560
f 789 560 562
f 789 786 784
f 789 787 558
f 789 784 787
f 790 572 781
f 790 781 788
f 791 562 564
f 791 564 566
f 791 789 562
f 791 788 786
f 791 786 789
f 792 566 568
f 792 568 570
f 792 570 572
f 792 572 790
f 792 791 566
f 792 790 788
f 792 788 791
f 793 794 574
f 795 794 793
f 796 574 576
f 796 576 578
f 796 578 580
f 796 793 574
f 797 794 795
f 798 580 582
f 798 582 584
f 798 793 796
f 798 795 793
f 798 796 580
f 799 794 794
f 799 794 797
f 800 584 586
f 800 795 798
f 800 798 584
f 800 797 795
f 801 794 799
f 802 586 588
f 802 588 590
f 802 799 797
f 802 800 586
f 802 797 800
f 803 600 794
f 803 794 801
f 804 590 592
f 804 592 594
f 804 802 590
f 804 801 799
f 804 799 802
f 804 803 801
f 805 594 596
f 805 596 598
f 805 598 600
f 805 600 803
f 805 804 594
f 805 803 804
f 806 807 602
f 808 807 806
f 809 602 604
f 809 604 606
f 809 606 608
f 809 806 602
f 810 807 808
f 811 608 610
f 811 610 612
f 811 806 809
f 811 808 806
f 811 810 808
f 811 809 608
f 812 807 807
f 812 807 810
f 813 612 614
f 813 811 612
f 813 810 811
f 814 807 812
f 815 614 616
f 815 616 618
f 815 812 810
f 815 813 614
f 815 810 813
f 816 807 814
f 817 618 620
f 817 620 622
f 817 815 618
f 817 814 812
f 817 812 815
f 817 816 814
f 818 622 624
f 818 624 626
f 818 626 628
f 818 628 807
f 818 817 622
f 818 807 816
f 818 816 817
f 819 820 821
f 822 630 632
f 822 632 634
f 822 634 636
f 822 820 630
f 822 821 820
f 823 820 820
f 823 820 819
f 824 636 638
f 824 638 640
f 824 821 822
f 824 819 821
f 824 822 636
f 825 820 823
f 826 640 642
f 826 819 824
f 826 823 819
f 826 824 640
f 827 820 825
f 828 642 644
f 828 644 646
f 828 823 826
f 828 826 642
f 828 825 823
f 828 827 825
f 829 820 827
f 830 646 648
f 830 648 650
f 830 828 646
f 830 827 828
f 831 650 652
f 831 652 654
f 831 654 656
f 831 656 820
f 831 830 650
f 831 820 829
f 831 829 827
f 831 827 830
f 832 833 834
f 835 658 660
f 835 660 662
f 835 662 664
f 835 833 658
f 835 834 833
f 836 833 832
f 837 664 666
f 837 666 668
f 837 834 835
f 837 832 834
f 837 835 664
f 838 833 833
f 838 833 836
f 839 668 670
f 839 832 837
f 839 837 668
f 839 836 832
f 840 833 838
f 841 670 672
f 841 672 674
f 841 838 836
f 841 839 670
f 841 836 839
f 841 840 838
f 842 833 840
f 843 674 676
f 843 676 678
f 843 841 674
f 843 840 841
f 844 678 680
f 844 680 682
f 844 682 684
f 844 684 833
f 844 843 678
f 844 833 842
f 844 842 840
f 844 840 843
f 845 846 847
f 848 686 688
f 848 688 690
f 848 690 692
f 848 846 686
f 848 847 846
f 849 846 845
f 850 692 694
f 850 694 696
f 850 849 845
f 850 847 848
f 850 845 847
f 850 848 692
f 851 846 846
f 851 846 849
f 852 696 698
f 852 849 850
f 852 850 696
f 853 846 851
f 854 698 700
f 854 700 702
f 854 851 849
f 854 852 698
f 854 849 852
f 855 846 853
f 856 702 704
f 856 704 706
f 856 854 702
f 856 853 851
f 856 851 854
f 857 706 708
f 857 708 710
f 857 710 712
f 857 712 846
f 857 856 706
f 857 846 855
f 857 855 853
f 857 853 856
f 858 859 860
f 861 714 716
f 861 716 718
f 861 718 720
f 861 859 714
f 861 860 859
f 862 859 859
f 862 859 858
f 863 720 722
f 863 722 724
f 863 860 861
f 863 858 860
f 863 861 720
f 864 859 862
f 865 724 726
f 865 858 863
f 865 862 858
f 865 863 724
f 866 859 864
f 867 726 728
f 867 728 730
f 867 862 865
f 867 865 726
f 867 864 862
f 868 859 866
f 869 730 732
f 869 732 734
f 869 867 730
f 869 866 864
f 869 864 867
f 869 868 866
f 870 734 736
f 870 736 738
f 870 738 740
f 870 740 859
f 870 869 734
f 870 859 868
f 870 868 869
f 871 872 873
f 871 874 872
f 875 873 876
f 875 871 873
f 877 876 878
f 877 875 876
f 879 878 880
f 879 877 878
f 881 880 882
f 881 879 880
f 883 882 884
f 883 881 882
f 885 884 886
f 885 883 884
f 887 886 888
f 887 885 886
f 889 888 890
f 889 887 888
f 891 890 892
f 891 889 890
f 893 892 894
f 893 894 895
f 893 891 892
f 896 893 895
f 897 895 898
f 897 896 895
f 899 898 900
f 899 897 898
f 901 900 902
f 901 902 903
f 901 899 900
f 904 901 903
f 905 904 903
f 905 903 906
f 907 908 909
f 907 910 908
f 911 909 912
f 911 907 909
f 913 912 914
f 913 911 912
f 915 914 916
f 915 913 914
f 917 916 918
f 917 915 916
f 919 918 920
f 919 917 918
f 921 920 922
f 921 919 920
f 923 922 924
f 923 921 922
f 925 924 926
f 925 923 924
f 927 926 928
f 927 925 926
f 929 928 930
f 929 930 931
f 929 927 928
f 932 929 931
f 933 931 934
f 933 932 931
f 935 934 936
f 935 936 937
f 935 933 934
f 938 937 939
f 938 935 937
f 940 938 939
f 941 940 939
f 941 939 942
f 943 944 945
f 943 946 944
f 947 945 948
f 947 943 945
f 949 948 950
f 949 947 948
f 951 950 952
f 951 949 950
f 953 952 954
f 953 951 952
f 955 954 956
f 955 953 954
f 957 956 958
f 957 955 956
f 959 958 960
f 959 957 958
f 961 960 962
f 961 959 960
f 963 962 964
f 963 961 962
f 965 964 966
f 965 963 964
f 967 966 968
f 967 965 966
f 969 968 970
f 969 967 968
f 971 970 972
f 971 969 970
f 973 972 974
f 973 974 975
f 973 971 972
f 976 973 975
f 977 978 979
f 977 980 978
f 981 979 982
f 981 977 979
f 983 982 984
f 983 981 982
f 985 984 986
f 985 983 984
f 987 986 988
f 987 985 986
f 989 988 990
f 989 987 988
f 991 990 992
f 991 989 990
f 993 992 994
f 993 991 992
f 995 994 996
f 995 993 994
f 997 996 998
f 997 995 996
f 999 998 1000
f 999 1000 1001
f 999 997 998
f 1002 999 1001
f 1003 1001 1004
f 1003 1002 1001
f 1005 1004 1006
f 1005 1006 1007
f 1005 1003 1004
f 1008 1005 1007
f 1009 1008 1007
f 1009 1007 1010
f 1011 1009 1010
f 1011 1010 1012
f 1013 1014 1015
f 1013 1016 1014
f 1017 1015 1018
f 1017 1013 1015
f 1019 1018 1020
f 1019 1017 1018
f 1021 1020 1022
f 1021 1019 1020
f 1023 1022 1024
f 1023 1021 1022
f 1025 1024 1026
f 1025 1023 1024
f 1027 1026 1028
f 1027 1025 1026
f 1029 1028 1030
f 1029 1027 1028
f 1031 1030 1032
f 1031 1029 1030
f 1033 1032 1034
f 1033 1031 1032
f 1035 1034 1036
f 1035 1036 1037
f 1035 1033 1034
f 1038 1037 1039
f 1038 1035 1037
f 1040 1038 1039
f 1041 1039 1042
f 1041 1040 1039
f 1043 1042 1044
f 1043 1041 1042
f 279 1045 1046
f 279 1046 282
f 307 1047 310
f 283 282 1046
f 311 310 1047
f 278 1045 279
f 306 1048 1047
f 306 1047 307
f 285 283 1046
f 313 1047 1049
f 313 311 1047
f 275 1045 278
f 303 1048 306
f 287 285 1046
f 315 313 1049
f 273 1045 275
f 301 1048 303
f 1050 1046 1048
f 1050 287 1046
f 1051 315 1049
f 271 1052 1045
f 271 1045 273
f 299 1048 301
f 1053 1050 1048
f 1053 1048 299
f 1054 1051 1049
f 270 1052 271
f 298 1053 299
f 1055 1053 298
f 1056 1049 1057
f 1056 1054 1049
f 267 1052 270
f 295 1055 298
f 1058 1055 295
f 1059 1056 1057
f 266 1052 267
f 294 1058 295
f 1060 1058 294
f 292 1060 294
f 251 1061 254
f 363 1057 365
f 255 1061 1052
f 255 254 1061
f 367 1057 92
f 367 365 1057
f 250 1061 251
f 361 1057 363
f 257 255 1052
f 370 367 92
f 247 1061 250
f 359 1059 1057
f 359 1057 361
f 259 257 1052
f 259 1052 266
f 371 370 92
f 245 1062 1061
f 245 1061 247
f 358 1059 359
f 358 1063 1059
f 1064 266 264
f 1064 259 266
f 1065 371 92
f 243 1062 245
f 355 1063 358
f 355 1066 1063
f 1067 1064 264
f 1067 264 261
f 1068 1065 92
f 242 1062 243
f 353 1066 355
f 353 1069 1066
f 1070 1067 261
f 1070 261 1071
f 90 1072 1068
f 90 1068 92
f 239 1062 242
f 1073 1072 90
f 238 1062 239
f 1074 1073 90
f 1075 1074 90
f 36 1060 292
f 36 1076 1060
f 36 292 289
f 36 289 1077
f 38 1078 1076
f 38 1079 1078
f 38 1080 1079
f 38 1076 36
f 1081 236 233
f 1081 238 236
f 1081 1062 238
f 34 1082 1083
f 34 1084 1082
f 34 1077 1084
f 34 36 1077
f 41 1080 38
f 41 1070 1071
f 41 1085 1080
f 41 1086 1085
f 41 1071 1086
f 32 352 349
f 32 353 352
f 32 34 1083
f 32 1069 353
f 32 1087 1069
f 32 1083 1087
f 40 1088 1070
f 40 1089 1088
f 40 1090 1089
f 40 1091 1090
f 40 1070 41
f 30 348 345
f 30 349 348
f 30 1092 1093
f 30 345 1092
f 30 32 349
f 44 1094 1091
f 44 1095 1094
f 44 1096 1095
f 44 1091 40
f 22 90 88
f 223 1081 226
f 19 1097 1075
f 19 90 22
f 19 1075 90
f 227 233 1098
f 227 1081 233
f 227 226 1081
f 23 22 88
f 222 1099 1081
f 222 1081 223
f 18 1097 19
f 18 1100 1097
f 229 227 1098
f 229 1098 1101
f 25 23 88
f 1102 30 1093
f 1102 1103 1104
f 1102 1093 1103
f 219 1099 222
f 15 1100 18
f 15 1104 1100
f 231 1101 1096
f 231 229 1101
f 27 25 88
f 217 1099 219
f 13 1104 15
f 13 1102 1104
f 1105 231 1096
f 1106 27 88
f 215 1099 217
f 11 1102 13
f 86 1106 88
f 1107 1106 86
f 214 1099 215
f 10 1102 11
f 1108 1107 86
f 46 1109 1105
f 46 1110 1109
f 46 1105 1096
f 46 1096 44
f 1111 1110 46
f 1112 1108 86
f 1113 1112 86
f 1114 6 4
f 1114 7 6
f 1114 10 7
f 1114 1102 10
f 1115 205 1116
f 1115 1099 214
f 1115 208 205
f 1115 210 208
f 1115 211 210
f 1115 214 211
f 48 1117 1111
f 48 1118 1117
f 48 1119 1118
f 48 1111 46
f 83 1120 1113
f 83 1121 1120
f 83 1122 1121
f 83 1113 86
f 1123 4 1
f 1123 1 1124
f 1123 1114 4
f 50 1125 1119
f 50 1119 48
f 1126 1115 1116
f 1126 1116 1127
f 198 1128 1129
f 338 1130 1131
f 195 1127 1128
f 195 1128 198
f 335 1130 338
f 335 1132 1130
f 199 1129 1125
f 199 198 1129
f 339 1122 83
f 339 338 1131
f 339 1131 1122
f 194 1127 195
f 194 1126 1127
f 334 1132 335
f 334 1124 1132
f 334 1123 1124
f 201 199 1125
f 201 1125 50
f 341 339 83
f 341 83 81
f 191 1126 194
f 331 1133 1123
f 331 1123 334
f 203 201 50
f 343 341 81
f 189 1126 191
f 329 1133 331
f 1134 50 52
f 1134 203 50
f 1135 343 81
f 187 1126 189
f 327 1133 329
f 1136 1134 52
f 1137 1135 81
f 326 1133 327
f 1138 1136 52
f 1139 1137 81
f 1140 1133 326
f 323 1140 326
f 1141 1138 52
f 1142 1139 81
f 322 1140 323
f 1143 183 182
f 1143 186 183
f 1143 187 186
f 1143 1126 187
f 180 1143 182
f 320 1140 322
f 55 1141 52
f 55 1144 1141
f 55 1145 1144
f 80 1146 1142
f 80 1147 1146
f 80 1148 1147
f 80 1149 1148
f 80 1142 81
f 1150 1143 180
f 1150 180 177
f 1150 1151 1152
f 1150 1153 1151
f 1150 177 1153
f 78 1149 80
f 78 1154 1149
f 78 1155 1154
f 78 1156 1155
f 114 1140 320
f 114 1157 1140
f 114 320 317
f 391 55 393
f 391 1145 55
f 391 1158 1145
f 111 1157 114
f 395 393 55
f 395 55 54
f 115 317 1159
f 115 114 317
f 389 1160 1158
f 389 1158 391
f 110 1157 111
f 398 395 54
f 117 1159 1156
f 117 115 1159
f 387 1161 1160
f 387 1160 389
f 107 1157 110
f 399 398 54
f 119 1156 78
f 119 117 1156
f 386 1161 387
f 105 1162 1157
f 105 1157 107
f 1163 399 54
f 1164 119 78
f 103 1162 105
f 1165 1163 54
f 1165 54 1166
f 1167 1164 78
f 102 1162 103
f 1168 1165 1166
f 1169 1150 1152
f 1169 383 381
f 1169 386 383
f 1169 1161 386
f 1169 1152 1161
f 380 1169 381
f 99 1162 102
f 99 1170 1162
f 1171 1168 1166
f 377 1169 380
f 76 1172 1167
f 76 1173 1172
f 76 1174 1173
f 76 1175 1174
f 76 1167 78
f 58 1169 377
f 58 376 373
f 58 377 376
f 58 1176 1177
f 58 373 1176
f 167 1166 1178
f 167 1178 170
f 139 1170 142
f 139 1179 1170
f 171 170 1178
f 143 142 1170
f 166 1166 167
f 138 1179 139
f 173 171 1178
f 173 1178 1180
f 145 1170 99
f 145 143 1170
f 163 1171 1166
f 163 1166 166
f 135 1179 138
f 175 173 1180
f 147 145 99
f 147 99 98
f 161 1171 163
f 161 1181 1171
f 133 1180 1179
f 133 1179 135
f 1182 175 1180
f 1183 147 98
f 1183 98 96
f 159 1184 1181
f 159 1181 161
f 131 1180 133
f 131 1182 1180
f 1185 1182 131
f 1186 1183 96
f 1186 96 93
f 158 1184 159
f 158 1187 1184
f 130 1185 131
f 1188 1185 130
f 74 1189 1175
f 74 1190 1189
f 74 1191 1190
f 74 1192 1191
f 74 1193 1192
f 74 1175 76
f 127 1188 130
f 1194 1188 127
f 126 1194 127
f 1195 1194 126
f 59 158 155
f 59 58 1177
f 59 1196 1187
f 59 1197 1196
f 59 1198 1197
f 59 1177 1198
f 59 1187 158
f 72 1199 1193
f 72 93 1199
f 72 1200 1186
f 72 1201 1200
f 72 1202 1201
f 72 1193 74
f 72 1186 93
f 62 152 149
f 62 154 152
f 62 155 154
f 62 59 155
f 62 149 1203
f 70 1204 1202
f 70 1205 1204
f 70 1206 1205
f 70 1207 1206
f 70 1202 72
f 64 1208 1209
f 64 1210 1208
f 64 1211 1210
f 64 1203 1211
f 64 62 1203
f 68 124 121
f 68 1212 1207
f 68 1213 1212
f 68 1214 1213
f 68 121 1214
f 68 1207 70
f 66 126 124
f 66 1215 1195
f 66 1216 1215
f 66 1209 1216
f 66 1195 126
f 66 64 1209
f 66 124 68
f 27 1217 28
f 1106 1218 1217
f 1106 1217 27
f 1107 1218 1106
f 1108 1219 1218
f 1108 1218 1107
f 1112 1220 1219
f 1112 1221 1220
f 1112 1219 1108
f 1113 1221 1112
f 1120 1222 1221
f 1120 1221 1113
f 1121 1223 1222
f 1121 1224 1223
f 1121 1222 1120
f 1122 1224 1121
f 1131 1225 1224
f 1131 1224 1122
f 1130 1226 1225
f 1130 1225 1131
f 1132 1227 1226
f 1132 1228 1227
f 1132 1226 1130
f 1124 1228 1132
f 1 3 1228
f 1 1228 1124
f 1229 54 56
f 1229 1166 54
f 1230 1180 1178
f 1230 1178 1166
f 1230 1166 1229
f 1231 1180 1230
f 1232 1179 1180
f 1232 1180 1231
f 1233 1170 1179
f 1233 1179 1232
f 1234 1162 1170
f 1234 1170 1233
f 1235 1157 1162
f 1235 1162 1234
f 1236 1133 1140
f 1236 1140 1157
f 1236 1157 1235
f 1237 1133 1236
f 1238 1123 1133
f 1238 1133 1237
f 1239 1114 1123
f 1239 1123 1238
f 1240 30 1102
f 1240 1102 1114
f 1240 1114 1239
f 31 30 1240
f 91 92 1057
f 1241 1057 1049
f 1241 91 1057
f 1242 1049 1047
f 1242 1241 1049
f 1243 1047 1048
f 1243 1242 1047
f 1244 1048 1046
f 1244 1243 1048
f 1245 1244 1046
f 1246 1046 1045
f 1246 1245 1046
f 1247 1045 1052
f 1247 1246 1045
f 1248 1052 1061
f 1248 1247 1052
f 1249 1061 1062
f 1249 1248 1061
f 1250 1062 1081
f 1250 1249 1062
f 1251 1081 1099
f 1251 1250 1081
f 1252 1099 1115
f 1252 1251 1099
f 1253 1115 1126
f 1253 1252 1115
f 1254 1126 1143
f 1254 1253 1126
f 1255 1143 1150
f 1255 1254 1143
f 1256 1255 1150
f 1256 1150 1169
f 60 1256 1169
f 60 1169 58
f 119 1257 120
f 1164 1258 1257
f 1164 1257 119
f 1167 1258 1164
f 1172 1259 1258
f 1172 1258 1167
f 1173 1260 1259
f 1173 1261 1260
f 1173 1259 1172
f 1174 1261 1173
f 1175 1262 1261
f 1175 1261 1174
f 1189 1263 1262
f 1189 1264 1263
f 1189 1262 1175
f 1190 1264 1189
f 1191 1265 1264
f 1191 1264 1190
f 1192 1266 1265
f 1192 1265 1191
f 1193 1267 1266
f 1193 1268 1267
f 1193 1266 1192
f 1199 1268 1193
f 93 95 1268
f 93 1268 1199
f 147 1269 148
f 1183 1270 1269
f 1183 1269 147
f 1186 1270 1183
f 1200 1271 1270
f 1200 1270 1186
f 1201 1272 1271
f 1201 1273 1272
f 1201 1271 1200
f 1202 1273 1201
f 1204 1274 1273
f 1204 1273 1202
f 1205 1275 1274
f 1205 1276 1275
f 1205 1274 1204
f 1206 1276 1205
f 1207 1277 1276
f 1207 1276 1206
f 1212 1278 1277
f 1212 1277 1207
f 1213 1279 1278
f 1213 1280 1279
f 1213 1278 1212
f 1214 1280 1213
f 121 123 1280
f 121 1280 1214
f 175 1281 176
f 1182 1282 1281
f 1182 1281 175
f 1185 1282 1182
f 1188 1283 1282
f 1188 1282 1185
f 1194 1284 1283
f 1194 1285 1284
f 1194 1283 1188
f 1195 1285 1194
f 1215 1286 1285
f 1215 1285 1195
f 1216 1287 1286
f 1216 1288 1287
f 1216 1286 1215
f 1209 1288 1216
f 1208 1289 1288
f 1208 1288 1209
f 1210 1290 1289
f 1210 1289 1208
f 1211 1291 1290
f 1211 1292 1291
f 1211 1290 1210
f 1203 1292 1211
f 149 151 1292
f 149 1292 1203
f 203 1293 204
f 1134 1294 1293
f 1134 1293 203
f 1136 1294 1134
f 1138 1295 1294
f 1138 1294 1136
f 1141 1296 1295
f 1141 1297 1296
f 1141 1295 1138
f 1144 1297 1141
f 1145 1298 1297
f 1145 1297 1144
f 1158 1299 1298
f 1158 1300 1299
f 1158 1298 1145
f 1160 1300 1158
f 1161 1301 1300
f 1161 1300 1160
f 1152 1302 1301
f 1152 1301 1161
f 1151 1303 1302
f 1151 1304 1303
f 1151 1302 1152
f 1153 1304 1151
f 177 179 1304
f 177 1304 1153
f 231 1305 232
f 1105 1306 1305
f 1105 1305 231
f 1109 1306 1105
f 1110 1307 1306
f 1110 1306 1109
f 1111 1308 1307
f 1111 1309 1308
f 1111 1307 1110
f 1117 1309 1111
f 1118 1310 1309
f 1118 1309 1117
f 1119 1311 1310
f 1119 1312 1311
f 1119 1310 1118
f 1125 1312 1119
f 1129 1313 1312
f 1129 1312 1125
f 1128 1314 1313
f 1128 1313 1129
f 1127 1315 1314
f 1127 1316 1315
f 1127 1314 1128
f 1116 1316 1127
f 205 207 1316
f 205 1316 1116
f 259 1317 260
f 1064 1318 1317
f 1064 1317 259
f 1067 1318 1064
f 1070 1319 1318
f 1070 1318 1067
f 1088 1320 1319
f 1088 1321 1320
f 1088 1319 1070
f 1089 1321 1088
f 1090 1322 1321
f 1090 1321 1089
f 1091 1323 1322
f 1091 1324 1323
f 1091 1322 1090
f 1094 1324 1091
f 1095 1325 1324
f 1095 1324 1094
f 1096 1326 1325
f 1096 1325 1095
f 1101 1327 1326
f 1101 1328 1327
f 1101 1326 1096
f 1098 1328 1101
f 233 235 1328
f 233 1328 1098
f 287 1329 288
f 1050 1330 1329
f 1050 1329 287
f 1053 1330 1050
f 1055 1331 1330
f 1055 1330 1053
f 1058 1332 1331
f 1058 1333 1332
f 1058 1331 1055
f 1060 1333 1058
f 1076 1334 1333
f 1076 1333 1060
f 1078 1335 1334
f 1078 1336 1335
f 1078 1334 1076
f 1079 1336 1078
f 1080 1337 1336
f 1080 1336 1079
f 1085 1338 1337
f 1085 1337 1080
f 1086 1339 1338
f 1086 1340 1339
f 1086 1338 1085
f 1071 1340 1086
f 261 263 1340
f 261 1340 1071
f 315 1341 316
f 1051 1342 1341
f 1051 1341 315
f 1054 1342 1051
f 1056 1343 1342
f 1056 1342 1054
f 1059 1344 1343
f 1059 1345 1344
f 1059 1343 1056
f 1063 1345 1059
f 1066 1346 1345
f 1066 1345 1063
f 1069 1347 1346
f 1069 1348 1347
f 1069 1346 1066
f 1087 1348 1069
f 1083 1349 1348
f 1083 1348 1087
f 1082 1350 1349
f 1082 1349 1083
f 1084 1351 1350
f 1084 1352 1351
f 1084 1350 1082
f 1077 1352 1084
f 289 291 1352
f 289 1352 1077
f 343 1353 344
f 1135 1354 1353
f 1135 1353 343
f 1137 1354 1135
f 1139 1355 1354
f 1139 1354 1137
f 1142 1356 1355
f 1142 1357 1356
f 1142 1355 1139
f 1146 1357 1142
f 1147 1358 1357
f 1147 1357 1146
f 1148 1359 1358
f 1148 1360 1359
f 1148 1358 1147
f 1149 1360 1148
f 1154 1361 1360
f 1154 1360 1149
f 1155 1362 1361
f 1155 1361 1154
f 1156 1363 1362
f 1156 1364 1363
f 1156 1362 1155
f 1159 1364 1156
f 317 319 1364
f 317 1364 1159
f 1065 372 371
f 1065 1365 372
f 1068 1366 1365
f 1068 1367 1366
f 1068 1365 1065
f 1072 1367 1068
f 1073 1368 1367
f 1073 1367 1072
f 1074 1369 1368
f 1074 1370 1369
f 1074 1368 1073
f 1075 1370 1074
f 1097 1371 1370
f 1097 1370 1075
f 1100 1372 1371
f 1100 1371 1097
f 1104 1373 1372
f 1104 1372 1100
f 1103 1374 1373
f 1103 1375 1374
f 1103 1373 1104
f 1093 1376 1375
f 1093 1375 1103
f 1092 1376 1093
f 345 347 1376
f 345 1376 1092
f 1163 400 399
f 1163 1377 400
f 1165 1378 1377
f 1165 1379 1378
f 1165 1377 1163
f 1168 1379 1165
f 1171 1380 1379
f 1171 1379 1168
f 1181 1381 1380
f 1181 1382 1381
f 1181 1380 1171
f 1184 1382 1181
f 1187 1383 1382
f 1187 1382 1184
f 1196 1384 1383
f 1196 1383 1187
f 1197 1385 1384
f 1197 1384 1196
f 1198 1386 1385
f 1198 1387 1386
f 1198 1385 1197
f 1177 1388 1387
f 1177 1387 1198
f 1176 1388 1177
f 373 375 1388
f 373 1388 1176
f 447 20 21
f 445 17 20
f 445 20 447
f 449 21 24
f 449 447 21
f 443 16 17
f 443 17 445
f 451 24 26
f 451 449 24
f 441 16 443
f 453 26 28
f 453 451 26
f 439 14 16
f 439 16 441
f 1389 28 1217
f 1389 453 28
f 437 12 14
f 437 14 439
f 1218 1389 1217
f 1390 1389 1218
f 435 9 12
f 435 12 437
f 1219 1390 1218
f 1391 1390 1219
f 433 9 435
f 8 9 433
f 1220 1392 1391
f 1220 1391 1219
f 431 8 433
f 5 8 431
f 1221 1392 1220
f 1221 1393 1392
f 427 5 431
f 2 5 427
f 1222 1393 1221
f 1222 1394 1393
f 1395 1394 1222
f 3 2 427
f 3 427 429
f 1396 3 429
f 1223 1397 1395
f 1223 1395 1222
f 1228 3 1396
f 1224 1397 1223
f 1224 1398 1397
f 1227 1228 1396
f 1227 1396 1399
f 1225 1398 1224
f 1226 1400 1398
f 1226 1399 1400
f 1226 1227 1399
f 1226 1398 1225
f 45 43 42
f 1239 31 1240
f 1239 39 37
f 1239 37 35
f 1239 35 33
f 1239 33 29
f 1239 29 31
f 49 47 45
f 1237 1239 1238
f 1237 39 1239
f 1235 1237 1236
f 1235 42 39
f 1235 39 1237
f 56 53 51
f 56 51 49
f 1234 45 42
f 1234 42 1235
f 1230 1229 56
f 1232 1234 1233
f 1231 49 45
f 1231 56 49
f 1231 45 1234
f 1231 1234 1232
f 1231 1230 56
f 1401 1252 1253
f 1402 1251 1252
f 1402 1252 1401
f 1403 1253 1254
f 1403 1401 1253
f 1404 1250 1251
f 1404 1251 1402
f 1405 1254 1255
f 1405 1403 1254
f 1406 1250 1404
f 1407 1255 1256
f 1407 1405 1255
f 1249 1250 1406
f 1408 1249 1406
f 456 1256 60
f 456 1407 1256
f 1248 1249 1408
f 57 456 60
f 1409 1248 1408
f 457 456 57
f 1247 1248 1409
f 61 457 57
f 1410 1247 1409
f 460 457 61
f 1246 1247 1410
f 63 460 61
f 1411 1246 1410
f 462 460 63
f 1245 1246 1411
f 65 462 63
f 1412 1245 1411
f 464 462 65
f 1244 1245 1412
f 67 464 65
f 1413 1244 1412
f 466 464 67
f 1243 1244 1413
f 69 466 67
f 1414 1243 1413
f 468 466 69
f 1242 1243 1414
f 71 468 69
f 1415 1242 1414
f 470 468 71
f 1241 1242 1415
f 73 470 71
f 488 1241 1415
f 472 470 73
f 91 1241 488
f 75 472 73
f 474 472 75
f 89 91 488
f 89 488 485
f 77 476 474
f 77 474 75
f 87 89 485
f 87 485 483
f 79 478 476
f 79 476 77
f 85 483 482
f 85 87 483
f 82 480 478
f 82 478 79
f 84 482 480
f 84 85 482
f 84 480 82
f 509 113 116
f 507 112 113
f 507 113 509
f 511 116 118
f 511 509 116
f 505 109 112
f 505 112 507
f 513 511 118
f 120 513 118
f 503 108 109
f 503 109 505
f 106 108 503
f 515 513 120
f 501 106 503
f 1416 120 1257
f 1416 515 120
f 104 106 501
f 499 104 501
f 1417 1257 1258
f 1417 1416 1257
f 101 104 499
f 497 101 499
f 1418 1258 1259
f 1418 1417 1258
f 100 497 495
f 100 101 497
f 1419 1418 1259
f 1260 1419 1259
f 97 100 495
f 97 495 493
f 1420 1419 1260
f 1261 1420 1260
f 94 97 493
f 94 493 489
f 1262 1420 1261
f 1262 1421 1420
f 95 94 489
f 95 489 491
f 1263 1421 1262
f 1263 1422 1421
f 1268 95 491
f 1268 1423 1424
f 1268 491 1423
f 1264 1422 1263
f 1264 1425 1422
f 1267 1268 1424
f 1267 1424 1426
f 1265 1427 1425
f 1265 1425 1264
f 1266 1426 1427
f 1266 1267 1426
f 1266 1427 1265
f 535 137 140
f 535 140 141
f 535 141 537
f 539 141 144
f 539 537 141
f 533 137 535
f 541 144 146
f 541 539 144
f 531 136 137
f 531 137 533
f 543 146 148
f 543 541 146
f 529 134 136
f 529 136 531
f 1428 148 1269
f 1428 543 148
f 527 132 134
f 527 134 529
f 1429 1269 1270
f 1429 1428 1269
f 129 132 527
f 525 129 527
f 1271 1429 1270
f 1430 1429 1271
f 128 129 525
f 128 525 523
f 1272 1431 1430
f 1272 1430 1271
f 521 128 523
f 125 128 521
f 1432 1431 1272
f 1273 1432 1272
f 517 125 521
f 122 125 517
f 519 122 517
f 1274 1432 1273
f 1274 1433 1432
f 123 122 519
f 1434 123 519
f 1275 1433 1274
f 1275 1435 1433
f 1275 1436 1435
f 1280 123 1434
f 1280 1434 1437
f 1276 1436 1275
f 1276 1438 1436
f 1279 1280 1437
f 1277 1438 1276
f 1278 1439 1438
f 1278 1437 1439
f 1278 1279 1437
f 1278 1438 1277
f 565 168 169
f 563 165 168
f 563 168 565
f 567 169 172
f 567 565 169
f 561 165 563
f 569 172 174
f 569 567 172
f 559 164 165
f 559 165 561
f 571 174 176
f 571 569 174
f 557 162 164
f 557 164 559
f 1440 176 1281
f 1440 571 176
f 160 162 557
f 555 160 557
f 1441 1281 1282
f 1441 1440 1281
f 553 157 160
f 553 160 555
f 1283 1441 1282
f 1442 1441 1283
f 551 157 553
f 156 157 551
f 1284 1442 1283
f 1284 1443 1442
f 549 156 551
f 153 156 549
f 1285 1443 1284
f 1285 1444 1443
f 150 153 549
f 150 549 545
f 1286 1445 1444
f 1286 1444 1285
f 1446 1445 1286
f 151 150 545
f 151 545 547
f 1447 151 547
f 1287 1446 1286
f 1292 151 1447
f 1288 1446 1287
f 1288 1448 1446
f 1288 1449 1448
f 1291 1292 1447
f 1291 1447 1450
f 1289 1451 1449
f 1289 1449 1288
f 1290 1450 1451
f 1290 1291 1450
f 1290 1451 1289
f 593 197 200
f 591 196 197
f 591 197 593
f 595 200 202
f 595 593 200
f 589 193 196
f 589 196 591
f 597 595 202
f 204 597 202
f 587 192 193
f 587 193 589
f 599 597 204
f 585 190 192
f 585 192 587
f 1452 204 1293
f 1452 599 204
f 188 190 585
f 583 188 585
f 1453 1293 1294
f 1453 1452 1293
f 581 185 188
f 581 188 583
f 1454 1294 1295
f 1454 1453 1294
f 184 581 579
f 184 185 581
f 1455 1454 1295
f 1296 1455 1295
f 181 579 577
f 181 184 579
f 1456 1455 1296
f 1297 1456 1296
f 178 181 577
f 178 577 573
f 1298 1456 1297
f 1298 1457 1456
f 1458 1457 1298
f 179 178 573
f 179 573 575
f 1299 1458 1298
f 1304 179 575
f 1304 575 1459
f 1300 1458 1299
f 1300 1460 1458
f 1303 1304 1459
f 1303 1459 1461
f 1301 1462 1460
f 1301 1460 1300
f 1302 1463 1462
f 1302 1461 1463
f 1302 1303 1461
f 1302 1462 1301
f 621 224 225
f 619 221 224
f 619 224 621
f 623 225 228
f 623 621 225
f 617 220 221
f 617 221 619
f 625 228 230
f 625 623 228
f 615 220 617
f 627 230 232
f 627 625 230
f 613 218 220
f 613 220 615
f 1305 627 232
f 1464 627 1305
f 611 216 218
f 611 218 613
f 1465 1305 1306
f 1465 1464 1305
f 609 213 216
f 609 216 611
f 1307 1465 1306
f 1466 1465 1307
f 212 213 609
f 212 609 607
f 1308 1466 1307
f 1308 1467 1466
f 605 212 607
f 209 212 605
f 1309 1467 1308
f 1309 1468 1467
f 601 209 605
f 206 209 601
f 1469 1468 1309
f 1310 1469 1309
f 1470 1469 1310
f 207 206 601
f 207 601 603
f 1311 1470 1310
f 1316 207 603
f 1316 603 1471
f 1312 1470 1311
f 1312 1472 1470
f 1312 1473 1472
f 1315 1316 1471
f 1315 1471 1474
f 1313 1475 1473
f 1313 1473 1312
f 1314 1474 1475
f 1314 1315 1474
f 1314 1475 1313
f 649 253 256
f 647 252 253
f 647 253 649
f 651 256 258
f 651 649 256
f 645 249 252
f 645 252 647
f 653 651 258
f 260 653 258
f 643 248 249
f 643 249 645
f 655 653 260
f 641 246 248
f 641 248 643
f 1476 260 1317
f 1476 655 260
f 244 246 641
f 639 244 641
f 1477 1317 1318
f 1477 1476 1317
f 241 244 639
f 637 241 639
f 1478 1318 1319
f 1478 1477 1318
f 240 637 635
f 240 241 637
f 1479 1478 1319
f 1320 1479 1319
f 237 635 633
f 237 240 635
f 1480 1479 1320
f 1321 1480 1320
f 234 237 633
f 234 633 629
f 1481 1480 1321
f 1322 1481 1321
f 235 234 629
f 235 629 631
f 1482 235 631
f 1323 1481 1322
f 1323 1483 1481
f 1328 235 1482
f 1324 1483 1323
f 1324 1484 1483
f 1327 1328 1482
f 1327 1485 1486
f 1327 1482 1485
f 1325 1487 1484
f 1325 1484 1324
f 1326 1486 1487
f 1326 1327 1486
f 1326 1487 1325
f 677 280 281
f 675 277 280
f 675 280 677
f 679 281 284
f 679 677 281
f 673 276 277
f 673 277 675
f 681 284 286
f 681 679 284
f 671 276 673
f 683 286 288
f 683 681 286
f 669 274 276
f 669 276 671
f 1329 683 288
f 1488 683 1329
f 667 272 274
f 667 274 669
f 1489 1329 1330
f 1489 1488 1329
f 665 269 272
f 665 272 667
f 1331 1489 1330
f 1490 1489 1331
f 268 269 665
f 268 665 663
f 1332 1490 1331
f 1332 1491 1490
f 661 268 663
f 265 268 661
f 1333 1491 1332
f 1333 1492 1491
f 262 661 657
f 262 265 661
f 659 262 657
f 1334 1492 1333
f 1334 1493 1492
f 263 262 659
f 1335 1493 1334
f 1335 1494 1493
f 1335 1495 1494
f 1340 263 659
f 1340 659 1496
f 1336 1495 1335
f 1339 1340 1496
f 1339 1496 1497
f 1337 1498 1495
f 1337 1499 1498
f 1337 1495 1336
f 1338 1497 1499
f 1338 1499 1337
f 1338 1339 1497
f 705 309 312
f 703 308 309
f 703 309 705
f 707 312 314
f 707 705 312
f 701 305 308
f 701 308 703
f 709 707 314
f 316 709 314
f 699 304 305
f 699 305 701
f 711 709 316
f 697 302 304
f 697 304 699
f 1500 316 1341
f 1500 711 316
f 300 302 697
f 695 300 697
f 1501 1341 1342
f 1501 1500 1341
f 693 297 300
f 693 300 695
f 1502 1342 1343
f 1502 1501 1342
f 296 693 691
f 296 297 693
f 1503 1502 1343
f 1344 1503 1343
f 293 691 689
f 293 296 691
f 1504 1503 1344
f 1345 1504 1344
f 290 293 689
f 290 689 685
f 1346 1504 1345
f 1346 1505 1504
f 1506 1505 1346
f 291 290 685
f 291 685 687
f 1347 1506 1346
f 1352 291 687
f 1352 687 1507
f 1348 1506 1347
f 1348 1508 1506
f 1351 1352 1507
f 1351 1507 1509
f 1349 1510 1508
f 1349 1508 1348
f 1350 1511 1510
f 1350 1509 1511
f 1350 1351 1509
f 1350 1510 1349
f 733 336 337
f 731 333 336
f 731 336 733
f 735 337 340
f 735 733 337
f 729 332 333
f 729 333 731
f 737 340 342
f 737 735 340
f 727 332 729
f 739 342 344
f 739 737 342
f 725 330 332
f 725 332 727
f 1353 739 344
f 1512 739 1353
f 723 328 330
f 723 330 725
f 1354 1512 1353
f 1513 1512 1354
f 721 325 328
f 721 328 723
f 1355 1513 1354
f 1514 1513 1355
f 719 325 721
f 324 325 719
f 1356 1515 1514
f 1356 1514 1355
f 717 324 719
f 321 324 717
f 1357 1515 1356
f 1357 1516 1515
f 318 321 717
f 318 717 713
f 1358 1516 1357
f 1358 1517 1516
f 1518 1517 1358
f 319 318 713
f 319 713 715
f 1359 1518 1358
f 1364 319 715
f 1364 715 1519
f 1360 1518 1359
f 1360 1520 1518
f 1360 1521 1520
f 1363 1364 1519
f 1363 1519 1522
f 1361 1523 1521
f 1361 1521 1360
f 1362 1522 1523
f 1362 1363 1522
f 1362 1523 1361
f 1524 402 372
f 1525 402 1524
f 1526 372 1365
f 1526 1365 1366
f 1526 1366 1367
f 1526 1524 372
f 1527 402 1525
f 1528 1367 1368
f 1528 1368 1369
f 1528 1524 1526
f 1528 1525 1524
f 1528 1527 1525
f 1528 1526 1367
f 1529 402 402
f 1529 402 1527
f 1530 1369 1370
f 1530 1528 1369
f 1530 1527 1528
f 1531 402 1529
f 1532 1370 1371
f 1532 1371 1372
f 1532 1529 1527
f 1532 1530 1370
f 1532 1527 1530
f 1532 1531 1529
f 1533 402 1531
f 1534 1372 1373
f 1534 1373 1374
f 1534 1532 1372
f 1534 1531 1532
f 1535 1374 1375
f 1535 1375 1376
f 1535 1376 347
f 1535 347 402
f 1535 1534 1374
f 1535 402 1533
f 1535 1533 1531
f 1535 1531 1534
f 1536 415 400
f 1537 415 1536
f 1538 400 1377
f 1538 1377 1378
f 1538 1378 1379
f 1538 1536 400
f 1539 415 1537
f 1540 1379 1380
f 1540 1380 1381
f 1540 1536 1538
f 1540 1537 1536
f 1540 1538 1379
f 1541 415 415
f 1541 415 1539
f 1542 1381 1382
f 1542 1537 1540
f 1542 1540 1381
f 1542 1539 1537
f 1543 415 1541
f 1544 1382 1383
f 1544 1383 1384
f 1544 1541 1539
f 1544 1542 1382
f 1544 1539 1542
f 1544 1543 1541
f 1545 415 1543
f 1546 1384 1385
f 1546 1385 1386
f 1546 1544 1384
f 1546 1543 1544
f 1547 1386 1387
f 1547 1387 1388
f 1547 1388 375
f 1547 375 415
f 1547 1546 1386
f 1547 415 1545
f 1547 1545 1543
f 1547 1543 1546
f 1389 454 453
f 1389 1548 454
f 1390 1549 1548
f 1390 1548 1389
f 1391 1550 1549
f 1391 1549 1390
f 1392 1551 1550
f 1392 1550 1391
f 1393 1552 1551
f 1393 1551 1392
f 1394 1553 1552
f 1394 1552 1393
f 1395 1554 1553
f 1395 1553 1394
f 1397 1555 1554
f 1397 1554 1395
f 1398 1556 1555
f 1398 1557 1556
f 1398 1555 1397
f 1400 1557 1398
f 1399 1558 1557
f 1399 1557 1400
f 1396 1559 1558
f 1396 428 1559
f 1396 1558 1399
f 429 428 1396
f 1560 487 488
f 1560 488 1415
f 1561 1415 1414
f 1561 1560 1415
f 1562 1414 1413
f 1562 1561 1414
f 1563 1413 1412
f 1563 1562 1413
f 1564 1412 1411
f 1564 1563 1412
f 1565 1411 1410
f 1565 1564 1411
f 1566 1410 1409
f 1566 1565 1410
f 1567 1409 1408
f 1567 1566 1409
f 1568 1408 1406
f 1568 1567 1408
f 1569 1406 1404
f 1569 1568 1406
f 1570 1404 1402
f 1570 1569 1404
f 1571 1402 1401
f 1571 1570 1402
f 1572 1401 1403
f 1572 1571 1401
f 1573 1403 1405
f 1573 1572 1403
f 1574 1405 1407
f 1574 1573 1405
f 458 1574 1407
f 458 1407 456
f 1416 516 515
f 1416 1575 516
f 1417 1576 1575
f 1417 1575 1416
f 1418 1577 1576
f 1418 1576 1417
f 1419 1578 1577
f 1419 1577 1418
f 1420 1579 1578
f 1420 1578 1419
f 1421 1580 1579
f 1421 1579 1420
f 1422 1581 1580
f 1422 1580 1421
f 1425 1582 1581
f 1425 1581 1422
f 1427 1583 1582
f 1427 1584 1583
f 1427 1582 1425
f 1426 1584 1427
f 1424 1585 1584
f 1424 1584 1426
f 1423 1586 1585
f 1423 490 1586
f 1423 1585 1424
f 491 490 1423
f 1428 544 543
f 1428 1587 544
f 1429 1588 1587
f 1429 1587 1428
f 1430 1589 1588
f 1430 1588 1429
f 1431 1590 1589
f 1431 1589 1430
f 1432 1591 1590
f 1432 1590 1431
f 1433 1592 1591
f 1433 1591 1432
f 1435 1593 1592
f 1435 1592 1433
f 1436 1594 1593
f 1436 1593 1435
f 1438 1595 1594
f 1438 1596 1595
f 1438 1594 1436
f 1439 1596 1438
f 1437 1597 1596
f 1437 1596 1439
f 1434 1598 1597
f 1434 518 1598
f 1434 1597 1437
f 519 518 1434
f 1440 572 571
f 1440 1599 572
f 1441 1600 1599
f 1441 1599 1440
f 1442 1601 1600
f 1442 1600 1441
f 1443 1602 1601
f 1443 1601 1442
f 1444 1603 1602
f 1444 1602 1443
f 1445 1604 1603
f 1445 1603 1444
f 1446 1605 1604
f 1446 1604 1445
f 1448 1606 1605
f 1448 1605 1446
f 1449 1607 1606
f 1449 1608 1607
f 1449 1606 1448
f 1451 1608 1449
f 1450 1609 1608
f 1450 1608 1451
f 1447 1610 1609
f 1447 546 1610
f 1447 1609 1450
f 547 546 1447
f 1452 600 599
f 1452 1611 600
f 1453 1612 1611
f 1453 1611 1452
f 1454 1613 1612
f 1454 1612 1453
f 1455 1614 1613
f 1455 1613 1454
f 1456 1615 1614
f 1456 1614 1455
f 1457 1616 1615
f 1457 1615 1456
f 1458 1617 1616
f 1458 1616 1457
f 1460 1618 1617
f 1460 1617 1458
f 1462 1619 1618
f 1462 1620 1619
f 1462 1618 1460
f 1463 1620 1462
f 1461 1621 1620
f 1461 1620 1463
f 1459 1622 1621
f 1459 574 1622
f 1459 1621 1461
f 575 574 1459
f 1464 628 627
f 1464 1623 628
f 1465 1624 1623
f 1465 1623 1464
f 1466 1625 1624
f 1466 1624 1465
f 1467 1626 1625
f 1467 1625 1466
f 1468 1627 1626
f 1468 1626 1467
f 1469 1628 1627
f 1469 1627 1468
f 1470 1629 1628
f 1470 1628 1469
f 1472 1630 1629
f 1472 1629 1470
f 1473 1631 1630
f 1473 1632 1631
f 1473 1630 1472
f 1475 1632 1473
f 1474 1633 1632
f 1474 1632 1475
f 1471 1634 1633
f 1471 602 1634
f 1471 1633 1474
f 603 602 1471
f 1476 656 655
f 1476 1635 656
f 1477 1636 1635
f 1477 1635 1476
f 1478 1637 1636
f 1478 1636 1477
f 1479 1638 1637
f 1479 1637 1478
f 1480 1639 1638
f 1480 1638 1479
f 1481 1640 1639
f 1481 1639 1480
f 1483 1641 1640
f 1483 1640 1481
f 1484 1642 1641
f 1484 1641 1483
f 1487 1643 1642
f 1487 1644 1643
f 1487 1642 1484
f 1486 1644 1487
f 1485 1645 1644
f 1485 1644 1486
f 1482 1646 1645
f 1482 630 1646
f 1482 1645 1485
f 631 630 1482
f 1488 684 683
f 1488 1647 684
f 1489 1648 1647
f 1489 1647 1488
f 1490 1649 1648
f 1490 1648 1489
f 1491 1650 1649
f 1491 1649 1490
f 1492 1651 1650
f 1492 1650 1491
f 1493 1652 1651
f 1493 1651 1492
f 1494 1653 1652
f 1494 1652 1493
f 1495 1654 1653
f 1495 1653 1494
f 1498 1655 1654
f 1498 1656 1655
f 1498 1654 1495
f 1499 1656 1498
f 1497 1657 1656
f 1497 1656 1499
f 1496 1658 1657
f 1496 658 1658
f 1496 1657 1497
f 659 658 1496
f 1500 712 711
f 1500 1659 712
f 1501 1660 1659
f 1501 1659 1500
f 1502 1661 1660
f 1502 1660 1501
f 1503 1662 1661
f 1503 1661 1502
f 1504 1663 1662
f 1504 1662 1503
f 1505 1664 1663
f 1505 1663 1504
f 1506 1665 1664
f 1506 1664 1505
f 1508 1666 1665
f 1508 1665 1506
f 1510 1667 1666
f 1510 1668 1667
f 1510 1666 1508
f 1511 1668 1510
f 1509 1669 1668
f 1509 1668 1511
f 1507 1670 1669
f 1507 686 1670
f 1507 1669 1509
f 687 686 1507
f 1512 740 739
f 1512 1671 740
f 1513 1672 1671
f 1513 1671 1512
f 1514 1673 1672
f 1514 1672 1513
f 1515 1674 1673
f 1515 1673 1514
f 1516 1675 1674
f 1516 1674 1515
f 1517 1676 1675
f 1517 1675 1516
f 1518 1677 1676
f 1518 1676 1517
f 1520 1678 1677
f 1520 1677 1518
f 1521 1679 1678
f 1521 1680 1679
f 1521 1678 1520
f 1523 1680 1521
f 1522 1681 1680
f 1522 1680 1523
f 1519 1682 1681
f 1519 714 1682
f 1519 1681 1522
f 715 714 1519
f 1683 742 1684
f 1685 454 1548
f 1685 1548 1549
f 1685 1549 1550
f 1685 742 454
f 1685 1684 742
f 1686 742 1683
f 1687 1550 1551
f 1687 1551 1552
f 1687 1684 1685
f 1687 1683 1684
f 1687 1685 1550
f 1688 742 742
f 1688 742 1686
f 1689 1552 1553
f 1689 1683 1687
f 1689 1686 1683
f 1689 1687 1552
f 1690 742 1688
f 1691 1553 1554
f 1691 1554 1555
f 1691 1686 1689
f 1691 1688 1686
f 1691 1689 1553
f 1692 742 1690
f 1693 1555 1556
f 1693 1556 1557
f 1693 1691 1555
f 1693 1690 1688
f 1693 1688 1691
f 1693 1692 1690
f 1694 1557 1558
f 1694 1558 1559
f 1694 1559 428
f 1694 428 742
f 1694 1693 1557
f 1694 742 1692
f 1694 1692 1693
f 1563 1695 1696
f 1564 1697 1695
f 1564 1695 1563
f 1562 1696 1698
f 1562 1563 1696
f 1565 1699 1697
f 1565 1697 1564
f 1561 1698 1700
f 1561 1562 1698
f 1566 1701 1699
f 1566 1699 1565
f 1560 1700 1702
f 1560 1561 1700
f 1567 1703 1701
f 1567 1701 1566
f 487 1702 906
f 487 1560 1702
f 903 487 906
f 1568 1704 1703
f 1568 1703 1567
f 486 487 903
f 902 486 903
f 1569 1704 1568
f 484 486 902
f 1705 1704 1569
f 900 484 902
f 1570 1705 1569
f 481 484 900
f 1706 1705 1570
f 898 481 900
f 1571 1706 1570
f 479 481 898
f 1707 1706 1571
f 895 479 898
f 1572 1707 1571
f 477 479 895
f 1708 1707 1572
f 894 477 895
f 1573 1708 1572
f 475 477 894
f 1709 1708 1573
f 1574 1709 1573
f 892 473 475
f 892 475 894
f 1710 1709 1574
f 458 1710 1574
f 890 471 473
f 890 473 892
f 872 1710 458
f 888 469 471
f 888 471 890
f 873 458 455
f 873 872 458
f 886 467 469
f 886 469 888
f 876 455 459
f 876 873 455
f 884 465 467
f 884 467 886
f 878 459 461
f 878 876 459
f 882 463 465
f 882 465 884
f 880 461 463
f 880 463 882
f 880 878 461
f 1711 755 1712
f 1713 516 1575
f 1713 1575 1576
f 1713 1576 1577
f 1713 755 516
f 1713 1712 755
f 1714 755 1711
f 1715 1577 1578
f 1715 1578 1579
f 1715 1712 1713
f 1715 1711 1712
f 1715 1713 1577
f 1716 755 755
f 1716 755 1714
f 1717 1579 1580
f 1717 1580 1581
f 1717 1711 1715
f 1717 1715 1579
f 1717 1714 1711
f 1718 755 1716
f 1719 1581 1582
f 1719 1716 1714
f 1719 1717 1581
f 1719 1714 1717
f 1720 755 1718
f 1721 1582 1583
f 1721 1583 1584
f 1721 1719 1582
f 1721 1718 1716
f 1721 1716 1719
f 1722 1584 1585
f 1722 1585 1586
f 1722 1586 490
f 1722 490 755
f 1722 1721 1584
f 1722 755 1720
f 1722 1720 1718
f 1722 1718 1721
f 1723 768 544
f 1724 768 1723
f 1725 544 1587
f 1725 1587 1588
f 1725 1588 1589
f 1725 1723 544
f 1726 768 1724
f 1727 1589 1590
f 1727 1590 1591
f 1727 1723 1725
f 1727 1724 1723
f 1727 1725 1589
f 1728 768 768
f 1728 768 1726
f 1729 1591 1592
f 1729 1724 1727
f 1729 1727 1591
f 1729 1726 1724
f 1730 768 1728
f 1731 1592 1593
f 1731 1593 1594
f 1731 1728 1726
f 1731 1729 1592
f 1731 1726 1729
f 1732 768 1730
f 1733 1594 1595
f 1733 1595 1596
f 1733 1731 1594
f 1733 1730 1728
f 1733 1728 1731
f 1734 1596 1597
f 1734 1597 1598
f 1734 1598 518
f 1734 518 768
f 1734 1733 1596
f 1734 768 1732
f 1734 1732 1730
f 1734 1730 1733
f 1735 781 572
f 1736 781 1735
f 1737 572 1599
f 1737 1599 1600
f 1737 1600 1601
f 1737 1735 572
f 1738 781 1736
f 1739 1601 1602
f 1739 1602 1603
f 1739 1735 1737
f 1739 1736 1735
f 1739 1737 1601
f 1740 781 781
f 1740 781 1738
f 1741 1603 1604
f 1741 1604 1605
f 1741 1736 1739
f 1741 1739 1603
f 1741 1738 1736
f 1741 1740 1738
f 1742 781 1740
f 1743 1605 1606
f 1743 1740 1741
f 1743 1741 1605
f 1744 546 781
f 1744 781 1742
f 1745 1606 1607
f 1745 1607 1608
f 1745 1743 1606
f 1745 1742 1740
f 1745 1740 1743
f 1746 1608 1609
f 1746 1609 1610
f 1746 1610 546
f 1746 546 1744
f 1746 1745 1608
f 1746 1744 1742
f 1746 1742 1745
f 1747 794 600
f 1748 794 1747
f 1749 600 1611
f 1749 1611 1612
f 1749 1612 1613
f 1749 1747 600
f 1750 794 1748
f 1751 1613 1614
f 1751 1614 1615
f 1751 1747 1749
f 1751 1748 1747
f 1751 1749 1613
f 1752 794 794
f 1752 794 1750
f 1753 1615 1616
f 1753 1748 1751
f 1753 1751 1615
f 1753 1750 1748
f 1754 794 1752
f 1755 1616 1617
f 1755 1617 1618
f 1755 1752 1750
f 1755 1753 1616
f 1755 1750 1753
f 1756 574 794
f 1756 794 1754
f 1757 1618 1619
f 1757 1619 1620
f 1757 1755 1618
f 1757 1754 1752
f 1757 1752 1755
f 1757 1756 1754
f 1758 1620 1621
f 1758 1621 1622
f 1758 1622 574
f 1758 574 1756
f 1758 1757 1620
f 1758 1756 1757
f 1759 807 1760
f 1761 628 1623
f 1761 1623 1624
f 1761 1624 1625
f 1761 807 628
f 1761 1760 807
f 1762 807 807
f 1762 807 1759
f 1763 1625 1626
f 1763 1626 1627
f 1763 1760 1761
f 1763 1759 1760
f 1763 1761 1625
f 1764 807 1762
f 1765 1627 1628
f 1765 1759 1763
f 1765 1762 1759
f 1765 1763 1627
f 1766 807 1764
f 1767 1628 1629
f 1767 1629 1630
f 1767 1762 1765
f 1767 1765 1628
f 1767 1764 1762
f 1768 602 807
f 1768 807 1766
f 1769 1630 1631
f 1769 1631 1632
f 1769 1767 1630
f 1769 1766 1764
f 1769 1764 1767
f 1769 1768 1766
f 1770 1632 1633
f 1770 1633 1634
f 1770 1634 602
f 1770 602 1768
f 1770 1769 1632
f 1770 1768 1769
f 1771 820 1772
f 1773 656 1635
f 1773 1635 1636
f 1773 1636 1637
f 1773 820 656
f 1773 1772 820
f 1774 820 1771
f 1775 1637 1638
f 1775 1638 1639
f 1775 1772 1773
f 1775 1771 1772
f 1775 1773 1637
f 1776 820 820
f 1776 820 1774
f 1777 1639 1640
f 1777 1771 1775
f 1777 1775 1639
f 1777 1774 1771
f 1777 1776 1774
f 1778 820 1776
f 1779 1640 1641
f 1779 1641 1642
f 1779 1776 1777
f 1779 1777 1640
f 1780 820 1778
f 1781 1642 1643
f 1781 1643 1644
f 1781 1779 1642
f 1781 1778 1776
f 1781 1776 1779
f 1782 1644 1645
f 1782 1645 1646
f 1782 1646 630
f 1782 630 820
f 1782 1781 1644
f 1782 820 1780
f 1782 1780 1778
f 1782 1778 1781
f 1783 833 1784
f 1785 684 1647
f 1785 1647 1648
f 1785 1648 1649
f 1785 833 684
f 1785 1784 833
f 1786 833 833
f 1786 833 1783
f 1787 1649 1650
f 1787 1650 1651
f 1787 1784 1785
f 1787 1783 1784
f 1787 1785 1649
f 1788 833 1786
f 1789 1651 1652
f 1789 1783 1787
f 1789 1786 1783
f 1789 1787 1651
f 1789 1788 1786
f 1790 833 1788
f 1791 1652 1653
f 1791 1653 1654
f 1791 1788 1789
f 1791 1789 1652
f 1792 833 1790
f 1793 1654 1655
f 1793 1655 1656
f 1793 1791 1654
f 1793 1790 1788
f 1793 1788 1791
f 1794 1656 1657
f 1794 1657 1658
f 1794 1658 658
f 1794 658 833
f 1794 1793 1656
f 1794 833 1792
f 1794 1792 1790
f 1794 1790 1793
f 1795 846 1796
f 1797 712 1659
f 1797 1659 1660
f 1797 1660 1661
f 1797 846 712
f 1797 1796 846
f 1798 846 1795
f 1799 1661 1662
f 1799 1662 1663
f 1799 1796 1797
f 1799 1795 1796
f 1799 1797 1661
f 1800 846 846
f 1800 846 1798
f 1801 1663 1664
f 1801 1795 1799
f 1801 1799 1663
f 1801 1798 1795
f 1802 846 1800
f 1803 1664 1665
f 1803 1665 1666
f 1803 1800 1798
f 1803 1801 1664
f 1803 1798 1801
f 1804 846 1802
f 1805 1666 1667
f 1805 1667 1668
f 1805 1803 1666
f 1805 1802 1800
f 1805 1800 1803
f 1806 1668 1669
f 1806 1669 1670
f 1806 1670 686
f 1806 686 846
f 1806 1805 1668
f 1806 846 1804
f 1806 1804 1802
f 1806 1802 1805
f 1807 859 1808
f 1809 740 1671
f 1809 1671 1672
f 1809 1672 1673
f 1809 859 740
f 1809 1808 859
f 1810 859 1807
f 1811 1673 1674
f 1811 1674 1675
f 1811 1808 1809
f 1811 1807 1808
f 1811 1809 1673
f 1812 859 859
f 1812 859 1810
f 1813 1675 1676
f 1813 1807 1811
f 1813 1811 1675
f 1813 1810 1807
f 1814 859 1812
f 1815 1676 1677
f 1815 1677 1678
f 1815 1812 1810
f 1815 1813 1676
f 1815 1810 1813
f 1815 1814 1812
f 1816 859 1814
f 1817 1678 1679
f 1817 1679 1680
f 1817 1815 1678
f 1817 1814 1815
f 1818 1680 1681
f 1818 1681 1682
f 1818 1682 714
f 1818 714 859
f 1818 1817 1680
f 1818 859 1816
f 1818 1816 1814
f 1818 1814 1817
f 905 906 1702
f 1819 1702 1700
f 1819 905 1702
f 1820 1700 1698
f 1820 1819 1700
f 1821 1698 1696
f 1821 1820 1698
f 1822 1696 1695
f 1822 1821 1696
f 1823 1695 1697
f 1823 1822 1695
f 1824 1823 1697
f 1825 1697 1699
f 1825 1824 1697
f 1826 1699 1701
f 1826 1825 1699
f 1827 1701 1703
f 1827 1826 1701
f 1828 1703 1704
f 1828 1827 1703
f 1829 1704 1705
f 1829 1828 1704
f 1830 1705 1706
f 1830 1829 1705
f 1831 1706 1707
f 1831 1830 1706
f 1832 1707 1708
f 1832 1831 1707
f 1833 1708 1709
f 1833 1832 1708
f 1834 1833 1709
f 1834 1709 1710
f 874 1834 1710
f 874 1710 872
f 1822 1835 1836
f 1822 1837 1835
f 1823 1838 1837
f 1823 1837 1822
f 1821 1822 1836
f 1824 1838 1823
f 1820 1821 1836
f 1825 1838 1824
f 1819 1820 1836
f 1826 1838 1825
f 905 1819 1836
f 1839 1828 1829
f 1839 1827 1828
f 1840 904 905
f 1840 901 904
f 1840 899 901
f 1830 1839 1829
f 1841 1839 1830
f 897 1840 1842
f 897 899 1840
f 1831 1841 1830
f 1843 1841 1831
f 1844 897 1842
f 896 897 1844
f 1845 1843 1831
f 1846 896 1844
f 1832 1845 1831
f 893 896 1846
f 1833 1845 1832
f 891 893 1846
f 1834 1845 1833
f 874 1845 1834
f 1847 877 879
f 1847 875 877
f 1847 871 875
f 1847 874 871
f 1848 883 885
f 1848 881 883
f 1849 1847 879
f 1850 879 881
f 1850 881 1848
f 1850 1849 879
f 1840 905 1836
f 1838 1826 1839
f 1826 1827 1839
f 1845 874 1847
f 1848 889 1846
f 889 891 1846
f 1848 887 889
f 1848 885 887
f 1840 1836 1851
f 1840 1851 1852
f 1853 1846 1844
f 1854 1844 1842
f 1854 1853 1844
f 1855 1842 1840
f 1855 1854 1842
f 1852 1855 1840
f 1848 1846 1853
f 1848 1853 1856
f 1857 1858 1847
f 1857 1847 1849
f 1859 1849 1850
f 1859 1850 1848
f 1859 1857 1849
f 1856 1859 1848
f 1847 1860 1845
f 1847 1858 1860
f 1861 1862 1839
f 1861 1839 1841
f 1861 1841 1843
f 1863 1843 1845
f 1863 1861 1843
f 1860 1863 1845
f 1864 1839 1862
f 1838 1839 1864
f 1851 1836 1835
f 1865 1835 1837
f 1865 1851 1835
f 1866 1837 1838
f 1866 1865 1837
f 1864 1866 1838
f 1867 1863 1860
f 1867 1861 1863
f 1868 1862 1861
f 1868 1861 1867
f 1869 1867 1860
f 1870 1862 1868
f 1871 1869 1860
f 1872 1862 1870
f 1873 1871 1860
f 1874 1862 1872
f 908 1873 1860
f 1875 1862 1874
f 1858 909 908
f 1858 912 909
f 1858 914 912
f 1864 1876 1877
f 1864 1875 1876
f 1864 1862 1875
f 1878 1864 1877
f 1866 1864 1878
f 916 1858 1857
f 916 914 1858
f 1879 1866 1878
f 1859 916 1857
f 1865 1866 1879
f 918 916 1859
f 1851 1865 1879
f 1856 918 1859
f 1880 1851 1879
f 920 918 1856
f 1881 1851 1880
f 922 920 1856
f 1882 1851 1881
f 924 922 1856
f 942 1851 1882
f 1852 936 934
f 1852 937 936
f 1852 939 937
f 1852 942 939
f 1853 928 926
f 1853 930 928
f 1853 931 930
f 1854 934 931
f 1854 931 1853
f 1855 1852 934
f 1855 934 1854
f 1851 942 1852
f 1853 926 1856
f 926 924 1856
f 1858 908 1860
f 941 942 1882
f 1883 1882 1881
f 1883 941 1882
f 1884 1881 1880
f 1884 1883 1881
f 1885 1880 1879
f 1885 1884 1880
f 1886 1879 1878
f 1886 1885 1879
f 1887 1878 1877
f 1887 1886 1878
f 1888 1887 1877
f 1889 1877 1876
f 1889 1888 1877
f 1890 1876 1875
f 1890 1889 1876
f 1891 1875 1874
f 1891 1890 1875
f 1892 1874 1872
f 1892 1891 1874
f 1893 1872 1870
f 1893 1892 1872
f 1894 1870 1868
f 1894 1893 1870
f 1895 1868 1867
f 1895 1894 1868
f 1896 1867 1869
f 1896 1895 1867
f 1897 1869 1871
f 1897 1896 1869
f 1898 1897 1871
f 1898 1871 1873
f 910 1898 1873
f 910 1873 908
f 1899 1894 1895
f 1900 1893 1894
f 1900 1894 1899
f 1901 1895 1896
f 1901 1899 1895
f 1902 1893 1900
f 1903 1896 1897
f 1903 1901 1896
f 1892 1893 1902
f 1904 1892 1902
f 1905 1897 1898
f 1905 1903 1897
f 1891 1892 1904
f 944 1898 910
f 944 1905 1898
f 1906 1891 1904
f 1890 1891 1906
f 907 944 910
f 945 944 907
f 1907 1890 1906
f 1889 1890 1907
f 911 945 907
f 948 945 911
f 1908 1889 1907
f 1888 1889 1908
f 913 948 911
f 950 948 913
f 1909 1888 1908
f 1887 1888 1909
f 915 950 913
f 952 950 915
f 1910 1887 1909
f 1886 1887 1910
f 917 952 915
f 954 952 917
f 1911 1886 1910
f 1885 1886 1911
f 919 954 917
f 956 954 919
f 1912 1885 1911
f 1884 1885 1912
f 921 956 919
f 958 956 921
f 1913 1884 1912
f 1883 1884 1913
f 923 958 921
f 960 958 923
f 975 1883 1913
f 941 1883 975
f 925 960 923
f 962 960 925
f 940 975 974
f 940 941 975
f 927 962 925
f 964 962 927
f 938 940 974
f 938 974 972
f 929 966 964
f 929 964 927
f 935 972 970
f 935 938 972
f 932 968 966
f 932 966 929
f 933 970 968
f 933 935 970
f 933 968 932
f 1914 976 975
f 1914 975 1913
f 1915 1913 1912
f 1915 1914 1913
f 1916 1912 1911
f 1916 1915 1912
f 1917 1911 1910
f 1917 1916 1911
f 1918 1910 1909
f 1918 1917 1910
f 1919 1909 1908
f 1919 1918 1909
f 1920 1908 1907
f 1920 1919 1908
f 1921 1907 1906
f 1921 1920 1907
f 1922 1906 1904
f 1922 1921 1906
f 1923 1904 1902
f 1923 1922 1904
f 1924 1902 1900
f 1924 1923 1902
f 1925 1900 1899
f 1925 1924 1900
f 1926 1899 1901
f 1926 1925 1899
f 1927 1901 1903
f 1927 1926 1901
f 1928 1903 1905
f 1928 1927 1903
f 946 1928 1905
f 946 1905 944
f 1917 1929 1930
f 1916 1930 1931
f 1916 1917 1930
f 1918 1932 1929
f 1918 1929 1917
f 1915 1931 1933
f 1915 1916 1931
f 1919 1932 1918
f 1934 1932 1919
f 1914 1933 1935
f 1914 1915 1933
f 1920 1934 1919
f 1936 1934 1920
f 976 1935 1012
f 976 1914 1935
f 1921 1936 1920
f 1937 1936 1921
f 1010 976 1012
f 973 976 1010
f 1922 1937 1921
f 1938 1937 1922
f 1007 973 1010
f 971 973 1007
f 1923 1938 1922
f 1939 1938 1923
f 1006 971 1007
f 969 971 1006
f 1924 1939 1923
f 1940 1939 1924
f 1004 969 1006
f 967 969 1004
f 1925 1940 1924
f 1941 1940 1925
f 1001 967 1004
f 965 967 1001
f 1926 1941 1925
f 1942 1941 1926
f 1000 965 1001
f 963 965 1000
f 1927 1942 1926
f 1943 1942 1927
f 998 963 1000
f 961 963 998
f 1928 1943 1927
f 1944 1943 1928
f 996 961 998
f 959 961 996
f 946 1944 1928
f 978 1944 946
f 994 959 996
f 957 959 994
f 979 946 943
f 979 978 946
f 992 957 994
f 955 957 992
f 982 943 947
f 982 979 943
f 990 953 955
f 990 955 992
f 984 947 949
f 984 982 947
f 988 951 953
f 988 953 990
f 986 949 951
f 986 984 949
f 986 951 988
f 1011 1012 1935
f 1945 1935 1933
f 1945 1011 1935
f 1946 1933 1931
f 1946 1945 1933
f 1947 1931 1930
f 1947 1946 1931
f 1948 1930 1929
f 1948 1947 1930
f 1949 1929 1932
f 1949 1948 1929
f 1950 1949 1932
f 1951 1932 1934
f 1951 1950 1932
f 1952 1934 1936
f 1952 1951 1934
f 1953 1936 1937
f 1953 1952 1936
f 1954 1937 1938
f 1954 1953 1937
f 1955 1938 1939
f 1955 1954 1938
f 1956 1939 1940
f 1956 1955 1939
f 1957 1940 1941
f 1957 1956 1940
f 1958 1941 1942
f 1958 1957 1941
f 1959 1942 1943
f 1959 1958 1942
f 1960 1959 1943
f 1960 1943 1944
f 980 1960 1944
f 980 1944 978
f 1961 1956 1957
f 1962 1957 1958
f 1962 1961 1957
f 1963 1955 1956
f 1963 1956 1961
f 1964 1958 1959
f 1964 1962 1958
f 1965 1954 1955
f 1965 1955 1963
f 1966 1959 1960
f 1966 1964 1959
f 1967 1953 1954
f 1967 1952 1953
f 1967 1954 1965
f 1014 1960 980
f 1014 1966 1960
f 977 1014 980
f 1968 1952 1967
f 1951 1952 1968
f 1015 1014 977
f 981 1015 977
f 1969 1951 1968
f 1950 1951 1969
f 1018 1015 981
f 983 1018 981
f 1970 1950 1969
f 1949 1950 1970
f 1020 1018 983
f 985 1020 983
f 1971 1949 1970
f 1022 1020 985
f 1948 1949 1971
f 1972 1948 1971
f 987 1022 985
f 1024 1022 987
f 1947 1948 1972
f 1973 1947 1972
f 989 1024 987
f 1026 1024 989
f 1946 1947 1973
f 1974 1946 1973
f 991 1026 989
f 1028 1026 991
f 1945 1946 1974
f 1044 1945 1974
f 993 1028 991
f 1011 1945 1044
f 995 1030 1028
f 995 1028 993
f 1009 1011 1044
f 1009 1044 1042
f 997 1032 1030
f 997 1030 995
f 1008 1042 1039
f 1008 1009 1042
f 999 1032 997
f 999 1034 1032
f 1005 1039 1037
f 1005 1008 1039
f 1002 1036 1034
f 1002 1034 999
f 1003 1037 1036
f 1003 1036 1002
f 1003 1005 1037
f 1043 1044 1974
f 1975 1974 1973
f 1975 1043 1974
f 1976 1973 1972
f 1976 1975 1973
f 1977 1972 1971
f 1977 1976 1972
f 1978 1971 1970
f 1978 1977 1971
f 1979 1978 1970
f 1980 1970 1969
f 1980 1979 1970
f 1981 1969 1968
f 1981 1980 1969
f 1982 1968 1967
f 1982 1981 1968
f 1983 1967 1965
f 1983 1982 1967
f 1984 1965 1963
f 1984 1983 1965
f 1985 1963 1961
f 1985 1984 1963
f 1986 1961 1962
f 1986 1985 1961
f 1987 1962 1964
f 1987 1986 1962
f 1988 1964 1966
f 1988 1987 1964
f 1016 1966 1014
f 1016 1988 1966
f 1987 1985 1986
f 1987 1984 1985
f 1016 1987 1988
f 1981 1982 1983
f 1013 1987 1016
f 1980 1981 1983
f 1017 1983 1984
f 1017 1984 1987
f 1017 1987 1013
f 1017 1980 1983
f 1979 1980 1017
f 1021 1017 1019
f 1977 1978 1979
f 1027 1023 1025
f 1027 1021 1023
f 1027 1976 1977
f 1027 1979 1017
f 1027 1977 1979
f 1027 1017 1021
f 1031 1027 1029
f 1040 1041 1043
f 1035 1038 1040
f 1035 1031 1033
f 1035 1975 1976
f 1035 1043 1975
f 1035 1976 1027
f 1035 1027 1031
f 1035 1040 1043
f 1989 1990 1991
f 1989 1991 1992
f 1989 1992 1993
f 1994 1989 1993
f 1995 1989 1994
f 1996 1995 1994
f 1997 1995 1996
f 1998 1997 1996
f 1999 1997 1998
f 2000 1999 1998
f 2001 2002 2003
f 2004 2001 2003
f 2005 2001 2004
f 2006 2005 2004
f 2007 2005 2006
f 2008 2007 2006
f 2009 2007 2008
f 2010 2009 2008
f 2011 2010 2008
f 2012 2011 2008
f 2013 2014 1999
f 2013 1999 2000
f 2015 2000 2016
f 2015 2014 2013
f 2015 2013 2000
f 2015 2016 2014
f 2017 2014 2016
f 2018 2019 2014
f 2018 2014 2017
f 2020 2016 2021
f 2020 2018 2017
f 2020 2021 2019
f 2020 2017 2016
f 2020 2019 2018
f 2022 2023 2019
f 2022 2019 2021
f 2024 2021 2025
f 2024 2023 2022
f 2024 2022 2021
f 2024 2025 2023
f 2026 2027 2023
f 2026 2023 2025
f 2026 2028 2027
f 2029 2026 2025
f 2029 2028 2026
f 2029 2025 2028
f 2030 2031 2027
f 2032 2031 2030
f 2032 2028 2033
f 2032 2030 2027
f 2032 2027 2028
f 2032 2033 2031
f 2034 2031 2033
f 2035 2036 2031
f 2035 2031 2034
f 2037 2033 2038
f 2037 2035 2034
f 2037 2036 2035
f 2037 2038 2036
f 2037 2034 2033
f 2039 2002 2036
f 2039 2036 2038
f 2040 2039 2038
f 2040 2038 2003
f 2040 2002 2039
f 2040 2003 2002
f 2041 2042 2043
f 2041 2044 2042
f 2045 2043 2046
f 2045 2041 2043
f 2047 2046 2048
f 2047 2045 2046
f 2049 2048 2050
f 2049 2047 2048
f 2051 2050 2052
f 2051 2049 2050
f 2053 2052 2054
f 2053 2051 2052
f 2055 2054 2056
f 2055 2053 2054
f 2057 2056 2058
f 2057 2055 2056
f 2059 2058 2060
f 2059 2057 2058
f 2061 2060 2062
f 2061 2059 2060
f 2063 2062 2064
f 2063 2061 2062
f 2065 2064 2066
f 2065 2063 2064
f 2067 2066 2068
f 2067 2065 2066
f 2069 2068 2070
f 2069 2067 2068
f 2071 2069 2070
f 2071 2070 2072
f 2073 2071 2072
f 2073 2072 2074
f 2075 2073 2074
f 2075 2074 2076
f 2075 2076 2077
f 2078 2075 2077
f 2079 2080 2081
f 2079 2082 2080
f 2083 2081 2084
f 2083 2079 2081
f 2085 2084 2086
f 2085 2083 2084
f 2087 2086 2088
f 2087 2085 2086
f 2089 2088 2090
f 2089 2087 2088
f 2091 2090 2092
f 2091 2089 2090
f 2093 2092 2094
f 2093 2091 2092
f 2095 2094 2096
f 2095 2093 2094
f 2097 2096 2098
f 2097 2095 2096
f 2099 2098 2100
f 2099 2097 2098
f 2101 2100 2102
f 2101 2099 2100
f 2103 2102 2104
f 2103 2101 2102
f 2105 2104 2106
f 2105 2103 2104
f 2107 2106 2108
f 2107 2105 2106
f 2109 2108 2110
f 2109 2110 2111
f 2109 2107 2108
f 2112 2109 2111
f 2081 2009 2113
f 2081 2080 2009
f 2084 2113 2114
f 2084 2081 2113
f 2086 2114 2115
f 2086 2084 2114
f 2088 2115 2116
f 2088 2086 2115
f 2090 2116 2117
f 2090 2088 2116
f 2092 2117 2118
f 2092 2090 2117
f 2094 2118 2119
f 2094 2092 2118
f 2096 2119 2120
f 2096 2094 2119
f 2098 2120 2121
f 2098 2096 2120
f 2100 2121 2122
f 2100 2098 2121
f 2102 2122 2123
f 2102 2100 2122
f 2104 2123 2124
f 2104 2102 2123
f 2106 2124 2125
f 2106 2104 2124
f 2108 2125 2126
f 2108 2106 2125
f 2110 2126 1990
f 2110 2108 2126
f 2111 2110 1990
f 2127 2128 2129
f 2130 2131 2132
f 2130 2132 2133
f 2075 2078 2134
f 2075 2134 2135
f 2075 2135 2136
f 2137 2136 2128
f 2137 2127 2131
f 2137 2130 2138
f 2137 2128 2127
f 2137 2131 2130
f 2139 2140 2141
f 2061 2063 2065
f 2061 2065 2067
f 2061 2067 2069
f 2061 2069 2071
f 2061 2071 2073
f 2061 2073 2075
f 2044 2137 2142
f 2044 2142 2143
f 2044 2143 2140
f 2044 2140 2139
f 2041 2136 2137
f 2041 2075 2136
f 2041 2137 2044
f 2057 2059 2061
f 2055 2057 2061
f 2055 2061 2075
f 2055 2075 2041
f 2047 2041 2045
f 2049 2055 2041
f 2049 2041 2047
f 2051 2055 2049
f 2051 2053 2055
f 2134 2078 2077
f 2134 2077 2144
f 2135 2144 2145
f 2135 2134 2144
f 2136 2145 2146
f 2136 2146 2147
f 2136 2135 2145
f 2128 2136 2147
f 2129 2147 2148
f 2129 2128 2147
f 2127 2148 2149
f 2127 2129 2148
f 2131 2149 2150
f 2131 2150 2151
f 2131 2127 2149
f 2132 2131 2151
f 2133 2151 2152
f 2133 2132 2151
f 2130 2152 2153
f 2130 2153 2154
f 2130 2133 2152
f 2138 2130 2154
f 2137 2154 2155
f 2137 2155 2156
f 2137 2138 2154
f 2142 2137 2156
f 2143 2156 2157
f 2143 2142 2156
f 2140 2143 2157
f 2140 2157 2158
f 2141 2140 2158
f 2141 2158 2159
f 2139 2141 2159
f 2139 2159 2160
f 2139 2160 2042
f 2044 2139 2042
f 2161 2148 2147
f 2162 2147 2146
f 2162 2161 2147
f 2163 2149 2148
f 2163 2148 2161
f 2164 2150 2149
f 2164 2149 2163
f 2165 2146 2145
f 2165 2162 2146
f 2166 2151 2150
f 2166 2150 2164
f 2167 2145 2144
f 2167 2165 2145
f 2112 2144 2077
f 2112 2167 2144
f 2168 2152 2151
f 2168 2151 2166
f 2153 2152 2168
f 2076 2112 2077
f 2169 2153 2168
f 2109 2112 2076
f 2154 2153 2169
f 2074 2109 2076
f 2170 2154 2169
f 2107 2109 2074
f 2155 2154 2170
f 2072 2107 2074
f 2171 2155 2170
f 2105 2107 2072
f 2156 2155 2171
f 2070 2105 2072
f 2172 2156 2171
f 2103 2105 2070
f 2157 2156 2172
f 2068 2103 2070
f 2173 2157 2172
f 2101 2103 2068
f 2158 2157 2173
f 2066 2101 2068
f 2174 2158 2173
f 2099 2101 2066
f 2159 2158 2174
f 2064 2099 2066
f 2175 2159 2174
f 2097 2099 2064
f 2160 2159 2175
f 2062 2097 2064
f 2082 2160 2175
f 2095 2097 2062
f 2042 2160 2082
f 2060 2095 2062
f 2043 2082 2079
f 2043 2042 2082
f 2058 2093 2095
f 2058 2095 2060
f 2056 2091 2093
f 2056 2093 2058
f 2046 2079 2083
f 2046 2043 2079
f 2048 2083 2085
f 2048 2046 2083
f 2054 2089 2091
f 2054 2091 2056
f 2050 2085 2087
f 2050 2048 2085
f 2052 2050 2087
f 2052 2087 2089
f 2052 2089 2054
f 2167 2112 2111
f 2167 2111 2176
f 2165 2176 2177
f 2165 2167 2176
f 2162 2177 2178
f 2162 2165 2177
f 2161 2178 2179
f 2161 2162 2178
f 2163 2179 2180
f 2163 2161 2179
f 2164 2180 2181
f 2164 2163 2180
f 2166 2181 2182
f 2166 2164 2181
f 2168 2182 2183
f 2168 2166 2182
f 2169 2183 2184
f 2169 2168 2183
f 2170 2184 2185
f 2170 2169 2184
f 2171 2185 2186
f 2171 2170 2185
f 2172 2186 2187
f 2172 2171 2186
f 2173 2187 2188
f 2173 2172 2187
f 2174 2188 2189
f 2174 2173 2188
f 2175 2189 2190
f 2175 2174 2189
f 2082 2175 2190
f 2082 2190 2080
f 2176 2111 1990
f 2176 1990 1989
f 2177 1989 1995
f 2177 2176 1989
f 2178 1995 1997
f 2178 2177 1995
f 2179 1997 1999
f 2179 2178 1997
f 2180 1999 2014
f 2180 2179 1999
f 2181 2014 2019
f 2181 2180 2014
f 2182 2019 2023
f 2182 2181 2019
f 2183 2023 2027
f 2183 2182 2023
f 2184 2027 2031
f 2184 2183 2027
f 2185 2031 2036
f 2185 2184 2031
f 2186 2036 2002
f 2186 2185 2036
f 2187 2002 2001
f 2187 2186 2002
f 2188 2001 2005
f 2188 2187 2001
f 2189 2005 2007
f 2189 2188 2005
f 2190 2007 2009
f 2190 2189 2007
f 2080 2190 2009
f 2113 2009 2010
f 2113 2010 2011
f 2113 2011 2012
f 2191 2113 2012
f 2114 2113 2191
f 2192 2114 2191
f 2115 2114 2192
f 2193 2115 2192
f 2116 2115 2193
f 2194 2116 2193
f 2124 2123 2195
f 2196 2124 2195
f 2125 2124 2196
f 2197 2125 2196
f 2126 2125 2197
f 2198 2126 2197
f 1990 2126 2198
f 1991 1990 2198
f 1992 1991 2198
f 1993 1992 2198
f 2199 2117 2116
f 2199 2116 2194
f 2200 2117 2199
f 2200 2194 2201
f 2200 2199 2194
f 2200 2201 2117
f 2202 2117 2201
f 2203 2118 2117
f 2203 2117 2202
f 2204 2201 2205
f 2204 2205 2118
f 2204 2202 2201
f 2204 2118 2203
f 2204 2203 2202
f 2206 2119 2118
f 2206 2118 2205
f 2207 2205 2208
f 2207 2119 2206
f 2207 2206 2205
f 2207 2208 2119
f 2209 2120 2119
f 2209 2119 2208
f 2209 2210 2120
f 2211 2210 2209
f 2211 2208 2210
f 2211 2209 2208
f 2212 2121 2120
f 2213 2121 2212
f 2213 2210 2214
f 2213 2212 2120
f 2213 2120 2210
f 2213 2214 2121
f 2215 2121 2214
f 2216 2122 2121
f 2216 2121 2215
f 2217 2214 2218
f 2217 2216 2215
f 2217 2122 2216
f 2217 2215 2214
f 2217 2218 2122
f 2219 2123 2122
f 2219 2122 2218
f 2220 2219 2218
f 2220 2218 2195
f 2220 2123 2219
f 2220 2195 2123
f 2008 2006 2004
f 2025 2033 2028
f 2025 2038 2033
f 2025 2003 2038
f 2025 2004 2003
f 2192 2191 2012
f 2016 2025 2021
f 2000 2025 2016
f 2194 2193 2192
f 2194 2012 2008
f 2194 2192 2012
f 1996 2000 1998
f 1996 2025 2000
f 2208 2201 2194
f 2208 2205 2201
f 2210 2008 2004
f 2210 2004 2025
f 2210 2194 2008
f 2210 2208 2194
f 2198 1994 1993
f 2198 1996 1994
f 2198 2025 1996
f 2196 2198 2197
f 2196 2210 2025
f 2196 2025 2198
f 2195 2214 2210
f 2195 2218 2214
f 2195 2210 2196
f 2221 2222 2223
f 2224 2225 2222
f 2224 2222 2221
f 2226 2227 2225
f 2226 2225 2224
f 2228 2229 2227
f 2228 2227 2226
f 2230 2231 2229
f 2230 2229 2228
f 2232 2233 2231
f 2232 2231 2230
f 2234 2235 2233
f 2234 2233 2232
f 2236 2237 2235
f 2236 2235 2234
f 2238 2239 2237
f 2238 2237 2236
f 2240 2241 2239
f 2240 2239 2238
f 2242 2243 2241
f 2242 2241 2240
f 2244 2245 2243
f 2244 2243 2242
f 2246 2247 2245
f 2246 2245 2244
f 2248 2247 2246
f 2249 2250 2251
f 2252 2253 2250
f 2252 2250 2249
f 2254 2255 2253
f 2254 2253 2252
f 2256 2257 2255
f 2256 2255 2254
f 2258 2259 2257
f 2258 2257 2256
f 2260 2261 2259
f 2260 2259 2258
f 2262 2263 2261
f 2262 2261 2260
f 2264 2265 2263
f 2264 2263 2262
f 2266 2267 2265
f 2266 2265 2264
f 2268 2269 2267
f 2268 2267 2266
f 2270 2271 2269
f 2270 2269 2268
f 2272 2273 2271
f 2272 2271 2270
f 2274 2275 2273
f 2274 2273 2272
f 2276 2275 2274
f 2277 2278 2279
f 2280 2281 2278
f 2280 2278 2277
f 2282 2283 2281
f 2282 2281 2280
f 2284 2285 2283
f 2284 2283 2282
f 2286 2287 2285
f 2286 2285 2284
f 2288 2289 2287
f 2288 2287 2286
f 2290 2291 2289
f 2290 2289 2288
f 2292 2293 2291
f 2292 2291 2290
f 2294 2295 2293
f 2294 2293 2292
f 2296 2297 2295
f 2296 2295 2294
f 2298 2299 2297
f 2298 2297 2296
f 2300 2301 2299
f 2300 2299 2298
f 2302 2303 2301
f 2302 2301 2300
f 2304 2303 2302
f 2305 2306 2307
f 2308 2309 2306
f 2308 2306 2305
f 2310 2311 2309
f 2310 2309 2308
f 2312 2313 2311
f 2312 2311 2310
f 2314 2315 2313
f 2314 2313 2312
f 2316 2317 2315
f 2316 2315 2314
f 2318 2319 2317
f 2318 2317 2316
f 2320 2321 2319
f 2320 2319 2318
f 2322 2323 2321
f 2322 2321 2320
f 2324 2325 2323
f 2324 2323 2322
f 2326 2327 2325
f 2326 2325 2324
f 2328 2329 2327
f 2328 2327 2326
f 2330 2331 2329
f 2330 2329 2328
f 2332 2331 2330
f 2333 2334 2335
f 2336 2337 2334
f 2336 2334 2333
f 2338 2339 2337
f 2338 2337 2336
f 2340 2341 2339
f 2340 2339 2338
f 2342 2343 2341
f 2342 2341 2340
f 2344 2345 2343
f 2344 2343 2342
f 2346 2347 2345
f 2346 2345 2344
f 2348 2349 2347
f 2348 2347 2346
f 2350 2351 2349
f 2350 2349 2348
f 2352 2353 2351
f 2352 2351 2350
f 2354 2355 2353
f 2354 2353 2352
f 2356 2357 2355
f 2356 2355 2354
f 2358 2359 2357
f 2358 2357 2356
f 2360 2359 2358
f 2361 2362 2363
f 2364 2365 2362
f 2364 2362 2361
f 2366 2367 2365
f 2366 2365 2364
f 2368 2369 2367
f 2368 2367 2366
f 2370 2371 2369
f 2370 2369 2368
f 2372 2373 2371
f 2372 2371 2370
f 2374 2375 2373
f 2374 2373 2372
f 2376 2377 2375
f 2376 2375 2374
f 2378 2379 2377
f 2378 2377 2376
f 2380 2381 2379
f 2380 2379 2378
f 2382 2383 2381
f 2382 2381 2380
f 2384 2385 2383
f 2384 2383 2382
f 2386 2387 2385
f 2386 2385 2384
f 2388 2387 2386
f 2256 2389 2390
f 2258 2256 2390
f 2254 2389 2256
f 2260 2258 2390
f 2252 2389 2254
f 2262 2260 2390
f 2249 2389 2252
f 2264 2262 2390
f 2391 2389 2249
f 2266 2390 2392
f 2266 2264 2390
f 2393 2394 2389
f 2393 2389 2391
f 2268 2266 2392
f 2395 2394 2393
f 2270 2268 2392
f 2396 2394 2395
f 2272 2270 2392
f 2397 2394 2396
f 2398 2399 2400
f 2398 2400 2401
f 2398 2401 2276
f 2402 2403 2404
f 2402 2404 2405
f 2402 2405 2399
f 2402 2399 2398
f 2406 2397 2407
f 2406 2407 2403
f 2406 2394 2397
f 2406 2403 2402
f 2408 2272 2392
f 2408 2398 2276
f 2408 2276 2274
f 2408 2274 2272
f 2409 2410 2394
f 2409 2394 2406
f 2411 2392 2412
f 2411 2412 2413
f 2411 2408 2392
f 2414 2415 2410
f 2414 2410 2409
f 2416 2411 2413
f 2417 2418 2415
f 2417 2415 2414
f 2419 2418 2417
f 2419 2420 2418
f 2314 2312 2413
f 2310 2413 2312
f 2316 2314 2413
f 2308 2413 2310
f 2318 2316 2413
f 2305 2413 2308
f 2305 2416 2413
f 2320 2318 2413
f 2421 2416 2305
f 2422 2416 2421
f 2423 2416 2422
f 2424 2416 2423
f 2425 2426 2420
f 2425 2420 2419
f 2427 2416 2424
f 2370 2368 2426
f 2366 2428 2426
f 2366 2426 2368
f 2372 2426 2425
f 2372 2370 2426
f 2364 2428 2366
f 2374 2372 2425
f 2361 2428 2364
f 2376 2425 2429
f 2376 2374 2425
f 2430 2428 2361
f 2378 2376 2429
f 2431 2428 2430
f 2380 2378 2429
f 2432 2428 2431
f 2382 2380 2429
f 2433 2382 2429
f 2433 2388 2386
f 2433 2386 2384
f 2433 2384 2382
f 2434 2432 2435
f 2434 2435 2436
f 2434 2436 2437
f 2434 2437 2438
f 2434 2438 2439
f 2434 2428 2432
f 2440 2441 2442
f 2440 2442 2388
f 2440 2388 2433
f 2443 2434 2439
f 2443 2439 2444
f 2443 2444 2445
f 2443 2445 2441
f 2443 2441 2440
f 2443 2440 2446
f 2447 2443 2446
f 2447 2446 2448
f 2449 2447 2448
f 2450 2320 2413
f 2450 2332 2330
f 2450 2330 2328
f 2450 2328 2326
f 2450 2326 2324
f 2450 2324 2322
f 2450 2322 2320
f 2451 2332 2450
f 2451 2452 2453
f 2451 2453 2454
f 2451 2454 2455
f 2451 2455 2332
f 2456 2450 2457
f 2456 2451 2450
f 2458 2457 2459
f 2458 2456 2457
f 2286 2284 2459
f 2282 2458 2459
f 2282 2459 2284
f 2288 2459 2460
f 2288 2286 2459
f 2280 2458 2282
f 2290 2288 2460
f 2277 2461 2458
f 2277 2458 2280
f 2292 2290 2460
f 2462 2461 2277
f 2294 2292 2460
f 2463 2461 2462
f 2296 2294 2460
f 2464 2461 2463
f 2298 2296 2460
f 2465 2464 2466
f 2465 2466 2467
f 2465 2467 2468
f 2465 2461 2464
f 2230 2228 2448
f 2226 2448 2228
f 2232 2230 2448
f 2224 2448 2226
f 2221 2448 2224
f 2221 2449 2448
f 2469 2449 2221
f 2470 2304 2302
f 2470 2302 2300
f 2470 2300 2298
f 2470 2471 2472
f 2470 2472 2304
f 2470 2298 2460
f 2473 2449 2469
f 2474 2449 2473
f 2475 2449 2474
f 2476 2468 2477
f 2476 2477 2478
f 2476 2465 2468
f 2479 2449 2475
f 2480 2449 2479
f 2481 2471 2470
f 2481 2478 2482
f 2481 2482 2483
f 2481 2483 2471
f 2481 2476 2478
f 2484 2485 2476
f 2484 2476 2481
f 2486 2487 2485
f 2486 2485 2484
f 2488 2248 2246
f 2488 2246 2244
f 2488 2244 2242
f 2488 2242 2240
f 2489 2490 2491
f 2489 2491 2487
f 2489 2487 2486
f 2492 2248 2488
f 2492 2493 2494
f 2492 2494 2495
f 2492 2495 2496
f 2492 2496 2497
f 2492 2497 2498
f 2492 2498 2248
f 2340 2499 2500
f 2342 2340 2500
f 2338 2499 2340
f 2344 2342 2500
f 2336 2499 2338
f 2346 2344 2500
f 2346 2500 2501
f 2333 2502 2499
f 2333 2499 2336
f 2348 2346 2501
f 2503 2502 2333
f 2350 2348 2501
f 2504 2502 2503
f 2505 2501 2490
f 2505 2490 2489
f 2506 2488 2507
f 2506 2507 2502
f 2506 2492 2488
f 2508 2350 2501
f 2508 2501 2505
f 2508 2356 2354
f 2508 2354 2352
f 2508 2352 2350
f 2509 2502 2504
f 2509 2506 2502
f 2509 2504 2510
f 2509 2510 2511
f 2509 2511 2512
f 2513 2356 2508
f 2513 2360 2358
f 2513 2358 2356
f 2513 2514 2515
f 2513 2515 2516
f 2513 2516 2360
f 2517 2509 2512
f 2517 2514 2513
f 2517 2512 2518
f 2517 2518 2519
f 2517 2519 2520
f 2517 2520 2521
f 2517 2521 2514
f 2492 2449 2480
f 2492 2480 2493
f 2448 2488 2236
f 2236 2488 2238
f 2238 2488 2240
f 2448 2236 2234
f 2448 2234 2232
f 2451 2416 2522
f 2522 2416 2427
f 2451 2522 2523
f 2451 2523 2524
f 2451 2524 2452
f 2525 2417 2526
f 2525 2419 2417
f 2527 2425 2419
f 2527 2419 2525
f 2528 2429 2425
f 2528 2425 2527
f 2529 2433 2429
f 2529 2429 2528
f 2530 2440 2433
f 2530 2433 2529
f 2531 2446 2440
f 2531 2440 2530
f 2532 2448 2446
f 2532 2446 2531
f 2526 2417 2414
f 2526 2414 2533
f 2534 2416 2535
f 2534 2411 2416
f 2536 2408 2411
f 2536 2411 2534
f 2537 2398 2408
f 2537 2408 2536
f 2538 2402 2398
f 2538 2398 2537
f 2539 2406 2402
f 2539 2402 2538
f 2540 2409 2406
f 2540 2406 2539
f 2533 2414 2409
f 2533 2409 2540
f 2451 2541 2535
f 2451 2535 2416
f 2542 2487 2543
f 2542 2485 2487
f 2544 2476 2485
f 2544 2485 2542
f 2545 2465 2476
f 2545 2476 2544
f 2546 2461 2465
f 2546 2465 2545
f 2547 2458 2461
f 2547 2461 2546
f 2548 2456 2458
f 2548 2458 2547
f 2541 2451 2456
f 2541 2456 2548
f 2491 2549 2543
f 2491 2543 2487
f 2550 2488 2551
f 2550 2507 2488
f 2552 2502 2507
f 2552 2507 2550
f 2553 2499 2502
f 2553 2502 2552
f 2554 2500 2499
f 2554 2499 2553
f 2555 2501 2500
f 2555 2500 2554
f 2556 2490 2501
f 2556 2501 2555
f 2549 2491 2490
f 2549 2490 2556
f 2551 2488 2448
f 2551 2448 2532
f 2557 2449 2492
f 2557 2558 2449
f 2559 2492 2506
f 2559 2557 2492
f 2560 2506 2509
f 2560 2559 2506
f 2561 2509 2517
f 2561 2560 2509
f 2562 2517 2513
f 2562 2561 2517
f 2563 2513 2508
f 2563 2562 2513
f 2564 2505 2489
f 2564 2508 2505
f 2564 2563 2508
f 2565 2564 2489
f 2489 2566 2565
f 2489 2486 2566
f 2567 2486 2484
f 2567 2566 2486
f 2568 2484 2481
f 2568 2567 2484
f 2569 2481 2470
f 2569 2568 2481
f 2570 2470 2460
f 2570 2569 2470
f 2571 2460 2459
f 2571 2570 2460
f 2572 2457 2450
f 2572 2459 2457
f 2572 2571 2459
f 2573 2572 2450
f 2450 2574 2573
f 2450 2413 2574
f 2575 2413 2412
f 2575 2574 2413
f 2576 2412 2392
f 2576 2575 2412
f 2577 2392 2390
f 2577 2576 2392
f 2578 2390 2389
f 2578 2577 2390
f 2579 2389 2394
f 2579 2578 2389
f 2580 2410 2415
f 2580 2394 2410
f 2580 2579 2394
f 2581 2580 2415
f 2582 2415 2418
f 2582 2581 2415
f 2583 2418 2420
f 2583 2582 2418
f 2584 2420 2426
f 2584 2583 2420
f 2585 2426 2428
f 2585 2584 2426
f 2586 2428 2434
f 2586 2585 2428
f 2587 2434 2443
f 2587 2586 2434
f 2588 2447 2449
f 2588 2443 2447
f 2588 2587 2443
f 2558 2588 2449
f 2248 2589 2247
f 2498 2590 2589
f 2498 2589 2248
f 2497 2591 2590
f 2497 2590 2498
f 2496 2592 2591
f 2496 2591 2497
f 2495 2593 2592
f 2495 2592 2496
f 2494 2594 2593
f 2494 2593 2495
f 2493 2595 2594
f 2493 2594 2494
f 2480 2596 2595
f 2480 2595 2493
f 2479 2596 2480
f 2475 2597 2596
f 2475 2596 2479
f 2474 2598 2597
f 2474 2599 2598
f 2474 2597 2475
f 2473 2599 2474
f 2469 2600 2599
f 2469 2223 2600
f 2469 2599 2473
f 2221 2223 2469
f 2276 2601 2275
f 2401 2602 2601
f 2401 2601 2276
f 2400 2603 2602
f 2400 2602 2401
f 2399 2604 2603
f 2399 2603 2400
f 2405 2605 2604
f 2405 2604 2399
f 2404 2606 2605
f 2404 2605 2405
f 2403 2607 2606
f 2403 2606 2404
f 2407 2608 2607
f 2407 2607 2403
f 2397 2608 2407
f 2396 2609 2608
f 2396 2608 2397
f 2395 2610 2609
f 2395 2611 2610
f 2395 2609 2396
f 2393 2611 2395
f 2391 2612 2611
f 2391 2251 2612
f 2391 2611 2393
f 2249 2251 2391
f 2304 2613 2303
f 2472 2614 2613
f 2472 2613 2304
f 2471 2615 2614
f 2471 2614 2472
f 2483 2616 2615
f 2483 2615 2471
f 2482 2617 2616
f 2482 2616 2483
f 2478 2618 2617
f 2478 2617 2482
f 2477 2619 2618
f 2477 2618 2478
f 2468 2620 2619
f 2468 2619 2477
f 2467 2620 2468
f 2466 2621 2620
f 2466 2620 2467
f 2464 2622 2621
f 2464 2623 2622
f 2464 2621 2466
f 2463 2623 2464
f 2462 2624 2623
f 2462 2279 2624
f 2462 2623 2463
f 2277 2279 2462
f 2332 2625 2331
f 2455 2626 2625
f 2455 2625 2332
f 2454 2627 2626
f 2454 2626 2455
f 2453 2628 2627
f 2453 2627 2454
f 2452 2629 2628
f 2452 2628 2453
f 2524 2630 2629
f 2524 2629 2452
f 2523 2631 2630
f 2523 2630 2524
f 2522 2632 2631
f 2522 2631 2523
f 2427 2632 2522
f 2424 2633 2632
f 2424 2632 2427
f 2423 2634 2633
f 2423 2635 2634
f 2423 2633 2424
f 2422 2635 2423
f 2421 2636 2635
f 2421 2307 2636
f 2421 2635 2422
f 2305 2307 2421
f 2360 2637 2359
f 2516 2638 2637
f 2516 2637 2360
f 2515 2639 2638
f 2515 2638 2516
f 2514 2640 2639
f 2514 2639 2515
f 2521 2641 2640
f 2521 2640 2514
f 2520 2642 2641
f 2520 2641 2521
f 2519 2643 2642
f 2519 2642 2520
f 2518 2644 2643
f 2518 2643 2519
f 2512 2644 2518
f 2511 2645 2644
f 2511 2644 2512
f 2510 2646 2645
f 2510 2647 2646
f 2510 2645 2511
f 2504 2647 2510
f 2503 2648 2647
f 2503 2335 2648
f 2503 2647 2504
f 2333 2335 2503
f 2388 2649 2387
f 2442 2650 2649
f 2442 2649 2388
f 2441 2651 2650
f 2441 2650 2442
f 2445 2652 2651
f 2445 2651 2441
f 2444 2653 2652
f 2444 2652 2445
f 2439 2654 2653
f 2439 2653 2444
f 2438 2655 2654
f 2438 2654 2439
f 2437 2656 2655
f 2437 2655 2438
f 2436 2656 2437
f 2435 2657 2656
f 2435 2656 2436
f 2432 2658 2657
f 2432 2659 2658
f 2432 2657 2435
f 2431 2659 2432
f 2430 2660 2659
f 2430 2363 2660
f 2430 2659 2431
f 2361 2363 2430
f 2255 2577 2578
f 2257 2577 2255
f 2253 2255 2578
f 2259 2577 2257
f 2250 2253 2578
f 2261 2577 2259
f 2251 2250 2578
f 2263 2577 2261
f 2612 2251 2578
f 2265 2576 2577
f 2265 2577 2263
f 2611 2578 2579
f 2611 2612 2578
f 2267 2576 2265
f 2610 2611 2579
f 2269 2576 2267
f 2609 2610 2579
f 2271 2576 2269
f 2608 2609 2579
f 2538 2603 2604
f 2538 2604 2605
f 2538 2605 2606
f 2537 2275 2601
f 2537 2601 2602
f 2537 2602 2603
f 2537 2603 2538
f 2539 2606 2607
f 2539 2607 2608
f 2539 2608 2579
f 2539 2538 2606
f 2536 2271 2273
f 2536 2273 2275
f 2536 2576 2271
f 2536 2275 2537
f 2540 2579 2580
f 2540 2539 2579
f 2534 2575 2576
f 2534 2576 2536
f 2535 2574 2575
f 2535 2575 2534
f 2533 2580 2581
f 2533 2540 2580
f 2582 2533 2581
f 2526 2533 2582
f 2525 2582 2583
f 2525 2526 2582
f 2313 2574 2311
f 2309 2311 2574
f 2315 2574 2313
f 2306 2309 2574
f 2317 2574 2315
f 2307 2306 2574
f 2307 2574 2535
f 2319 2574 2317
f 2636 2307 2535
f 2635 2636 2535
f 2634 2635 2535
f 2633 2634 2535
f 2527 2583 2584
f 2527 2525 2583
f 2632 2633 2535
f 2369 2584 2367
f 2365 2584 2585
f 2365 2367 2584
f 2371 2527 2584
f 2371 2584 2369
f 2362 2365 2585
f 2373 2527 2371
f 2363 2362 2585
f 2375 2527 2373
f 2375 2528 2527
f 2660 2363 2585
f 2377 2528 2375
f 2659 2660 2585
f 2379 2528 2377
f 2658 2659 2585
f 2381 2528 2379
f 2529 2381 2383
f 2529 2383 2385
f 2529 2385 2387
f 2529 2528 2381
f 2586 2653 2654
f 2586 2654 2655
f 2586 2655 2656
f 2586 2656 2657
f 2586 2657 2658
f 2586 2658 2585
f 2530 2387 2649
f 2530 2649 2650
f 2530 2529 2387
f 2587 2650 2651
f 2587 2651 2652
f 2587 2652 2653
f 2587 2530 2650
f 2587 2653 2586
f 2588 2530 2587
f 2588 2532 2531
f 2588 2531 2530
f 2558 2532 2588
f 2573 2574 2319
f 2573 2319 2321
f 2573 2321 2323
f 2573 2323 2325
f 2573 2325 2327
f 2573 2327 2329
f 2573 2329 2331
f 2541 2573 2331
f 2541 2331 2625
f 2541 2625 2626
f 2541 2626 2627
f 2541 2627 2628
f 2548 2572 2573
f 2548 2573 2541
f 2547 2572 2548
f 2547 2571 2572
f 2285 2571 2283
f 2281 2571 2547
f 2281 2283 2571
f 2287 2570 2571
f 2287 2571 2285
f 2278 2281 2547
f 2289 2570 2287
f 2279 2547 2546
f 2279 2278 2547
f 2291 2570 2289
f 2624 2279 2546
f 2293 2570 2291
f 2623 2624 2546
f 2295 2570 2293
f 2622 2623 2546
f 2297 2570 2295
f 2545 2619 2620
f 2545 2620 2621
f 2545 2621 2622
f 2545 2622 2546
f 2229 2532 2227
f 2225 2227 2532
f 2231 2532 2229
f 2222 2225 2532
f 2223 2532 2558
f 2223 2222 2532
f 2600 2223 2558
f 2569 2297 2299
f 2569 2299 2301
f 2569 2301 2303
f 2569 2303 2613
f 2569 2613 2614
f 2569 2570 2297
f 2599 2600 2558
f 2598 2599 2558
f 2597 2598 2558
f 2544 2617 2618
f 2544 2618 2619
f 2544 2619 2545
f 2596 2597 2558
f 2595 2596 2558
f 2568 2569 2614
f 2568 2614 2615
f 2568 2615 2616
f 2568 2616 2617
f 2568 2617 2544
f 2567 2544 2542
f 2567 2568 2544
f 2566 2542 2543
f 2566 2567 2542
f 2549 2566 2543
f 2551 2239 2241
f 2551 2241 2243
f 2551 2243 2245
f 2551 2245 2247
f 2557 2550 2551
f 2557 2551 2247
f 2557 2247 2589
f 2557 2589 2590
f 2557 2590 2591
f 2557 2591 2592
f 2557 2592 2593
f 2557 2593 2594
f 2565 2566 2549
f 2339 2554 2553
f 2341 2554 2339
f 2337 2339 2553
f 2343 2554 2341
f 2334 2337 2553
f 2345 2555 2554
f 2345 2554 2343
f 2335 2334 2553
f 2335 2553 2552
f 2347 2555 2345
f 2648 2335 2552
f 2349 2555 2347
f 2647 2648 2552
f 2564 2549 2556
f 2564 2556 2555
f 2564 2565 2549
f 2559 2552 2550
f 2559 2550 2557
f 2560 2647 2552
f 2560 2552 2559
f 2560 2644 2645
f 2560 2645 2646
f 2560 2646 2647
f 2563 2564 2555
f 2563 2555 2349
f 2563 2349 2351
f 2563 2351 2353
f 2563 2353 2355
f 2562 2563 2355
f 2562 2355 2357
f 2562 2357 2359
f 2562 2359 2637
f 2562 2637 2638
f 2562 2638 2639
f 2561 2644 2560
f 2561 2562 2639
f 2561 2639 2640
f 2561 2640 2641
f 2561 2641 2642
f 2561 2642 2643
f 2561 2643 2644
f 2557 2595 2558
f 2557 2594 2595
f 2541 2631 2535
f 2631 2632 2535
f 2541 2630 2631
f 2541 2629 2630
f 2541 2628 2629
f 2532 2235 2551
f 2235 2237 2551
f 2237 2239 2551
f 2532 2233 2235
f 2532 2231 2233
